<?xml version="1.0" encoding="UTF-8"?>
<gpx creator="Garmin Connect" version="1.1"
  xsi:schemaLocation="http://www.topografix.com/GPX/1/1 http://www.topografix.com/GPX/11.xsd"
  xmlns:ns3="http://www.garmin.com/xmlschemas/TrackPointExtension/v1"
  xmlns="http://www.topografix.com/GPX/1/1"
  xmlns:xsi="http://www.w3.org/2001/XMLSchema-instance" xmlns:ns2="http://www.garmin.com/xmlschemas/GpxExtensions/v3">
  <metadata>
    <name>不厭亭-瑞芳火車站</name>
    <link href="connect.garmin.com">
      <text>Garmin Connect</text>
    </link>
    <time>2025-02-28T01:49:40.000Z</time>
  </metadata>
  <trk>
    <name>不厭亭-瑞芳火車站</name>
    <trkseg>
      <trkpt lat="24.988306844606996" lon="121.5408417955041">
        <ele>20.61</ele>
      </trkpt>
      <trkpt lat="24.98838186264038" lon="121.540846824646">
        <ele>20.77</ele>
      </trkpt>
      <trkpt lat="24.98836568556726" lon="121.54111001640558">
        <ele>21.01</ele>
      </trkpt>
      <trkpt lat="24.98834959231317" lon="121.54137320816517">
        <ele>21.19</ele>
      </trkpt>
      <trkpt lat="24.98833349905908" lon="121.54163648374379">
        <ele>21.34</ele>
      </trkpt>
      <trkpt lat="24.988317573443055" lon="121.54189825057983">
        <ele>21.53</ele>
      </trkpt>
      <trkpt lat="24.988296031951904" lon="121.54217720031738">
        <ele>21.68</ele>
      </trkpt>
      <trkpt lat="24.988317489624023" lon="121.54239202849567">
        <ele>21.83</ele>
      </trkpt>
      <trkpt lat="24.988338947296143" lon="121.54260635375977">
        <ele>21.92</ele>
      </trkpt>
      <trkpt lat="24.98837113380432" lon="121.54277818277478">
        <ele>22.01</ele>
      </trkpt>
      <trkpt lat="24.98840340413153" lon="121.54294967651367">
        <ele>22.19</ele>
      </trkpt>
      <trkpt lat="24.98847850598395" lon="121.54311060905457">
        <ele>22.47</ele>
      </trkpt>
      <trkpt lat="24.988553607836366" lon="121.54327154159546">
        <ele>22.73</ele>
      </trkpt>
      <trkpt lat="24.988596439361572" lon="121.5434217453003">
        <ele>22.95</ele>
      </trkpt>
      <trkpt lat="24.988596439361572" lon="121.54352903366089">
        <ele>23.03</ele>
      </trkpt>
      <trkpt lat="24.988553440198302" lon="121.5437008626759">
        <ele>22.82</ele>
      </trkpt>
      <trkpt lat="24.988510692492127" lon="121.5438723564148">
        <ele>22.61</ele>
      </trkpt>
      <trkpt lat="24.988510608673096" lon="121.5438723564148">
        <ele>22.43</ele>
      </trkpt>
      <trkpt lat="24.988467609509826" lon="121.54408718459308">
        <ele>22.32</ele>
      </trkpt>
      <trkpt lat="24.98842477798462" lon="121.54430150985718">
        <ele>22.23</ele>
      </trkpt>
      <trkpt lat="24.98838186264038" lon="121.54440879821777">
        <ele>22.08</ele>
      </trkpt>
      <trkpt lat="24.988338947296143" lon="121.54449462890625">
        <ele>21.94</ele>
      </trkpt>
      <trkpt lat="24.98823174275458" lon="121.54462337493896">
        <ele>21.7</ele>
      </trkpt>
      <trkpt lat="24.988017166033387" lon="121.54470920562744">
        <ele>21.37</ele>
      </trkpt>
      <trkpt lat="24.988017082214355" lon="121.54470920562744">
        <ele>21.14</ele>
      </trkpt>
      <trkpt lat="24.987835278734565" lon="121.5447733271867">
        <ele>20.96</ele>
      </trkpt>
      <trkpt lat="24.98765230178833" lon="121.54483795166016">
        <ele>20.88</ele>
      </trkpt>
      <trkpt lat="24.987523555755615" lon="121.5448808670044">
        <ele>20.72</ele>
      </trkpt>
      <trkpt lat="24.987309481948614" lon="121.54502352699637">
        <ele>20.5</ele>
      </trkpt>
      <trkpt lat="24.987095491960645" lon="121.54516618698835">
        <ele>20.25</ele>
      </trkpt>
      <trkpt lat="24.986879909411073" lon="121.54531002044678">
        <ele>19.99</ele>
      </trkpt>
      <trkpt lat="24.986772621050477" lon="121.54537439346313">
        <ele>19.85</ele>
      </trkpt>
      <trkpt lat="24.986708164215088" lon="121.54541730880737">
        <ele>19.85</ele>
      </trkpt>
      <trkpt lat="24.986708164215088" lon="121.54559995047748">
        <ele>19.84</ele>
      </trkpt>
      <trkpt lat="24.986708164215088" lon="121.5457820892334">
        <ele>19.96</ele>
      </trkpt>
      <trkpt lat="24.98672970570624" lon="121.54597520828247">
        <ele>20.19</ele>
      </trkpt>
      <trkpt lat="24.986772621050477" lon="121.54621149413288">
        <ele>20.49</ele>
      </trkpt>
      <trkpt lat="24.986815536394715" lon="121.54644727706909">
        <ele>20.71</ele>
      </trkpt>
      <trkpt lat="24.986836994066834" lon="121.54666185379028">
        <ele>20.86</ele>
      </trkpt>
      <trkpt lat="24.986879909411073" lon="121.54691934585571">
        <ele>21.06</ele>
      </trkpt>
      <trkpt lat="24.98691209591925" lon="121.54711263254285">
        <ele>21.38</ele>
      </trkpt>
      <trkpt lat="24.98694428242743" lon="121.54730558395386">
        <ele>21.74</ele>
      </trkpt>
      <trkpt lat="24.98698719777167" lon="121.54749870300293">
        <ele>22.11</ele>
      </trkpt>
      <trkpt lat="24.987030113115907" lon="121.54771327972412">
        <ele>22.49</ele>
      </trkpt>
      <trkpt lat="24.987030029296875" lon="121.54771327972412">
        <ele>22.82</ele>
      </trkpt>
      <trkpt lat="24.987073028460145" lon="121.54798183590174">
        <ele>23.2</ele>
      </trkpt>
      <trkpt lat="24.987115943804383" lon="121.5482497215271">
        <ele>23.61</ele>
      </trkpt>
      <trkpt lat="24.98715885914862" lon="121.54850721359253">
        <ele>23.92</ele>
      </trkpt>
      <trkpt lat="24.98715877532959" lon="121.54850721359253">
        <ele>24.23</ele>
      </trkpt>
      <trkpt lat="24.98720177449286" lon="121.54878616333008">
        <ele>24.39</ele>
      </trkpt>
      <trkpt lat="24.987244689837098" lon="121.54897928237915">
        <ele>24.57</ele>
      </trkpt>
      <trkpt lat="24.987276876345277" lon="121.54918338172138">
        <ele>24.82</ele>
      </trkpt>
      <trkpt lat="24.987309062853456" lon="121.54938697814941">
        <ele>25.03</ele>
      </trkpt>
      <trkpt lat="24.987351978197694" lon="121.54966592788696">
        <ele>25.16</ele>
      </trkpt>
      <trkpt lat="24.987351894378662" lon="121.54966592788696">
        <ele>25.29</ele>
      </trkpt>
      <trkpt lat="24.987394893541932" lon="121.54988050460815">
        <ele>25.33</ele>
      </trkpt>
      <trkpt lat="24.98743780888617" lon="121.55018091201782">
        <ele>25.37</ele>
      </trkpt>
      <trkpt lat="24.98748608864844" lon="121.55046556144953">
        <ele>25.48</ele>
      </trkpt>
      <trkpt lat="24.98753445222974" lon="121.55075021088123">
        <ele>25.62</ele>
      </trkpt>
      <trkpt lat="24.987582815811038" lon="121.55103486031294">
        <ele>25.66</ele>
      </trkpt>
      <trkpt lat="24.987630927935243" lon="121.55131816864014">
        <ele>25.68</ele>
      </trkpt>
      <trkpt lat="24.98763084411621" lon="121.55131816864014">
        <ele>25.69</ele>
      </trkpt>
      <trkpt lat="24.98766839504242" lon="121.55157591216266">
        <ele>25.74</ele>
      </trkpt>
      <trkpt lat="24.98770602978766" lon="121.55183373950422">
        <ele>25.82</ele>
      </trkpt>
      <trkpt lat="24.9877436645329" lon="121.55209156684577">
        <ele>25.87</ele>
      </trkpt>
      <trkpt lat="24.987781131640077" lon="121.55234813690186">
        <ele>25.8</ele>
      </trkpt>
      <trkpt lat="24.987829411402345" lon="121.5526220574975">
        <ele>25.68</ele>
      </trkpt>
      <trkpt lat="24.987877691164613" lon="121.55289597809315">
        <ele>25.49</ele>
      </trkpt>
      <trkpt lat="24.987926054745913" lon="121.5531698986888">
        <ele>25.3</ele>
      </trkpt>
      <trkpt lat="24.987974166870117" lon="121.55344247817993">
        <ele>25.17</ele>
      </trkpt>
      <trkpt lat="24.988006353378296" lon="121.55363576486707">
        <ele>25.09</ele>
      </trkpt>
      <trkpt lat="24.988038623705506" lon="121.55382871627808">
        <ele>25.02</ele>
      </trkpt>
      <trkpt lat="24.988060081377625" lon="121.55402183532715">
        <ele>24.93</ele>
      </trkpt>
      <trkpt lat="24.988060081377625" lon="121.55434370040894">
        <ele>24.79</ele>
      </trkpt>
      <trkpt lat="24.988081539049745" lon="121.55455852858722">
        <ele>24.59</ele>
      </trkpt>
      <trkpt lat="24.988102996721864" lon="121.55477285385132">
        <ele>24.39</ele>
      </trkpt>
      <trkpt lat="24.988145912066102" lon="121.5550947189331">
        <ele>24.16</ele>
      </trkpt>
      <trkpt lat="24.98814582824707" lon="121.5550947189331">
        <ele>23.97</ele>
      </trkpt>
      <trkpt lat="24.98821028508246" lon="121.55540619045496">
        <ele>23.71</ele>
      </trkpt>
      <trkpt lat="24.988274658098817" lon="121.55571699142456">
        <ele>23.46</ele>
      </trkpt>
      <trkpt lat="24.988296115770936" lon="121.55582427978516">
        <ele>23.25</ele>
      </trkpt>
      <trkpt lat="24.988349759951234" lon="121.55603902414441">
        <ele>23.06</ele>
      </trkpt>
      <trkpt lat="24.98840340413153" lon="121.55625343322754">
        <ele>22.94</ele>
      </trkpt>
      <trkpt lat="24.98843559063971" lon="121.55643599107862">
        <ele>22.85</ele>
      </trkpt>
      <trkpt lat="24.98846777714789" lon="121.55661821365356">
        <ele>22.78</ele>
      </trkpt>
      <trkpt lat="24.988532150164247" lon="121.55693328939378">
        <ele>22.71</ele>
      </trkpt>
      <trkpt lat="24.988596606999636" lon="121.557248365134">
        <ele>22.61</ele>
      </trkpt>
      <trkpt lat="24.98866089619696" lon="121.5575623512268">
        <ele>22.48</ele>
      </trkpt>
      <trkpt lat="24.98866081237793" lon="121.5575623512268">
        <ele>22.4</ele>
      </trkpt>
      <trkpt lat="24.988703727722168" lon="121.55775547027588">
        <ele>22.29</ele>
      </trkpt>
      <trkpt lat="24.988714456558228" lon="121.55793811194599">
        <ele>22.19</ele>
      </trkpt>
      <trkpt lat="24.98872526921332" lon="121.5581202507019">
        <ele>22.1</ele>
      </trkpt>
      <trkpt lat="24.988725185394287" lon="121.5581202507019">
        <ele>22.05</ele>
      </trkpt>
      <trkpt lat="24.988725185394287" lon="121.55841386877">
        <ele>22.03</ele>
      </trkpt>
      <trkpt lat="24.988725185394287" lon="121.55870757065713">
        <ele>22.08</ele>
      </trkpt>
      <trkpt lat="24.98872526921332" lon="121.55900001525879">
        <ele>22.07</ele>
      </trkpt>
      <trkpt lat="24.98872526921332" lon="121.55928650870919">
        <ele>22.07</ele>
      </trkpt>
      <trkpt lat="24.98872526921332" lon="121.5595730021596">
        <ele>22.17</ele>
      </trkpt>
      <trkpt lat="24.98872526921332" lon="121.55985832214355">
        <ele>22.25</ele>
      </trkpt>
      <trkpt lat="24.98872526921332" lon="121.56009435653687">
        <ele>22.26</ele>
      </trkpt>
      <trkpt lat="24.98872526921332" lon="121.56020164489746">
        <ele>22.29</ele>
      </trkpt>
      <trkpt lat="24.98872526921332" lon="121.5604272019118">
        <ele>22.32</ele>
      </trkpt>
      <trkpt lat="24.98872526921332" lon="121.56065225601196">
        <ele>22.36</ele>
      </trkpt>
      <trkpt lat="24.988725185394287" lon="121.56065225601196">
        <ele>22.46</ele>
      </trkpt>
      <trkpt lat="24.988746726885438" lon="121.56097412109375">
        <ele>22.53</ele>
      </trkpt>
      <trkpt lat="24.988775309175253" lon="121.56124628148973">
        <ele>22.7</ele>
      </trkpt>
      <trkpt lat="24.9888039752841" lon="121.56151844188571">
        <ele>22.89</ele>
      </trkpt>
      <trkpt lat="24.988832557573915" lon="121.56178951263428">
        <ele>23.05</ele>
      </trkpt>
      <trkpt lat="24.988864744082093" lon="121.56206343322992">
        <ele>23.18</ele>
      </trkpt>
      <trkpt lat="24.988896930590272" lon="121.56233735382557">
        <ele>23.38</ele>
      </trkpt>
      <trkpt lat="24.98892911709845" lon="121.56261135824025">
        <ele>23.58</ele>
      </trkpt>
      <trkpt lat="24.988961219787598" lon="121.56288385391235">
        <ele>23.78</ele>
      </trkpt>
      <trkpt lat="24.988982677459717" lon="121.56301259994507">
        <ele>23.99</ele>
      </trkpt>
      <trkpt lat="24.989047050476074" lon="121.56322717666626">
        <ele>24.23</ele>
      </trkpt>
      <trkpt lat="24.989168671891093" lon="121.56353487633169">
        <ele>24.54</ele>
      </trkpt>
      <trkpt lat="24.989290377125144" lon="121.56384257599711">
        <ele>24.82</ele>
      </trkpt>
      <trkpt lat="24.98941191472113" lon="121.56414985656738">
        <ele>25.13</ele>
      </trkpt>
      <trkpt lat="24.9894118309021" lon="121.56414985656738">
        <ele>25.43</ele>
      </trkpt>
      <trkpt lat="24.98948701657355" lon="121.56434305943549">
        <ele>25.83</ele>
      </trkpt>
      <trkpt lat="24.989562118425965" lon="121.56453609466553">
        <ele>26.24</ele>
      </trkpt>
      <trkpt lat="24.989637220278382" lon="121.56471856869757">
        <ele>26.62</ele>
      </trkpt>
      <trkpt lat="24.9897123221308" lon="121.56490087509155">
        <ele>26.96</ele>
      </trkpt>
      <trkpt lat="24.989819526672363" lon="121.56510824337602">
        <ele>27.3</ele>
      </trkpt>
      <trkpt lat="24.98992681503296" lon="121.56531569547951">
        <ele>27.66</ele>
      </trkpt>
      <trkpt lat="24.990034103393555" lon="121.56552314758301">
        <ele>28.11</ele>
      </trkpt>
      <trkpt lat="24.99019855633378" lon="121.56580201350152">
        <ele>28.44</ele>
      </trkpt>
      <trkpt lat="24.990363093093038" lon="121.56608087942004">
        <ele>28.57</ele>
      </trkpt>
      <trkpt lat="24.990527713671327" lon="121.56635999679565">
        <ele>28.73</ele>
      </trkpt>
      <trkpt lat="24.990592086687684" lon="121.56646728515625">
        <ele>28.88</ele>
      </trkpt>
      <trkpt lat="24.990752935409546" lon="121.56673542223871">
        <ele>28.95</ele>
      </trkpt>
      <trkpt lat="24.99091386795044" lon="121.56700372695923">
        <ele>28.97</ele>
      </trkpt>
      <trkpt lat="24.990999698638916" lon="121.56717538833618">
        <ele>28.99</ele>
      </trkpt>
      <trkpt lat="24.991085529327393" lon="121.56734704971313">
        <ele>29.02</ele>
      </trkpt>
      <trkpt lat="24.99118208885193" lon="121.56758316792548">
        <ele>29.0</ele>
      </trkpt>
      <trkpt lat="24.991278648376465" lon="121.56781911849976">
        <ele>28.9</ele>
      </trkpt>
      <trkpt lat="24.991353834047914" lon="121.56807677820325">
        <ele>28.76</ele>
      </trkpt>
      <trkpt lat="24.99142893590033" lon="121.56833410263062">
        <ele>28.71</ele>
      </trkpt>
      <trkpt lat="24.99148258008063" lon="121.56853811815381">
        <ele>28.62</ele>
      </trkpt>
      <trkpt lat="24.991536140441895" lon="121.56874179840088">
        <ele>28.52</ele>
      </trkpt>
      <trkpt lat="24.991600597277284" lon="121.56906366348267">
        <ele>28.49</ele>
      </trkpt>
      <trkpt lat="24.99164342880249" lon="121.56929969787598">
        <ele>28.43</ele>
      </trkpt>
      <trkpt lat="24.99165415763855" lon="121.56954679638147">
        <ele>28.34</ele>
      </trkpt>
      <trkpt lat="24.99166497029364" lon="121.56979322433472">
        <ele>28.17</ele>
      </trkpt>
      <trkpt lat="24.99166497029364" lon="121.57008323818445">
        <ele>27.94</ele>
      </trkpt>
      <trkpt lat="24.99166497029364" lon="121.57037258148193">
        <ele>27.7</ele>
      </trkpt>
      <trkpt lat="24.991657761856914" lon="121.57060895115137">
        <ele>27.42</ele>
      </trkpt>
      <trkpt lat="24.991650553420186" lon="121.57084532082081">
        <ele>27.03</ele>
      </trkpt>
      <trkpt lat="24.99164342880249" lon="121.57108068466187">
        <ele>26.7</ele>
      </trkpt>
      <trkpt lat="24.99164342880249" lon="121.57114505767822">
        <ele>26.39</ele>
      </trkpt>
      <trkpt lat="24.991729259490967" lon="121.57116651535034">
        <ele>26.07</ele>
      </trkpt>
      <trkpt lat="24.991793632507324" lon="121.5712308883667">
        <ele>25.75</ele>
      </trkpt>
      <trkpt lat="24.9918794631958" lon="121.57127380371094">
        <ele>25.42</ele>
      </trkpt>
      <trkpt lat="24.992128824815154" lon="121.5713308006525">
        <ele>25.14</ele>
      </trkpt>
      <trkpt lat="24.992378186434507" lon="121.57138779759407">
        <ele>24.85</ele>
      </trkpt>
      <trkpt lat="24.99263048171997" lon="121.57144546508789">
        <ele>24.51</ele>
      </trkpt>
      <trkpt lat="24.992587650194764" lon="121.57166004180908">
        <ele>23.82</ele>
      </trkpt>
      <trkpt lat="24.992587566375732" lon="121.57166004180908">
        <ele>23.42</ele>
      </trkpt>
      <trkpt lat="24.992802143096924" lon="121.57174587249756">
        <ele>22.93</ele>
      </trkpt>
      <trkpt lat="24.993037171661854" lon="121.5717885363847">
        <ele>22.56</ele>
      </trkpt>
      <trkpt lat="24.993272284045815" lon="121.57183128409088">
        <ele>22.24</ele>
      </trkpt>
      <trkpt lat="24.993507396429777" lon="121.57187403179705">
        <ele>21.86</ele>
      </trkpt>
      <trkpt lat="24.993746280670166" lon="121.57191753387451">
        <ele>21.43</ele>
      </trkpt>
      <trkpt lat="24.993981393054128" lon="121.57194594852626">
        <ele>21.04</ele>
      </trkpt>
      <trkpt lat="24.99421650543809" lon="121.57197444699705">
        <ele>20.7</ele>
      </trkpt>
      <trkpt lat="24.99445446766913" lon="121.57200336456299">
        <ele>20.37</ele>
      </trkpt>
      <trkpt lat="24.99469678848982" lon="121.57211023382843">
        <ele>19.97</ele>
      </trkpt>
      <trkpt lat="24.994939109310508" lon="121.5722171869129">
        <ele>19.56</ele>
      </trkpt>
      <trkpt lat="24.99518394470215" lon="121.57232522964478">
        <ele>19.27</ele>
      </trkpt>
      <trkpt lat="24.995312690734863" lon="121.57238960266113">
        <ele>19.08</ele>
      </trkpt>
      <trkpt lat="24.99550555832684" lon="121.57261247746646">
        <ele>18.94</ele>
      </trkpt>
      <trkpt lat="24.995698425918818" lon="121.5728353522718">
        <ele>18.89</ele>
      </trkpt>
      <trkpt lat="24.995891377329826" lon="121.57305822707713">
        <ele>18.82</ele>
      </trkpt>
      <trkpt lat="24.996084244921803" lon="121.57328110188246">
        <ele>18.76</ele>
      </trkpt>
      <trkpt lat="24.996278369799256" lon="121.57350540161133">
        <ele>18.7</ele>
      </trkpt>
      <trkpt lat="24.996485486626625" lon="121.57375543378294">
        <ele>18.68</ele>
      </trkpt>
      <trkpt lat="24.996692687273026" lon="121.57400546595454">
        <ele>18.68</ele>
      </trkpt>
      <trkpt lat="24.99690055847168" lon="121.5742564201355">
        <ele>18.7</ele>
      </trkpt>
      <trkpt lat="24.996964931488037" lon="121.57427787780762">
        <ele>18.8</ele>
      </trkpt>
      <trkpt lat="24.997007846832275" lon="121.57429933547974">
        <ele>18.9</ele>
      </trkpt>
      <trkpt lat="24.997115219011903" lon="121.57429933547974">
        <ele>19.1</ele>
      </trkpt>
      <trkpt lat="24.997272295877337" lon="121.57448507845402">
        <ele>19.3</ele>
      </trkpt>
      <trkpt lat="24.997429456561804" lon="121.5746708214283">
        <ele>19.51</ele>
      </trkpt>
      <trkpt lat="24.997587203979492" lon="121.57485723495483">
        <ele>19.65</ele>
      </trkpt>
      <trkpt lat="24.99765157699585" lon="121.57492160797119">
        <ele>19.83</ele>
      </trkpt>
      <trkpt lat="24.997758865356445" lon="121.57498598098755">
        <ele>20.04</ele>
      </trkpt>
      <trkpt lat="24.997844779863954" lon="121.57502889633179">
        <ele>20.27</ele>
      </trkpt>
      <trkpt lat="24.99804795719683" lon="121.57513584941626">
        <ele>20.51</ele>
      </trkpt>
      <trkpt lat="24.998252391815186" lon="121.57524347305298">
        <ele>20.74</ele>
      </trkpt>
      <trkpt lat="24.998509883880615" lon="121.57541513442993">
        <ele>20.91</ele>
      </trkpt>
      <trkpt lat="24.998649023473263" lon="121.57553290016949">
        <ele>21.1</ele>
      </trkpt>
      <trkpt lat="24.998788833618164" lon="121.57565116882324">
        <ele>21.32</ele>
      </trkpt>
      <trkpt lat="24.998981952667236" lon="121.57584428787231">
        <ele>21.58</ele>
      </trkpt>
      <trkpt lat="24.9990891572088" lon="121.57599432393909">
        <ele>21.88</ele>
      </trkpt>
      <trkpt lat="24.999196529388428" lon="121.57614469528198">
        <ele>22.19</ele>
      </trkpt>
      <trkpt lat="24.999360982328653" lon="121.57641995698214">
        <ele>22.52</ele>
      </trkpt>
      <trkpt lat="24.99952543526888" lon="121.57669530250132">
        <ele>22.96</ele>
      </trkpt>
      <trkpt lat="24.999689888209105" lon="121.57697056420147">
        <ele>23.38</ele>
      </trkpt>
      <trkpt lat="24.99985434114933" lon="121.57724590972066">
        <ele>23.76</ele>
      </trkpt>
      <trkpt lat="25.000018877908587" lon="121.57752117142081">
        <ele>24.05</ele>
      </trkpt>
      <trkpt lat="25.000183582305908" lon="121.57779693603516">
        <ele>24.49</ele>
      </trkpt>
      <trkpt lat="25.000290870666504" lon="121.57790422439575">
        <ele>24.93</ele>
      </trkpt>
      <trkpt lat="25.00041970051825" lon="121.57790422439575">
        <ele>25.39</ele>
      </trkpt>
      <trkpt lat="25.000526905059814" lon="121.57816171646118">
        <ele>25.89</ele>
      </trkpt>
      <trkpt lat="25.00065565109253" lon="121.57843354158103">
        <ele>26.38</ele>
      </trkpt>
      <trkpt lat="25.000784397125244" lon="121.57870536670089">
        <ele>26.78</ele>
      </trkpt>
      <trkpt lat="25.00091322697699" lon="121.57897727563977">
        <ele>27.1</ele>
      </trkpt>
      <trkpt lat="25.001041973009706" lon="121.57924910075963">
        <ele>27.41</ele>
      </trkpt>
      <trkpt lat="25.001170802861452" lon="121.57952100969851">
        <ele>27.73</ele>
      </trkpt>
      <trkpt lat="25.001299381256104" lon="121.57979249954224">
        <ele>28.12</ele>
      </trkpt>
      <trkpt lat="25.001454949378967" lon="121.5800929069519">
        <ele>28.5</ele>
      </trkpt>
      <trkpt lat="25.00161051750183" lon="121.58039331436157">
        <ele>28.8</ele>
      </trkpt>
      <trkpt lat="25.001766169443727" lon="121.58069372177124">
        <ele>29.11</ele>
      </trkpt>
      <trkpt lat="25.00192173756659" lon="121.58099412918091">
        <ele>29.26</ele>
      </trkpt>
      <trkpt lat="25.002029025927186" lon="121.58121943473816">
        <ele>29.39</ele>
      </trkpt>
      <trkpt lat="25.00213631428778" lon="121.58144474029541">
        <ele>29.55</ele>
      </trkpt>
      <trkpt lat="25.00222214497626" lon="121.58168077468872">
        <ele>29.8</ele>
      </trkpt>
      <trkpt lat="25.002307975664735" lon="121.581906164065">
        <ele>30.13</ele>
      </trkpt>
      <trkpt lat="25.00239380635321" lon="121.58213138580322">
        <ele>30.41</ele>
      </trkpt>
      <trkpt lat="25.00245817936957" lon="121.58233540132642">
        <ele>30.61</ele>
      </trkpt>
      <trkpt lat="25.002522552385926" lon="121.58253908157349">
        <ele>30.75</ele>
      </trkpt>
      <trkpt lat="25.002522468566895" lon="121.58253908157349">
        <ele>30.94</ele>
      </trkpt>
      <trkpt lat="25.002586925402284" lon="121.58273228444159">
        <ele>31.13</ele>
      </trkpt>
      <trkpt lat="25.00265129841864" lon="121.58292531967163">
        <ele>31.31</ele>
      </trkpt>
      <trkpt lat="25.002715671435" lon="121.5832257270813">
        <ele>31.49</ele>
      </trkpt>
      <trkpt lat="25.00277291983366" lon="121.5834691375494">
        <ele>31.69</ele>
      </trkpt>
      <trkpt lat="25.00283016823232" lon="121.5837125480175">
        <ele>31.85</ele>
      </trkpt>
      <trkpt lat="25.00288733281195" lon="121.58395528793335">
        <ele>31.96</ele>
      </trkpt>
      <trkpt lat="25.00290879048407" lon="121.58404111862183">
        <ele>32.1</ele>
      </trkpt>
      <trkpt lat="25.002944581210613" lon="121.58429173752666">
        <ele>32.19</ele>
      </trkpt>
      <trkpt lat="25.002980371937156" lon="121.58454244025052">
        <ele>32.25</ele>
      </trkpt>
      <trkpt lat="25.003016078844666" lon="121.584792137146">
        <ele>32.33</ele>
      </trkpt>
      <trkpt lat="25.003015995025635" lon="121.584792137146">
        <ele>32.43</ele>
      </trkpt>
      <trkpt lat="25.003037452697754" lon="121.5850786305964">
        <ele>32.63</ele>
      </trkpt>
      <trkpt lat="25.003058910369873" lon="121.5853651240468">
        <ele>32.85</ele>
      </trkpt>
      <trkpt lat="25.003080368041992" lon="121.58565044403076">
        <ele>33.09</ele>
      </trkpt>
      <trkpt lat="25.003080368041992" lon="121.58595127053559">
        <ele>33.16</ele>
      </trkpt>
      <trkpt lat="25.003080368041992" lon="121.58625209704041">
        <ele>33.1</ele>
      </trkpt>
      <trkpt lat="25.003080451861024" lon="121.58655166625977">
        <ele>33.06</ele>
      </trkpt>
      <trkpt lat="25.003080368041992" lon="121.58655166625977">
        <ele>33.02</ele>
      </trkpt>
      <trkpt lat="25.0030695553869" lon="121.58673430792987">
        <ele>32.94</ele>
      </trkpt>
      <trkpt lat="25.003058910369873" lon="121.58691644668579">
        <ele>32.87</ele>
      </trkpt>
      <trkpt lat="25.003037452697754" lon="121.58708810806274">
        <ele>32.78</ele>
      </trkpt>
      <trkpt lat="25.002994537353516" lon="121.58719539642334">
        <ele>32.63</ele>
      </trkpt>
      <trkpt lat="25.00288733281195" lon="121.5873670578003">
        <ele>32.43</ele>
      </trkpt>
      <trkpt lat="25.00288724899292" lon="121.5873670578003">
        <ele>32.24</ele>
      </trkpt>
      <trkpt lat="25.002758502960205" lon="121.58751726150513">
        <ele>31.96</ele>
      </trkpt>
      <trkpt lat="25.002547865733504" lon="121.58770996145904">
        <ele>31.63</ele>
      </trkpt>
      <trkpt lat="25.002337228506804" lon="121.58790274523199">
        <ele>31.37</ele>
      </trkpt>
      <trkpt lat="25.002126591280103" lon="121.58809552900493">
        <ele>31.13</ele>
      </trkpt>
      <trkpt lat="25.001916037872434" lon="121.58828831277788">
        <ele>30.87</ele>
      </trkpt>
      <trkpt lat="25.001705400645733" lon="121.58848109655082">
        <ele>30.58</ele>
      </trkpt>
      <trkpt lat="25.001492500305176" lon="121.58867597579956">
        <ele>30.29</ele>
      </trkpt>
      <trkpt lat="25.001342380419374" lon="121.5888261795044">
        <ele>29.97</ele>
      </trkpt>
      <trkpt lat="25.001181615516543" lon="121.58899758942425">
        <ele>29.59</ele>
      </trkpt>
      <trkpt lat="25.001020515337586" lon="121.5891695022583">
        <ele>29.2</ele>
      </trkpt>
      <trkpt lat="25.000827312469482" lon="121.58938407897949">
        <ele>28.83</ele>
      </trkpt>
      <trkpt lat="25.000655818730593" lon="121.58958767540753">
        <ele>28.42</ele>
      </trkpt>
      <trkpt lat="25.000484073534608" lon="121.58979177474976">
        <ele>27.93</ele>
      </trkpt>
      <trkpt lat="25.00026974827051" lon="121.59004038199782">
        <ele>27.48</ele>
      </trkpt>
      <trkpt lat="25.000055423006415" lon="121.59028898924589">
        <ele>27.07</ele>
      </trkpt>
      <trkpt lat="24.99984109774232" lon="121.59053759649396">
        <ele>26.71</ele>
      </trkpt>
      <trkpt lat="24.999626772478223" lon="121.59078620374203">
        <ele>26.37</ele>
      </trkpt>
      <trkpt lat="24.99941118992865" lon="121.59103631973267">
        <ele>26.07</ele>
      </trkpt>
      <trkpt lat="24.99941110610962" lon="121.59103631973267">
        <ele>25.75</ele>
      </trkpt>
      <trkpt lat="24.999246736988425" lon="121.59123631194234">
        <ele>25.47</ele>
      </trkpt>
      <trkpt lat="24.99908236786723" lon="121.59143638797104">
        <ele>25.19</ele>
      </trkpt>
      <trkpt lat="24.99891757965088" lon="121.591637134552">
        <ele>24.97</ele>
      </trkpt>
      <trkpt lat="24.9987299926579" lon="121.59186218865216">
        <ele>24.78</ele>
      </trkpt>
      <trkpt lat="24.99854240566492" lon="121.59208724275231">
        <ele>24.5</ele>
      </trkpt>
      <trkpt lat="24.998354902490973" lon="121.59231229685247">
        <ele>24.15</ele>
      </trkpt>
      <trkpt lat="24.99816656112671" lon="121.592538356781">
        <ele>23.82</ele>
      </trkpt>
      <trkpt lat="24.998016357421875" lon="121.59273147583008">
        <ele>23.69</ele>
      </trkpt>
      <trkpt lat="24.9979305267334" lon="121.59294605255127">
        <ele>23.53</ele>
      </trkpt>
      <trkpt lat="24.99790906906128" lon="121.59322500228882">
        <ele>23.36</ele>
      </trkpt>
      <trkpt lat="24.99790906906128" lon="121.59348249435425">
        <ele>23.21</ele>
      </trkpt>
      <trkpt lat="24.997973442077637" lon="121.59363269805908">
        <ele>23.17</ele>
      </trkpt>
      <trkpt lat="24.998016357421875" lon="121.5937614440918">
        <ele>23.22</ele>
      </trkpt>
      <trkpt lat="24.99816656112671" lon="121.59397602081299">
        <ele>23.35</ele>
      </trkpt>
      <trkpt lat="24.998273849487305" lon="121.59406185150146">
        <ele>23.4</ele>
      </trkpt>
      <trkpt lat="24.998445510864258" lon="121.59419059753418">
        <ele>23.47</ele>
      </trkpt>
      <trkpt lat="24.998703002929688" lon="121.5943193435669">
        <ele>23.49</ele>
      </trkpt>
      <trkpt lat="24.99889612197876" lon="121.59436225891113">
        <ele>23.53</ele>
      </trkpt>
      <trkpt lat="24.999190578237176" lon="121.59442872740328">
        <ele>23.68</ele>
      </trkpt>
      <trkpt lat="24.999485118314624" lon="121.59449519589543">
        <ele>23.99</ele>
      </trkpt>
      <trkpt lat="24.99977957457304" lon="121.59456174820662">
        <ele>24.34</ele>
      </trkpt>
      <trkpt lat="25.000074114650488" lon="121.59462821669877">
        <ele>24.69</ele>
      </trkpt>
      <trkpt lat="25.000368570908904" lon="121.59469468519092">
        <ele>24.73</ele>
      </trkpt>
      <trkpt lat="25.000663110986352" lon="121.5947612375021">
        <ele>24.97</ele>
      </trkpt>
      <trkpt lat="25.000957567244768" lon="121.59482770599425">
        <ele>25.11</ele>
      </trkpt>
      <trkpt lat="25.001252107322216" lon="121.5948941744864">
        <ele>25.26</ele>
      </trkpt>
      <trkpt lat="25.001556873321533" lon="121.59496307373047">
        <ele>25.45</ele>
      </trkpt>
      <trkpt lat="25.001707077026367" lon="121.59494161605835">
        <ele>25.76</ele>
      </trkpt>
      <trkpt lat="25.00163541175425" lon="121.59522794187069">
        <ele>25.82</ele>
      </trkpt>
      <trkpt lat="25.001563830301166" lon="121.59551435150206">
        <ele>26.03</ele>
      </trkpt>
      <trkpt lat="25.001492500305176" lon="121.59579992294312">
        <ele>26.14</ele>
      </trkpt>
      <trkpt lat="25.00138512812555" lon="121.5960789564997">
        <ele>26.37</ele>
      </trkpt>
      <trkpt lat="25.001277923583984" lon="121.59635782241821">
        <ele>26.73</ele>
      </trkpt>
      <trkpt lat="25.001548659056425" lon="121.59642194397748">
        <ele>27.15</ele>
      </trkpt>
      <trkpt lat="25.001819394528866" lon="121.59648606553674">
        <ele>27.4</ele>
      </trkpt>
      <trkpt lat="25.00209331512451" lon="121.59655094146729">
        <ele>27.54</ele>
      </trkpt>
      <trkpt lat="25.002264976501465" lon="121.59663677215576">
        <ele>27.81</ele>
      </trkpt>
      <trkpt lat="25.00235080718994" lon="121.5966796875">
        <ele>28.14</ele>
      </trkpt>
      <trkpt lat="25.002501010894775" lon="121.59685134887695">
        <ele>28.61</ele>
      </trkpt>
      <trkpt lat="25.002543926239014" lon="121.59693717956543">
        <ele>29.08</ele>
      </trkpt>
      <trkpt lat="25.00262975692749" lon="121.59710884094238">
        <ele>29.58</ele>
      </trkpt>
      <trkpt lat="25.00267267227173" lon="121.59728050231934">
        <ele>30.12</ele>
      </trkpt>
      <trkpt lat="25.00267267227173" lon="121.59736633300781">
        <ele>30.67</ele>
      </trkpt>
      <trkpt lat="25.00267267227173" lon="121.59747362136841">
        <ele>31.25</ele>
      </trkpt>
      <trkpt lat="25.00265121459961" lon="121.5976881980896">
        <ele>31.84</ele>
      </trkpt>
      <trkpt lat="25.002565383911133" lon="121.59790277481079">
        <ele>32.39</ele>
      </trkpt>
      <trkpt lat="25.00245088711381" lon="121.5981316845864">
        <ele>32.87</ele>
      </trkpt>
      <trkpt lat="25.002336390316486" lon="121.59836059436202">
        <ele>33.38</ele>
      </trkpt>
      <trkpt lat="25.002222061157227" lon="121.5985894203186">
        <ele>33.97</ele>
      </trkpt>
      <trkpt lat="25.002200603485107" lon="121.59878253936768">
        <ele>34.52</ele>
      </trkpt>
      <trkpt lat="25.00222214497626" lon="121.59908294677734">
        <ele>35.05</ele>
      </trkpt>
      <trkpt lat="25.002254331484437" lon="121.5993407741189">
        <ele>35.64</ele>
      </trkpt>
      <trkpt lat="25.002286434173584" lon="121.5995979309082">
        <ele>36.2</ele>
      </trkpt>
      <trkpt lat="25.002286434173584" lon="121.59974813461304">
        <ele>36.78</ele>
      </trkpt>
      <trkpt lat="25.002264976501465" lon="121.59985542297363">
        <ele>37.4</ele>
      </trkpt>
      <trkpt lat="25.00217914581299" lon="121.59996271133423">
        <ele>38.05</ele>
      </trkpt>
      <trkpt lat="25.002050399780273" lon="121.60002708435059">
        <ele>38.73</ele>
      </trkpt>
      <trkpt lat="25.001964569091797" lon="121.60002708435059">
        <ele>39.38</ele>
      </trkpt>
      <trkpt lat="25.001835823059082" lon="121.60030603408813">
        <ele>39.95</ele>
      </trkpt>
      <trkpt lat="25.001696348190308" lon="121.60055271349847">
        <ele>40.6</ele>
      </trkpt>
      <trkpt lat="25.001556873321533" lon="121.60079947672784">
        <ele>41.27</ele>
      </trkpt>
      <trkpt lat="25.00141739845276" lon="121.60104623995721">
        <ele>41.85</ele>
      </trkpt>
      <trkpt lat="25.001277923583984" lon="121.60129291936755">
        <ele>42.18</ele>
      </trkpt>
      <trkpt lat="25.00113844871521" lon="121.60153968259692">
        <ele>42.52</ele>
      </trkpt>
      <trkpt lat="25.000998973846436" lon="121.60178661346436">
        <ele>42.81</ele>
      </trkpt>
      <trkpt lat="25.00089168548584" lon="121.60194746218622">
        <ele>43.02</ele>
      </trkpt>
      <trkpt lat="25.000784397125244" lon="121.60210847854614">
        <ele>43.16</ele>
      </trkpt>
      <trkpt lat="25.00061273574829" lon="121.60230159759521">
        <ele>43.34</ele>
      </trkpt>
      <trkpt lat="25.000405618920922" lon="121.60251583904028">
        <ele>43.43</ele>
      </trkpt>
      <trkpt lat="25.000198502093554" lon="121.60273008048534">
        <ele>43.3</ele>
      </trkpt>
      <trkpt lat="24.999990463256836" lon="121.60294532775879">
        <ele>43.94</ele>
      </trkpt>
      <trkpt lat="24.999797344207764" lon="121.6031813621521">
        <ele>43.5</ele>
      </trkpt>
      <trkpt lat="24.9996901396662" lon="121.60332066938281">
        <ele>43.32</ele>
      </trkpt>
      <trkpt lat="24.999582767486572" lon="121.60346031188965">
        <ele>43.01</ele>
      </trkpt>
      <trkpt lat="24.999475479125977" lon="121.60366415977478">
        <ele>42.55</ele>
      </trkpt>
      <trkpt lat="24.999368274584413" lon="121.60386800765991">
        <ele>42.21</ele>
      </trkpt>
      <trkpt lat="24.999282360076904" lon="121.60406112670898">
        <ele>41.84</ele>
      </trkpt>
      <trkpt lat="24.999196529388428" lon="121.60425424575806">
        <ele>41.51</ele>
      </trkpt>
      <trkpt lat="24.99911061488092" lon="121.60450117662549">
        <ele>41.24</ele>
      </trkpt>
      <trkpt lat="24.999024951830506" lon="121.6047477722168">
        <ele>40.96</ele>
      </trkpt>
      <trkpt lat="24.999024868011475" lon="121.6047477722168">
        <ele>40.62</ele>
      </trkpt>
      <trkpt lat="24.998949682340026" lon="121.60500543192029">
        <ele>40.32</ele>
      </trkpt>
      <trkpt lat="24.99887466430664" lon="121.60526275634766">
        <ele>40.04</ele>
      </trkpt>
      <trkpt lat="24.99882093630731" lon="121.60552049987018">
        <ele>39.72</ele>
      </trkpt>
      <trkpt lat="24.998767375946045" lon="121.60577774047852">
        <ele>39.32</ele>
      </trkpt>
      <trkpt lat="24.998724376782775" lon="121.60605702549219">
        <ele>38.86</ele>
      </trkpt>
      <trkpt lat="24.99868154525757" lon="121.60633563995361">
        <ele>38.52</ele>
      </trkpt>
      <trkpt lat="24.99867081642151" lon="121.60660419613123">
        <ele>38.15</ele>
      </trkpt>
      <trkpt lat="24.99866017140448" lon="121.60687208175659">
        <ele>37.85</ele>
      </trkpt>
      <trkpt lat="24.99864935874939" lon="121.60714063793421">
        <ele>37.57</ele>
      </trkpt>
      <trkpt lat="24.998638713732362" lon="121.60740852355957">
        <ele>37.32</ele>
      </trkpt>
      <trkpt lat="24.998631505295634" lon="121.60764489322901">
        <ele>37.06</ele>
      </trkpt>
      <trkpt lat="24.998624296858907" lon="121.60788126289845">
        <ele>36.81</ele>
      </trkpt>
      <trkpt lat="24.99861717224121" lon="121.6081166267395">
        <ele>36.62</ele>
      </trkpt>
      <trkpt lat="24.998595798388124" lon="121.60820245742798">
        <ele>36.45</ele>
      </trkpt>
      <trkpt lat="24.998574256896973" lon="121.6084065567702">
        <ele>36.31</ele>
      </trkpt>
      <trkpt lat="24.998552799224854" lon="121.60861015319824">
        <ele>36.19</ele>
      </trkpt>
      <trkpt lat="24.998509800061584" lon="121.60886789672077">
        <ele>36.05</ele>
      </trkpt>
      <trkpt lat="24.998466884717345" lon="121.60912572406232">
        <ele>35.9</ele>
      </trkpt>
      <trkpt lat="24.998423885554075" lon="121.60938355140388">
        <ele>35.79</ele>
      </trkpt>
      <trkpt lat="24.998381221666932" lon="121.60964012145996">
        <ele>35.72</ele>
      </trkpt>
      <trkpt lat="24.998331014066935" lon="121.60993373952806">
        <ele>35.71</ele>
      </trkpt>
      <trkpt lat="24.99828089028597" lon="121.61022735759616">
        <ele>35.72</ele>
      </trkpt>
      <trkpt lat="24.998231017962098" lon="121.61051988601685">
        <ele>35.7</ele>
      </trkpt>
      <trkpt lat="24.998195143416524" lon="121.61075617186725">
        <ele>35.74</ele>
      </trkpt>
      <trkpt lat="24.99815935268998" lon="121.61099254153669">
        <ele>35.79</ele>
      </trkpt>
      <trkpt lat="24.998123729601502" lon="121.61122798919678">
        <ele>35.86</ele>
      </trkpt>
      <trkpt lat="24.99809137545526" lon="121.61156100220978">
        <ele>35.94</ele>
      </trkpt>
      <trkpt lat="24.998059272766113" lon="121.61189317703247">
        <ele>36.02</ele>
      </trkpt>
      <trkpt lat="24.998037898913026" lon="121.61223649978638">
        <ele>36.16</ele>
      </trkpt>
      <trkpt lat="24.99804502353072" lon="121.61247999407351">
        <ele>36.31</ele>
      </trkpt>
      <trkpt lat="24.998052148148417" lon="121.61272348836064">
        <ele>36.45</ele>
      </trkpt>
      <trkpt lat="24.998059272766113" lon="121.61296606063843">
        <ele>36.59</ele>
      </trkpt>
      <trkpt lat="24.998070001602173" lon="121.61318088881671">
        <ele>36.71</ele>
      </trkpt>
      <trkpt lat="24.998080730438232" lon="121.61339521408081">
        <ele>36.83</ele>
      </trkpt>
      <trkpt lat="24.99814518727362" lon="121.61371741443872">
        <ele>36.93</ele>
      </trkpt>
      <trkpt lat="24.99820956028998" lon="121.61403894424438">
        <ele>37.1</ele>
      </trkpt>
      <trkpt lat="24.998291116207838" lon="121.61435678601265">
        <ele>37.35</ele>
      </trkpt>
      <trkpt lat="24.99837275594473" lon="121.61467471159995">
        <ele>37.67</ele>
      </trkpt>
      <trkpt lat="24.99845439568162" lon="121.61499263718724">
        <ele>38.04</ele>
      </trkpt>
      <trkpt lat="24.99853603541851" lon="121.61531047895551">
        <ele>38.33</ele>
      </trkpt>
      <trkpt lat="24.998617256060243" lon="121.6156268119812">
        <ele>38.53</ele>
      </trkpt>
      <trkpt lat="24.99861717224121" lon="121.6156268119812">
        <ele>38.82</ele>
      </trkpt>
      <trkpt lat="24.998688753694296" lon="121.61589880473912">
        <ele>39.11</ele>
      </trkpt>
      <trkpt lat="24.998760418966413" lon="121.61617088131607">
        <ele>39.41</ele>
      </trkpt>
      <trkpt lat="24.998831832781434" lon="121.61644220352173">
        <ele>39.74</ele>
      </trkpt>
      <trkpt lat="24.998913388699293" lon="121.61676004529">
        <ele>40.08</ele>
      </trkpt>
      <trkpt lat="24.998995028436184" lon="121.61707797087729">
        <ele>40.41</ele>
      </trkpt>
      <trkpt lat="24.999076584354043" lon="121.61739589646459">
        <ele>40.77</ele>
      </trkpt>
      <trkpt lat="24.999158224090934" lon="121.61771373823285">
        <ele>41.25</ele>
      </trkpt>
      <trkpt lat="24.999239444732666" lon="121.61803007125854">
        <ele>41.82</ele>
      </trkpt>
      <trkpt lat="24.999293172731996" lon="121.61825554445386">
        <ele>42.27</ele>
      </trkpt>
      <trkpt lat="24.999346816912293" lon="121.61848068237305">
        <ele>42.62</ele>
      </trkpt>
      <trkpt lat="24.99934673309326" lon="121.61848068237305">
        <ele>42.99</ele>
      </trkpt>
      <trkpt lat="24.999424014240503" lon="121.61878134123981">
        <ele>43.29</ele>
      </trkpt>
      <trkpt lat="24.999501379206777" lon="121.6190820839256">
        <ele>43.5</ele>
      </trkpt>
      <trkpt lat="24.999578660354018" lon="121.6193828266114">
        <ele>43.67</ele>
      </trkpt>
      <trkpt lat="24.99965602532029" lon="121.61968348547816">
        <ele>44.02</ele>
      </trkpt>
      <trkpt lat="24.999732971191406" lon="121.61998271942139">
        <ele>44.48</ele>
      </trkpt>
      <trkpt lat="24.999797344207764" lon="121.62027482874691">
        <ele>44.99</ele>
      </trkpt>
      <trkpt lat="24.999861801043153" lon="121.62056702189147">
        <ele>45.41</ele>
      </trkpt>
      <trkpt lat="24.999926257878542" lon="121.620859131217">
        <ele>45.93</ele>
      </trkpt>
      <trkpt lat="24.99999071471393" lon="121.62115132436156">
        <ele>46.45</ele>
      </trkpt>
      <trkpt lat="25.000054836273193" lon="121.62144184112549">
        <ele>46.93</ele>
      </trkpt>
      <trkpt lat="25.00010496005416" lon="121.62168525159359">
        <ele>47.32</ele>
      </trkpt>
      <trkpt lat="25.000155083835125" lon="121.62192874588072">
        <ele>47.46</ele>
      </trkpt>
      <trkpt lat="25.000205039978027" lon="121.62217140197754">
        <ele>47.93</ele>
      </trkpt>
      <trkpt lat="25.000264048576355" lon="121.62242914550006">
        <ele>48.33</ele>
      </trkpt>
      <trkpt lat="25.000323140993714" lon="121.62268688902259">
        <ele>48.64</ele>
      </trkpt>
      <trkpt lat="25.000382233411074" lon="121.62294471636415">
        <ele>48.99</ele>
      </trkpt>
      <trkpt lat="25.000441074371338" lon="121.62320137023926">
        <ele>49.43</ele>
      </trkpt>
      <trkpt lat="25.000505447387695" lon="121.62340538576245">
        <ele>49.87</ele>
      </trkpt>
      <trkpt lat="25.000569820404053" lon="121.62360906600952">
        <ele>50.35</ele>
      </trkpt>
      <trkpt lat="25.00063419342041" lon="121.6237808112055">
        <ele>50.75</ele>
      </trkpt>
      <trkpt lat="25.0006986502558" lon="121.62395238876343">
        <ele>51.13</ele>
      </trkpt>
      <trkpt lat="25.000818762928247" lon="121.6242142394185">
        <ele>51.43</ele>
      </trkpt>
      <trkpt lat="25.000938959419727" lon="121.62447609007359">
        <ele>51.73</ele>
      </trkpt>
      <trkpt lat="25.001059155911207" lon="121.62473794072866">
        <ele>52.06</ele>
      </trkpt>
      <trkpt lat="25.001179352402687" lon="121.62499979138374">
        <ele>52.38</ele>
      </trkpt>
      <trkpt lat="25.001299381256104" lon="121.6252613067627">
        <ele>52.68</ele>
      </trkpt>
      <trkpt lat="25.00139594078064" lon="121.62555115297437">
        <ele>52.94</ele>
      </trkpt>
      <trkpt lat="25.001492584124207" lon="121.62584108300507">
        <ele>53.17</ele>
      </trkpt>
      <trkpt lat="25.001589227467775" lon="121.62613101303577">
        <ele>53.47</ele>
      </trkpt>
      <trkpt lat="25.001685619354248" lon="121.62642002105713">
        <ele>53.69</ele>
      </trkpt>
      <trkpt lat="25.001760721206665" lon="121.62659168243408">
        <ele>53.88</ele>
      </trkpt>
      <trkpt lat="25.001835906878114" lon="121.62676334381104">
        <ele>54.09</ele>
      </trkpt>
      <trkpt lat="25.001835823059082" lon="121.62676334381104">
        <ele>54.25</ele>
      </trkpt>
      <trkpt lat="25.00192165374756" lon="121.62692427635193">
        <ele>54.48</ele>
      </trkpt>
      <trkpt lat="25.002007484436035" lon="121.62708520889282">
        <ele>54.65</ele>
      </trkpt>
      <trkpt lat="25.00217914581299" lon="121.62734270095825">
        <ele>54.76</ele>
      </trkpt>
      <trkpt lat="25.002361368387938" lon="121.62755702622235">
        <ele>54.78</ele>
      </trkpt>
      <trkpt lat="25.002544010058045" lon="121.62777185440063">
        <ele>54.79</ele>
      </trkpt>
      <trkpt lat="25.002683317288756" lon="121.62794326432049">
        <ele>54.85</ele>
      </trkpt>
      <trkpt lat="25.002822959795594" lon="121.62811517715454">
        <ele>54.93</ele>
      </trkpt>
      <trkpt lat="25.003001494333148" lon="121.62833302281797">
        <ele>54.96</ele>
      </trkpt>
      <trkpt lat="25.003180112689734" lon="121.62855095230043">
        <ele>54.94</ele>
      </trkpt>
      <trkpt lat="25.00335873104632" lon="121.62876888178289">
        <ele>54.92</ele>
      </trkpt>
      <trkpt lat="25.003537349402905" lon="121.62898681126535">
        <ele>54.89</ele>
      </trkpt>
      <trkpt lat="25.00371596775949" lon="121.62920474074781">
        <ele>54.84</ele>
      </trkpt>
      <trkpt lat="25.00389575958252" lon="121.62942409515381">
        <ele>54.74</ele>
      </trkpt>
      <trkpt lat="25.00410296022892" lon="121.62968125194311">
        <ele>54.57</ele>
      </trkpt>
      <trkpt lat="25.00431016087532" lon="121.62993849255145">
        <ele>54.38</ele>
      </trkpt>
      <trkpt lat="25.004518032073975" lon="121.6301965713501">
        <ele>54.28</ele>
      </trkpt>
      <trkpt lat="25.004667984321713" lon="121.63036798126996">
        <ele>54.27</ele>
      </trkpt>
      <trkpt lat="25.004818439483643" lon="121.630539894104">
        <ele>54.32</ele>
      </trkpt>
      <trkpt lat="25.00495757907629" lon="121.63065765984356">
        <ele>54.34</ele>
      </trkpt>
      <trkpt lat="25.00509738922119" lon="121.63077592849731">
        <ele>54.36</ele>
      </trkpt>
      <trkpt lat="25.005333507433534" lon="121.63094758987427">
        <ele>54.37</ele>
      </trkpt>
      <trkpt lat="25.005590245127678" lon="121.63109729066491">
        <ele>54.34</ele>
      </trkpt>
      <trkpt lat="25.005848491564393" lon="121.63124799728394">
        <ele>54.32</ele>
      </trkpt>
      <trkpt lat="25.00593432225287" lon="121.6313123703003">
        <ele>54.29</ele>
      </trkpt>
      <trkpt lat="25.0061952508986" lon="121.63145779632032">
        <ele>54.21</ele>
      </trkpt>
      <trkpt lat="25.00645626336336" lon="121.63160330615938">
        <ele>54.2</ele>
      </trkpt>
      <trkpt lat="25.006717275828123" lon="121.6317487321794">
        <ele>54.17</ele>
      </trkpt>
      <trkpt lat="25.006978288292885" lon="121.63189424201846">
        <ele>54.16</ele>
      </trkpt>
      <trkpt lat="25.007243156433105" lon="121.63204193115234">
        <ele>54.2</ele>
      </trkpt>
      <trkpt lat="25.00739294104278" lon="121.63213815540075">
        <ele>54.2</ele>
      </trkpt>
      <trkpt lat="25.007543647661805" lon="121.63223505020142">
        <ele>54.14</ele>
      </trkpt>
      <trkpt lat="25.007672142237425" lon="121.63236354477704">
        <ele>54.07</ele>
      </trkpt>
      <trkpt lat="25.007801055908203" lon="121.63249254226685">
        <ele>54.0</ele>
      </trkpt>
      <trkpt lat="25.007940363138914" lon="121.6326747648418">
        <ele>53.92</ele>
      </trkpt>
      <trkpt lat="25.008080005645752" lon="121.63285732269287">
        <ele>53.83</ele>
      </trkpt>
      <trkpt lat="25.008176565170288" lon="121.63303971290588">
        <ele>53.76</ele>
      </trkpt>
      <trkpt lat="25.008273124694824" lon="121.6332221031189">
        <ele>53.7</ele>
      </trkpt>
      <trkpt lat="25.008316123858094" lon="121.63341522216797">
        <ele>53.66</ele>
      </trkpt>
      <trkpt lat="25.00840187072754" lon="121.63371562957764">
        <ele>53.63</ele>
      </trkpt>
      <trkpt lat="25.008444786071777" lon="121.63386583328247">
        <ele>53.61</ele>
      </trkpt>
      <trkpt lat="25.008466243743896" lon="121.63418769836426">
        <ele>53.71</ele>
      </trkpt>
      <trkpt lat="25.008444786071777" lon="121.63442373275757">
        <ele>53.72</ele>
      </trkpt>
      <trkpt lat="25.008423244580626" lon="121.63466001860797">
        <ele>53.69</ele>
      </trkpt>
      <trkpt lat="25.00840187072754" lon="121.63489580154419">
        <ele>53.69</ele>
      </trkpt>
      <trkpt lat="25.00835409387946" lon="121.63522277958691">
        <ele>53.75</ele>
      </trkpt>
      <trkpt lat="25.008306317031384" lon="121.63554984144866">
        <ele>53.72</ele>
      </trkpt>
      <trkpt lat="25.008258624002337" lon="121.63587690331042">
        <ele>53.75</ele>
      </trkpt>
      <trkpt lat="25.00821084715426" lon="121.63620396517217">
        <ele>53.85</ele>
      </trkpt>
      <trkpt lat="25.008163154125214" lon="121.63653102703393">
        <ele>53.91</ele>
      </trkpt>
      <trkpt lat="25.008115377277136" lon="121.63685808889568">
        <ele>53.97</ele>
      </trkpt>
      <trkpt lat="25.008067600429058" lon="121.63718515075743">
        <ele>54.05</ele>
      </trkpt>
      <trkpt lat="25.008019907400012" lon="121.63751221261919">
        <ele>54.34</ele>
      </trkpt>
      <trkpt lat="25.007972717285156" lon="121.63783550262451">
        <ele>54.52</ele>
      </trkpt>
      <trkpt lat="25.007951175794005" lon="121.63807178847492">
        <ele>54.75</ele>
      </trkpt>
      <trkpt lat="25.007929801940918" lon="121.63830757141113">
        <ele>54.95</ele>
      </trkpt>
      <trkpt lat="25.007918989285827" lon="121.63854394108057">
        <ele>55.27</ele>
      </trkpt>
      <trkpt lat="25.0079083442688" lon="121.63877964019775">
        <ele>55.71</ele>
      </trkpt>
      <trkpt lat="25.00791907310486" lon="121.63904819637537">
        <ele>56.1</ele>
      </trkpt>
      <trkpt lat="25.007929801940918" lon="121.63931608200073">
        <ele>56.46</ele>
      </trkpt>
      <trkpt lat="25.007961988449097" lon="121.63958463817835">
        <ele>56.82</ele>
      </trkpt>
      <trkpt lat="25.007994174957275" lon="121.63985252380371">
        <ele>57.37</ele>
      </trkpt>
      <trkpt lat="25.008026361465454" lon="121.64009953849018">
        <ele>58.04</ele>
      </trkpt>
      <trkpt lat="25.008058547973633" lon="121.64034605026245">
        <ele>58.65</ele>
      </trkpt>
      <trkpt lat="25.00812292098999" lon="121.64058225229383">
        <ele>59.26</ele>
      </trkpt>
      <trkpt lat="25.008187294006348" lon="121.64081811904907">
        <ele>59.84</ele>
      </trkpt>
      <trkpt lat="25.008262395858765" lon="121.6410811431706">
        <ele>60.46</ele>
      </trkpt>
      <trkpt lat="25.008337581530213" lon="121.64134425111115">
        <ele>61.21</ele>
      </trkpt>
      <trkpt lat="25.008412767201662" lon="121.6416073590517">
        <ele>62.01</ele>
      </trkpt>
      <trkpt lat="25.008487701416016" lon="121.64186954498291">
        <ele>62.8</ele>
      </trkpt>
      <trkpt lat="25.008530616760254" lon="121.64204137399793">
        <ele>63.54</ele>
      </trkpt>
      <trkpt lat="25.008573532104492" lon="121.64221286773682">
        <ele>64.27</ele>
      </trkpt>
      <trkpt lat="25.008616531267762" lon="121.64240615442395">
        <ele>64.98</ele>
      </trkpt>
      <trkpt lat="25.008659446612" lon="121.64259910583496">
        <ele>65.71</ele>
      </trkpt>
      <trkpt lat="25.00865936279297" lon="121.64259910583496">
        <ele>66.42</ele>
      </trkpt>
      <trkpt lat="25.008680820465088" lon="121.6428246628493">
        <ele>67.12</ele>
      </trkpt>
      <trkpt lat="25.008702278137207" lon="121.64304971694946">
        <ele>67.81</ele>
      </trkpt>
      <trkpt lat="25.008702278137207" lon="121.64329681545496">
        <ele>68.44</ele>
      </trkpt>
      <trkpt lat="25.008702278137207" lon="121.6435432434082">
        <ele>69.09</ele>
      </trkpt>
      <trkpt lat="25.008670007809997" lon="121.64379025809467">
        <ele>69.72</ele>
      </trkpt>
      <trkpt lat="25.00863790512085" lon="121.64403676986694">
        <ele>70.34</ele>
      </trkpt>
      <trkpt lat="25.00858417712152" lon="121.64436978287995">
        <ele>71.0</ele>
      </trkpt>
      <trkpt lat="25.008530700579286" lon="121.64470195770264">
        <ele>71.69</ele>
      </trkpt>
      <trkpt lat="25.008487785235047" lon="121.64483070373535">
        <ele>72.27</ele>
      </trkpt>
      <trkpt lat="25.008430453017354" lon="121.64514577947557">
        <ele>72.85</ele>
      </trkpt>
      <trkpt lat="25.00837312079966" lon="121.64546085521579">
        <ele>73.35</ele>
      </trkpt>
      <trkpt lat="25.008316040039062" lon="121.6457748413086">
        <ele>73.79</ele>
      </trkpt>
      <trkpt lat="25.008273208513856" lon="121.6460108757019">
        <ele>74.16</ele>
      </trkpt>
      <trkpt lat="25.008273124694824" lon="121.6462254524231">
        <ele>74.4</ele>
      </trkpt>
      <trkpt lat="25.008294582366943" lon="121.64648294448853">
        <ele>74.56</ele>
      </trkpt>
      <trkpt lat="25.008337581530213" lon="121.64675150066614">
        <ele>74.75</ele>
      </trkpt>
      <trkpt lat="25.00838049687445" lon="121.6470193862915">
        <ele>74.95</ele>
      </trkpt>
      <trkpt lat="25.008444786071777" lon="121.6472339630127">
        <ele>75.06</ele>
      </trkpt>
      <trkpt lat="25.008509159088135" lon="121.64739497937262">
        <ele>75.05</ele>
      </trkpt>
      <trkpt lat="25.008573615923524" lon="121.64755582809448">
        <ele>74.95</ele>
      </trkpt>
      <trkpt lat="25.00867017544806" lon="121.64775967597961">
        <ele>74.66</ele>
      </trkpt>
      <trkpt lat="25.008766734972596" lon="121.64796352386475">
        <ele>74.35</ele>
      </trkpt>
      <trkpt lat="25.00889539718628" lon="121.64817810058594">
        <ele>73.93</ele>
      </trkpt>
      <trkpt lat="25.009002685546875" lon="121.64834976196289">
        <ele>73.52</ele>
      </trkpt>
      <trkpt lat="25.0091740116477" lon="121.64851035922766">
        <ele>73.36</ele>
      </trkpt>
      <trkpt lat="25.00934600830078" lon="121.64867162704468">
        <ele>73.29</ele>
      </trkpt>
      <trkpt lat="25.009238719940186" lon="121.64888620376587">
        <ele>73.19</ele>
      </trkpt>
      <trkpt lat="25.009152805432677" lon="121.64910086430609">
        <ele>72.9</ele>
      </trkpt>
      <trkpt lat="25.009067058563232" lon="121.64931535720825">
        <ele>72.55</ele>
      </trkpt>
      <trkpt lat="25.00894912518561" lon="121.64947612211108">
        <ele>72.16</ele>
      </trkpt>
      <trkpt lat="25.008831024169922" lon="121.64963722229004">
        <ele>71.8</ele>
      </trkpt>
      <trkpt lat="25.008563473820686" lon="121.64981910958886">
        <ele>71.24</ele>
      </trkpt>
      <trkpt lat="25.008294582366943" lon="121.65000200271606">
        <ele>70.86</ele>
      </trkpt>
      <trkpt lat="25.00812292098999" lon="121.65017366409302">
        <ele>70.49</ele>
      </trkpt>
      <trkpt lat="25.007994174957275" lon="121.65036678314209">
        <ele>70.06</ele>
      </trkpt>
      <trkpt lat="25.007879678159952" lon="121.65058135986328">
        <ele>69.68</ele>
      </trkpt>
      <trkpt lat="25.00776526518166" lon="121.65079593658447">
        <ele>69.38</ele>
      </trkpt>
      <trkpt lat="25.0076509360224" lon="121.65101051330566">
        <ele>69.08</ele>
      </trkpt>
      <trkpt lat="25.007543563842773" lon="121.65113925933838">
        <ele>68.75</ele>
      </trkpt>
      <trkpt lat="25.00741481781006" lon="121.65118217468262">
        <ele>68.3</ele>
      </trkpt>
      <trkpt lat="25.00721164047718" lon="121.65124629624188">
        <ele>67.89</ele>
      </trkpt>
      <trkpt lat="25.007007122039795" lon="121.65131092071533">
        <ele>67.74</ele>
      </trkpt>
      <trkpt lat="25.00670780427754" lon="121.65139641612768">
        <ele>67.71</ele>
      </trkpt>
      <trkpt lat="25.00640630722046" lon="121.65148258209229">
        <ele>67.75</ele>
      </trkpt>
      <trkpt lat="25.006191730499268" lon="121.651611328125">
        <ele>67.83</ele>
      </trkpt>
      <trkpt lat="25.006256103515625" lon="121.6517186164856">
        <ele>67.89</ele>
      </trkpt>
      <trkpt lat="25.00638484954834" lon="121.65184736251831">
        <ele>68.0</ele>
      </trkpt>
      <trkpt lat="25.006535053253174" lon="121.65191173553467">
        <ele>68.09</ele>
      </trkpt>
      <trkpt lat="25.006770165637136" lon="121.65197585709393">
        <ele>68.2</ele>
      </trkpt>
      <trkpt lat="25.007007122039795" lon="121.65204048156738">
        <ele>68.34</ele>
      </trkpt>
      <trkpt lat="25.00715732574463" lon="121.65214776992798">
        <ele>68.6</ele>
      </trkpt>
      <trkpt lat="25.007200241088867" lon="121.65221214294434">
        <ele>68.89</ele>
      </trkpt>
      <trkpt lat="25.007243156433105" lon="121.65238380432129">
        <ele>69.2</ele>
      </trkpt>
      <trkpt lat="25.007307529449463" lon="121.65271673351526">
        <ele>69.6</ele>
      </trkpt>
      <trkpt lat="25.00737190246582" lon="121.65304899215698">
        <ele>69.92</ele>
      </trkpt>
      <trkpt lat="25.00738263130188" lon="121.65333900600672">
        <ele>70.27</ele>
      </trkpt>
      <trkpt lat="25.00739344395697" lon="121.6536283493042">
        <ele>70.52</ele>
      </trkpt>
      <trkpt lat="25.00736117362976" lon="121.65384317748249">
        <ele>70.86</ele>
      </trkpt>
      <trkpt lat="25.007328987121582" lon="121.65405750274658">
        <ele>71.3</ele>
      </trkpt>
      <trkpt lat="25.007307529449463" lon="121.65422916412354">
        <ele>71.69</ele>
      </trkpt>
      <trkpt lat="25.00736117362976" lon="121.65446544997394">
        <ele>71.93</ele>
      </trkpt>
      <trkpt lat="25.00741481781006" lon="121.65470123291016">
        <ele>72.17</ele>
      </trkpt>
      <trkpt lat="25.00741481781006" lon="121.65491580963135">
        <ele>72.46</ele>
      </trkpt>
      <trkpt lat="25.00737190246582" lon="121.6550874710083">
        <ele>72.81</ele>
      </trkpt>
      <trkpt lat="25.007275259122252" lon="121.65529131889343">
        <ele>73.23</ele>
      </trkpt>
      <trkpt lat="25.007178783416748" lon="121.65549516677856">
        <ele>73.62</ele>
      </trkpt>
      <trkpt lat="25.00711441040039" lon="121.65566682815552">
        <ele>73.96</ele>
      </trkpt>
      <trkpt lat="25.00704458914697" lon="121.65599439293146">
        <ele>74.31</ele>
      </trkpt>
      <trkpt lat="25.006974767893553" lon="121.6563219577074">
        <ele>74.61</ele>
      </trkpt>
      <trkpt lat="25.006904946640134" lon="121.65664960630238">
        <ele>74.84</ele>
      </trkpt>
      <trkpt lat="25.006835460662842" lon="121.65697574615479">
        <ele>74.99</ele>
      </trkpt>
      <trkpt lat="25.006835460662842" lon="121.6571044921875">
        <ele>75.13</ele>
      </trkpt>
      <trkpt lat="25.006835460662842" lon="121.65731906890869">
        <ele>75.25</ele>
      </trkpt>
      <trkpt lat="25.00688918866217" lon="121.65756608359516">
        <ele>75.49</ele>
      </trkpt>
      <trkpt lat="25.00694283284247" lon="121.65781259536743">
        <ele>75.73</ele>
      </trkpt>
      <trkpt lat="25.00700008124113" lon="121.6580990049988">
        <ele>75.96</ele>
      </trkpt>
      <trkpt lat="25.007057329639792" lon="121.65838541463017">
        <ele>76.11</ele>
      </trkpt>
      <trkpt lat="25.007114494219422" lon="121.6586709022522">
        <ele>76.22</ele>
      </trkpt>
      <trkpt lat="25.0071466807276" lon="121.65884273126721">
        <ele>76.21</ele>
      </trkpt>
      <trkpt lat="25.00717886723578" lon="121.6590142250061">
        <ele>76.18</ele>
      </trkpt>
      <trkpt lat="25.00721105374396" lon="121.65928278118372">
        <ele>76.08</ele>
      </trkpt>
      <trkpt lat="25.007243156433105" lon="121.65955066680908">
        <ele>75.94</ele>
      </trkpt>
      <trkpt lat="25.007235947996378" lon="121.65979416109622">
        <ele>75.91</ele>
      </trkpt>
      <trkpt lat="25.007228823378682" lon="121.66003765538335">
        <ele>75.89</ele>
      </trkpt>
      <trkpt lat="25.007221698760986" lon="121.66028022766113">
        <ele>75.99</ele>
      </trkpt>
      <trkpt lat="25.007243156433105" lon="121.66038751602173">
        <ele>75.95</ele>
      </trkpt>
      <trkpt lat="25.007286071777344" lon="121.66049480438232">
        <ele>75.87</ele>
      </trkpt>
      <trkpt lat="25.007393276318908" lon="121.66068783961236">
        <ele>75.73</ele>
      </trkpt>
      <trkpt lat="25.007500648498535" lon="121.66088104248047">
        <ele>75.61</ele>
      </trkpt>
      <trkpt lat="25.007543563842773" lon="121.66100978851318">
        <ele>75.43</ele>
      </trkpt>
      <trkpt lat="25.007565021514893" lon="121.66111707687378">
        <ele>75.3</ele>
      </trkpt>
      <trkpt lat="25.007565021514893" lon="121.66126728057861">
        <ele>75.2</ele>
      </trkpt>
      <trkpt lat="25.007543563842773" lon="121.66137456893921">
        <ele>75.13</ele>
      </trkpt>
      <trkpt lat="25.007522106170654" lon="121.66152477264404">
        <ele>75.09</ele>
      </trkpt>
      <trkpt lat="25.007457733154297" lon="121.66168578900397">
        <ele>75.06</ele>
      </trkpt>
      <trkpt lat="25.00739344395697" lon="121.66184663772583">
        <ele>75.09</ele>
      </trkpt>
      <trkpt lat="25.007318258285522" lon="121.66202911175787">
        <ele>75.17</ele>
      </trkpt>
      <trkpt lat="25.007243156433105" lon="121.66221141815186">
        <ele>75.21</ele>
      </trkpt>
      <trkpt lat="25.007178783416748" lon="121.66242599487305">
        <ele>75.12</ele>
      </trkpt>
      <trkpt lat="25.00715732574463" lon="121.66255474090576">
        <ele>75.05</ele>
      </trkpt>
      <trkpt lat="25.007178783416748" lon="121.66268348693848">
        <ele>75.0</ele>
      </trkpt>
      <trkpt lat="25.0072003249079" lon="121.66283369064331">
        <ele>74.95</ele>
      </trkpt>
      <trkpt lat="25.007275426760316" lon="121.66303762234747">
        <ele>75.04</ele>
      </trkpt>
      <trkpt lat="25.0073504447937" lon="121.66324138641357">
        <ele>75.17</ele>
      </trkpt>
      <trkpt lat="25.00741481781006" lon="121.66354179382324">
        <ele>75.33</ele>
      </trkpt>
      <trkpt lat="25.00741481781006" lon="121.66388511657715">
        <ele>75.52</ele>
      </trkpt>
      <trkpt lat="25.007379027083516" lon="121.66417873464525">
        <ele>75.72</ele>
      </trkpt>
      <trkpt lat="25.007343236356974" lon="121.66447235271335">
        <ele>75.9</ele>
      </trkpt>
      <trkpt lat="25.007307613268495" lon="121.66476488113403">
        <ele>76.1</ele>
      </trkpt>
      <trkpt lat="25.007264614105225" lon="121.66508716531098">
        <ele>76.28</ele>
      </trkpt>
      <trkpt lat="25.007221782580018" lon="121.66540861129761">
        <ele>76.41</ele>
      </trkpt>
      <trkpt lat="25.007178699597716" lon="121.6656126268208">
        <ele>76.62</ele>
      </trkpt>
      <trkpt lat="25.00713586807251" lon="121.66581630706787">
        <ele>76.88</ele>
      </trkpt>
      <trkpt lat="25.00706068240106" lon="121.66597723960876">
        <ele>77.27</ele>
      </trkpt>
      <trkpt lat="25.006985664367676" lon="121.66613817214966">
        <ele>77.71</ele>
      </trkpt>
      <trkpt lat="25.006878459826112" lon="121.66635274887085">
        <ele>78.08</ele>
      </trkpt>
      <trkpt lat="25.00676396302879" lon="121.66657445020974">
        <ele>78.51</ele>
      </trkpt>
      <trkpt lat="25.006649550050497" lon="121.66679623536766">
        <ele>79.0</ele>
      </trkpt>
      <trkpt lat="25.006535137072206" lon="121.66701793670654">
        <ele>79.5</ele>
      </trkpt>
      <trkpt lat="25.006438493728638" lon="121.66723251342773">
        <ele>80.06</ele>
      </trkpt>
      <trkpt lat="25.006342018023133" lon="121.66744709014893">
        <ele>80.67</ele>
      </trkpt>
      <trkpt lat="25.006256103515625" lon="121.66762948036194">
        <ele>81.32</ele>
      </trkpt>
      <trkpt lat="25.00617027282715" lon="121.66781187057495">
        <ele>82.01</ele>
      </trkpt>
      <trkpt lat="25.006020152941346" lon="121.6680908203125">
        <ele>82.61</ele>
      </trkpt>
      <trkpt lat="25.00586986541748" lon="121.66824102401733">
        <ele>83.26</ele>
      </trkpt>
      <trkpt lat="25.005698455497622" lon="121.66841235011816">
        <ele>83.96</ele>
      </trkpt>
      <trkpt lat="25.005526626482606" lon="121.66858434677124">
        <ele>84.8</ele>
      </trkpt>
      <trkpt lat="25.00537633895874" lon="121.66877746582031">
        <ele>85.64</ele>
      </trkpt>
      <trkpt lat="25.005311965942383" lon="121.66886329650879">
        <ele>86.51</ele>
      </trkpt>
      <trkpt lat="25.005290508270264" lon="121.66897058486938">
        <ele>87.32</ele>
      </trkpt>
      <trkpt lat="25.005269050598145" lon="121.6692066192627">
        <ele>88.16</ele>
      </trkpt>
      <trkpt lat="25.005269134417176" lon="121.66952848434448">
        <ele>89.04</ele>
      </trkpt>
      <trkpt lat="25.005290592089295" lon="121.6697645187378">
        <ele>89.87</ele>
      </trkpt>
      <trkpt lat="25.00531917437911" lon="121.67004380375147">
        <ele>90.71</ele>
      </trkpt>
      <trkpt lat="25.005347840487957" lon="121.67032317258418">
        <ele>91.61</ele>
      </trkpt>
      <trkpt lat="25.005376422777772" lon="121.67060136795044">
        <ele>92.6</ele>
      </trkpt>
      <trkpt lat="25.00537633895874" lon="121.67060136795044">
        <ele>93.45</ele>
      </trkpt>
      <trkpt lat="25.005433587357402" lon="121.67093077674508">
        <ele>94.47</ele>
      </trkpt>
      <trkpt lat="25.005490919575095" lon="121.67126018553972">
        <ele>95.36</ele>
      </trkpt>
      <trkpt lat="25.005548000335693" lon="121.67158842086792">
        <ele>96.2</ele>
      </trkpt>
      <trkpt lat="25.00561237335205" lon="121.67176008224487">
        <ele>97.01</ele>
      </trkpt>
      <trkpt lat="25.005676746368408" lon="121.67184591293335">
        <ele>97.79</ele>
      </trkpt>
      <trkpt lat="25.005719745531678" lon="121.67188882827759">
        <ele>98.54</ele>
      </trkpt>
      <trkpt lat="25.005890736356378" lon="121.67196367867291">
        <ele>99.27</ele>
      </trkpt>
      <trkpt lat="25.006062984466553" lon="121.67203903198242">
        <ele>99.97</ele>
      </trkpt>
      <trkpt lat="25.006308825686574" lon="121.6721298918128">
        <ele>100.65</ele>
      </trkpt>
      <trkpt lat="25.006554750725627" lon="121.67222075164318">
        <ele>101.32</ele>
      </trkpt>
      <trkpt lat="25.00680067576468" lon="121.67231161147356">
        <ele>101.9</ele>
      </trkpt>
      <trkpt lat="25.007050121203065" lon="121.67240381240845">
        <ele>102.45</ele>
      </trkpt>
      <trkpt lat="25.007221698760986" lon="121.67248964309692">
        <ele>102.96</ele>
      </trkpt>
      <trkpt lat="25.007329070940614" lon="121.6725754737854">
        <ele>103.43</ele>
      </trkpt>
      <trkpt lat="25.007457733154297" lon="121.67266130447388">
        <ele>103.87</ele>
      </trkpt>
      <trkpt lat="25.007565105333924" lon="121.67272567749023">
        <ele>104.27</ele>
      </trkpt>
      <trkpt lat="25.007715225219727" lon="121.67274713516235">
        <ele>104.58</ele>
      </trkpt>
      <trkpt lat="25.008015632629395" lon="121.67272567749023">
        <ele>104.81</ele>
      </trkpt>
      <trkpt lat="25.008230293169618" lon="121.67272567749023">
        <ele>105.0</ele>
      </trkpt>
      <trkpt lat="25.00838049687445" lon="121.67276859283447">
        <ele>105.17</ele>
      </trkpt>
      <trkpt lat="25.008466243743896" lon="121.67279005050659">
        <ele>105.32</ele>
      </trkpt>
      <trkpt lat="25.008595073595643" lon="121.67287588119507">
        <ele>105.36</ele>
      </trkpt>
      <trkpt lat="25.008745193481445" lon="121.67300462722778">
        <ele>105.39</ele>
      </trkpt>
      <trkpt lat="25.008895313367248" lon="121.67322976514697">
        <ele>105.46</ele>
      </trkpt>
      <trkpt lat="25.009045600891113" lon="121.67345523834229">
        <ele>105.57</ele>
      </trkpt>
      <trkpt lat="25.009188512340188" lon="121.67362664826214">
        <ele>105.76</ele>
      </trkpt>
      <trkpt lat="25.009331423789263" lon="121.67379814200103">
        <ele>105.9</ele>
      </trkpt>
      <trkpt lat="25.009474838152528" lon="121.67397022247314">
        <ele>106.08</ele>
      </trkpt>
      <trkpt lat="25.009539127349854" lon="121.67405605316162">
        <ele>106.11</ele>
      </trkpt>
      <trkpt lat="25.009753787890077" lon="121.67418479919434">
        <ele>106.0</ele>
      </trkpt>
      <trkpt lat="25.009753704071045" lon="121.67418479919434">
        <ele>105.93</ele>
      </trkpt>
      <trkpt lat="25.00990390777588" lon="121.67429208755493">
        <ele>105.86</ele>
      </trkpt>
      <trkpt lat="25.010043131187558" lon="121.67443131096661">
        <ele>105.82</ele>
      </trkpt>
      <trkpt lat="25.010182857513428" lon="121.67457103729248">
        <ele>105.77</ele>
      </trkpt>
      <trkpt lat="25.010311603546143" lon="121.67465686798096">
        <ele>105.64</ele>
      </trkpt>
      <trkpt lat="25.010461807250977" lon="121.67467832565308">
        <ele>105.36</ele>
      </trkpt>
      <trkpt lat="25.010697841644287" lon="121.67465686798096">
        <ele>105.06</ele>
      </trkpt>
      <trkpt lat="25.01089096069336" lon="121.67467832565308">
        <ele>104.87</ele>
      </trkpt>
      <trkpt lat="25.010955333709717" lon="121.6746997833252">
        <ele>104.78</ele>
      </trkpt>
      <trkpt lat="25.011019706726074" lon="121.67474269866943">
        <ele>104.7</ele>
      </trkpt>
      <trkpt lat="25.011062622070312" lon="121.67478561401367">
        <ele>104.64</ele>
      </trkpt>
      <trkpt lat="25.011105621233582" lon="121.67484998703003">
        <ele>104.58</ele>
      </trkpt>
      <trkpt lat="25.01112699508667" lon="121.67497873306274">
        <ele>104.61</ele>
      </trkpt>
      <trkpt lat="25.011084163561463" lon="121.6751503944397">
        <ele>104.71</ele>
      </trkpt>
      <trkpt lat="25.011008894070983" lon="121.67547259479761">
        <ele>104.73</ele>
      </trkpt>
      <trkpt lat="25.010933876037598" lon="121.67579412460327">
        <ele>104.79</ele>
      </trkpt>
      <trkpt lat="25.01086405478418" lon="121.676089419052">
        <ele>104.92</ele>
      </trkpt>
      <trkpt lat="25.01079423353076" lon="121.67638479731977">
        <ele>105.02</ele>
      </trkpt>
      <trkpt lat="25.01072441227734" lon="121.67668017558753">
        <ele>105.21</ele>
      </trkpt>
      <trkpt lat="25.01065492630005" lon="121.67697429656982">
        <ele>105.46</ele>
      </trkpt>
      <trkpt lat="25.010597594082355" lon="121.6772033739835">
        <ele>105.74</ele>
      </trkpt>
      <trkpt lat="25.010540345683694" lon="121.67743253521621">
        <ele>106.1</ele>
      </trkpt>
      <trkpt lat="25.010483348742127" lon="121.67766094207764">
        <ele>106.43</ele>
      </trkpt>
      <trkpt lat="25.01044043339789" lon="121.67787551879883">
        <ele>106.76</ele>
      </trkpt>
      <trkpt lat="25.010440349578857" lon="121.67800426483154">
        <ele>107.09</ele>
      </trkpt>
      <trkpt lat="25.010451078414917" lon="121.67820836417377">
        <ele>107.47</ele>
      </trkpt>
      <trkpt lat="25.010461807250977" lon="121.6784119606018">
        <ele>107.93</ele>
      </trkpt>
      <trkpt lat="25.010504722595215" lon="121.6787338256836">
        <ele>108.42</ele>
      </trkpt>
      <trkpt lat="25.010569179430604" lon="121.67905569076538">
        <ele>108.9</ele>
      </trkpt>
      <trkpt lat="25.01065501011908" lon="121.67927026748657">
        <ele>109.34</ele>
      </trkpt>
      <trkpt lat="25.010783672332764" lon="121.67957067489624">
        <ele>109.88</ele>
      </trkpt>
      <trkpt lat="25.010826587677002" lon="121.67972087860107">
        <ele>110.47</ele>
      </trkpt>
      <trkpt lat="25.01086950302124" lon="121.67984962463379">
        <ele>111.06</ele>
      </trkpt>
      <trkpt lat="25.01086950302124" lon="121.6799783706665">
        <ele>111.74</ele>
      </trkpt>
      <trkpt lat="25.010855169966817" lon="121.68022186495364">
        <ele>112.52</ele>
      </trkpt>
      <trkpt lat="25.010840836912394" lon="121.68046535924077">
        <ele>113.29</ele>
      </trkpt>
      <trkpt lat="25.010826587677002" lon="121.68070793151855">
        <ele>114.1</ele>
      </trkpt>
      <trkpt lat="25.010783672332764" lon="121.68087959289551">
        <ele>114.97</ele>
      </trkpt>
      <trkpt lat="25.01062273979187" lon="121.68112618848681">
        <ele>115.81</ele>
      </trkpt>
      <trkpt lat="25.010461807250977" lon="121.68137311935425">
        <ele>116.42</ele>
      </trkpt>
      <trkpt lat="25.01035451889038" lon="121.68156623840332">
        <ele>117.01</ele>
      </trkpt>
      <trkpt lat="25.010236417874694" lon="121.68187754228711">
        <ele>117.51</ele>
      </trkpt>
      <trkpt lat="25.01011848449707" lon="121.68218851089478">
        <ele>118.02</ele>
      </trkpt>
      <trkpt lat="25.010054111480713" lon="121.68229579925537">
        <ele>118.91</ele>
      </trkpt>
      <trkpt lat="25.009925365447998" lon="121.68248891830444">
        <ele>119.9</ele>
      </trkpt>
      <trkpt lat="25.009718164801598" lon="121.68272461742163">
        <ele>120.78</ele>
      </trkpt>
      <trkpt lat="25.009510964155197" lon="121.68296040035784">
        <ele>121.15</ele>
      </trkpt>
      <trkpt lat="25.009303092956543" lon="121.68319702148438">
        <ele>121.71</ele>
      </trkpt>
      <trkpt lat="25.00915288925171" lon="121.68339014053345">
        <ele>122.45</ele>
      </trkpt>
      <trkpt lat="25.00915297307074" lon="121.68339014053345">
        <ele>123.04</ele>
      </trkpt>
      <trkpt lat="25.00908851623535" lon="121.68362617492676">
        <ele>123.65</ele>
      </trkpt>
      <trkpt lat="25.009067058563232" lon="121.68383027426898">
        <ele>124.14</ele>
      </trkpt>
      <trkpt lat="25.009045684710145" lon="121.68403387069702">
        <ele>124.62</ele>
      </trkpt>
      <trkpt lat="25.009045600891113" lon="121.68424844741821">
        <ele>125.12</ele>
      </trkpt>
      <trkpt lat="25.009067058563232" lon="121.68433427810669">
        <ele>125.66</ele>
      </trkpt>
      <trkpt lat="25.00910997390747" lon="121.68442010879517">
        <ele>126.19</ele>
      </trkpt>
      <trkpt lat="25.00915288925171" lon="121.6844630241394">
        <ele>126.7</ele>
      </trkpt>
      <trkpt lat="25.00941038131714" lon="121.68465614318848">
        <ele>127.17</ele>
      </trkpt>
      <trkpt lat="25.009539127349854" lon="121.68478488922119">
        <ele>127.64</ele>
      </trkpt>
      <trkpt lat="25.009646331891418" lon="121.68493492528796">
        <ele>128.14</ele>
      </trkpt>
      <trkpt lat="25.009753787890077" lon="121.68508529663086">
        <ele>128.65</ele>
      </trkpt>
      <trkpt lat="25.009839618578553" lon="121.68519258499146">
        <ele>129.16</ele>
      </trkpt>
      <trkpt lat="25.009925365447998" lon="121.68534270487726">
        <ele>129.72</ele>
      </trkpt>
      <trkpt lat="25.010011196136475" lon="121.68549299240112">
        <ele>130.34</ele>
      </trkpt>
      <trkpt lat="25.01013994216919" lon="121.68572902679443">
        <ele>131.02</ele>
      </trkpt>
      <trkpt lat="25.010215044021606" lon="121.68595449998975">
        <ele>131.65</ele>
      </trkpt>
      <trkpt lat="25.010290145874023" lon="121.68617963790894">
        <ele>132.19</ele>
      </trkpt>
      <trkpt lat="25.01039743423462" lon="121.68639421463013">
        <ele>132.62</ele>
      </trkpt>
      <trkpt lat="25.010504722595215" lon="121.68660879135132">
        <ele>133.06</ele>
      </trkpt>
      <trkpt lat="25.010526180267334" lon="121.6866946220398">
        <ele>133.55</ele>
      </trkpt>
      <trkpt lat="25.010526180267334" lon="121.68682336807251">
        <ele>134.03</ele>
      </trkpt>
      <trkpt lat="25.010483264923096" lon="121.68690919876099">
        <ele>134.51</ele>
      </trkpt>
      <trkpt lat="25.01039743423462" lon="121.68712377548218">
        <ele>134.94</ele>
      </trkpt>
      <trkpt lat="25.01033306121826" lon="121.68723106384277">
        <ele>135.38</ele>
      </trkpt>
      <trkpt lat="25.010182857513428" lon="121.68740272521973">
        <ele>135.88</ele>
      </trkpt>
      <trkpt lat="25.01009702682495" lon="121.68746709823608">
        <ele>136.33</ele>
      </trkpt>
      <trkpt lat="25.00984037294984" lon="121.68759542517364">
        <ele>136.84</ele>
      </trkpt>
      <trkpt lat="25.009582126513124" lon="121.68772459030151">
        <ele>137.2</ele>
      </trkpt>
      <trkpt lat="25.00938900746405" lon="121.68781042098999">
        <ele>137.41</ele>
      </trkpt>
      <trkpt lat="25.009132269769907" lon="121.68792801909149">
        <ele>137.72</ele>
      </trkpt>
      <trkpt lat="25.00887393951416" lon="121.6880464553833">
        <ele>138.07</ele>
      </trkpt>
      <trkpt lat="25.008702278137207" lon="121.68808937072754">
        <ele>138.5</ele>
      </trkpt>
      <trkpt lat="25.00861644744873" lon="121.68808937072754">
        <ele>138.86</ele>
      </trkpt>
      <trkpt lat="25.008509159088135" lon="121.6880464553833">
        <ele>139.24</ele>
      </trkpt>
      <trkpt lat="25.00833749771118" lon="121.68796062469482">
        <ele>139.7</ele>
      </trkpt>
      <trkpt lat="25.008337581530213" lon="121.68796062469482">
        <ele>139.98</ele>
      </trkpt>
      <trkpt lat="25.00814437866211" lon="121.68785333633423">
        <ele>140.4</ele>
      </trkpt>
      <trkpt lat="25.008080005645752" lon="121.68783187866211">
        <ele>140.67</ele>
      </trkpt>
      <trkpt lat="25.008015632629395" lon="121.68781042098999">
        <ele>140.95</ele>
      </trkpt>
      <trkpt lat="25.00788688659668" lon="121.68783187866211">
        <ele>141.13</ele>
      </trkpt>
      <trkpt lat="25.007715225219727" lon="121.68787479400635">
        <ele>141.34</ele>
      </trkpt>
      <trkpt lat="25.007522692903876" lon="121.68797453865409">
        <ele>141.5</ele>
      </trkpt>
      <trkpt lat="25.007330160588026" lon="121.68807436712086">
        <ele>141.66</ele>
      </trkpt>
      <trkpt lat="25.00713595189154" lon="121.68817520141602">
        <ele>141.76</ele>
      </trkpt>
      <trkpt lat="25.006985664367676" lon="121.68823957443237">
        <ele>141.83</ele>
      </trkpt>
      <trkpt lat="25.006857002153993" lon="121.68832540512085">
        <ele>141.76</ele>
      </trkpt>
      <trkpt lat="25.006728172302246" lon="121.6884970664978">
        <ele>141.7</ele>
      </trkpt>
      <trkpt lat="25.00664234161377" lon="121.68866872787476">
        <ele>141.66</ele>
      </trkpt>
      <trkpt lat="25.0065456982702" lon="121.68888330459595">
        <ele>141.52</ele>
      </trkpt>
      <trkpt lat="25.006449222564697" lon="121.68909788131714">
        <ele>141.7</ele>
      </trkpt>
      <trkpt lat="25.00636339187622" lon="121.68937683105469">
        <ele>141.73</ele>
      </trkpt>
      <trkpt lat="25.006313184276223" lon="121.6896919067949">
        <ele>141.67</ele>
      </trkpt>
      <trkpt lat="25.006263060495257" lon="121.69000698253512">
        <ele>141.58</ele>
      </trkpt>
      <trkpt lat="25.006213188171387" lon="121.69032096862793">
        <ele>141.73</ele>
      </trkpt>
      <trkpt lat="25.00621327199042" lon="121.69032096862793">
        <ele>141.77</ele>
      </trkpt>
      <trkpt lat="25.00614889897406" lon="121.69059991836548">
        <ele>142.04</ele>
      </trkpt>
      <trkpt lat="25.00610581599176" lon="121.69088993221521">
        <ele>142.12</ele>
      </trkpt>
      <trkpt lat="25.006062984466553" lon="121.6911792755127">
        <ele>142.13</ele>
      </trkpt>
      <trkpt lat="25.006041610613465" lon="121.69143676757812">
        <ele>142.2</ele>
      </trkpt>
      <trkpt lat="25.006062984466553" lon="121.69156551361084">
        <ele>142.29</ele>
      </trkpt>
      <trkpt lat="25.00610589981079" lon="121.69167280197144">
        <ele>142.34</ele>
      </trkpt>
      <trkpt lat="25.006213188171387" lon="121.69188737869263">
        <ele>142.43</ele>
      </trkpt>
      <trkpt lat="25.006320560351014" lon="121.69210195541382">
        <ele>142.48</ele>
      </trkpt>
      <trkpt lat="25.00640630722046" lon="121.69228434562683">
        <ele>142.5</ele>
      </trkpt>
      <trkpt lat="25.006492137908936" lon="121.69246673583984">
        <ele>142.58</ele>
      </trkpt>
      <trkpt lat="25.006545865908265" lon="121.69264920987189">
        <ele>142.65</ele>
      </trkpt>
      <trkpt lat="25.006599510088563" lon="121.69283151626587">
        <ele>142.69</ele>
      </trkpt>
      <trkpt lat="25.00666388310492" lon="121.69302463531494">
        <ele>142.65</ele>
      </trkpt>
      <trkpt lat="25.006749713793397" lon="121.69328212738037">
        <ele>142.61</ele>
      </trkpt>
      <trkpt lat="25.006835544481874" lon="121.69356124475598">
        <ele>142.6</ele>
      </trkpt>
      <trkpt lat="25.00692137517035" lon="121.69384002685547">
        <ele>142.62</ele>
      </trkpt>
      <trkpt lat="25.006985664367676" lon="121.69405460357666">
        <ele>142.58</ele>
      </trkpt>
      <trkpt lat="25.007017850875854" lon="121.69425870291889">
        <ele>142.54</ele>
      </trkpt>
      <trkpt lat="25.007050121203065" lon="121.69446229934692">
        <ele>142.54</ele>
      </trkpt>
      <trkpt lat="25.007050037384033" lon="121.69468785636127">
        <ele>142.51</ele>
      </trkpt>
      <trkpt lat="25.007050037384033" lon="121.69491291046143">
        <ele>142.47</ele>
      </trkpt>
      <trkpt lat="25.007028579711914" lon="121.69512748718262">
        <ele>142.45</ele>
      </trkpt>
      <trkpt lat="25.006985664367676" lon="121.69529914855957">
        <ele>142.45</ele>
      </trkpt>
      <trkpt lat="25.006899749860168" lon="121.69556753709912">
        <ele>142.36</ele>
      </trkpt>
      <trkpt lat="25.006814002990723" lon="121.69583559036255">
        <ele>142.22</ele>
      </trkpt>
      <trkpt lat="25.006814086809754" lon="121.69583559036255">
        <ele>142.19</ele>
      </trkpt>
      <trkpt lat="25.006771087646484" lon="121.69598579406738">
        <ele>142.12</ele>
      </trkpt>
      <trkpt lat="25.006685173138976" lon="121.69615745544434">
        <ele>142.1</ele>
      </trkpt>
      <trkpt lat="25.00659942626953" lon="121.69632911682129">
        <ele>142.16</ele>
      </trkpt>
      <trkpt lat="25.006556510925293" lon="121.69647932052612">
        <ele>142.2</ele>
      </trkpt>
      <trkpt lat="25.006535053253174" lon="121.69660806655884">
        <ele>142.22</ele>
      </trkpt>
      <trkpt lat="25.006535053253174" lon="121.69682264328003">
        <ele>142.25</ele>
      </trkpt>
      <trkpt lat="25.006535137072206" lon="121.69682264328003">
        <ele>142.36</ele>
      </trkpt>
      <trkpt lat="25.00659942626953" lon="121.6970157623291">
        <ele>142.44</ele>
      </trkpt>
      <trkpt lat="25.006599510088563" lon="121.6970157623291">
        <ele>142.6</ele>
      </trkpt>
      <trkpt lat="25.00666379928589" lon="121.69717677868903">
        <ele>142.81</ele>
      </trkpt>
      <trkpt lat="25.006728172302246" lon="121.69733762741089">
        <ele>143.09</ele>
      </trkpt>
      <trkpt lat="25.006814002990723" lon="121.69750928878784">
        <ele>143.45</ele>
      </trkpt>
      <trkpt lat="25.00692129135132" lon="121.69765949249268">
        <ele>143.8</ele>
      </trkpt>
      <trkpt lat="25.00692137517035" lon="121.69765949249268">
        <ele>144.16</ele>
      </trkpt>
      <trkpt lat="25.007092785090208" lon="121.69788454659283">
        <ele>144.6</ele>
      </trkpt>
      <trkpt lat="25.007264614105225" lon="121.69811010360718">
        <ele>145.2</ele>
      </trkpt>
      <trkpt lat="25.007264697924256" lon="121.69811010360718">
        <ele>145.67</ele>
      </trkpt>
      <trkpt lat="25.00737190246582" lon="121.69823884963989">
        <ele>146.25</ele>
      </trkpt>
      <trkpt lat="25.007500648498535" lon="121.69830322265625">
        <ele>146.81</ele>
      </trkpt>
      <trkpt lat="25.0077251996845" lon="121.69842082075775">
        <ele>147.44</ele>
      </trkpt>
      <trkpt lat="25.007951259613037" lon="121.69853925704956">
        <ele>148.11</ele>
      </trkpt>
      <trkpt lat="25.00795134343207" lon="121.69853925704956">
        <ele>148.78</ele>
      </trkpt>
      <trkpt lat="25.00821327790618" lon="121.69865149073303">
        <ele>149.5</ele>
      </trkpt>
      <trkpt lat="25.00847521238029" lon="121.6987637244165">
        <ele>150.33</ele>
      </trkpt>
      <trkpt lat="25.0087371468544" lon="121.698876041919">
        <ele>150.87</ele>
      </trkpt>
      <trkpt lat="25.009002685546875" lon="121.69898986816406">
        <ele>151.68</ele>
      </trkpt>
      <trkpt lat="25.009230757132173" lon="121.69907536357641">
        <ele>152.66</ele>
      </trkpt>
      <trkpt lat="25.00945882871747" lon="121.69916085898876">
        <ele>153.66</ele>
      </trkpt>
      <trkpt lat="25.009689331054688" lon="121.69924736022949">
        <ele>154.73</ele>
      </trkpt>
      <trkpt lat="25.00988245010376" lon="121.69933319091797">
        <ele>155.86</ele>
      </trkpt>
      <trkpt lat="25.01007489860058" lon="121.69941868633032">
        <ele>156.88</ele>
      </trkpt>
      <trkpt lat="25.010268688201904" lon="121.69950485229492">
        <ele>157.86</ele>
      </trkpt>
      <trkpt lat="25.01035451889038" lon="121.69956922531128">
        <ele>158.91</ele>
      </trkpt>
      <trkpt lat="25.010504722595215" lon="121.69971942901611">
        <ele>159.99</ele>
      </trkpt>
      <trkpt lat="25.010590637102723" lon="121.69982671737671">
        <ele>161.18</ele>
      </trkpt>
      <trkpt lat="25.010683592408895" lon="121.70006283558905">
        <ele>162.55</ele>
      </trkpt>
      <trkpt lat="25.0107766315341" lon="121.70029903762043">
        <ele>163.76</ele>
      </trkpt>
      <trkpt lat="25.01086950302124" lon="121.70053482055664">
        <ele>164.95</ele>
      </trkpt>
      <trkpt lat="25.010933876037598" lon="121.70062065124512">
        <ele>166.21</ele>
      </trkpt>
      <trkpt lat="25.010998249053955" lon="121.70068502426147">
        <ele>167.53</ele>
      </trkpt>
      <trkpt lat="25.01114845275879" lon="121.70074939727783">
        <ele>168.97</ele>
      </trkpt>
      <trkpt lat="25.011234283447266" lon="121.70077085494995">
        <ele>170.42</ele>
      </trkpt>
      <trkpt lat="25.011320114135742" lon="121.70077085494995">
        <ele>171.99</ele>
      </trkpt>
      <trkpt lat="25.01140594482422" lon="121.70072793960571">
        <ele>173.66</ele>
      </trkpt>
      <trkpt lat="25.011470317840576" lon="121.70064210891724">
        <ele>175.47</ele>
      </trkpt>
      <trkpt lat="25.011577606201172" lon="121.70044898986816">
        <ele>177.46</ele>
      </trkpt>
      <trkpt lat="25.01162052154541" lon="121.70025587081909">
        <ele>179.16</ele>
      </trkpt>
      <trkpt lat="25.01159906387329" lon="121.70012712478638">
        <ele>180.56</ele>
      </trkpt>
      <trkpt lat="25.011470317840576" lon="121.69986963272095">
        <ele>181.53</ele>
      </trkpt>
      <trkpt lat="25.011448860168457" lon="121.69976234436035">
        <ele>182.73</ele>
      </trkpt>
      <trkpt lat="25.011427402496338" lon="121.69967651367188">
        <ele>183.89</ele>
      </trkpt>
      <trkpt lat="25.011491775512695" lon="121.69952630996704">
        <ele>185.04</ele>
      </trkpt>
      <trkpt lat="25.011513233184814" lon="121.69946193695068">
        <ele>186.18</ele>
      </trkpt>
      <trkpt lat="25.011577606201172" lon="121.69941902160645">
        <ele>187.37</ele>
      </trkpt>
      <trkpt lat="25.011834176257253" lon="121.69932061806321">
        <ele>188.65</ele>
      </trkpt>
      <trkpt lat="25.012090746313334" lon="121.69922229833901">
        <ele>189.95</ele>
      </trkpt>
      <trkpt lat="25.012347316369414" lon="121.69912389479578">
        <ele>191.14</ele>
      </trkpt>
      <trkpt lat="25.012603970244527" lon="121.69902557507157">
        <ele>192.17</ele>
      </trkpt>
      <trkpt lat="25.01286506652832" lon="121.6989254951477">
        <ele>192.82</ele>
      </trkpt>
      <trkpt lat="25.012972354888916" lon="121.69888257980347">
        <ele>193.47</ele>
      </trkpt>
      <trkpt lat="25.013186931610107" lon="121.69886112213135">
        <ele>193.96</ele>
      </trkpt>
      <trkpt lat="25.013358676806092" lon="121.69888257980347">
        <ele>194.77</ele>
      </trkpt>
      <trkpt lat="25.013636453077197" lon="121.69892524369061">
        <ele>195.46</ele>
      </trkpt>
      <trkpt lat="25.013916492462158" lon="121.69896841049194">
        <ele>195.97</ele>
      </trkpt>
      <trkpt lat="25.014130147174" lon="121.69897905550897">
        <ele>196.41</ele>
      </trkpt>
      <trkpt lat="25.01434564590454" lon="121.69898986816406">
        <ele>196.8</ele>
      </trkpt>
      <trkpt lat="25.01465192064643" lon="121.69896849431098">
        <ele>197.16</ele>
      </trkpt>
      <trkpt lat="25.01495827920735" lon="121.69894712045789">
        <ele>197.46</ele>
      </trkpt>
      <trkpt lat="25.015268409624696" lon="121.6989254951477">
        <ele>197.89</ele>
      </trkpt>
      <trkpt lat="25.015568733215332" lon="121.69890403747559">
        <ele>198.19</ele>
      </trkpt>
      <trkpt lat="25.01581449061632" lon="121.69891468249261">
        <ele>198.4</ele>
      </trkpt>
      <trkpt lat="25.016062259674072" lon="121.6989254951477">
        <ele>198.66</ele>
      </trkpt>
      <trkpt lat="25.016298377886415" lon="121.69888257980347">
        <ele>199.0</ele>
      </trkpt>
      <trkpt lat="25.0164907425642" lon="121.69883974827826">
        <ele>199.39</ele>
      </trkpt>
      <trkpt lat="25.01668461598456" lon="121.69879674911499">
        <ele>199.75</ele>
      </trkpt>
      <trkpt lat="25.016876980662346" lon="121.69874327257276">
        <ele>200.18</ele>
      </trkpt>
      <trkpt lat="25.017070854082704" lon="121.6986894607544">
        <ele>200.55</ele>
      </trkpt>
      <trkpt lat="25.017277467995882" lon="121.69863950461149">
        <ele>201.04</ele>
      </trkpt>
      <trkpt lat="25.01748408190906" lon="121.69858963228762">
        <ele>201.61</ele>
      </trkpt>
      <trkpt lat="25.01769312657416" lon="121.69853925704956">
        <ele>202.28</ele>
      </trkpt>
      <trkpt lat="25.01789605244994" lon="121.69851788319647">
        <ele>203.04</ele>
      </trkpt>
      <trkpt lat="25.01810073852539" lon="121.69849634170532">
        <ele>203.8</ele>
      </trkpt>
      <trkpt lat="25.018229484558105" lon="121.69841051101685">
        <ele>204.43</ele>
      </trkpt>
      <trkpt lat="25.018315315246582" lon="121.69826030731201">
        <ele>205.0</ele>
      </trkpt>
      <trkpt lat="25.018315399065614" lon="121.69826030731201">
        <ele>205.64</ele>
      </trkpt>
      <trkpt lat="25.01843341626227" lon="121.69795964844525">
        <ele>206.3</ele>
      </trkpt>
      <trkpt lat="25.018551349639893" lon="121.69765949249268">
        <ele>207.03</ele>
      </trkpt>
      <trkpt lat="25.01863718032837" lon="121.69748783111572">
        <ele>207.75</ele>
      </trkpt>
      <trkpt lat="25.0186372641474" lon="121.69748783111572">
        <ele>208.48</ele>
      </trkpt>
      <trkpt lat="25.018787384033203" lon="121.69731616973877">
        <ele>209.19</ele>
      </trkpt>
      <trkpt lat="25.019001625478268" lon="121.69709111563861">
        <ele>209.88</ele>
      </trkpt>
      <trkpt lat="25.019216537475586" lon="121.69686555862427">
        <ele>210.74</ele>
      </trkpt>
      <trkpt lat="25.019409656524658" lon="121.69669389724731">
        <ele>211.58</ele>
      </trkpt>
      <trkpt lat="25.019612750038505" lon="121.69660831801593">
        <ele>212.53</ele>
      </trkpt>
      <trkpt lat="25.019817352294922" lon="121.69652223587036">
        <ele>213.38</ele>
      </trkpt>
      <trkpt lat="25.020111305639148" lon="121.69640991836786">
        <ele>214.28</ele>
      </trkpt>
      <trkpt lat="25.020405342802405" lon="121.6962976846844">
        <ele>215.37</ele>
      </trkpt>
      <trkpt lat="25.020699379965663" lon="121.69618545100093">
        <ele>216.38</ele>
      </trkpt>
      <trkpt lat="25.020997524261475" lon="121.69607162475586">
        <ele>217.0</ele>
      </trkpt>
      <trkpt lat="25.02114772796631" lon="121.6960072517395">
        <ele>218.15</ele>
      </trkpt>
      <trkpt lat="25.021308241412044" lon="121.695900214836">
        <ele>219.05</ele>
      </trkpt>
      <trkpt lat="25.021469593048096" lon="121.69579267501831">
        <ele>220.0</ele>
      </trkpt>
      <trkpt lat="25.021619461476803" lon="121.69566418044269">
        <ele>220.98</ele>
      </trkpt>
      <trkpt lat="25.021770084276795" lon="121.69553518295288">
        <ele>221.92</ele>
      </trkpt>
      <trkpt lat="25.02187728881836" lon="121.6954493522644">
        <ele>222.61</ele>
      </trkpt>
      <trkpt lat="25.021941661834717" lon="121.69540643692017">
        <ele>223.38</ele>
      </trkpt>
      <trkpt lat="25.022027492523193" lon="121.69538497924805">
        <ele>224.19</ele>
      </trkpt>
      <trkpt lat="25.02209186553955" lon="121.69538497924805">
        <ele>224.98</ele>
      </trkpt>
      <trkpt lat="25.02217778004706" lon="121.69540643692017">
        <ele>225.82</ele>
      </trkpt>
      <trkpt lat="25.022242069244385" lon="121.69547080993652">
        <ele>226.67</ele>
      </trkpt>
      <trkpt lat="25.022284984588623" lon="121.695556640625">
        <ele>227.48</ele>
      </trkpt>
      <trkpt lat="25.022306442260742" lon="121.69564247131348">
        <ele>228.23</ele>
      </trkpt>
      <trkpt lat="25.022284984588623" lon="121.69574975967407">
        <ele>228.9</ele>
      </trkpt>
      <trkpt lat="25.022263526916504" lon="121.69581413269043">
        <ele>229.51</ele>
      </trkpt>
      <trkpt lat="25.022199153900146" lon="121.6958999633789">
        <ele>230.07</ele>
      </trkpt>
      <trkpt lat="25.02213478088379" lon="121.69592142105103">
        <ele>230.54</ele>
      </trkpt>
      <trkpt lat="25.021834457293153" lon="121.69598579406738">
        <ele>231.11</ele>
      </trkpt>
      <trkpt lat="25.02166338264942" lon="121.69603918679059">
        <ele>231.34</ele>
      </trkpt>
      <trkpt lat="25.021491050720215" lon="121.69609308242798">
        <ele>231.72</ele>
      </trkpt>
      <trkpt lat="25.02131938934326" lon="121.69615745544434">
        <ele>232.02</ele>
      </trkpt>
      <trkpt lat="25.021089389920235" lon="121.69626432470977">
        <ele>232.08</ele>
      </trkpt>
      <trkpt lat="25.02085947431624" lon="121.69637127779424">
        <ele>232.6</ele>
      </trkpt>
      <trkpt lat="25.020629558712244" lon="121.69647823087871">
        <ele>232.95</ele>
      </trkpt>
      <trkpt lat="25.02039670944214" lon="121.69658660888672">
        <ele>233.24</ele>
      </trkpt>
      <trkpt lat="25.020160675048828" lon="121.69673681259155">
        <ele>233.57</ele>
      </trkpt>
      <trkpt lat="25.019967555999756" lon="121.69692993164062">
        <ele>233.79</ele>
      </trkpt>
      <trkpt lat="25.019817352294922" lon="121.69710159301758">
        <ele>234.08</ele>
      </trkpt>
      <trkpt lat="25.019731521606445" lon="121.69729471206665">
        <ele>234.53</ele>
      </trkpt>
      <trkpt lat="25.01961342059076" lon="121.69753074645996">
        <ele>235.08</ele>
      </trkpt>
      <trkpt lat="25.019495487213135" lon="121.69776678085327">
        <ele>235.54</ele>
      </trkpt>
      <trkpt lat="25.01938099041581" lon="121.69801002368331">
        <ele>236.01</ele>
      </trkpt>
      <trkpt lat="25.01926649361849" lon="121.69825326651335">
        <ele>236.34</ele>
      </trkpt>
      <trkpt lat="25.01915216445923" lon="121.69849634170532">
        <ele>236.6</ele>
      </trkpt>
      <trkpt lat="25.01905552111566" lon="121.69867873191833">
        <ele>236.73</ele>
      </trkpt>
      <trkpt lat="25.018959045410156" lon="121.69886112213135">
        <ele>236.73</ele>
      </trkpt>
      <trkpt lat="25.01886248588562" lon="121.69900051318109">
        <ele>236.94</ele>
      </trkpt>
      <trkpt lat="25.018765926361084" lon="121.6991400718689">
        <ele>237.15</ele>
      </trkpt>
      <trkpt lat="25.018680095672607" lon="121.69922590255737">
        <ele>237.49</ele>
      </trkpt>
      <trkpt lat="25.01857280731201" lon="121.69931173324585">
        <ele>238.02</ele>
      </trkpt>
      <trkpt lat="25.01844414509833" lon="121.69935464859009">
        <ele>238.41</ele>
      </trkpt>
      <trkpt lat="25.018444061279297" lon="121.69935464859009">
        <ele>238.93</ele>
      </trkpt>
      <trkpt lat="25.018230322748423" lon="121.69940804131329">
        <ele>239.38</ele>
      </trkpt>
      <trkpt lat="25.018014991655946" lon="121.69946193695068">
        <ele>239.87</ele>
      </trkpt>
      <trkpt lat="25.01790761947632" lon="121.69950485229492">
        <ele>240.52</ele>
      </trkpt>
      <trkpt lat="25.017757415771484" lon="121.69961214065552">
        <ele>241.45</ele>
      </trkpt>
      <trkpt lat="25.017714500427246" lon="121.69965505599976">
        <ele>242.27</ele>
      </trkpt>
      <trkpt lat="25.01769312657416" lon="121.69982671737671">
        <ele>243.42</ele>
      </trkpt>
      <trkpt lat="25.01770737580955" lon="121.70007021166384">
        <ele>244.67</ele>
      </trkpt>
      <trkpt lat="25.017721708863974" lon="121.70031370595098">
        <ele>245.92</ele>
      </trkpt>
      <trkpt lat="25.017735958099365" lon="121.70055627822876">
        <ele>247.16</ele>
      </trkpt>
      <trkpt lat="25.017735958099365" lon="121.70082483440638">
        <ele>248.47</ele>
      </trkpt>
      <trkpt lat="25.017735958099365" lon="121.70109272003174">
        <ele>249.83</ele>
      </trkpt>
      <trkpt lat="25.017778957262635" lon="121.7013931274414">
        <ele>251.23</ele>
      </trkpt>
      <trkpt lat="25.017821788787842" lon="121.70165061950684">
        <ele>252.57</ele>
      </trkpt>
      <trkpt lat="25.01788624562323" lon="121.70188682153821">
        <ele>254.01</ele>
      </trkpt>
      <trkpt lat="25.01795061863959" lon="121.70212268829346">
        <ele>255.56</ele>
      </trkpt>
      <trkpt lat="25.017971992492676" lon="121.70233726501465">
        <ele>257.16</ele>
      </trkpt>
      <trkpt lat="25.017971992492676" lon="121.70242309570312">
        <ele>258.74</ele>
      </trkpt>
      <trkpt lat="25.017929077148438" lon="121.70248746871948">
        <ele>260.27</ele>
      </trkpt>
      <trkpt lat="25.017821788787842" lon="121.70263767242432">
        <ele>261.87</ele>
      </trkpt>
      <trkpt lat="25.017650295048952" lon="121.7028197273612">
        <ele>263.44</ele>
      </trkpt>
      <trkpt lat="25.017478466033936" lon="121.70300245285034">
        <ele>265.13</ele>
      </trkpt>
      <trkpt lat="25.01734972000122" lon="121.70321702957153">
        <ele>266.81</ele>
      </trkpt>
      <trkpt lat="25.017231702804565" lon="121.70347452163696">
        <ele>268.59</ele>
      </trkpt>
      <trkpt lat="25.017113769426942" lon="121.70373201370239">
        <ele>270.42</ele>
      </trkpt>
      <trkpt lat="25.017006481066346" lon="121.70394659042358">
        <ele>272.18</ele>
      </trkpt>
      <trkpt lat="25.01686692237854" lon="121.70424708165228">
        <ele>274.04</ele>
      </trkpt>
      <trkpt lat="25.016727447509766" lon="121.70454740524292">
        <ele>275.87</ele>
      </trkpt>
      <trkpt lat="25.01666315831244" lon="121.70476198196411">
        <ele>277.55</ele>
      </trkpt>
      <trkpt lat="25.016663074493408" lon="121.7048692703247">
        <ele>279.25</ele>
      </trkpt>
      <trkpt lat="25.016663074493408" lon="121.7049765586853">
        <ele>280.9</ele>
      </trkpt>
      <trkpt lat="25.016705989837646" lon="121.70504093170166">
        <ele>282.51</ele>
      </trkpt>
      <trkpt lat="25.016770362854004" lon="121.70510530471802">
        <ele>284.12</ele>
      </trkpt>
      <trkpt lat="25.01683473587036" lon="121.70512676239014">
        <ele>285.68</ele>
      </trkpt>
      <trkpt lat="25.016984939575195" lon="121.70514822006226">
        <ele>287.32</ele>
      </trkpt>
      <trkpt lat="25.01711368560791" lon="121.70510530471802">
        <ele>288.85</ele>
      </trkpt>
      <trkpt lat="25.01715660095215" lon="121.70506238937378">
        <ele>290.23</ele>
      </trkpt>
      <trkpt lat="25.017220973968506" lon="121.70499801635742">
        <ele>291.54</ele>
      </trkpt>
      <trkpt lat="25.017306804656982" lon="121.70481554232538">
        <ele>292.7</ele>
      </trkpt>
      <trkpt lat="25.01739263534546" lon="121.7046332359314">
        <ele>293.76</ele>
      </trkpt>
      <trkpt lat="25.017457008361816" lon="121.70456886291504">
        <ele>294.79</ele>
      </trkpt>
      <trkpt lat="25.017542839050293" lon="121.70448303222656">
        <ele>295.76</ele>
      </trkpt>
      <trkpt lat="25.017693042755127" lon="121.70444011688232">
        <ele>296.73</ele>
      </trkpt>
      <trkpt lat="25.017950534820557" lon="121.70444011688232">
        <ele>297.63</ele>
      </trkpt>
      <trkpt lat="25.01814365386963" lon="121.70446157455444">
        <ele>298.39</ele>
      </trkpt>
      <trkpt lat="25.018229484558105" lon="121.70450448989868">
        <ele>299.04</ele>
      </trkpt>
      <trkpt lat="25.018293857574463" lon="121.70454740524292">
        <ele>299.59</ele>
      </trkpt>
      <trkpt lat="25.0183367729187" lon="121.70461177825928">
        <ele>300.02</ele>
      </trkpt>
      <trkpt lat="25.01837968826294" lon="121.70467615127563">
        <ele>300.36</ele>
      </trkpt>
      <trkpt lat="25.01840114593506" lon="121.70478343963623">
        <ele>300.61</ele>
      </trkpt>
      <trkpt lat="25.01840114593506" lon="121.70501947402954">
        <ele>300.78</ele>
      </trkpt>
      <trkpt lat="25.018379604443908" lon="121.70526296831667">
        <ele>300.74</ele>
      </trkpt>
      <trkpt lat="25.01835814677179" lon="121.70550646260381">
        <ele>300.62</ele>
      </trkpt>
      <trkpt lat="25.0183367729187" lon="121.70574903488159">
        <ele>300.42</ele>
      </trkpt>
      <trkpt lat="25.01835823059082" lon="121.70596361160278">
        <ele>300.16</ele>
      </trkpt>
      <trkpt lat="25.01842268742621" lon="121.70624256134033">
        <ele>299.81</ele>
      </trkpt>
      <trkpt lat="25.018465518951416" lon="121.70650005340576">
        <ele>299.44</ele>
      </trkpt>
      <trkpt lat="25.018508518114686" lon="121.70680046081543">
        <ele>299.11</ele>
      </trkpt>
      <trkpt lat="25.018551433458924" lon="121.70710120350122">
        <ele>298.65</ele>
      </trkpt>
      <trkpt lat="25.018594432622194" lon="121.70740203000605">
        <ele>298.02</ele>
      </trkpt>
      <trkpt lat="25.0186372641474" lon="121.70770168304443">
        <ele>297.3</ele>
      </trkpt>
      <trkpt lat="25.018669366836548" lon="121.70788424089551">
        <ele>296.55</ele>
      </trkpt>
      <trkpt lat="25.018701553344727" lon="121.70806646347046">
        <ele>295.71</ele>
      </trkpt>
      <trkpt lat="25.018744468688965" lon="121.70825958251953">
        <ele>294.85</ele>
      </trkpt>
      <trkpt lat="25.018819654360414" lon="121.70845278538764">
        <ele>293.97</ele>
      </trkpt>
      <trkpt lat="25.01889475621283" lon="121.70864582061768">
        <ele>293.04</ele>
      </trkpt>
      <trkpt lat="25.01899491995573" lon="121.70894639566541">
        <ele>292.14</ele>
      </trkpt>
      <trkpt lat="25.019095167517662" lon="121.70924705453217">
        <ele>291.09</ele>
      </trkpt>
      <trkpt lat="25.0191951636225" lon="121.70954704284668">
        <ele>289.89</ele>
      </trkpt>
      <trkpt lat="25.019280994310975" lon="121.70978316105902">
        <ele>288.68</ele>
      </trkpt>
      <trkpt lat="25.01936674118042" lon="121.7100191116333">
        <ele>287.61</ele>
      </trkpt>
      <trkpt lat="25.019452655687928" lon="121.71035204082727">
        <ele>286.76</ele>
      </trkpt>
      <trkpt lat="25.019538402557373" lon="121.710684299469">
        <ele>285.93</ele>
      </trkpt>
      <trkpt lat="25.01961350440979" lon="121.71099568717182">
        <ele>284.98</ele>
      </trkpt>
      <trkpt lat="25.019688606262207" lon="121.71130657196045">
        <ele>283.99</ele>
      </trkpt>
      <trkpt lat="25.019752979278564" lon="121.71154260635376">
        <ele>282.97</ele>
      </trkpt>
      <trkpt lat="25.01983880996704" lon="121.71181099489331">
        <ele>281.92</ele>
      </trkpt>
      <trkpt lat="25.019924640655518" lon="121.71207904815674">
        <ele>280.89</ele>
      </trkpt>
      <trkpt lat="25.020042657852173" lon="121.71235808171332">
        <ele>279.91</ele>
      </trkpt>
      <trkpt lat="25.020160675048828" lon="121.71263694763184">
        <ele>278.96</ele>
      </trkpt>
      <trkpt lat="25.020289421081543" lon="121.71289443969727">
        <ele>277.97</ele>
      </trkpt>
      <trkpt lat="25.020418167114258" lon="121.7131519317627">
        <ele>276.81</ele>
      </trkpt>
      <trkpt lat="25.020546996966004" lon="121.71340950764716">
        <ele>275.57</ele>
      </trkpt>
      <trkpt lat="25.02067574299872" lon="121.71366691589355">
        <ele>274.49</ele>
      </trkpt>
      <trkpt lat="25.020697116851807" lon="121.71381711959839">
        <ele>273.55</ele>
      </trkpt>
      <trkpt lat="25.020718574523926" lon="121.71396732330322">
        <ele>272.64</ele>
      </trkpt>
      <trkpt lat="25.020707761868834" lon="121.71421442180872">
        <ele>271.84</ele>
      </trkpt>
      <trkpt lat="25.020697116851807" lon="121.71446084976196">
        <ele>271.17</ele>
      </trkpt>
      <trkpt lat="25.02067574299872" lon="121.71476125717163">
        <ele>270.6</ele>
      </trkpt>
      <trkpt lat="25.02067574299872" lon="121.71497583389282">
        <ele>269.94</ele>
      </trkpt>
      <trkpt lat="25.020664930343628" lon="121.71517993323505">
        <ele>269.28</ele>
      </trkpt>
      <trkpt lat="25.0206542853266" lon="121.71538352966309">
        <ele>268.62</ele>
      </trkpt>
      <trkpt lat="25.02065420150757" lon="121.71566247940063">
        <ele>267.89</ele>
      </trkpt>
      <trkpt lat="25.020675659179688" lon="121.71576976776123">
        <ele>267.25</ele>
      </trkpt>
      <trkpt lat="25.020718574523926" lon="121.71583414077759">
        <ele>266.7</ele>
      </trkpt>
      <trkpt lat="25.02093323506415" lon="121.71602725982666">
        <ele>266.24</ele>
      </trkpt>
      <trkpt lat="25.02119072712958" lon="121.71622037887573">
        <ele>265.89</ele>
      </trkpt>
      <trkpt lat="25.021354844793677" lon="121.71637745574117">
        <ele>265.45</ele>
      </trkpt>
      <trkpt lat="25.021519046276808" lon="121.7165345326066">
        <ele>265.0</ele>
      </trkpt>
      <trkpt lat="25.021684169769287" lon="121.71669244766235">
        <ele>264.46</ele>
      </trkpt>
      <trkpt lat="25.02185541205108" lon="121.71681012958288">
        <ele>263.99</ele>
      </trkpt>
      <trkpt lat="25.022027576342225" lon="121.71692848205566">
        <ele>263.6</ele>
      </trkpt>
      <trkpt lat="25.022199237719178" lon="121.7170786857605">
        <ele>263.25</ele>
      </trkpt>
      <trkpt lat="25.02231700345874" lon="121.71720718033612">
        <ele>262.91</ele>
      </trkpt>
      <trkpt lat="25.022435188293457" lon="121.71733617782593">
        <ele>262.54</ele>
      </trkpt>
      <trkpt lat="25.022521018981934" lon="121.71748638153076">
        <ele>262.08</ele>
      </trkpt>
      <trkpt lat="25.02259612083435" lon="121.71764731407166">
        <ele>261.63</ele>
      </trkpt>
      <trkpt lat="25.022671222686768" lon="121.71780824661255">
        <ele>261.21</ele>
      </trkpt>
      <trkpt lat="25.022735679522157" lon="121.71795845031738">
        <ele>260.87</ele>
      </trkpt>
      <trkpt lat="25.022735595703125" lon="121.71804428100586">
        <ele>260.47</ele>
      </trkpt>
      <trkpt lat="25.022714138031006" lon="121.71813011169434">
        <ele>260.06</ele>
      </trkpt>
      <trkpt lat="25.022671222686768" lon="121.7181944847107">
        <ele>259.64</ele>
      </trkpt>
      <trkpt lat="25.022521018981934" lon="121.71840906143188">
        <ele>259.17</ele>
      </trkpt>
      <trkpt lat="25.02232789993286" lon="121.71860218048096">
        <ele>258.5</ele>
      </trkpt>
      <trkpt lat="25.022263526916504" lon="121.71873092651367">
        <ele>257.93</ele>
      </trkpt>
      <trkpt lat="25.022263526916504" lon="121.71879529953003">
        <ele>257.47</ele>
      </trkpt>
      <trkpt lat="25.022284984588623" lon="121.71894550323486">
        <ele>257.02</ele>
      </trkpt>
      <trkpt lat="25.022413730621338" lon="121.7192029953003">
        <ele>256.67</ele>
      </trkpt>
      <trkpt lat="25.022521102800965" lon="121.71952486038208">
        <ele>256.22</ele>
      </trkpt>
      <trkpt lat="25.022585475817323" lon="121.71976106241345">
        <ele>255.84</ele>
      </trkpt>
      <trkpt lat="25.02264984883368" lon="121.71999734826386">
        <ele>255.37</ele>
      </trkpt>
      <trkpt lat="25.022714138031006" lon="121.72023296356201">
        <ele>254.87</ele>
      </trkpt>
      <trkpt lat="25.022778511047363" lon="121.7204475402832">
        <ele>254.4</ele>
      </trkpt>
      <trkpt lat="25.02288588322699" lon="121.72068357467651">
        <ele>254.0</ele>
      </trkpt>
      <trkpt lat="25.022950172424316" lon="121.72072649002075">
        <ele>253.6</ele>
      </trkpt>
      <trkpt lat="25.02307891845703" lon="121.72076940536499">
        <ele>253.2</ele>
      </trkpt>
      <trkpt lat="25.02323918044567" lon="121.72075867652893">
        <ele>252.84</ele>
      </trkpt>
      <trkpt lat="25.02340078353882" lon="121.72074794769287">
        <ele>252.45</ele>
      </trkpt>
      <trkpt lat="25.02359390258789" lon="121.72076940536499">
        <ele>252.08</ele>
      </trkpt>
      <trkpt lat="25.023722648620605" lon="121.72081232070923">
        <ele>251.69</ele>
      </trkpt>
      <trkpt lat="25.023765647783875" lon="121.7208981513977">
        <ele>251.25</ele>
      </trkpt>
      <trkpt lat="25.023808479309082" lon="121.72102689743042">
        <ele>250.88</ele>
      </trkpt>
      <trkpt lat="25.023808479309082" lon="121.72109127044678">
        <ele>250.45</ele>
      </trkpt>
      <trkpt lat="25.023808563128114" lon="121.72109127044678">
        <ele>249.99</ele>
      </trkpt>
      <trkpt lat="25.023744106292725" lon="121.72117710113525">
        <ele>249.49</ele>
      </trkpt>
      <trkpt lat="25.023701190948486" lon="121.72122001647949">
        <ele>249.02</ele>
      </trkpt>
      <trkpt lat="25.023529529571533" lon="121.72130584716797">
        <ele>248.46</ele>
      </trkpt>
      <trkpt lat="25.02341159619391" lon="121.72145588323474">
        <ele>247.91</ele>
      </trkpt>
      <trkpt lat="25.023293495178223" lon="121.72160625457764">
        <ele>247.34</ele>
      </trkpt>
      <trkpt lat="25.023207748308778" lon="121.721670627594">
        <ele>246.74</ele>
      </trkpt>
      <trkpt lat="25.022993087768555" lon="121.72171354293823">
        <ele>246.1</ele>
      </trkpt>
      <trkpt lat="25.022907257080078" lon="121.72173500061035">
        <ele>245.54</ele>
      </trkpt>
      <trkpt lat="25.02284288406372" lon="121.72177791595459">
        <ele>244.97</ele>
      </trkpt>
      <trkpt lat="25.022778511047363" lon="121.72184228897095">
        <ele>244.41</ele>
      </trkpt>
      <trkpt lat="25.022757053375244" lon="121.7219066619873">
        <ele>243.89</ele>
      </trkpt>
      <trkpt lat="25.022735595703125" lon="121.72197103500366">
        <ele>243.4</ele>
      </trkpt>
      <trkpt lat="25.022735595703125" lon="121.72203540802002">
        <ele>242.91</ele>
      </trkpt>
      <trkpt lat="25.022778511047363" lon="121.7221212387085">
        <ele>242.44</ele>
      </trkpt>
      <trkpt lat="25.022928714752197" lon="121.72233581542969">
        <ele>241.99</ele>
      </trkpt>
      <trkpt lat="25.022993087768555" lon="121.72240018844604">
        <ele>241.6</ele>
      </trkpt>
      <trkpt lat="25.023207664489746" lon="121.72255039215088">
        <ele>241.26</ele>
      </trkpt>
      <trkpt lat="25.023293495178223" lon="121.72265768051147">
        <ele>240.93</ele>
      </trkpt>
      <trkpt lat="25.023293578997254" lon="121.72265768051147">
        <ele>240.61</ele>
      </trkpt>
      <trkpt lat="25.02333641052246" lon="121.72276496887207">
        <ele>240.32</ele>
      </trkpt>
      <trkpt lat="25.023314952850342" lon="121.72287225723267">
        <ele>240.02</ele>
      </trkpt>
      <trkpt lat="25.023250579833984" lon="121.72297954559326">
        <ele>239.71</ele>
      </trkpt>
      <trkpt lat="25.023164749145508" lon="121.7230224609375">
        <ele>239.41</ele>
      </trkpt>
      <trkpt lat="25.022907257080078" lon="121.72319412231445">
        <ele>238.95</ele>
      </trkpt>
      <trkpt lat="25.02262830734253" lon="121.72332286834717">
        <ele>238.72</ele>
      </trkpt>
      <trkpt lat="25.022421525791287" lon="121.72340836375952">
        <ele>238.66</ele>
      </trkpt>
      <trkpt lat="25.022214828059077" lon="121.7234939429909">
        <ele>238.68</ele>
      </trkpt>
      <trkpt lat="25.022006034851074" lon="121.7235803604126">
        <ele>238.7</ele>
      </trkpt>
      <trkpt lat="25.022038221359253" lon="121.72378445975482">
        <ele>238.7</ele>
      </trkpt>
      <trkpt lat="25.022070491686463" lon="121.72398805618286">
        <ele>238.64</ele>
      </trkpt>
      <trkpt lat="25.02207040786743" lon="121.72398805618286">
        <ele>238.54</ele>
      </trkpt>
      <trkpt lat="25.02209186553955" lon="121.72424554824829">
        <ele>238.39</ele>
      </trkpt>
      <trkpt lat="25.022070491686463" lon="121.72439575195312">
        <ele>238.27</ele>
      </trkpt>
      <trkpt lat="25.02202740870416" lon="121.72463203780353">
        <ele>238.1</ele>
      </trkpt>
      <trkpt lat="25.021984577178955" lon="121.72486782073975">
        <ele>237.95</ele>
      </trkpt>
      <trkpt lat="25.021963203325868" lon="121.72508239746094">
        <ele>237.83</ele>
      </trkpt>
      <trkpt lat="25.021963119506836" lon="121.72508239746094">
        <ele>237.71</ele>
      </trkpt>
      <trkpt lat="25.021963119506836" lon="121.72523260116577">
        <ele>237.6</ele>
      </trkpt>
      <trkpt lat="25.021984577178955" lon="121.7253828048706">
        <ele>237.5</ele>
      </trkpt>
      <trkpt lat="25.02203470095992" lon="121.72561188228428">
        <ele>237.35</ele>
      </trkpt>
      <trkpt lat="25.022084824740887" lon="121.725841043517">
        <ele>237.12</ele>
      </trkpt>
      <trkpt lat="25.02213478088379" lon="121.72606945037842">
        <ele>236.83</ele>
      </trkpt>
      <trkpt lat="25.02213478088379" lon="121.72628402709961">
        <ele>236.57</ele>
      </trkpt>
      <trkpt lat="25.02211332321167" lon="121.7264986038208">
        <ele>236.35</ele>
      </trkpt>
      <trkpt lat="25.022041657939553" lon="121.72672047279775">
        <ele>236.21</ele>
      </trkpt>
      <trkpt lat="25.02197007648647" lon="121.72694242559373">
        <ele>236.1</ele>
      </trkpt>
      <trkpt lat="25.02189874649048" lon="121.7271637916565">
        <ele>236.05</ele>
      </trkpt>
      <trkpt lat="25.02187728881836" lon="121.72731399536133">
        <ele>235.94</ele>
      </trkpt>
      <trkpt lat="25.02187728881836" lon="121.72737836837769">
        <ele>235.7</ele>
      </trkpt>
      <trkpt lat="25.02189874649048" lon="121.72744274139404">
        <ele>235.39</ele>
      </trkpt>
      <trkpt lat="25.021963119506836" lon="121.72748565673828">
        <ele>234.91</ele>
      </trkpt>
      <trkpt lat="25.022220611572266" lon="121.727614402771">
        <ele>234.13</ele>
      </trkpt>
      <trkpt lat="25.02234935760498" lon="121.72770023345947">
        <ele>233.78</ele>
      </trkpt>
      <trkpt lat="25.02252085134387" lon="121.72792528755963">
        <ele>233.66</ele>
      </trkpt>
      <trkpt lat="25.02269276417792" lon="121.72815084457397">
        <ele>233.5</ele>
      </trkpt>
      <trkpt lat="25.022692680358887" lon="121.72815084457397">
        <ele>233.18</ele>
      </trkpt>
      <trkpt lat="25.022842716425657" lon="121.72833298332989">
        <ele>232.85</ele>
      </trkpt>
      <trkpt lat="25.022993171587586" lon="121.728515625">
        <ele>232.49</ele>
      </trkpt>
      <trkpt lat="25.02307891845703" lon="121.72866582870483">
        <ele>232.15</ele>
      </trkpt>
      <trkpt lat="25.02307891845703" lon="121.72889138571918">
        <ele>231.83</ele>
      </trkpt>
      <trkpt lat="25.023079002276063" lon="121.72911643981934">
        <ele>231.46</ele>
      </trkpt>
      <trkpt lat="25.02310037612915" lon="121.72926664352417">
        <ele>231.05</ele>
      </trkpt>
      <trkpt lat="25.02307891845703" lon="121.72933101654053">
        <ele>230.62</ele>
      </trkpt>
      <trkpt lat="25.023036003112793" lon="121.72939538955688">
        <ele>230.19</ele>
      </trkpt>
      <trkpt lat="25.022993087768555" lon="121.72943830490112">
        <ele>229.74</ele>
      </trkpt>
      <trkpt lat="25.022714221850038" lon="121.72954559326172">
        <ele>229.3</ele>
      </trkpt>
      <trkpt lat="25.022499561309814" lon="121.72965288162231">
        <ele>228.75</ele>
      </trkpt>
      <trkpt lat="25.022435188293457" lon="121.72969579696655">
        <ele>228.25</ele>
      </trkpt>
      <trkpt lat="25.022413730621338" lon="121.72976016998291">
        <ele>227.72</ele>
      </trkpt>
      <trkpt lat="25.02239227294922" lon="121.72999645583332">
        <ele>227.09</ele>
      </trkpt>
      <trkpt lat="25.02237089909613" lon="121.73023223876953">
        <ele>226.48</ele>
      </trkpt>
      <trkpt lat="25.0223708152771" lon="121.73023223876953">
        <ele>225.93</ele>
      </trkpt>
      <trkpt lat="25.0223708152771" lon="121.73038244247437">
        <ele>225.34</ele>
      </trkpt>
      <trkpt lat="25.02239227294922" lon="121.73055410385132">
        <ele>224.76</ele>
      </trkpt>
      <trkpt lat="25.022456645965576" lon="121.73085451126099">
        <ele>224.18</ele>
      </trkpt>
      <trkpt lat="25.0225711427629" lon="121.73113354481757">
        <ele>223.58</ele>
      </trkpt>
      <trkpt lat="25.022685639560223" lon="121.73141266219318">
        <ele>223.0</ele>
      </trkpt>
      <trkpt lat="25.022799968719482" lon="121.73169136047363">
        <ele>222.33</ele>
      </trkpt>
      <trkpt lat="25.022896444424987" lon="121.73183075152338">
        <ele>221.62</ele>
      </trkpt>
      <trkpt lat="25.022993087768555" lon="121.73197031021118">
        <ele>220.99</ele>
      </trkpt>
      <trkpt lat="25.02310037612915" lon="121.73212051391602">
        <ele>220.4</ele>
      </trkpt>
      <trkpt lat="25.02314329147339" lon="121.73235654830933">
        <ele>219.89</ele>
      </trkpt>
      <trkpt lat="25.0231755618006" lon="121.73270029015839">
        <ele>219.37</ele>
      </trkpt>
      <trkpt lat="25.023207748308778" lon="121.73304319381714">
        <ele>218.88</ele>
      </trkpt>
      <trkpt lat="25.023229205980897" lon="121.73332247883081">
        <ele>218.35</ele>
      </trkpt>
      <trkpt lat="25.023250663653016" lon="121.73360109329224">
        <ele>217.74</ele>
      </trkpt>
      <trkpt lat="25.023293495178223" lon="121.7339015007019">
        <ele>217.16</ele>
      </trkpt>
      <trkpt lat="25.023336494341493" lon="121.73405170440674">
        <ele>216.63</ele>
      </trkpt>
      <trkpt lat="25.023486614227295" lon="121.73430919647217">
        <ele>216.1</ele>
      </trkpt>
      <trkpt lat="25.023658275604248" lon="121.7345666885376">
        <ele>215.46</ele>
      </trkpt>
      <trkpt lat="25.023722648620605" lon="121.7346739768982">
        <ele>214.87</ele>
      </trkpt>
      <trkpt lat="25.023722648620605" lon="121.73475980758667">
        <ele>214.34</ele>
      </trkpt>
      <trkpt lat="25.023754835128784" lon="121.73508209176362">
        <ele>213.75</ele>
      </trkpt>
      <trkpt lat="25.023787021636963" lon="121.73540353775024">
        <ele>213.3</ele>
      </trkpt>
      <trkpt lat="25.023830020800233" lon="121.73555374145508">
        <ele>212.87</ele>
      </trkpt>
      <trkpt lat="25.02389430999756" lon="121.73572540283203">
        <ele>212.46</ele>
      </trkpt>
      <trkpt lat="25.024012327194214" lon="121.7359721660614">
        <ele>212.04</ele>
      </trkpt>
      <trkpt lat="25.02413034439087" lon="121.73621892929077">
        <ele>211.63</ele>
      </trkpt>
      <trkpt lat="25.024194717407227" lon="121.73639059066772">
        <ele>211.24</ele>
      </trkpt>
      <trkpt lat="25.02423050813377" lon="121.73666266724467">
        <ele>210.83</ele>
      </trkpt>
      <trkpt lat="25.02426629886031" lon="121.73693482764065">
        <ele>210.57</ele>
      </trkpt>
      <trkpt lat="25.024302005767822" lon="121.73720598220825">
        <ele>210.34</ele>
      </trkpt>
      <trkpt lat="25.02436637878418" lon="121.73742055892944">
        <ele>210.07</ele>
      </trkpt>
      <trkpt lat="25.024430751800537" lon="121.7375922203064">
        <ele>209.78</ele>
      </trkpt>
      <trkpt lat="25.024495124816895" lon="121.73777469433844">
        <ele>209.49</ele>
      </trkpt>
      <trkpt lat="25.024559497833252" lon="121.73795700073242">
        <ele>209.21</ele>
      </trkpt>
      <trkpt lat="25.024580284953117" lon="121.73804014921188">
        <ele>208.96</ele>
      </trkpt>
      <trkpt lat="25.02460241317749" lon="121.73812866210938">
        <ele>208.53</ele>
      </trkpt>
      <trkpt lat="25.02458095550537" lon="121.73830032348633">
        <ele>208.34</ele>
      </trkpt>
      <trkpt lat="25.02452722750604" lon="121.73848279751837">
        <ele>208.17</ele>
      </trkpt>
      <trkpt lat="25.024473750963807" lon="121.73866510391235">
        <ele>208.0</ele>
      </trkpt>
      <trkpt lat="25.024419939145446" lon="121.73883684910834">
        <ele>207.9</ele>
      </trkpt>
      <trkpt lat="25.02436637878418" lon="121.73900842666626">
        <ele>207.8</ele>
      </trkpt>
      <trkpt lat="25.02436637878418" lon="121.7391586303711">
        <ele>207.65</ele>
      </trkpt>
      <trkpt lat="25.02440937794745" lon="121.73935174942017">
        <ele>207.52</ele>
      </trkpt>
      <trkpt lat="25.024495124816895" lon="121.739501953125">
        <ele>207.4</ele>
      </trkpt>
      <trkpt lat="25.02468799240887" lon="121.73972692340612">
        <ele>207.28</ele>
      </trkpt>
      <trkpt lat="25.02488136291504" lon="121.7399525642395">
        <ele>207.14</ele>
      </trkpt>
      <trkpt lat="25.024924278259277" lon="121.74001693725586">
        <ele>207.05</ele>
      </trkpt>
      <trkpt lat="25.024967277422547" lon="121.74010276794434">
        <ele>206.96</ele>
      </trkpt>
      <trkpt lat="25.024967193603516" lon="121.74023151397705">
        <ele>206.89</ele>
      </trkpt>
      <trkpt lat="25.02490290440619" lon="121.74055337905884">
        <ele>206.86</ele>
      </trkpt>
      <trkpt lat="25.0248384475708" lon="121.74081087112427">
        <ele>206.88</ele>
      </trkpt>
      <trkpt lat="25.024838531389832" lon="121.74093961715698">
        <ele>206.9</ele>
      </trkpt>
      <trkpt lat="25.024961913004518" lon="121.74122401513159">
        <ele>206.86</ele>
      </trkpt>
      <trkpt lat="25.025085294619203" lon="121.7415084131062">
        <ele>206.85</ele>
      </trkpt>
      <trkpt lat="25.02520876005292" lon="121.74179289489985">
        <ele>206.92</ele>
      </trkpt>
      <trkpt lat="25.02533197402954" lon="121.7420768737793">
        <ele>206.96</ele>
      </trkpt>
      <trkpt lat="25.025407075881958" lon="121.74225934781134">
        <ele>206.97</ele>
      </trkpt>
      <trkpt lat="25.025482261553407" lon="121.74244165420532">
        <ele>207.04</ele>
      </trkpt>
      <trkpt lat="25.025568092241883" lon="121.7426347732544">
        <ele>207.14</ele>
      </trkpt>
      <trkpt lat="25.025664567947388" lon="121.74279562197626">
        <ele>207.24</ele>
      </trkpt>
      <trkpt lat="25.025761127471924" lon="121.74295663833618">
        <ele>207.42</ele>
      </trkpt>
      <trkpt lat="25.02586849965155" lon="121.74304246902466">
        <ele>207.61</ele>
      </trkpt>
      <trkpt lat="25.02607167698443" lon="121.74316006712615">
        <ele>207.81</ele>
      </trkpt>
      <trkpt lat="25.026276111602783" lon="121.74327850341797">
        <ele>208.05</ele>
      </trkpt>
      <trkpt lat="25.02646889537573" lon="121.74347128719091">
        <ele>208.38</ele>
      </trkpt>
      <trkpt lat="25.02666243351996" lon="121.74366474151611">
        <ele>208.7</ele>
      </trkpt>
      <trkpt lat="25.026801573112607" lon="121.74379323609173">
        <ele>209.05</ele>
      </trkpt>
      <trkpt lat="25.026941299438477" lon="121.74392223358154">
        <ele>209.38</ele>
      </trkpt>
      <trkpt lat="25.02707004547119" lon="121.7440938949585">
        <ele>209.69</ele>
      </trkpt>
      <trkpt lat="25.02713450230658" lon="121.74420118331909">
        <ele>210.03</ele>
      </trkpt>
      <trkpt lat="25.027198791503906" lon="121.74435138702393">
        <ele>210.38</ele>
      </trkpt>
      <trkpt lat="25.027252519503236" lon="121.74456613138318">
        <ele>210.77</ele>
      </trkpt>
      <trkpt lat="25.027306163683534" lon="121.74478054046631">
        <ele>211.19</ele>
      </trkpt>
      <trkpt lat="25.027363412082195" lon="121.74503828398883">
        <ele>211.72</ele>
      </trkpt>
      <trkpt lat="25.027420660480857" lon="121.74529602751136">
        <ele>212.31</ele>
      </trkpt>
      <trkpt lat="25.027477741241455" lon="121.7455530166626">
        <ele>212.86</ele>
      </trkpt>
      <trkpt lat="25.027542198076844" lon="121.74574613571167">
        <ele>213.39</ele>
      </trkpt>
      <trkpt lat="25.02758502960205" lon="121.74587488174438">
        <ele>213.91</ele>
      </trkpt>
      <trkpt lat="25.027681505307555" lon="121.74602500163019">
        <ele>214.4</ele>
      </trkpt>
      <trkpt lat="25.027778148651123" lon="121.74617528915405">
        <ele>214.9</ele>
      </trkpt>
      <trkpt lat="25.027917623519897" lon="121.7464542388916">
        <ele>215.38</ele>
      </trkpt>
      <trkpt lat="25.028057182207704" lon="121.74673318862915">
        <ele>215.85</ele>
      </trkpt>
      <trkpt lat="25.02814292907715" lon="121.74696922302246">
        <ele>216.3</ele>
      </trkpt>
      <trkpt lat="25.02812147140503" lon="121.74707651138306">
        <ele>216.77</ele>
      </trkpt>
      <trkpt lat="25.028078639879823" lon="121.74716234207153">
        <ele>217.25</ele>
      </trkpt>
      <trkpt lat="25.028035640716553" lon="121.74718379974365">
        <ele>217.69</ele>
      </trkpt>
      <trkpt lat="25.027971267700195" lon="121.74718379974365">
        <ele>218.12</ele>
      </trkpt>
      <trkpt lat="25.027799690142274" lon="121.74707651138306">
        <ele>218.59</ele>
      </trkpt>
      <trkpt lat="25.027542114257812" lon="121.7469048500061">
        <ele>219.15</ele>
      </trkpt>
      <trkpt lat="25.027413368225098" lon="121.74686193466187">
        <ele>219.54</ele>
      </trkpt>
      <trkpt lat="25.027188817039132" lon="121.74678708426654">
        <ele>219.96</ele>
      </trkpt>
      <trkpt lat="25.026962757110596" lon="121.74671173095703">
        <ele>220.34</ele>
      </trkpt>
      <trkpt lat="25.026802495121956" lon="121.74670100212097">
        <ele>220.61</ele>
      </trkpt>
      <trkpt lat="25.02664097584784" lon="121.74669027328491">
        <ele>220.83</ele>
      </trkpt>
      <trkpt lat="25.02645925618708" lon="121.74667954444885">
        <ele>221.01</ele>
      </trkpt>
      <trkpt lat="25.026276111602783" lon="121.7466688156128">
        <ele>221.13</ele>
      </trkpt>
      <trkpt lat="25.02614736557007" lon="121.74664735794067">
        <ele>221.33</ele>
      </trkpt>
      <trkpt lat="25.02596564590931" lon="121.74658315256238">
        <ele>221.59</ele>
      </trkpt>
      <trkpt lat="25.025782668963075" lon="121.74651861190796">
        <ele>221.88</ele>
      </trkpt>
      <trkpt lat="25.02563246525824" lon="121.74651861190796">
        <ele>222.05</ele>
      </trkpt>
      <trkpt lat="25.02556800842285" lon="121.7465615272522">
        <ele>222.1</ele>
      </trkpt>
      <trkpt lat="25.025482177734375" lon="121.74662590026855">
        <ele>222.11</ele>
      </trkpt>
      <trkpt lat="25.02535343170166" lon="121.74677610397339">
        <ele>222.08</ele>
      </trkpt>
      <trkpt lat="25.025256872177124" lon="121.74699068069458">
        <ele>221.94</ele>
      </trkpt>
      <trkpt lat="25.02516039647162" lon="121.74720525741577">
        <ele>221.86</ele>
      </trkpt>
      <trkpt lat="25.02507448196411" lon="121.7474627494812">
        <ele>221.72</ele>
      </trkpt>
      <trkpt lat="25.025074565783143" lon="121.7474627494812">
        <ele>221.56</ele>
      </trkpt>
      <trkpt lat="25.024993931874633" lon="121.74774731509387">
        <ele>221.26</ele>
      </trkpt>
      <trkpt lat="25.024913381785154" lon="121.74803188070655">
        <ele>220.96</ele>
      </trkpt>
      <trkpt lat="25.024832831695676" lon="121.74831644631922">
        <ele>220.65</ele>
      </trkpt>
      <trkpt lat="25.024752616882324" lon="121.74860000610352">
        <ele>220.39</ele>
      </trkpt>
      <trkpt lat="25.024709701538086" lon="121.74870729446411">
        <ele>220.08</ele>
      </trkpt>
      <trkpt lat="25.02458095550537" lon="121.74879312515259">
        <ele>219.95</ele>
      </trkpt>
      <trkpt lat="25.024377778172493" lon="121.74887862056494">
        <ele>219.84</ele>
      </trkpt>
      <trkpt lat="25.024173259735107" lon="121.74896478652954">
        <ele>219.62</ele>
      </trkpt>
      <trkpt lat="25.02408742904663" lon="121.74900770187378">
        <ele>219.33</ele>
      </trkpt>
      <trkpt lat="25.024023056030273" lon="121.74907207489014">
        <ele>219.01</ele>
      </trkpt>
      <trkpt lat="25.024023139849305" lon="121.74907207489014">
        <ele>218.71</ele>
      </trkpt>
      <trkpt lat="25.024001598358154" lon="121.74917936325073">
        <ele>218.29</ele>
      </trkpt>
      <trkpt lat="25.024001598358154" lon="121.74950164742768">
        <ele>217.67</ele>
      </trkpt>
      <trkpt lat="25.024001598358154" lon="121.7498230934143">
        <ele>217.15</ele>
      </trkpt>
      <trkpt lat="25.023972932249308" lon="121.75007371231914">
        <ele>216.87</ele>
      </trkpt>
      <trkpt lat="25.02394426614046" lon="121.750324415043">
        <ele>216.67</ele>
      </trkpt>
      <trkpt lat="25.023915767669678" lon="121.75057411193848">
        <ele>216.49</ele>
      </trkpt>
      <trkpt lat="25.023980140686035" lon="121.75074577331543">
        <ele>216.23</ele>
      </trkpt>
      <trkpt lat="25.024044513702393" lon="121.75081014633179">
        <ele>216.03</ele>
      </trkpt>
      <trkpt lat="25.02410888671875" lon="121.75085306167603">
        <ele>215.93</ele>
      </trkpt>
      <trkpt lat="25.024194717407227" lon="121.75087451934814">
        <ele>215.87</ele>
      </trkpt>
      <trkpt lat="25.024280548095703" lon="121.75087451934814">
        <ele>215.82</ele>
      </trkpt>
      <trkpt lat="25.024451538920403" lon="121.75082104280591">
        <ele>215.95</ele>
      </trkpt>
      <trkpt lat="25.02462387084961" lon="121.75076723098755">
        <ele>216.01</ele>
      </trkpt>
      <trkpt lat="25.024709701538086" lon="121.75072431564331">
        <ele>215.98</ele>
      </trkpt>
      <trkpt lat="25.024795532226562" lon="121.75065994262695">
        <ele>215.93</ele>
      </trkpt>
      <trkpt lat="25.02488136291504" lon="121.75057411193848">
        <ele>215.85</ele>
      </trkpt>
      <trkpt lat="25.024967193603516" lon="121.75042390823364">
        <ele>215.67</ele>
      </trkpt>
      <trkpt lat="25.02513885498047" lon="121.7501449584961">
        <ele>215.53</ele>
      </trkpt>
      <trkpt lat="25.025203227996826" lon="121.7499303817749">
        <ele>215.29</ele>
      </trkpt>
      <trkpt lat="25.025213956832886" lon="121.7497369274497">
        <ele>215.06</ele>
      </trkpt>
      <trkpt lat="25.025224685668945" lon="121.74954414367676">
        <ele>214.76</ele>
      </trkpt>
      <trkpt lat="25.025246143341064" lon="121.74943685531616">
        <ele>214.53</ele>
      </trkpt>
      <trkpt lat="25.025289058685303" lon="121.74935102462769">
        <ele>214.34</ele>
      </trkpt>
      <trkpt lat="25.0253963470459" lon="121.74922227859497">
        <ele>214.16</ele>
      </trkpt>
      <trkpt lat="25.02556800842285" lon="121.74911499023438">
        <ele>213.96</ele>
      </trkpt>
      <trkpt lat="25.025568092241883" lon="121.74911499023438">
        <ele>213.8</ele>
      </trkpt>
      <trkpt lat="25.025696754455566" lon="121.74905061721802">
        <ele>213.66</ele>
      </trkpt>
      <trkpt lat="25.025804042816162" lon="121.7490291595459">
        <ele>213.46</ele>
      </trkpt>
      <trkpt lat="25.02588987350464" lon="121.74900770187378">
        <ele>213.3</ele>
      </trkpt>
      <trkpt lat="25.025954246520996" lon="121.7490291595459">
        <ele>213.17</ele>
      </trkpt>
      <trkpt lat="25.026040077209473" lon="121.7491364479065">
        <ele>213.0</ele>
      </trkpt>
      <trkpt lat="25.02612590789795" lon="121.74941539764404">
        <ele>212.85</ele>
      </trkpt>
      <trkpt lat="25.02612599171698" lon="121.74941539764404">
        <ele>212.76</ele>
      </trkpt>
      <trkpt lat="25.026201093569398" lon="121.74964087083936">
        <ele>212.6</ele>
      </trkpt>
      <trkpt lat="25.026276111602783" lon="121.74986600875854">
        <ele>212.48</ele>
      </trkpt>
      <trkpt lat="25.026297569274902" lon="121.75001621246338">
        <ele>212.51</ele>
      </trkpt>
      <trkpt lat="25.02631902694702" lon="121.75033807754517">
        <ele>212.53</ele>
      </trkpt>
      <trkpt lat="25.02630821429193" lon="121.75055290572345">
        <ele>212.6</ele>
      </trkpt>
      <trkpt lat="25.026297569274902" lon="121.75076723098755">
        <ele>212.68</ele>
      </trkpt>
      <trkpt lat="25.026297569274902" lon="121.75087451934814">
        <ele>212.69</ele>
      </trkpt>
      <trkpt lat="25.02634048461914" lon="121.75100326538086">
        <ele>212.69</ele>
      </trkpt>
      <trkpt lat="25.026415586471558" lon="121.75119646824896">
        <ele>212.67</ele>
      </trkpt>
      <trkpt lat="25.026490688323975" lon="121.751389503479">
        <ele>212.74</ele>
      </trkpt>
      <trkpt lat="25.026547936722636" lon="121.75162578932941">
        <ele>212.69</ele>
      </trkpt>
      <trkpt lat="25.026605185121298" lon="121.75186207517982">
        <ele>212.61</ele>
      </trkpt>
      <trkpt lat="25.026662349700928" lon="121.75209760665894">
        <ele>212.59</ele>
      </trkpt>
      <trkpt lat="25.0267553050071" lon="121.75232660025358">
        <ele>212.59</ele>
      </trkpt>
      <trkpt lat="25.026848344132304" lon="121.75255559384823">
        <ele>212.6</ele>
      </trkpt>
      <trkpt lat="25.026941299438477" lon="121.75278425216675">
        <ele>212.72</ele>
      </trkpt>
      <trkpt lat="25.02694138325751" lon="121.75278425216675">
        <ele>212.78</ele>
      </trkpt>
      <trkpt lat="25.027027130126953" lon="121.7529559135437">
        <ele>212.88</ele>
      </trkpt>
      <trkpt lat="25.02711296081543" lon="121.75312757492065">
        <ele>213.01</ele>
      </trkpt>
      <trkpt lat="25.027270205318928" lon="121.75338498316705">
        <ele>213.11</ele>
      </trkpt>
      <trkpt lat="25.027427533641458" lon="121.75364239141345">
        <ele>213.1</ele>
      </trkpt>
      <trkpt lat="25.02758502960205" lon="121.75390005111694">
        <ele>213.19</ele>
      </trkpt>
      <trkpt lat="25.027585113421082" lon="121.75390005111694">
        <ele>213.14</ele>
      </trkpt>
      <trkpt lat="25.027735317125916" lon="121.75415754318237">
        <ele>213.23</ele>
      </trkpt>
      <trkpt lat="25.02782106399536" lon="121.75428628921509">
        <ele>213.22</ele>
      </trkpt>
      <trkpt lat="25.027928352355957" lon="121.75435066223145">
        <ele>213.04</ele>
      </trkpt>
      <trkpt lat="25.028035640716553" lon="121.75437211990356">
        <ele>212.79</ele>
      </trkpt>
      <trkpt lat="25.028228759765625" lon="121.75437211990356">
        <ele>212.35</ele>
      </trkpt>
      <trkpt lat="25.02837896347046" lon="121.75439357757568">
        <ele>211.89</ele>
      </trkpt>
      <trkpt lat="25.028507709503174" lon="121.75445795059204">
        <ele>211.52</ele>
      </trkpt>
      <trkpt lat="25.02861499786377" lon="121.7545223236084">
        <ele>211.09</ele>
      </trkpt>
      <trkpt lat="25.028700828552246" lon="121.754629611969">
        <ele>210.78</ele>
      </trkpt>
      <trkpt lat="25.02884021960199" lon="121.75484402105212">
        <ele>210.51</ele>
      </trkpt>
      <trkpt lat="25.028979778289795" lon="121.75505876541138">
        <ele>210.02</ele>
      </trkpt>
      <trkpt lat="25.029022693634033" lon="121.75520896911621">
        <ele>209.49</ele>
      </trkpt>
      <trkpt lat="25.029044151306152" lon="121.75527334213257">
        <ele>208.88</ele>
      </trkpt>
      <trkpt lat="25.029022777453065" lon="121.75548791885376">
        <ele>208.28</ele>
      </trkpt>
      <trkpt lat="25.029044151306152" lon="121.75561666488647">
        <ele>207.5</ele>
      </trkpt>
      <trkpt lat="25.02908706665039" lon="121.75574541091919">
        <ele>206.7</ele>
      </trkpt>
      <trkpt lat="25.029201479628682" lon="121.75599577836692">
        <ele>205.81</ele>
      </trkpt>
      <trkpt lat="25.029315976426005" lon="121.75624622963369">
        <ele>204.98</ele>
      </trkpt>
      <trkpt lat="25.029430389404297" lon="121.75649642944336">
        <ele>204.04</ele>
      </trkpt>
      <trkpt lat="25.029526948928833" lon="121.7567325476557">
        <ele>203.07</ele>
      </trkpt>
      <trkpt lat="25.02962350845337" lon="121.75696849822998">
        <ele>202.16</ele>
      </trkpt>
      <trkpt lat="25.029709339141846" lon="121.75714015960693">
        <ele>201.18</ele>
      </trkpt>
      <trkpt lat="25.029795253649354" lon="121.75731182098389">
        <ele>200.12</ele>
      </trkpt>
      <trkpt lat="25.029913187026978" lon="121.75753712654114">
        <ele>198.94</ele>
      </trkpt>
      <trkpt lat="25.030031204223633" lon="121.75776243209839">
        <ele>197.74</ele>
      </trkpt>
      <trkpt lat="25.030145617201924" lon="121.7579984664917">
        <ele>196.56</ele>
      </trkpt>
      <trkpt lat="25.030260113999248" lon="121.75823458470404">
        <ele>195.41</ele>
      </trkpt>
      <trkpt lat="25.03037452697754" lon="121.75847053527832">
        <ele>194.29</ele>
      </trkpt>
      <trkpt lat="25.030492544174194" lon="121.75872802734375">
        <ele>193.13</ele>
      </trkpt>
      <trkpt lat="25.03061056137085" lon="121.75898551940918">
        <ele>191.93</ele>
      </trkpt>
      <trkpt lat="25.030717849731445" lon="121.75930738449097">
        <ele>190.85</ele>
      </trkpt>
      <trkpt lat="25.030760848894715" lon="121.75948994234204">
        <ele>189.93</ele>
      </trkpt>
      <trkpt lat="25.030803764238954" lon="121.75967216491699">
        <ele>188.96</ele>
      </trkpt>
      <trkpt lat="25.03084659576416" lon="121.75986528396606">
        <ele>188.0</ele>
      </trkpt>
      <trkpt lat="25.0308895111084" lon="121.75997257232666">
        <ele>187.04</ele>
      </trkpt>
      <trkpt lat="25.0310396309942" lon="121.76019771024585">
        <ele>186.04</ele>
      </trkpt>
      <trkpt lat="25.031190002337098" lon="121.76042318344116">
        <ele>185.06</ele>
      </trkpt>
      <trkpt lat="25.031297206878662" lon="121.76059476099908">
        <ele>184.16</ele>
      </trkpt>
      <trkpt lat="25.03140457905829" lon="121.76076650619507">
        <ele>183.35</ele>
      </trkpt>
      <trkpt lat="25.031554782763124" lon="121.76100254058838">
        <ele>182.59</ele>
      </trkpt>
      <trkpt lat="25.031661987304688" lon="121.76115274429321">
        <ele>181.93</ele>
      </trkpt>
      <trkpt lat="25.03181219100952" lon="121.76126003265381">
        <ele>181.2</ele>
      </trkpt>
      <trkpt lat="25.031962394714355" lon="121.76132440567017">
        <ele>180.65</ele>
      </trkpt>
      <trkpt lat="25.032229525968432" lon="121.76137779839337">
        <ele>180.12</ele>
      </trkpt>
      <trkpt lat="25.032498836517334" lon="121.76143169403076">
        <ele>179.56</ele>
      </trkpt>
      <trkpt lat="25.032649040222168" lon="121.76149606704712">
        <ele>179.1</ele>
      </trkpt>
      <trkpt lat="25.032713413238525" lon="121.76153898239136">
        <ele>178.76</ele>
      </trkpt>
      <trkpt lat="25.032777786254883" lon="121.76160335540771">
        <ele>178.5</ele>
      </trkpt>
      <trkpt lat="25.03287434577942" lon="121.76180720329285">
        <ele>178.32</ele>
      </trkpt>
      <trkpt lat="25.032970989122987" lon="121.76201105117798">
        <ele>178.19</ele>
      </trkpt>
      <trkpt lat="25.033056819811463" lon="121.76224708557129">
        <ele>178.2</ele>
      </trkpt>
      <trkpt lat="25.033149775117636" lon="121.76248320378363">
        <ele>178.21</ele>
      </trkpt>
      <trkpt lat="25.03324281424284" lon="121.762719405815">
        <ele>178.26</ele>
      </trkpt>
      <trkpt lat="25.033335769549012" lon="121.76295518875122">
        <ele>178.39</ele>
      </trkpt>
      <trkpt lat="25.033407351002097" lon="121.76322718150914">
        <ele>178.66</ele>
      </trkpt>
      <trkpt lat="25.033478932455182" lon="121.76349925808609">
        <ele>178.95</ele>
      </trkpt>
      <trkpt lat="25.033550346270204" lon="121.76377058029175">
        <ele>179.27</ele>
      </trkpt>
      <trkpt lat="25.03357172012329" lon="121.76387786865234">
        <ele>179.57</ele>
      </trkpt>
      <trkpt lat="25.033571803942323" lon="121.76387786865234">
        <ele>179.88</ele>
      </trkpt>
      <trkpt lat="25.03359317779541" lon="121.76400661468506">
        <ele>180.24</ele>
      </trkpt>
      <trkpt lat="25.03357172012329" lon="121.76411390304565">
        <ele>180.62</ele>
      </trkpt>
      <trkpt lat="25.033507347106934" lon="121.76422119140625">
        <ele>181.04</ele>
      </trkpt>
      <trkpt lat="25.03340014256537" lon="121.76432847976685">
        <ele>181.48</ele>
      </trkpt>
      <trkpt lat="25.033292854204774" lon="121.76437139511108">
        <ele>181.91</ele>
      </trkpt>
      <trkpt lat="25.03301465883851" lon="121.76453182473779">
        <ele>182.33</ele>
      </trkpt>
      <trkpt lat="25.032734954729676" lon="121.76469326019287">
        <ele>182.76</ele>
      </trkpt>
      <trkpt lat="25.032477462664247" lon="121.76480054855347">
        <ele>183.16</ele>
      </trkpt>
      <trkpt lat="25.032284259796143" lon="121.76488637924194">
        <ele>183.54</ele>
      </trkpt>
      <trkpt lat="25.032219886779785" lon="121.76492929458618">
        <ele>183.93</ele>
      </trkpt>
      <trkpt lat="25.032155513763428" lon="121.76501512527466">
        <ele>184.31</ele>
      </trkpt>
      <trkpt lat="25.03213413991034" lon="121.76512241363525">
        <ele>184.66</ele>
      </trkpt>
      <trkpt lat="25.032155513763428" lon="121.76518678665161">
        <ele>185.01</ele>
      </trkpt>
      <trkpt lat="25.032198429107666" lon="121.76535844802856">
        <ele>185.36</ele>
      </trkpt>
      <trkpt lat="25.032198512926698" lon="121.76535844802856">
        <ele>185.66</ele>
      </trkpt>
      <trkpt lat="25.032273614779115" lon="121.76556237973273">
        <ele>185.91</ele>
      </trkpt>
      <trkpt lat="25.0323486328125" lon="121.76576614379883">
        <ele>186.23</ele>
      </trkpt>
      <trkpt lat="25.03234871663153" lon="121.76576614379883">
        <ele>186.45</ele>
      </trkpt>
      <trkpt lat="25.032477378845215" lon="121.76600217819214">
        <ele>186.66</ele>
      </trkpt>
      <trkpt lat="25.03262037411332" lon="121.76624525338411">
        <ele>186.83</ele>
      </trkpt>
      <trkpt lat="25.032763369381428" lon="121.76648841239512">
        <ele>186.99</ele>
      </trkpt>
      <trkpt lat="25.032906532287598" lon="121.76673173904419">
        <ele>186.98</ele>
      </trkpt>
      <trkpt lat="25.033059753477573" lon="121.76702904514968">
        <ele>186.97</ele>
      </trkpt>
      <trkpt lat="25.03321305848658" lon="121.76732643507421">
        <ele>186.88</ele>
      </trkpt>
      <trkpt lat="25.03336636349559" lon="121.76762382499874">
        <ele>186.98</ele>
      </trkpt>
      <trkpt lat="25.033519668504596" lon="121.76792113110423">
        <ele>186.95</ele>
      </trkpt>
      <trkpt lat="25.033672973513603" lon="121.76821852102876">
        <ele>186.84</ele>
      </trkpt>
      <trkpt lat="25.03382627852261" lon="121.76851591095328">
        <ele>186.74</ele>
      </trkpt>
      <trkpt lat="25.033979499712586" lon="121.76881313323975">
        <ele>186.75</ele>
      </trkpt>
      <trkpt lat="25.034151077270508" lon="121.76910272799432">
        <ele>186.71</ele>
      </trkpt>
      <trkpt lat="25.034322822466493" lon="121.76939249038696">
        <ele>186.64</ele>
      </trkpt>
      <trkpt lat="25.034419298171997" lon="121.76954261027277">
        <ele>186.56</ele>
      </trkpt>
      <trkpt lat="25.034515941515565" lon="121.76969289779663">
        <ele>186.38</ele>
      </trkpt>
      <trkpt lat="25.034623062238097" lon="121.76985374651849">
        <ele>186.22</ele>
      </trkpt>
      <trkpt lat="25.034730434417725" lon="121.77001476287842">
        <ele>186.09</ele>
      </trkpt>
      <trkpt lat="25.0348162651062" lon="121.7701005935669">
        <ele>185.89</ele>
      </trkpt>
      <trkpt lat="25.034923553466797" lon="121.77018642425537">
        <ele>185.65</ele>
      </trkpt>
      <trkpt lat="25.035148188471794" lon="121.77031475119293">
        <ele>185.35</ele>
      </trkpt>
      <trkpt lat="25.03537424840033" lon="121.7704439163208">
        <ele>185.1</ele>
      </trkpt>
      <trkpt lat="25.03561019897461" lon="121.77059412002563">
        <ele>184.81</ele>
      </trkpt>
      <trkpt lat="25.03584581427276" lon="121.77081900648773">
        <ele>184.57</ele>
      </trkpt>
      <trkpt lat="25.036082351580262" lon="121.77104473114014">
        <ele>184.29</ele>
      </trkpt>
      <trkpt lat="25.036232136189938" lon="121.77117314189672">
        <ele>183.95</ele>
      </trkpt>
      <trkpt lat="25.0363826751709" lon="121.77130222320557">
        <ele>183.6</ele>
      </trkpt>
      <trkpt lat="25.036521898582578" lon="121.77144144661725">
        <ele>183.24</ele>
      </trkpt>
      <trkpt lat="25.036661624908447" lon="121.77158117294312">
        <ele>182.87</ele>
      </trkpt>
      <trkpt lat="25.036790454760194" lon="121.77177429199219">
        <ele>182.52</ele>
      </trkpt>
      <trkpt lat="25.03697250969708" lon="121.77196707576513">
        <ele>182.11</ele>
      </trkpt>
      <trkpt lat="25.037155151367188" lon="121.77216053009033">
        <ele>181.64</ele>
      </trkpt>
      <trkpt lat="25.037262439727783" lon="121.77233219146729">
        <ele>181.18</ele>
      </trkpt>
      <trkpt lat="25.03732681274414" lon="121.77252531051636">
        <ele>180.72</ele>
      </trkpt>
      <trkpt lat="25.03736981190741" lon="121.77282571792603">
        <ele>180.26</ele>
      </trkpt>
      <trkpt lat="25.03741272725165" lon="121.77310466766357">
        <ele>179.72</ele>
      </trkpt>
      <trkpt lat="25.037455642595887" lon="121.77338361740112">
        <ele>179.34</ele>
      </trkpt>
      <trkpt lat="25.03756284713745" lon="121.77366256713867">
        <ele>179.01</ele>
      </trkpt>
      <trkpt lat="25.037648677825928" lon="121.7738127708435">
        <ele>178.63</ele>
      </trkpt>
      <trkpt lat="25.03779879771173" lon="121.77403430454433">
        <ele>178.2</ele>
      </trkpt>
      <trkpt lat="25.037948917597532" lon="121.77425592206419">
        <ele>177.81</ele>
      </trkpt>
      <trkpt lat="25.03809928894043" lon="121.7744779586792">
        <ele>177.52</ele>
      </trkpt>
      <trkpt lat="25.038206409662962" lon="121.77460653707385">
        <ele>177.18</ele>
      </trkpt>
      <trkpt lat="25.03831386566162" lon="121.77473545074463">
        <ele>176.83</ele>
      </trkpt>
      <trkpt lat="25.038313949480653" lon="121.77473545074463">
        <ele>176.51</ele>
      </trkpt>
      <trkpt lat="25.03846381790936" lon="121.77488540299237">
        <ele>176.15</ele>
      </trkpt>
      <trkpt lat="25.03861427307129" lon="121.7750358581543">
        <ele>175.87</ele>
      </trkpt>
      <trkpt lat="25.03887176513672" lon="121.77522897720337">
        <ele>175.57</ele>
      </trkpt>
      <trkpt lat="25.03910788334906" lon="121.7753791809082">
        <ele>175.37</ele>
      </trkpt>
      <trkpt lat="25.039257667958736" lon="121.77547540515661">
        <ele>175.25</ele>
      </trkpt>
      <trkpt lat="25.03940829075873" lon="121.77557229995728">
        <ele>175.16</ele>
      </trkpt>
      <trkpt lat="25.039537036791444" lon="121.77563667297363">
        <ele>175.08</ele>
      </trkpt>
      <trkpt lat="25.039686737582088" lon="121.77572225220501">
        <ele>175.03</ele>
      </trkpt>
      <trkpt lat="25.03983736038208" lon="121.77580833435059">
        <ele>175.03</ele>
      </trkpt>
      <trkpt lat="25.040009105578065" lon="121.77589416503906">
        <ele>175.11</ele>
      </trkpt>
      <trkpt lat="25.040202140808105" lon="121.77602291107178">
        <ele>175.31</ele>
      </trkpt>
      <trkpt lat="25.04037346690893" lon="121.7761942371726">
        <ele>175.64</ele>
      </trkpt>
      <trkpt lat="25.04054546356201" lon="121.77636623382568">
        <ele>175.9</ele>
      </trkpt>
      <trkpt lat="25.040545547381043" lon="121.77636623382568">
        <ele>176.24</ele>
      </trkpt>
      <trkpt lat="25.040674041956663" lon="121.77648399956524">
        <ele>176.61</ele>
      </trkpt>
      <trkpt lat="25.040803039446473" lon="121.776602268219">
        <ele>177.03</ele>
      </trkpt>
      <trkpt lat="25.040920805186033" lon="121.77673076279461">
        <ele>177.52</ele>
      </trkpt>
      <trkpt lat="25.041038990020752" lon="121.77685976028442">
        <ele>178.04</ele>
      </trkpt>
      <trkpt lat="25.04110344685614" lon="121.77704223431647">
        <ele>178.66</ele>
      </trkpt>
      <trkpt lat="25.0411678198725" lon="121.77722454071045">
        <ele>179.29</ele>
      </trkpt>
      <trkpt lat="25.04107117652893" lon="121.77739611826837">
        <ele>180.1</ele>
      </trkpt>
      <trkpt lat="25.040974617004395" lon="121.77756786346436">
        <ele>180.97</ele>
      </trkpt>
      <trkpt lat="25.040931701660156" lon="121.77763223648071">
        <ele>181.95</ele>
      </trkpt>
      <trkpt lat="25.04084587097168" lon="121.77769660949707">
        <ele>183.07</ele>
      </trkpt>
      <trkpt lat="25.04070664756" lon="121.77780364640057">
        <ele>184.24</ele>
      </trkpt>
      <trkpt lat="25.04056692123413" lon="121.77791118621826">
        <ele>185.41</ele>
      </trkpt>
      <trkpt lat="25.040395259857178" lon="121.7780613899231">
        <ele>186.56</ele>
      </trkpt>
      <trkpt lat="25.040266513824463" lon="121.77823305130005">
        <ele>187.69</ele>
      </trkpt>
      <trkpt lat="25.04011631011963" lon="121.77846908569336">
        <ele>188.74</ele>
      </trkpt>
      <trkpt lat="25.039998292922974" lon="121.7786621209234">
        <ele>189.91</ele>
      </trkpt>
      <trkpt lat="25.03988027572632" lon="121.7788553237915">
        <ele>191.17</ele>
      </trkpt>
      <trkpt lat="25.039794445037842" lon="121.77898406982422">
        <ele>192.41</ele>
      </trkpt>
      <trkpt lat="25.039590848609805" lon="121.77920904010534">
        <ele>193.74</ele>
      </trkpt>
      <trkpt lat="25.03938725218177" lon="121.77943401038647">
        <ele>195.06</ele>
      </trkpt>
      <trkpt lat="25.03918365575373" lon="121.77965906448662">
        <ele>196.27</ele>
      </trkpt>
      <trkpt lat="25.038979053497314" lon="121.77988529205322">
        <ele>197.31</ele>
      </trkpt>
      <trkpt lat="25.038979137316346" lon="121.77988529205322">
        <ele>198.4</ele>
      </trkpt>
      <trkpt lat="25.0388503074646" lon="121.78001403808594">
        <ele>199.52</ele>
      </trkpt>
      <trkpt lat="25.038700103759766" lon="121.78012132644653">
        <ele>200.52</ele>
      </trkpt>
      <trkpt lat="25.038549983873963" lon="121.78009986877441">
        <ele>201.61</ele>
      </trkpt>
      <trkpt lat="25.038442611694336" lon="121.78005695343018">
        <ele>202.62</ele>
      </trkpt>
      <trkpt lat="25.038249576464295" lon="121.7799711227417">
        <ele>203.61</ele>
      </trkpt>
      <trkpt lat="25.038049668073654" lon="121.77980692125857">
        <ele>204.58</ele>
      </trkpt>
      <trkpt lat="25.037849843502045" lon="121.77964271977544">
        <ele>205.43</ele>
      </trkpt>
      <trkpt lat="25.03764876164496" lon="121.77947759628296">
        <ele>206.06</ele>
      </trkpt>
      <trkpt lat="25.037434101104736" lon="121.77934885025024">
        <ele>206.55</ele>
      </trkpt>
      <trkpt lat="25.037262439727783" lon="121.77926301956177">
        <ele>207.08</ele>
      </trkpt>
      <trkpt lat="25.036962032318115" lon="121.77919864654541">
        <ele>207.57</ele>
      </trkpt>
      <trkpt lat="25.03681182861328" lon="121.77917718887329">
        <ele>208.02</ele>
      </trkpt>
      <trkpt lat="25.03665148280561" lon="121.77917710505426">
        <ele>208.38</ele>
      </trkpt>
      <trkpt lat="25.036489963531494" lon="121.77917718887329">
        <ele>208.68</ele>
      </trkpt>
      <trkpt lat="25.03631830215454" lon="121.77919864654541">
        <ele>208.88</ele>
      </trkpt>
      <trkpt lat="25.0361252669245" lon="121.77926301956177">
        <ele>209.1</ele>
      </trkpt>
      <trkpt lat="25.03612518310547" lon="121.77926301956177">
        <ele>209.24</ele>
      </trkpt>
      <trkpt lat="25.035954108461738" lon="121.77930576726794">
        <ele>209.48</ele>
      </trkpt>
      <trkpt lat="25.035781860351562" lon="121.77934885025024">
        <ele>209.79</ele>
      </trkpt>
      <trkpt lat="25.03562151454389" lon="121.77938086912036">
        <ele>209.96</ele>
      </trkpt>
      <trkpt lat="25.035459995269775" lon="121.7794132232666">
        <ele>209.99</ele>
      </trkpt>
      <trkpt lat="25.035159587860107" lon="121.77943468093872">
        <ele>209.97</ele>
      </trkpt>
      <trkpt lat="25.034945011138916" lon="121.77943468093872">
        <ele>209.55</ele>
      </trkpt>
      <trkpt lat="25.034644603729248" lon="121.7794132232666">
        <ele>209.23</ele>
      </trkpt>
      <trkpt lat="25.034430027008057" lon="121.77937030792236">
        <ele>208.98</ele>
      </trkpt>
      <trkpt lat="25.03415208309889" lon="121.77928472869098">
        <ele>208.51</ele>
      </trkpt>
      <trkpt lat="25.03387221135199" lon="121.77919864654541">
        <ele>208.03</ele>
      </trkpt>
      <trkpt lat="25.033571803942323" lon="121.77909135818481">
        <ele>207.68</ele>
      </trkpt>
      <trkpt lat="25.033293776214123" lon="121.77899152971804">
        <ele>207.46</ele>
      </trkpt>
      <trkpt lat="25.033015748485923" lon="121.7788917850703">
        <ele>207.24</ele>
      </trkpt>
      <trkpt lat="25.032734870910645" lon="121.77879095077515">
        <ele>206.89</ele>
      </trkpt>
      <trkpt lat="25.032563796266913" lon="121.77874811924994">
        <ele>206.56</ele>
      </trkpt>
      <trkpt lat="25.03239154815674" lon="121.77870512008667">
        <ele>206.23</ele>
      </trkpt>
      <trkpt lat="25.032262802124023" lon="121.77866220474243">
        <ele>206.02</ele>
      </trkpt>
      <trkpt lat="25.032070437446237" lon="121.77866220474243">
        <ele>205.86</ele>
      </trkpt>
      <trkpt lat="25.03187656402588" lon="121.77866220474243">
        <ele>205.91</ele>
      </trkpt>
      <trkpt lat="25.03159761428833" lon="121.77868366241455">
        <ele>206.07</ele>
      </trkpt>
      <trkpt lat="25.03143726848066" lon="121.77872641012073">
        <ele>206.22</ele>
      </trkpt>
      <trkpt lat="25.031275749206543" lon="121.77876949310303">
        <ele>206.46</ele>
      </trkpt>
      <trkpt lat="25.03111531957984" lon="121.77884434349835">
        <ele>206.85</ele>
      </trkpt>
      <trkpt lat="25.030953884124756" lon="121.77891969680786">
        <ele>207.21</ele>
      </trkpt>
      <trkpt lat="25.03080401569605" lon="121.77901592105627">
        <ele>207.76</ele>
      </trkpt>
      <trkpt lat="25.030653476715088" lon="121.77911281585693">
        <ele>208.15</ele>
      </trkpt>
      <trkpt lat="25.03050360828638" lon="121.7792197689414">
        <ele>208.79</ele>
      </trkpt>
      <trkpt lat="25.03035306930542" lon="121.77932739257812">
        <ele>209.78</ele>
      </trkpt>
      <trkpt lat="25.0301175378263" lon="121.77949863485992">
        <ele>211.02</ele>
      </trkpt>
      <trkpt lat="25.02988209016621" lon="121.77966987714171">
        <ele>212.37</ele>
      </trkpt>
      <trkpt lat="25.02964496612549" lon="121.77984237670898">
        <ele>214.13</ele>
      </trkpt>
      <trkpt lat="25.02938806079328" lon="121.78001353517175">
        <ele>216.33</ele>
      </trkpt>
      <trkpt lat="25.029131239280105" lon="121.78018477745354">
        <ele>218.52</ele>
      </trkpt>
      <trkpt lat="25.0288724899292" lon="121.78035736083984">
        <ele>220.55</ele>
      </trkpt>
      <trkpt lat="25.02859354019165" lon="121.78046464920044">
        <ele>223.04</ele>
      </trkpt>
      <trkpt lat="25.02835750579834" lon="121.78055047988892">
        <ele>225.82</ele>
      </trkpt>
      <trkpt lat="25.02807855606079" lon="121.78061485290527">
        <ele>228.67</ele>
      </trkpt>
      <trkpt lat="25.027906894683838" lon="121.78061485290527">
        <ele>231.71</ele>
      </trkpt>
      <trkpt lat="25.02763330936432" lon="121.78060630336404">
        <ele>234.92</ele>
      </trkpt>
      <trkpt lat="25.02735980786383" lon="121.7805977538228">
        <ele>238.51</ele>
      </trkpt>
      <trkpt lat="25.027086222544312" lon="121.78058920428157">
        <ele>242.5</ele>
      </trkpt>
      <trkpt lat="25.026812721043825" lon="121.78058065474033">
        <ele>246.71</ele>
      </trkpt>
      <trkpt lat="25.026533603668213" lon="121.78057193756104">
        <ele>251.13</ele>
      </trkpt>
      <trkpt lat="25.026330510154366" lon="121.78056120872498">
        <ele>255.76</ele>
      </trkpt>
      <trkpt lat="25.02612590789795" lon="121.78055047988892">
        <ele>260.66</ele>
      </trkpt>
      <trkpt lat="25.02595491707325" lon="121.78058249875903">
        <ele>265.76</ele>
      </trkpt>
      <trkpt lat="25.025782585144043" lon="121.78061485290527">
        <ele>271.19</ele>
      </trkpt>
      <trkpt lat="25.02556800842285" lon="121.78070068359375">
        <ele>277.11</ele>
      </trkpt>
      <trkpt lat="25.0253963470459" lon="121.78080797195435">
        <ele>283.29</ele>
      </trkpt>
      <trkpt lat="25.025224685668945" lon="121.7809796333313">
        <ele>289.54</ele>
      </trkpt>
      <trkpt lat="25.025031566619873" lon="121.78119421005249">
        <ele>295.57</ele>
      </trkpt>
      <trkpt lat="25.024892007932067" lon="121.78150543011725">
        <ele>301.83</ele>
      </trkpt>
      <trkpt lat="25.024752616882324" lon="121.78181648254395">
        <ele>308.78</ele>
      </trkpt>
      <trkpt lat="25.02461171709001" lon="121.78211806342006">
        <ele>315.63</ele>
      </trkpt>
      <trkpt lat="25.024470817297697" lon="121.78241964429617">
        <ele>322.54</ele>
      </trkpt>
      <trkpt lat="25.024329917505383" lon="121.78272130899131">
        <ele>329.65</ele>
      </trkpt>
      <trkpt lat="25.02418901771307" lon="121.78302288986742">
        <ele>336.66</ele>
      </trkpt>
      <trkpt lat="25.024048201739788" lon="121.78332447074354">
        <ele>343.11</ele>
      </trkpt>
      <trkpt lat="25.023907301947474" lon="121.78362613543868">
        <ele>349.2</ele>
      </trkpt>
      <trkpt lat="25.02376640215516" lon="121.78392771631479">
        <ele>355.03</ele>
      </trkpt>
      <trkpt lat="25.023625502362847" lon="121.7842292971909">
        <ele>360.39</ele>
      </trkpt>
      <trkpt lat="25.023484686389565" lon="121.78453096188605">
        <ele>365.44</ele>
      </trkpt>
      <trkpt lat="25.023343786597252" lon="121.78483254276216">
        <ele>370.63</ele>
      </trkpt>
      <trkpt lat="25.02320288680494" lon="121.78513412363827">
        <ele>375.5</ele>
      </trkpt>
      <trkpt lat="25.023061987012625" lon="121.78543578833342">
        <ele>380.15</ele>
      </trkpt>
      <trkpt lat="25.02292108722031" lon="121.78573736920953">
        <ele>384.49</ele>
      </trkpt>
      <trkpt lat="25.02278027124703" lon="121.78603895008564">
        <ele>388.43</ele>
      </trkpt>
      <trkpt lat="25.022639371454716" lon="121.78634061478078">
        <ele>391.71</ele>
      </trkpt>
      <trkpt lat="25.022498471662402" lon="121.7866421956569">
        <ele>394.02</ele>
      </trkpt>
      <trkpt lat="25.02235757187009" lon="121.78694377653301">
        <ele>395.66</ele>
      </trkpt>
      <trkpt lat="25.022216755896807" lon="121.78724535740912">
        <ele>396.52</ele>
      </trkpt>
      <trkpt lat="25.022075856104493" lon="121.78754702210426">
        <ele>396.8</ele>
      </trkpt>
      <trkpt lat="25.02193495631218" lon="121.78784860298038">
        <ele>396.43</ele>
      </trkpt>
      <trkpt lat="25.021794056519866" lon="121.78815018385649">
        <ele>395.59</ele>
      </trkpt>
      <trkpt lat="25.021653156727552" lon="121.78845184855163">
        <ele>393.99</ele>
      </trkpt>
      <trkpt lat="25.02151234075427" lon="121.78875342942774">
        <ele>391.24</ele>
      </trkpt>
      <trkpt lat="25.021371440961957" lon="121.78905501030385">
        <ele>387.36</ele>
      </trkpt>
      <trkpt lat="25.021230541169643" lon="121.78935659117997">
        <ele>382.59</ele>
      </trkpt>
      <trkpt lat="25.02108964137733" lon="121.78965825587511">
        <ele>377.44</ele>
      </trkpt>
      <trkpt lat="25.020948825404048" lon="121.78995983675122">
        <ele>371.94</ele>
      </trkpt>
      <trkpt lat="25.020807925611734" lon="121.79026141762733">
        <ele>366.02</ele>
      </trkpt>
      <trkpt lat="25.02066702581942" lon="121.79056299850345">
        <ele>359.74</ele>
      </trkpt>
      <trkpt lat="25.020526126027107" lon="121.79086466319859">
        <ele>352.94</ele>
      </trkpt>
      <trkpt lat="25.020385226234794" lon="121.7911662440747">
        <ele>345.68</ele>
      </trkpt>
      <trkpt lat="25.020244410261512" lon="121.79146782495081">
        <ele>338.17</ele>
      </trkpt>
      <trkpt lat="25.0201035104692" lon="121.79176940582693">
        <ele>330.3</ele>
      </trkpt>
      <trkpt lat="25.019962610676885" lon="121.79207107052207">
        <ele>322.24</ele>
      </trkpt>
      <trkpt lat="25.01982171088457" lon="121.79237265139818">
        <ele>314.1</ele>
      </trkpt>
      <trkpt lat="25.01968089491129" lon="121.7926742322743">
        <ele>305.73</ele>
      </trkpt>
      <trkpt lat="25.019539995118976" lon="121.7929758131504">
        <ele>297.29</ele>
      </trkpt>
      <trkpt lat="25.019399095326662" lon="121.79327739402652">
        <ele>289.0</ele>
      </trkpt>
      <trkpt lat="25.019259452819824" lon="121.79357528686523">
        <ele>280.81</ele>
      </trkpt>
      <trkpt lat="25.019173622131348" lon="121.79381132125854">
        <ele>272.88</ele>
      </trkpt>
      <trkpt lat="25.019109332934022" lon="121.79413318634033">
        <ele>265.19</ele>
      </trkpt>
      <trkpt lat="25.019087875261903" lon="121.7943263053894">
        <ele>257.8</ele>
      </trkpt>
      <trkpt lat="25.019109332934022" lon="121.79463786073029">
        <ele>250.65</ele>
      </trkpt>
      <trkpt lat="25.01913079060614" lon="121.79494857788086">
        <ele>243.68</ele>
      </trkpt>
      <trkpt lat="25.01911997795105" lon="121.79516340605915">
        <ele>236.96</ele>
      </trkpt>
      <trkpt lat="25.01910924911499" lon="121.79537773132324">
        <ele>230.48</ele>
      </trkpt>
      <trkpt lat="25.019066333770752" lon="121.79563522338867">
        <ele>224.28</ele>
      </trkpt>
      <trkpt lat="25.018937587738037" lon="121.79584980010986">
        <ele>218.16</ele>
      </trkpt>
      <trkpt lat="25.01887321472168" lon="121.79595708847046">
        <ele>212.44</ele>
      </trkpt>
      <trkpt lat="25.018787384033203" lon="121.79604291915894">
        <ele>206.99</ele>
      </trkpt>
      <trkpt lat="25.018594348803163" lon="121.79619312286377">
        <ele>201.76</ele>
      </trkpt>
      <trkpt lat="25.01859426498413" lon="121.79619312286377">
        <ele>196.95</ele>
      </trkpt>
      <trkpt lat="25.018387399613857" lon="121.79630007594824">
        <ele>192.29</ele>
      </trkpt>
      <trkpt lat="25.018180618062615" lon="121.79640702903271">
        <ele>187.97</ele>
      </trkpt>
      <trkpt lat="25.017971992492676" lon="121.79651498794556">
        <ele>184.03</ele>
      </trkpt>
      <trkpt lat="25.01783285290003" lon="121.79660056717694">
        <ele>180.35</ele>
      </trkpt>
      <trkpt lat="25.017693042755127" lon="121.79668664932251">
        <ele>176.86</ele>
      </trkpt>
      <trkpt lat="25.017564296722412" lon="121.7967939376831">
        <ele>173.63</ele>
      </trkpt>
      <trkpt lat="25.017457008361816" lon="121.79694414138794">
        <ele>170.64</ele>
      </trkpt>
      <trkpt lat="25.017349803820252" lon="121.79711580276489">
        <ele>167.77</ele>
      </trkpt>
      <trkpt lat="25.017263889312744" lon="121.79730892181396">
        <ele>165.05</ele>
      </trkpt>
      <trkpt lat="25.017199432477355" lon="121.79750212468207">
        <ele>162.53</ele>
      </trkpt>
      <trkpt lat="25.01713522709906" lon="121.79769515991211">
        <ele>160.26</ele>
      </trkpt>
      <trkpt lat="25.017049312591553" lon="121.79798148572445">
        <ele>158.15</ele>
      </trkpt>
      <trkpt lat="25.016963398084044" lon="121.79826781153679">
        <ele>156.22</ele>
      </trkpt>
      <trkpt lat="25.01687773503363" lon="121.79855346679688">
        <ele>154.32</ele>
      </trkpt>
      <trkpt lat="25.0168776512146" lon="121.79855346679688">
        <ele>152.75</ele>
      </trkpt>
      <trkpt lat="25.016813362017274" lon="121.79878950119019">
        <ele>151.15</ele>
      </trkpt>
      <trkpt lat="25.016732728108764" lon="121.79904179647565">
        <ele>149.7</ele>
      </trkpt>
      <trkpt lat="25.016652178019285" lon="121.79929417558014">
        <ele>148.51</ele>
      </trkpt>
      <trkpt lat="25.016571627929807" lon="121.79954647086561">
        <ele>147.56</ele>
      </trkpt>
      <trkpt lat="25.016491413116455" lon="121.79979801177979">
        <ele>146.65</ele>
      </trkpt>
      <trkpt lat="25.016448497772217" lon="121.80001258850098">
        <ele>145.57</ele>
      </trkpt>
      <trkpt lat="25.01640558242798" lon="121.80035591125488">
        <ele>144.53</ele>
      </trkpt>
      <trkpt lat="25.016427040100098" lon="121.80057048797607">
        <ele>143.59</ele>
      </trkpt>
      <trkpt lat="25.016469955444336" lon="121.80087089538574">
        <ele>142.56</ele>
      </trkpt>
      <trkpt lat="25.016512870788574" lon="121.80108547210693">
        <ele>141.46</ele>
      </trkpt>
      <trkpt lat="25.01659870147705" lon="121.801278591156">
        <ele>140.47</ele>
      </trkpt>
      <trkpt lat="25.016705989837646" lon="121.80147171020508">
        <ele>139.59</ele>
      </trkpt>
      <trkpt lat="25.0168776512146" lon="121.80166482925415">
        <ele>138.77</ele>
      </trkpt>
      <trkpt lat="25.017049312591553" lon="121.8018364906311">
        <ele>137.84</ele>
      </trkpt>
      <trkpt lat="25.017199516296387" lon="121.8019437789917">
        <ele>137.0</ele>
      </trkpt>
      <trkpt lat="25.01739213243127" lon="121.80206146091223">
        <ele>136.16</ele>
      </trkpt>
      <trkpt lat="25.017585838213563" lon="121.80217981338501">
        <ele>135.32</ele>
      </trkpt>
      <trkpt lat="25.017853220924735" lon="121.80232951417565">
        <ele>134.35</ele>
      </trkpt>
      <trkpt lat="25.01812228001654" lon="121.80248022079468">
        <ele>133.59</ele>
      </trkpt>
      <trkpt lat="25.0183367729187" lon="121.80260896682739">
        <ele>132.96</ele>
      </trkpt>
      <trkpt lat="25.018508434295654" lon="121.80275917053223">
        <ele>132.36</ele>
      </trkpt>
      <trkpt lat="25.01863718032837" lon="121.80288791656494">
        <ele>131.77</ele>
      </trkpt>
      <trkpt lat="25.018744468688965" lon="121.80303812026978">
        <ele>131.18</ele>
      </trkpt>
      <trkpt lat="25.01885175704956" lon="121.80325269699097">
        <ele>130.53</ele>
      </trkpt>
      <trkpt lat="25.018937587738037" lon="121.80348873138428">
        <ele>129.82</ele>
      </trkpt>
      <trkpt lat="25.018980503082275" lon="121.80370330810547">
        <ele>129.05</ele>
      </trkpt>
      <trkpt lat="25.019001960754395" lon="121.80393934249878">
        <ele>128.27</ele>
      </trkpt>
      <trkpt lat="25.018959045410156" lon="121.80415391921997">
        <ele>127.52</ele>
      </trkpt>
      <trkpt lat="25.018873130902648" lon="121.80446170270443">
        <ele>126.82</ele>
      </trkpt>
      <trkpt lat="25.01878721639514" lon="121.80476957000792">
        <ele>126.04</ele>
      </trkpt>
      <trkpt lat="25.018701553344727" lon="121.8050765991211">
        <ele>125.11</ele>
      </trkpt>
      <trkpt lat="25.01865863800049" lon="121.80529117584229">
        <ele>124.33</ele>
      </trkpt>
      <trkpt lat="25.01865863800049" lon="121.80548429489136">
        <ele>123.66</ele>
      </trkpt>
      <trkpt lat="25.018680095672607" lon="121.80569887161255">
        <ele>122.93</ele>
      </trkpt>
      <trkpt lat="25.018744468688965" lon="121.80591344833374">
        <ele>122.05</ele>
      </trkpt>
      <trkpt lat="25.01885175704956" lon="121.80612802505493">
        <ele>121.04</ele>
      </trkpt>
      <trkpt lat="25.018980503082275" lon="121.80629968643188">
        <ele>119.97</ele>
      </trkpt>
      <trkpt lat="25.01919474452734" lon="121.80653102695942">
        <ele>118.64</ele>
      </trkpt>
      <trkpt lat="25.019408985972404" lon="121.80676245130599">
        <ele>117.24</ele>
      </trkpt>
      <trkpt lat="25.0196233112365" lon="121.80699387565255">
        <ele>115.92</ele>
      </trkpt>
      <trkpt lat="25.019837552681565" lon="121.80722529999912">
        <ele>114.85</ele>
      </trkpt>
      <trkpt lat="25.020053386688232" lon="121.80745840072632">
        <ele>114.0</ele>
      </trkpt>
      <trkpt lat="25.020246505737305" lon="121.80771589279175">
        <ele>113.11</ele>
      </trkpt>
      <trkpt lat="25.02039670944214" lon="121.80800557136536">
        <ele>111.95</ele>
      </trkpt>
      <trkpt lat="25.020546913146973" lon="121.80829524993896">
        <ele>110.51</ele>
      </trkpt>
      <trkpt lat="25.02062201499939" lon="121.80847772397101">
        <ele>109.19</ele>
      </trkpt>
      <trkpt lat="25.020697116851807" lon="121.80866003036499">
        <ele>107.92</ele>
      </trkpt>
      <trkpt lat="25.020761489868164" lon="121.8088532332331">
        <ele>106.59</ele>
      </trkpt>
      <trkpt lat="25.02082586288452" lon="121.80904626846313">
        <ele>105.27</ele>
      </trkpt>
      <trkpt lat="25.02086877822876" lon="121.80923955515027">
        <ele>103.93</ele>
      </trkpt>
      <trkpt lat="25.020911693572998" lon="121.80943250656128">
        <ele>102.6</ele>
      </trkpt>
      <trkpt lat="25.020943880081177" lon="121.8096043355763">
        <ele>101.26</ele>
      </trkpt>
      <trkpt lat="25.020976066589355" lon="121.80977582931519">
        <ele>99.92</ele>
      </trkpt>
      <trkpt lat="25.020997524261475" lon="121.81009769439697">
        <ele>98.65</ele>
      </trkpt>
      <trkpt lat="25.020986795425415" lon="121.81034479290247">
        <ele>97.52</ele>
      </trkpt>
      <trkpt lat="25.020976150408387" lon="121.81059122085571">
        <ele>96.38</ele>
      </trkpt>
      <trkpt lat="25.020976150408387" lon="121.81088668294251">
        <ele>95.22</ele>
      </trkpt>
      <trkpt lat="25.020976150408387" lon="121.8111821450293">
        <ele>94.03</ele>
      </trkpt>
      <trkpt lat="25.020976150408387" lon="121.8114776071161">
        <ele>92.83</ele>
      </trkpt>
      <trkpt lat="25.020976150408387" lon="121.81177139282227">
        <ele>91.73</ele>
      </trkpt>
      <trkpt lat="25.02096894197166" lon="121.81207221932709">
        <ele>90.65</ele>
      </trkpt>
      <trkpt lat="25.020961817353964" lon="121.81237304583192">
        <ele>89.59</ele>
      </trkpt>
      <trkpt lat="25.020954692736268" lon="121.81267261505127">
        <ele>88.54</ele>
      </trkpt>
      <trkpt lat="25.020965337753296" lon="121.81295190006495">
        <ele>87.62</ele>
      </trkpt>
      <trkpt lat="25.020976066589355" lon="121.81323051452637">
        <ele>86.79</ele>
      </trkpt>
      <trkpt lat="25.020997524261475" lon="121.8134346138686">
        <ele>86.1</ele>
      </trkpt>
      <trkpt lat="25.021019065752625" lon="121.81363821029663">
        <ele>85.45</ele>
      </trkpt>
      <trkpt lat="25.021061897277832" lon="121.81385278701782">
        <ele>84.91</ele>
      </trkpt>
      <trkpt lat="25.02112627029419" lon="121.81406736373901">
        <ele>84.45</ele>
      </trkpt>
      <trkpt lat="25.021233558654785" lon="121.8142819404602">
        <ele>84.08</ele>
      </trkpt>
      <trkpt lat="25.02136238850653" lon="121.81447505950928">
        <ele>83.82</ele>
      </trkpt>
      <trkpt lat="25.021533966064453" lon="121.81464672088623">
        <ele>83.64</ele>
      </trkpt>
      <trkpt lat="25.021727085113525" lon="121.81479692459106">
        <ele>83.39</ele>
      </trkpt>
      <trkpt lat="25.021940991282463" lon="121.81492525152862">
        <ele>83.14</ele>
      </trkpt>
      <trkpt lat="25.022154981270432" lon="121.81505366228521">
        <ele>82.95</ele>
      </trkpt>
      <trkpt lat="25.022368971258402" lon="121.8151820730418">
        <ele>82.86</ele>
      </trkpt>
      <trkpt lat="25.02258539199829" lon="121.81531190872192">
        <ele>82.84</ele>
      </trkpt>
      <trkpt lat="25.0228214263916" lon="121.81552648544312">
        <ele>82.85</ele>
      </trkpt>
      <trkpt lat="25.022928714752197" lon="121.81567668914795">
        <ele>82.77</ele>
      </trkpt>
      <trkpt lat="25.0230251904577" lon="121.81583753786981">
        <ele>82.56</ele>
      </trkpt>
      <trkpt lat="25.02312183380127" lon="121.81599855422974">
        <ele>82.41</ele>
      </trkpt>
      <trkpt lat="25.023229122161865" lon="121.81623458862305">
        <ele>82.35</ele>
      </trkpt>
      <trkpt lat="25.023304307833314" lon="121.81650306098163">
        <ele>82.51</ele>
      </trkpt>
      <trkpt lat="25.02337940968573" lon="121.81677103042603">
        <ele>82.61</ele>
      </trkpt>
      <trkpt lat="25.023453002795577" lon="121.81708090938628">
        <ele>82.44</ele>
      </trkpt>
      <trkpt lat="25.023526679724455" lon="121.81739087216556">
        <ele>82.12</ele>
      </trkpt>
      <trkpt lat="25.0236002728343" lon="121.81770083494484">
        <ele>81.93</ele>
      </trkpt>
      <trkpt lat="25.02367394976318" lon="121.8180107139051">
        <ele>81.76</ele>
      </trkpt>
      <trkpt lat="25.023747542873025" lon="121.81832067668438">
        <ele>81.57</ele>
      </trkpt>
      <trkpt lat="25.023821219801903" lon="121.81863063946366">
        <ele>81.37</ele>
      </trkpt>
      <trkpt lat="25.02389430999756" lon="121.81893825531006">
        <ele>81.26</ele>
      </trkpt>
      <trkpt lat="25.02399447374046" lon="121.81923883035779">
        <ele>81.18</ele>
      </trkpt>
      <trkpt lat="25.02409472130239" lon="121.81953948922455">
        <ele>80.98</ele>
      </trkpt>
      <trkpt lat="25.02419480122626" lon="121.81983947753906">
        <ele>80.7</ele>
      </trkpt>
      <trkpt lat="25.024194717407227" lon="121.81983947753906">
        <ele>80.36</ele>
      </trkpt>
      <trkpt lat="25.024280548095703" lon="121.8200755957514">
        <ele>79.85</ele>
      </trkpt>
      <trkpt lat="25.02436637878418" lon="121.82031154632568">
        <ele>79.12</ele>
      </trkpt>
      <trkpt lat="25.0244880001992" lon="121.82057624682784">
        <ele>78.5</ele>
      </trkpt>
      <trkpt lat="25.024609621614218" lon="121.82084094733">
        <ele>78.04</ele>
      </trkpt>
      <trkpt lat="25.024731243029237" lon="121.82110548019409">
        <ele>77.55</ele>
      </trkpt>
      <trkpt lat="25.024731159210205" lon="121.82110548019409">
        <ele>77.07</ele>
      </trkpt>
      <trkpt lat="25.02482419833541" lon="121.82132014073431">
        <ele>76.56</ele>
      </trkpt>
      <trkpt lat="25.024917237460613" lon="121.82153480127454">
        <ele>76.03</ele>
      </trkpt>
      <trkpt lat="25.025010192766786" lon="121.82174921035767">
        <ele>75.46</ele>
      </trkpt>
      <trkpt lat="25.025010108947754" lon="121.82174921035767">
        <ele>74.95</ele>
      </trkpt>
      <trkpt lat="25.02511748112738" lon="121.82202816009521">
        <ele>74.39</ele>
      </trkpt>
      <trkpt lat="25.0251925829798" lon="121.82218909263611">
        <ele>73.86</ele>
      </trkpt>
      <trkpt lat="25.025267684832215" lon="121.822350025177">
        <ele>73.33</ele>
      </trkpt>
      <trkpt lat="25.025389306247234" lon="121.82263266295195">
        <ele>72.78</ele>
      </trkpt>
      <trkpt lat="25.025510927662253" lon="121.82291530072689">
        <ele>72.24</ele>
      </trkpt>
      <trkpt lat="25.025632549077272" lon="121.82319793850183">
        <ele>71.76</ele>
      </trkpt>
      <trkpt lat="25.025754254311323" lon="121.82348057627678">
        <ele>71.3</ele>
      </trkpt>
      <trkpt lat="25.025875875726342" lon="121.82376321405172">
        <ele>70.79</ele>
      </trkpt>
      <trkpt lat="25.025997245684266" lon="121.82404518127441">
        <ele>70.3</ele>
      </trkpt>
      <trkpt lat="25.026097409427166" lon="121.82426696643233">
        <ele>69.86</ele>
      </trkpt>
      <trkpt lat="25.026197573170066" lon="121.82448875159025">
        <ele>69.42</ele>
      </trkpt>
      <trkpt lat="25.026297653093934" lon="121.82471036911011">
        <ele>69.0</ele>
      </trkpt>
      <trkpt lat="25.026409216225147" lon="121.82497221976519">
        <ele>68.58</ele>
      </trkpt>
      <trkpt lat="25.026520863175392" lon="121.8252341542393">
        <ele>68.18</ele>
      </trkpt>
      <trkpt lat="25.026632510125637" lon="121.82549600489438">
        <ele>67.79</ele>
      </trkpt>
      <trkpt lat="25.026744157075882" lon="121.82575793936849">
        <ele>67.42</ele>
      </trkpt>
      <trkpt lat="25.02685555256903" lon="121.82601928710938">
        <ele>67.04</ele>
      </trkpt>
      <trkpt lat="25.026952112093568" lon="121.82623386383057">
        <ele>66.68</ele>
      </trkpt>
      <trkpt lat="25.027048671618104" lon="121.82644844055176">
        <ele>66.33</ele>
      </trkpt>
      <trkpt lat="25.0271559599787" lon="121.82669528760016">
        <ele>65.92</ele>
      </trkpt>
      <trkpt lat="25.027263332158327" lon="121.82694213464856">
        <ele>65.46</ele>
      </trkpt>
      <trkpt lat="25.027370620518923" lon="121.82718898169696">
        <ele>64.99</ele>
      </trkpt>
      <trkpt lat="25.027477825060487" lon="121.82743549346924">
        <ele>64.55</ele>
      </trkpt>
      <trkpt lat="25.027477741241455" lon="121.82743549346924">
        <ele>64.15</ele>
      </trkpt>
      <trkpt lat="25.027597350999713" lon="121.82771142572165">
        <ele>63.73</ele>
      </trkpt>
      <trkpt lat="25.02771696075797" lon="121.82798744179308">
        <ele>63.34</ele>
      </trkpt>
      <trkpt lat="25.02783657051623" lon="121.82826345786452">
        <ele>62.91</ele>
      </trkpt>
      <trkpt lat="25.027956180274487" lon="121.82853947393596">
        <ele>62.48</ele>
      </trkpt>
      <trkpt lat="25.028075790032744" lon="121.82881540618837">
        <ele>62.01</ele>
      </trkpt>
      <trkpt lat="25.028195399791002" lon="121.82909142225981">
        <ele>61.53</ele>
      </trkpt>
      <trkpt lat="25.028314674273133" lon="121.82936668395996">
        <ele>61.02</ele>
      </trkpt>
      <trkpt lat="25.0283145904541" lon="121.82936668395996">
        <ele>60.54</ele>
      </trkpt>
      <trkpt lat="25.028443336486816" lon="121.82966005057096">
        <ele>59.98</ele>
      </trkpt>
      <trkpt lat="25.028572166338563" lon="121.82995341718197">
        <ele>59.43</ele>
      </trkpt>
      <trkpt lat="25.02870099619031" lon="121.83024678379297">
        <ele>58.96</ele>
      </trkpt>
      <trkpt lat="25.028829826042056" lon="121.83054015040398">
        <ele>58.48</ele>
      </trkpt>
      <trkpt lat="25.02895857207477" lon="121.83083351701498">
        <ele>57.94</ele>
      </trkpt>
      <trkpt lat="25.029087150469422" lon="121.83112621307373">
        <ele>57.42</ele>
      </trkpt>
      <trkpt lat="25.029215812683105" lon="121.8314266204834">
        <ele>56.83</ele>
      </trkpt>
      <trkpt lat="25.029344642534852" lon="121.83171638287604">
        <ele>56.22</ele>
      </trkpt>
      <trkpt lat="25.029473388567567" lon="121.83200597763062">
        <ele>55.6</ele>
      </trkpt>
      <trkpt lat="25.029580676928163" lon="121.83225282467902">
        <ele>55.0</ele>
      </trkpt>
      <trkpt lat="25.02968796528876" lon="121.83249950408936">
        <ele>54.47</ele>
      </trkpt>
      <trkpt lat="25.029788045212626" lon="121.8327356223017">
        <ele>53.89</ele>
      </trkpt>
      <trkpt lat="25.029888208955526" lon="121.83297174051404">
        <ele>53.28</ele>
      </trkpt>
      <trkpt lat="25.029988288879395" lon="121.83320760726929">
        <ele>52.69</ele>
      </trkpt>
      <trkpt lat="25.030102701857686" lon="121.83347230777144">
        <ele>52.12</ele>
      </trkpt>
      <trkpt lat="25.03021719865501" lon="121.83373709209263">
        <ele>51.52</ele>
      </trkpt>
      <trkpt lat="25.0303316116333" lon="121.8340015411377">
        <ele>50.94</ele>
      </trkpt>
      <trkpt lat="25.030395984649658" lon="121.83419466018677">
        <ele>50.32</ele>
      </trkpt>
      <trkpt lat="25.030449628829956" lon="121.83442013338208">
        <ele>49.76</ele>
      </trkpt>
      <trkpt lat="25.030503273010254" lon="121.83464527130127">
        <ele>49.3</ele>
      </trkpt>
      <trkpt lat="25.030546188354492" lon="121.83496755547822">
        <ele>48.98</ele>
      </trkpt>
      <trkpt lat="25.03058910369873" lon="121.83528900146484">
        <ele>48.69</ele>
      </trkpt>
      <trkpt lat="25.030653476715088" lon="121.83558940887451">
        <ele>48.37</ele>
      </trkpt>
      <trkpt lat="25.030739307403564" lon="121.83584690093994">
        <ele>48.06</ele>
      </trkpt>
      <trkpt lat="25.03084659576416" lon="121.83603993616998">
        <ele>47.78</ele>
      </trkpt>
      <trkpt lat="25.030953967943788" lon="121.83623313903809">
        <ele>47.54</ele>
      </trkpt>
      <trkpt lat="25.03106117248535" lon="121.83640480041504">
        <ele>47.33</ele>
      </trkpt>
      <trkpt lat="25.031190002337098" lon="121.83655500411987">
        <ele>47.15</ele>
      </trkpt>
      <trkpt lat="25.03135420382023" lon="121.83671208098531">
        <ele>46.97</ele>
      </trkpt>
      <trkpt lat="25.03151840530336" lon="121.83686915785074">
        <ele>46.81</ele>
      </trkpt>
      <trkpt lat="25.03168352879584" lon="121.8370270729065">
        <ele>46.72</ele>
      </trkpt>
      <trkpt lat="25.03189768642187" lon="121.83723050169647">
        <ele>46.7</ele>
      </trkpt>
      <trkpt lat="25.032111844047904" lon="121.83743401430547">
        <ele>46.66</ele>
      </trkpt>
      <trkpt lat="25.03232608549297" lon="121.83763752691448">
        <ele>46.54</ele>
      </trkpt>
      <trkpt lat="25.032541751861572" lon="121.83784246444702">
        <ele>46.43</ele>
      </trkpt>
      <trkpt lat="25.0327130779624" lon="121.83800306171179">
        <ele>46.38</ele>
      </trkpt>
      <trkpt lat="25.03288507461548" lon="121.83816432952881">
        <ele>46.38</ele>
      </trkpt>
      <trkpt lat="25.03307819366455" lon="121.83837890625">
        <ele>46.4</ele>
      </trkpt>
      <trkpt lat="25.033185314387083" lon="121.83850748464465">
        <ele>46.47</ele>
      </trkpt>
      <trkpt lat="25.033292770385742" lon="121.83863639831543">
        <ele>46.63</ele>
      </trkpt>
      <trkpt lat="25.033442974090576" lon="121.83887243270874">
        <ele>46.96</ele>
      </trkpt>
      <trkpt lat="25.0335609074682" lon="121.8390869256109">
        <ele>47.34</ele>
      </trkpt>
      <trkpt lat="25.033679008483887" lon="121.83930158615112">
        <ele>47.74</ele>
      </trkpt>
      <trkpt lat="25.033807838335633" lon="121.83960207737982">
        <ele>48.11</ele>
      </trkpt>
      <trkpt lat="25.03393666818738" lon="121.83990265242755">
        <ele>48.18</ele>
      </trkpt>
      <trkpt lat="25.034065330401063" lon="121.84020280838013">
        <ele>48.22</ele>
      </trkpt>
      <trkpt lat="25.034194076433778" lon="121.84051402844489">
        <ele>48.29</ele>
      </trkpt>
      <trkpt lat="25.034322822466493" lon="121.84082508087158">
        <ele>48.38</ele>
      </trkpt>
      <trkpt lat="25.03443011082709" lon="121.84103965759277">
        <ele>48.44</ele>
      </trkpt>
      <trkpt lat="25.034537399187684" lon="121.84131156653166">
        <ele>48.53</ele>
      </trkpt>
      <trkpt lat="25.03464468754828" lon="121.84158347547054">
        <ele>48.61</ele>
      </trkpt>
      <trkpt lat="25.034751892089844" lon="121.8418550491333">
        <ele>48.71</ele>
      </trkpt>
      <trkpt lat="25.034816348925233" lon="121.84209125116467">
        <ele>48.86</ele>
      </trkpt>
      <trkpt lat="25.03488072194159" lon="121.84232711791992">
        <ele>49.03</ele>
      </trkpt>
      <trkpt lat="25.03491290844977" lon="121.84254194609821">
        <ele>49.1</ele>
      </trkpt>
      <trkpt lat="25.034945094957948" lon="121.8427562713623">
        <ele>49.13</ele>
      </trkpt>
      <trkpt lat="25.034955739974976" lon="121.84302482753992">
        <ele>49.15</ele>
      </trkpt>
      <trkpt lat="25.034966468811035" lon="121.84329271316528">
        <ele>49.22</ele>
      </trkpt>
      <trkpt lat="25.034945011138916" lon="121.84363603591919">
        <ele>49.29</ele>
      </trkpt>
      <trkpt lat="25.03492363728583" lon="121.84393644332886">
        <ele>49.31</ele>
      </trkpt>
      <trkpt lat="25.034902095794678" lon="121.84417272917926">
        <ele>49.25</ele>
      </trkpt>
      <trkpt lat="25.03488072194159" lon="121.84440851211548">
        <ele>49.18</ele>
      </trkpt>
      <trkpt lat="25.03488063812256" lon="121.84440851211548">
        <ele>49.11</ele>
      </trkpt>
      <trkpt lat="25.034864461049438" lon="121.8446770682931">
        <ele>49.03</ele>
      </trkpt>
      <trkpt lat="25.034848367795348" lon="121.84494570828974">
        <ele>48.95</ele>
      </trkpt>
      <trkpt lat="25.03483227454126" lon="121.84521426446736">
        <ele>48.84</ele>
      </trkpt>
      <trkpt lat="25.0348162651062" lon="121.84548139572144">
        <ele>48.69</ele>
      </trkpt>
      <trkpt lat="25.0348162651062" lon="121.84566403739154">
        <ele>48.5</ele>
      </trkpt>
      <trkpt lat="25.0348162651062" lon="121.84584617614746">
        <ele>48.2</ele>
      </trkpt>
      <trkpt lat="25.0348162651062" lon="121.84603954665363">
        <ele>47.92</ele>
      </trkpt>
      <trkpt lat="25.0348162651062" lon="121.8462324142456">
        <ele>47.65</ele>
      </trkpt>
      <trkpt lat="25.034837806597352" lon="121.84642553329468">
        <ele>47.42</ele>
      </trkpt>
      <trkpt lat="25.03483772277832" lon="121.84642553329468">
        <ele>47.16</ele>
      </trkpt>
      <trkpt lat="25.03488072194159" lon="121.84665109030902">
        <ele>46.88</ele>
      </trkpt>
      <trkpt lat="25.03492363728583" lon="121.84687614440918">
        <ele>46.61</ele>
      </trkpt>
      <trkpt lat="25.034966552630067" lon="121.8471338879317">
        <ele>46.29</ele>
      </trkpt>
      <trkpt lat="25.035009467974305" lon="121.84739171527326">
        <ele>45.98</ele>
      </trkpt>
      <trkpt lat="25.03505229949951" lon="121.84764862060547">
        <ele>45.61</ele>
      </trkpt>
      <trkpt lat="25.03509529866278" lon="121.84797048568726">
        <ele>45.22</ele>
      </trkpt>
      <trkpt lat="25.03511667251587" lon="121.8482494354248">
        <ele>44.86</ele>
      </trkpt>
      <trkpt lat="25.03511667251587" lon="121.84845353476703">
        <ele>44.51</ele>
      </trkpt>
      <trkpt lat="25.0351167563349" lon="121.84865713119507">
        <ele>44.18</ele>
      </trkpt>
      <trkpt lat="25.0351167563349" lon="121.84893608093262">
        <ele>43.88</ele>
      </trkpt>
      <trkpt lat="25.03512748517096" lon="121.84914018027484">
        <ele>43.56</ele>
      </trkpt>
      <trkpt lat="25.03513821400702" lon="121.84934377670288">
        <ele>43.24</ele>
      </trkpt>
      <trkpt lat="25.0351704005152" lon="121.84952633455396">
        <ele>42.91</ele>
      </trkpt>
      <trkpt lat="25.035202587023377" lon="121.8497085571289">
        <ele>42.57</ele>
      </trkpt>
      <trkpt lat="25.035277688875794" lon="121.84992321766913">
        <ele>42.23</ele>
      </trkpt>
      <trkpt lat="25.03535279072821" lon="121.85013771057129">
        <ele>41.89</ele>
      </trkpt>
      <trkpt lat="25.035460079088807" lon="121.85043828561902">
        <ele>41.51</ele>
      </trkpt>
      <trkpt lat="25.035567367449403" lon="121.85073852539062">
        <ele>41.1</ele>
      </trkpt>
      <trkpt lat="25.03561028279364" lon="121.85091018676758">
        <ele>40.75</ele>
      </trkpt>
      <trkpt lat="25.035696113482118" lon="121.8511248473078">
        <ele>40.42</ele>
      </trkpt>
      <trkpt lat="25.035781944170594" lon="121.85133934020996">
        <ele>40.08</ele>
      </trkpt>
      <trkpt lat="25.03586777485907" lon="121.85166120529175">
        <ele>39.7</ele>
      </trkpt>
      <trkpt lat="25.03591069020331" lon="121.85183303430676">
        <ele>39.34</ele>
      </trkpt>
      <trkpt lat="25.035953521728516" lon="121.85200452804565">
        <ele>38.98</ele>
      </trkpt>
      <trkpt lat="25.036017894744873" lon="121.85204744338989">
        <ele>38.66</ele>
      </trkpt>
      <trkpt lat="25.036039352416992" lon="121.85211181640625">
        <ele>38.34</ele>
      </trkpt>
      <trkpt lat="25.03612518310547" lon="121.8522834777832">
        <ele>38.01</ele>
      </trkpt>
      <trkpt lat="25.036189639940858" lon="121.8524980545044">
        <ele>37.74</ele>
      </trkpt>
      <trkpt lat="25.036254012957215" lon="121.85276652686298">
        <ele>37.49</ele>
      </trkpt>
      <trkpt lat="25.036318385973573" lon="121.85303449630737">
        <ele>37.27</ele>
      </trkpt>
      <trkpt lat="25.03640421666205" lon="121.85333490371704">
        <ele>37.08</ele>
      </trkpt>
      <trkpt lat="25.036447132006288" lon="121.85351746156812">
        <ele>36.85</ele>
      </trkpt>
      <trkpt lat="25.036490047350526" lon="121.85369968414307">
        <ele>36.63</ele>
      </trkpt>
      <trkpt lat="25.036575878039002" lon="121.8539931345731">
        <ele>36.35</ele>
      </trkpt>
      <trkpt lat="25.03666179254651" lon="121.85428666882217">
        <ele>36.06</ele>
      </trkpt>
      <trkpt lat="25.03674770705402" lon="121.85458020307124">
        <ele>35.79</ele>
      </trkpt>
      <trkpt lat="25.036833621561527" lon="121.8548737373203">
        <ele>35.52</ele>
      </trkpt>
      <trkpt lat="25.036919536069036" lon="121.85516727156937">
        <ele>35.28</ele>
      </trkpt>
      <trkpt lat="25.037005031481385" lon="121.85545921325684">
        <ele>35.11</ele>
      </trkpt>
      <trkpt lat="25.037058675661683" lon="121.85567395761609">
        <ele>34.93</ele>
      </trkpt>
      <trkpt lat="25.03711231984198" lon="121.85588836669922">
        <ele>34.72</ele>
      </trkpt>
      <trkpt lat="25.03716596402228" lon="121.8560601118952">
        <ele>34.58</ele>
      </trkpt>
      <trkpt lat="25.037219608202577" lon="121.85623168945312">
        <ele>34.47</ele>
      </trkpt>
      <trkpt lat="25.03729118965566" lon="121.85648222453892">
        <ele>34.42</ele>
      </trkpt>
      <trkpt lat="25.037362771108747" lon="121.85673275962472">
        <ele>34.34</ele>
      </trkpt>
      <trkpt lat="25.037434184923768" lon="121.8569827079773">
        <ele>34.35</ele>
      </trkpt>
      <trkpt lat="25.037498557940125" lon="121.85725118033588">
        <ele>34.48</ele>
      </trkpt>
      <trkpt lat="25.03756284713745" lon="121.85751914978027">
        <ele>34.56</ele>
      </trkpt>
      <trkpt lat="25.037562930956483" lon="121.85751914978027">
        <ele>34.59</ele>
      </trkpt>
      <trkpt lat="25.037634512409568" lon="121.85776247642934">
        <ele>34.65</ele>
      </trkpt>
      <trkpt lat="25.037706093862653" lon="121.85800588689744">
        <ele>34.69</ele>
      </trkpt>
      <trkpt lat="25.037777507677674" lon="121.85824871063232">
        <ele>34.73</ele>
      </trkpt>
      <trkpt lat="25.03786333836615" lon="121.85856009833515">
        <ele>34.88</ele>
      </trkpt>
      <trkpt lat="25.037949169054627" lon="121.85887098312378">
        <ele>35.04</ele>
      </trkpt>
      <trkpt lat="25.037992084398866" lon="121.85904264450073">
        <ele>35.17</ele>
      </trkpt>
      <trkpt lat="25.038056457415223" lon="121.85919284820557">
        <ele>35.3</ele>
      </trkpt>
      <trkpt lat="25.03809928894043" lon="121.85942888259888">
        <ele>35.43</ele>
      </trkpt>
      <trkpt lat="25.03809937275946" lon="121.85942888259888">
        <ele>35.61</ele>
      </trkpt>
      <trkpt lat="25.038163661956787" lon="121.85964345932007">
        <ele>35.75</ele>
      </trkpt>
      <trkpt lat="25.03816374577582" lon="121.85964345932007">
        <ele>35.96</ele>
      </trkpt>
      <trkpt lat="25.038224598392844" lon="121.85994420200586">
        <ele>36.09</ele>
      </trkpt>
      <trkpt lat="25.03828545100987" lon="121.86024494469166">
        <ele>36.28</ele>
      </trkpt>
      <trkpt lat="25.038346303626895" lon="121.86054568737745">
        <ele>36.54</ele>
      </trkpt>
      <trkpt lat="25.03840715624392" lon="121.86084643006325">
        <ele>36.87</ele>
      </trkpt>
      <trkpt lat="25.038468008860946" lon="121.86114725656807">
        <ele>37.19</ele>
      </trkpt>
      <trkpt lat="25.038528442382812" lon="121.86144590377808">
        <ele>37.59</ele>
      </trkpt>
      <trkpt lat="25.038528442382812" lon="121.86171445995569">
        <ele>38.03</ele>
      </trkpt>
      <trkpt lat="25.038528442382812" lon="121.86198234558105">
        <ele>38.54</ele>
      </trkpt>
      <trkpt lat="25.03857135772705" lon="121.86222936026752">
        <ele>39.05</ele>
      </trkpt>
      <trkpt lat="25.03861427307129" lon="121.8624758720398">
        <ele>39.41</ele>
      </trkpt>
      <trkpt lat="25.038635730743408" lon="121.86266924254596">
        <ele>39.63</ele>
      </trkpt>
      <trkpt lat="25.038657188415527" lon="121.86286211013794">
        <ele>39.84</ele>
      </trkpt>
      <trkpt lat="25.038678646087646" lon="121.86309814453125">
        <ele>40.04</ele>
      </trkpt>
      <trkpt lat="25.03867143765092" lon="121.86339897103608">
        <ele>40.5</ele>
      </trkpt>
      <trkpt lat="25.038664313033223" lon="121.8636997975409">
        <ele>41.08</ele>
      </trkpt>
      <trkpt lat="25.038657188415527" lon="121.86399936676025">
        <ele>41.64</ele>
      </trkpt>
      <trkpt lat="25.038642855361104" lon="121.8642643187195">
        <ele>42.0</ele>
      </trkpt>
      <trkpt lat="25.03862852230668" lon="121.86452935449779">
        <ele>42.15</ele>
      </trkpt>
      <trkpt lat="25.03861435689032" lon="121.86479330062866">
        <ele>42.19</ele>
      </trkpt>
      <trkpt lat="25.038671102374792" lon="121.86482372693717">
        <ele>42.54</ele>
      </trkpt>
      <trkpt lat="25.03894225694239" lon="121.86496898531914">
        <ele>43.22</ele>
      </trkpt>
      <trkpt lat="25.039215171709657" lon="121.86511516571045">
        <ele>43.48</ele>
      </trkpt>
      <trkpt lat="25.03940829075873" lon="121.86520099639893">
        <ele>43.71</ele>
      </trkpt>
      <trkpt lat="25.039600655436516" lon="121.86527576297522">
        <ele>43.93</ele>
      </trkpt>
      <trkpt lat="25.039794445037842" lon="121.86535120010376">
        <ele>44.12</ele>
      </trkpt>
      <trkpt lat="25.040018828585744" lon="121.86540459282696">
        <ele>44.37</ele>
      </trkpt>
      <trkpt lat="25.040245056152344" lon="121.86545848846436">
        <ele>44.7</ele>
      </trkpt>
      <trkpt lat="25.040459632873535" lon="121.86552286148071">
        <ele>45.13</ele>
      </trkpt>
      <trkpt lat="25.040673706680536" lon="121.86568337492645">
        <ele>45.58</ele>
      </trkpt>
      <trkpt lat="25.04088887013495" lon="121.8658447265625">
        <ele>45.84</ele>
      </trkpt>
      <trkpt lat="25.0410814024508" lon="121.86597313731909">
        <ele>46.13</ele>
      </trkpt>
      <trkpt lat="25.041275024414062" lon="121.86610221862793">
        <ele>46.44</ele>
      </trkpt>
      <trkpt lat="25.04136085510254" lon="121.86614513397217">
        <ele>46.74</ele>
      </trkpt>
      <trkpt lat="25.04159588366747" lon="121.86615217477083">
        <ele>47.13</ele>
      </trkpt>
      <trkpt lat="25.04183099605143" lon="121.86615929938853">
        <ele>47.51</ele>
      </trkpt>
      <trkpt lat="25.042069042101502" lon="121.86616659164429">
        <ele>47.78</ele>
      </trkpt>
      <trkpt lat="25.042219161987305" lon="121.86616659164429">
        <ele>48.07</ele>
      </trkpt>
      <trkpt lat="25.042455280199647" lon="121.86610221862793">
        <ele>48.41</ele>
      </trkpt>
      <trkpt lat="25.04267974756658" lon="121.86602736823261">
        <ele>48.67</ele>
      </trkpt>
      <trkpt lat="25.04290589131415" lon="121.8659520149231">
        <ele>49.07</ele>
      </trkpt>
      <trkpt lat="25.043034553527832" lon="121.8658447265625">
        <ele>49.4</ele>
      </trkpt>
      <trkpt lat="25.04320587962866" lon="121.86568764969707">
        <ele>49.7</ele>
      </trkpt>
      <trkpt lat="25.043377289548516" lon="121.86553057283163">
        <ele>49.99</ele>
      </trkpt>
      <trkpt lat="25.043549621477723" lon="121.86537265777588">
        <ele>50.22</ele>
      </trkpt>
      <trkpt lat="25.043699741363525" lon="121.86520099639893">
        <ele>50.36</ele>
      </trkpt>
      <trkpt lat="25.043742740526795" lon="121.86509370803833">
        <ele>50.51</ele>
      </trkpt>
      <trkpt lat="25.043785655871034" lon="121.86491106636822">
        <ele>50.72</ele>
      </trkpt>
      <trkpt lat="25.04382848739624" lon="121.8647289276123">
        <ele>50.94</ele>
      </trkpt>
      <trkpt lat="25.043892860412598" lon="121.86466455459595">
        <ele>51.09</ele>
      </trkpt>
      <trkpt lat="25.044021690264344" lon="121.86453580856323">
        <ele>51.28</ele>
      </trkpt>
      <trkpt lat="25.044267950579524" lon="121.8643216509372">
        <ele>51.47</ele>
      </trkpt>
      <trkpt lat="25.044515216723084" lon="121.86410665512085">
        <ele>51.57</ele>
      </trkpt>
      <trkpt lat="25.04468645900488" lon="121.86395670287311">
        <ele>51.65</ele>
      </trkpt>
      <trkpt lat="25.04485845565796" lon="121.86380624771118">
        <ele>51.78</ele>
      </trkpt>
      <trkpt lat="25.045018885284662" lon="121.86373131349683">
        <ele>51.86</ele>
      </trkpt>
      <trkpt lat="25.045180404558778" lon="121.86365604400635">
        <ele>51.91</ele>
      </trkpt>
      <trkpt lat="25.045287609100342" lon="121.86357021331787">
        <ele>51.97</ele>
      </trkpt>
      <trkpt lat="25.04533052444458" lon="121.86352729797363">
        <ele>52.01</ele>
      </trkpt>
      <trkpt lat="25.045480728149414" lon="121.86322689056396">
        <ele>52.16</ele>
      </trkpt>
      <trkpt lat="25.045480811968446" lon="121.86322689056396">
        <ele>52.19</ele>
      </trkpt>
      <trkpt lat="25.04560955800116" lon="121.86294794082642">
        <ele>52.21</ele>
      </trkpt>
      <trkpt lat="25.045738220214844" lon="121.86277627944946">
        <ele>52.17</ele>
      </trkpt>
      <trkpt lat="25.045738304033875" lon="121.86277627944946">
        <ele>52.17</ele>
      </trkpt>
      <trkpt lat="25.045931423082948" lon="121.86264753341675">
        <ele>52.11</ele>
      </trkpt>
      <trkpt lat="25.046123955398798" lon="121.8625083938241">
        <ele>52.17</ele>
      </trkpt>
      <trkpt lat="25.04631757736206" lon="121.8623685836792">
        <ele>52.12</ele>
      </trkpt>
      <trkpt lat="25.046317661181092" lon="121.8623685836792">
        <ele>52.12</ele>
      </trkpt>
      <trkpt lat="25.046542212367058" lon="121.86226163059473">
        <ele>52.07</ele>
      </trkpt>
      <trkpt lat="25.046768272295594" lon="121.86215400695801">
        <ele>52.11</ele>
      </trkpt>
      <trkpt lat="25.046960804611444" lon="121.86203624121845">
        <ele>52.16</ele>
      </trkpt>
      <trkpt lat="25.04715451039374" lon="121.8619179725647">
        <ele>52.19</ele>
      </trkpt>
      <trkpt lat="25.047304378822446" lon="121.86180020682514">
        <ele>52.23</ele>
      </trkpt>
      <trkpt lat="25.047454917803407" lon="121.86168193817139">
        <ele>52.25</ele>
      </trkpt>
      <trkpt lat="25.047540748491883" lon="121.86161756515503">
        <ele>52.27</ele>
      </trkpt>
      <trkpt lat="25.047733783721924" lon="121.86148881912231">
        <ele>52.31</ele>
      </trkpt>
      <trkpt lat="25.04786252975464" lon="121.86148881912231">
        <ele>52.37</ele>
      </trkpt>
      <trkpt lat="25.048141479492188" lon="121.86153173446655">
        <ele>52.43</ele>
      </trkpt>
      <trkpt lat="25.048227310180664" lon="121.86153173446655">
        <ele>52.52</ele>
      </trkpt>
      <trkpt lat="25.04829168319702" lon="121.86151027679443">
        <ele>52.63</ele>
      </trkpt>
      <trkpt lat="25.0484914239496" lon="121.86137465760112">
        <ele>52.77</ele>
      </trkpt>
      <trkpt lat="25.048691164702177" lon="121.86123912222683">
        <ele>52.93</ele>
      </trkpt>
      <trkpt lat="25.048892498016357" lon="121.86110258102417">
        <ele>53.09</ele>
      </trkpt>
      <trkpt lat="25.04914915189147" lon="121.86096344143152">
        <ele>53.32</ele>
      </trkpt>
      <trkpt lat="25.049407482147217" lon="121.86082363128662">
        <ele>53.55</ele>
      </trkpt>
      <trkpt lat="25.04960705526173" lon="121.86073092743754">
        <ele>53.8</ele>
      </trkpt>
      <trkpt lat="25.049806712195277" lon="121.86063822358847">
        <ele>54.07</ele>
      </trkpt>
      <trkpt lat="25.050008296966553" lon="121.86054468154907">
        <ele>54.34</ele>
      </trkpt>
      <trkpt lat="25.050008380785584" lon="121.86054468154907">
        <ele>54.65</ele>
      </trkpt>
      <trkpt lat="25.05027785897255" lon="121.86040772125125">
        <ele>55.04</ele>
      </trkpt>
      <trkpt lat="25.050547420978546" lon="121.86027084477246">
        <ele>55.46</ele>
      </trkpt>
      <trkpt lat="25.05081689916551" lon="121.86013396829367">
        <ele>55.89</ele>
      </trkpt>
      <trkpt lat="25.051086461171508" lon="121.85999700799584">
        <ele>56.28</ele>
      </trkpt>
      <trkpt lat="25.05136021412909" lon="121.85985803604126">
        <ele>56.66</ele>
      </trkpt>
      <trkpt lat="25.05161770619452" lon="121.8596863746643">
        <ele>57.14</ele>
      </trkpt>
      <trkpt lat="25.0518536567688" lon="121.85953617095947">
        <ele>57.61</ele>
      </trkpt>
      <trkpt lat="25.05185374058783" lon="121.85953617095947">
        <ele>58.06</ele>
      </trkpt>
      <trkpt lat="25.052003944292665" lon="121.85942888259888">
        <ele>58.53</ele>
      </trkpt>
      <trkpt lat="25.05215372890234" lon="121.85933257453144">
        <ele>59.01</ele>
      </trkpt>
      <trkpt lat="25.052304351702332" lon="121.8592357635498">
        <ele>59.47</ele>
      </trkpt>
      <trkpt lat="25.052454052492976" lon="121.85913945548236">
        <ele>59.94</ele>
      </trkpt>
      <trkpt lat="25.05260467529297" lon="121.85904264450073">
        <ele>60.48</ele>
      </trkpt>
      <trkpt lat="25.052690505981445" lon="121.85895681381226">
        <ele>61.03</ele>
      </trkpt>
      <trkpt lat="25.052754878997803" lon="121.85882806777954">
        <ele>61.6</ele>
      </trkpt>
      <trkpt lat="25.052776336669922" lon="121.85874223709106">
        <ele>62.12</ele>
      </trkpt>
      <trkpt lat="25.052776420488954" lon="121.85863494873047">
        <ele>62.65</ele>
      </trkpt>
      <trkpt lat="25.052733421325684" lon="121.8583448510617">
        <ele>63.21</ele>
      </trkpt>
      <trkpt lat="25.052690589800477" lon="121.85805559158325">
        <ele>63.71</ele>
      </trkpt>
      <trkpt lat="25.052690505981445" lon="121.8578839302063">
        <ele>64.22</ele>
      </trkpt>
      <trkpt lat="25.052711963653564" lon="121.85760498046875">
        <ele>64.83</ele>
      </trkpt>
      <trkpt lat="25.052712047472596" lon="121.85760498046875">
        <ele>65.31</ele>
      </trkpt>
      <trkpt lat="25.052754962816834" lon="121.85736861079931">
        <ele>65.84</ele>
      </trkpt>
      <trkpt lat="25.052797961980104" lon="121.8571323249489">
        <ele>66.24</ele>
      </trkpt>
      <trkpt lat="25.05284079350531" lon="121.85689687728882">
        <ele>66.61</ele>
      </trkpt>
      <trkpt lat="25.052883625030518" lon="121.85681104660034">
        <ele>66.99</ele>
      </trkpt>
      <trkpt lat="25.052926540374756" lon="121.85674667358398">
        <ele>67.36</ele>
      </trkpt>
      <trkpt lat="25.053141117095947" lon="121.85655355453491">
        <ele>67.79</ele>
      </trkpt>
      <trkpt lat="25.053355107083917" lon="121.85641441494226">
        <ele>68.22</ele>
      </trkpt>
      <trkpt lat="25.05357027053833" lon="121.85627460479736">
        <ele>68.69</ele>
      </trkpt>
      <trkpt lat="25.053720558062196" lon="121.85614585876465">
        <ele>68.99</ele>
      </trkpt>
      <trkpt lat="25.053926669061184" lon="121.8559395801276">
        <ele>69.41</ele>
      </trkpt>
      <trkpt lat="25.054132863879204" lon="121.85573338530958">
        <ele>69.92</ele>
      </trkpt>
      <trkpt lat="25.054339058697224" lon="121.85552719049156">
        <ele>70.31</ele>
      </trkpt>
      <trkpt lat="25.054545253515244" lon="121.85532099567354">
        <ele>70.63</ele>
      </trkpt>
      <trkpt lat="25.054751448333263" lon="121.85511480085552">
        <ele>70.84</ele>
      </trkpt>
      <trkpt lat="25.054957643151283" lon="121.8549086060375">
        <ele>71.04</ele>
      </trkpt>
      <trkpt lat="25.055163837969303" lon="121.85470241121948">
        <ele>71.22</ele>
      </trkpt>
      <trkpt lat="25.055372714996338" lon="121.85449361801147">
        <ele>71.5</ele>
      </trkpt>
      <trkpt lat="25.055469190701842" lon="121.85434341430664">
        <ele>71.74</ele>
      </trkpt>
      <trkpt lat="25.05556583404541" lon="121.8541932106018">
        <ele>72.01</ele>
      </trkpt>
      <trkpt lat="25.05565174855292" lon="121.85395700857043">
        <ele>72.3</ele>
      </trkpt>
      <trkpt lat="25.055737579241395" lon="121.85372114181519">
        <ele>72.44</ele>
      </trkpt>
      <trkpt lat="25.05580186843872" lon="121.85354948043823">
        <ele>72.71</ele>
      </trkpt>
      <trkpt lat="25.055952155962586" lon="121.85327053070068">
        <ele>72.79</ele>
      </trkpt>
      <trkpt lat="25.056016445159912" lon="121.85309886932373">
        <ele>72.96</ele>
      </trkpt>
      <trkpt lat="25.05608081817627" lon="121.85292720794678">
        <ele>73.17</ele>
      </trkpt>
      <trkpt lat="25.056123733520508" lon="121.85266971588135">
        <ele>73.43</ele>
      </trkpt>
      <trkpt lat="25.056087858974934" lon="121.85239755548537">
        <ele>73.67</ele>
      </trkpt>
      <trkpt lat="25.05605206824839" lon="121.85212539508939">
        <ele>73.73</ele>
      </trkpt>
      <trkpt lat="25.056016445159912" lon="121.85185432434082">
        <ele>73.92</ele>
      </trkpt>
      <trkpt lat="25.055994987487793" lon="121.85168266296387">
        <ele>74.21</ele>
      </trkpt>
      <trkpt lat="25.055994987487793" lon="121.85161828994751">
        <ele>74.52</ele>
      </trkpt>
      <trkpt lat="25.056016445159912" lon="121.85153245925903">
        <ele>74.85</ele>
      </trkpt>
      <trkpt lat="25.05610227584839" lon="121.85132844373584">
        <ele>75.24</ele>
      </trkpt>
      <trkpt lat="25.056188190355897" lon="121.85112476348877">
        <ele>75.59</ele>
      </trkpt>
      <trkpt lat="25.056274021044374" lon="121.85091018676758">
        <ele>76.03</ele>
      </trkpt>
      <trkpt lat="25.05638130940497" lon="121.85065269470215">
        <ele>76.58</ele>
      </trkpt>
      <trkpt lat="25.056509971618652" lon="121.85041666030884">
        <ele>77.17</ele>
      </trkpt>
      <trkpt lat="25.05661734379828" lon="121.85022354125977">
        <ele>77.83</ele>
      </trkpt>
      <trkpt lat="25.056681632995605" lon="121.85015916824341">
        <ele>78.52</ele>
      </trkpt>
      <trkpt lat="25.05681037902832" lon="121.85009479522705">
        <ele>79.31</ele>
      </trkpt>
      <trkpt lat="25.056917667388916" lon="121.85007333755493">
        <ele>80.1</ele>
      </trkpt>
      <trkpt lat="25.057025039568543" lon="121.85009479522705">
        <ele>80.91</ele>
      </trkpt>
      <trkpt lat="25.057239616289735" lon="121.85013771057129">
        <ele>81.81</ele>
      </trkpt>
      <trkpt lat="25.057411277666688" lon="121.85018062591553">
        <ele>82.75</ele>
      </trkpt>
      <trkpt lat="25.057678408920765" lon="121.85021264478564">
        <ele>83.77</ele>
      </trkpt>
      <trkpt lat="25.057947719469666" lon="121.85024499893188">
        <ele>84.81</ele>
      </trkpt>
      <trkpt lat="25.05809783935547" lon="121.850266456604">
        <ele>85.82</ele>
      </trkpt>
      <trkpt lat="25.058248043060303" lon="121.85024499893188">
        <ele>86.9</ele>
      </trkpt>
      <trkpt lat="25.0583553314209" lon="121.85020208358765">
        <ele>88.03</ele>
      </trkpt>
      <trkpt lat="25.058441245928407" lon="121.85013771057129">
        <ele>89.23</ele>
      </trkpt>
      <trkpt lat="25.058720111846924" lon="121.84998750686646">
        <ele>90.44</ele>
      </trkpt>
      <trkpt lat="25.058913230895996" lon="121.8499231338501">
        <ele>91.7</ele>
      </trkpt>
      <trkpt lat="25.059084137901664" lon="121.84991240501404">
        <ele>93.05</ele>
      </trkpt>
      <trkpt lat="25.059256553649902" lon="121.84990167617798">
        <ele>94.48</ele>
      </trkpt>
      <trkpt lat="25.059471214190125" lon="121.84988021850586">
        <ele>95.98</ele>
      </trkpt>
      <trkpt lat="25.059642791748047" lon="121.84990167617798">
        <ele>97.47</ele>
      </trkpt>
      <trkpt lat="25.059750080108643" lon="121.84994459152222">
        <ele>98.89</ele>
      </trkpt>
      <trkpt lat="25.05999625660479" lon="121.8501372076571">
        <ele>100.34</ele>
      </trkpt>
      <trkpt lat="25.060243690386415" lon="121.85033082962036">
        <ele>101.95</ele>
      </trkpt>
      <trkpt lat="25.06045063957572" lon="121.85049494728446">
        <ele>103.64</ele>
      </trkpt>
      <trkpt lat="25.060657588765025" lon="121.85065906494856">
        <ele>105.26</ele>
      </trkpt>
      <trkpt lat="25.06086596287787" lon="121.8508243560791">
        <ele>106.75</ele>
      </trkpt>
      <trkpt lat="25.061037624254823" lon="121.8509316444397">
        <ele>108.24</ele>
      </trkpt>
      <trkpt lat="25.06129503250122" lon="121.85112476348877">
        <ele>109.59</ele>
      </trkpt>
      <trkpt lat="25.061445236206055" lon="121.85116767883301">
        <ele>110.95</ele>
      </trkpt>
      <trkpt lat="25.06153106689453" lon="121.85114622116089">
        <ele>112.38</ele>
      </trkpt>
      <trkpt lat="25.061616897583008" lon="121.85106039047241">
        <ele>113.76</ele>
      </trkpt>
      <trkpt lat="25.061638355255127" lon="121.85099601745605">
        <ele>115.22</ele>
      </trkpt>
      <trkpt lat="25.061659812927246" lon="121.85073852539062">
        <ele>116.9</ele>
      </trkpt>
      <trkpt lat="25.061702728271484" lon="121.85063123703003">
        <ele>118.32</ele>
      </trkpt>
      <trkpt lat="25.06178847514093" lon="121.8504810333252">
        <ele>119.82</ele>
      </trkpt>
      <trkpt lat="25.061874389648438" lon="121.85033082962036">
        <ele>121.28</ele>
      </trkpt>
      <trkpt lat="25.062003135681152" lon="121.85011625289917">
        <ele>122.67</ele>
      </trkpt>
      <trkpt lat="25.06208896636963" lon="121.85000896453857">
        <ele>123.95</ele>
      </trkpt>
      <trkpt lat="25.06231376901269" lon="121.84982690960169">
        <ele>125.18</ele>
      </trkpt>
      <trkpt lat="25.06253957748413" lon="121.84964418411255">
        <ele>126.68</ele>
      </trkpt>
      <trkpt lat="25.062732696533203" lon="121.84960126876831">
        <ele>127.99</ele>
      </trkpt>
      <trkpt lat="25.06290360353887" lon="121.84959053993225">
        <ele>129.15</ele>
      </trkpt>
      <trkpt lat="25.06307601928711" lon="121.84957981109619">
        <ele>130.22</ele>
      </trkpt>
      <trkpt lat="25.063204849138856" lon="121.84951543807983">
        <ele>131.33</ele>
      </trkpt>
      <trkpt lat="25.06334390491247" lon="121.84941904619336">
        <ele>132.44</ele>
      </trkpt>
      <trkpt lat="25.063483715057373" lon="121.84932231903076">
        <ele>133.44</ele>
      </trkpt>
      <trkpt lat="25.06362277083099" lon="121.84923665598035">
        <ele>134.47</ele>
      </trkpt>
      <trkpt lat="25.063762664794922" lon="121.84915065765381">
        <ele>135.43</ele>
      </trkpt>
      <trkpt lat="25.06382703781128" lon="121.84908628463745">
        <ele>136.38</ele>
      </trkpt>
      <trkpt lat="25.063891410827637" lon="121.84900045394897">
        <ele>137.28</ele>
      </trkpt>
      <trkpt lat="25.063991574570537" lon="121.8487571272999">
        <ele>138.12</ele>
      </trkpt>
      <trkpt lat="25.064091738313437" lon="121.84851380065084">
        <ele>138.89</ele>
      </trkpt>
      <trkpt lat="25.064191818237305" lon="121.84827089309692">
        <ele>139.67</ele>
      </trkpt>
      <trkpt lat="25.064213275909424" lon="121.84822797775269">
        <ele>140.37</ele>
      </trkpt>
      <trkpt lat="25.0642991065979" lon="121.84816360473633">
        <ele>141.05</ele>
      </trkpt>
      <trkpt lat="25.064406394958496" lon="121.84816360473633">
        <ele>141.76</ele>
      </trkpt>
      <trkpt lat="25.064620971679688" lon="121.84827089309692">
        <ele>142.52</ele>
      </trkpt>
      <trkpt lat="25.064706802368164" lon="121.84833526611328">
        <ele>143.13</ele>
      </trkpt>
      <trkpt lat="25.064749717712402" lon="121.84837818145752">
        <ele>143.65</ele>
      </trkpt>
      <trkpt lat="25.06481409072876" lon="121.84848546981812">
        <ele>144.09</ele>
      </trkpt>
      <trkpt lat="25.06483554840088" lon="121.84868956916034">
        <ele>144.34</ele>
      </trkpt>
      <trkpt lat="25.064857006072998" lon="121.84889316558838">
        <ele>144.53</ele>
      </trkpt>
      <trkpt lat="25.064899921417236" lon="121.84900045394897">
        <ele>144.79</ele>
      </trkpt>
      <trkpt lat="25.064942836761475" lon="121.8490219116211">
        <ele>145.1</ele>
      </trkpt>
      <trkpt lat="25.064985752105713" lon="121.8490219116211">
        <ele>145.44</ele>
      </trkpt>
      <trkpt lat="25.06516738794744" lon="121.84897908009589">
        <ele>145.94</ele>
      </trkpt>
      <trkpt lat="25.06535053253174" lon="121.84893608093262">
        <ele>146.29</ele>
      </trkpt>
      <trkpt lat="25.065500736236572" lon="121.84893608093262">
        <ele>146.58</ele>
      </trkpt>
      <trkpt lat="25.065608024597168" lon="121.84900045394897">
        <ele>146.8</ele>
      </trkpt>
      <trkpt lat="25.0657722260803" lon="121.84915032237768">
        <ele>146.97</ele>
      </trkpt>
      <trkpt lat="25.06593642756343" lon="121.84930027462542">
        <ele>147.2</ele>
      </trkpt>
      <trkpt lat="25.066101551055908" lon="121.84945106506348">
        <ele>147.42</ele>
      </trkpt>
      <trkpt lat="25.066165924072266" lon="121.84949398040771">
        <ele>147.67</ele>
      </trkpt>
      <trkpt lat="25.066230297088623" lon="121.84953689575195">
        <ele>147.93</ele>
      </trkpt>
      <trkpt lat="25.06633758544922" lon="121.84951543807983">
        <ele>148.2</ele>
      </trkpt>
      <trkpt lat="25.066380500793457" lon="121.84949398040771">
        <ele>148.5</ele>
      </trkpt>
      <trkpt lat="25.066401958465576" lon="121.84942960739136">
        <ele>148.86</ele>
      </trkpt>
      <trkpt lat="25.066401958465576" lon="121.849365234375">
        <ele>149.25</ele>
      </trkpt>
      <trkpt lat="25.066401958465576" lon="121.84927940368652">
        <ele>149.68</ele>
      </trkpt>
      <trkpt lat="25.066326772794127" lon="121.84907538816333">
        <ele>150.27</ele>
      </trkpt>
      <trkpt lat="25.066251754760742" lon="121.84887170791626">
        <ele>150.9</ele>
      </trkpt>
      <trkpt lat="25.06627321243286" lon="121.84876441955566">
        <ele>151.46</ele>
      </trkpt>
      <trkpt lat="25.06629467010498" lon="121.84872150421143">
        <ele>151.93</ele>
      </trkpt>
      <trkpt lat="25.06633758544922" lon="121.8487000465393">
        <ele>152.4</ele>
      </trkpt>
      <trkpt lat="25.066401958465576" lon="121.84872150421143">
        <ele>152.85</ele>
      </trkpt>
      <trkpt lat="25.066626677289605" lon="121.84889274649322">
        <ele>153.14</ele>
      </trkpt>
      <trkpt lat="25.066852569580078" lon="121.84906482696533">
        <ele>153.36</ele>
      </trkpt>
      <trkpt lat="25.066916942596436" lon="121.84908628463745">
        <ele>153.85</ele>
      </trkpt>
      <trkpt lat="25.066981315612793" lon="121.84908628463745">
        <ele>154.38</ele>
      </trkpt>
      <trkpt lat="25.06702423095703" lon="121.84906482696533">
        <ele>154.97</ele>
      </trkpt>
      <trkpt lat="25.067110061645508" lon="121.84897899627686">
        <ele>155.69</ele>
      </trkpt>
      <trkpt lat="25.067217433825135" lon="121.84887170791626">
        <ele>156.37</ele>
      </trkpt>
      <trkpt lat="25.06734609603882" lon="121.8487000465393">
        <ele>157.06</ele>
      </trkpt>
      <trkpt lat="25.067389011383057" lon="121.84859275817871">
        <ele>157.84</ele>
      </trkpt>
      <trkpt lat="25.067464113235474" lon="121.84842101298273">
        <ele>158.62</ele>
      </trkpt>
      <trkpt lat="25.067539298906922" lon="121.8482494354248">
        <ele>159.4</ele>
      </trkpt>
      <trkpt lat="25.06758213043213" lon="121.84805631637573">
        <ele>160.23</ele>
      </trkpt>
      <trkpt lat="25.06758213043213" lon="121.84799194335938">
        <ele>161.2</ele>
      </trkpt>
      <trkpt lat="25.06753921508789" lon="121.84784173965454">
        <ele>162.3</ele>
      </trkpt>
      <trkpt lat="25.067453384399414" lon="121.84767007827759">
        <ele>163.4</ele>
      </trkpt>
      <trkpt lat="25.067288847640157" lon="121.84739112854004">
        <ele>164.63</ele>
      </trkpt>
      <trkpt lat="25.06712439469993" lon="121.84711226262152">
        <ele>165.79</ele>
      </trkpt>
      <trkpt lat="25.066959857940674" lon="121.84683322906494">
        <ele>167.0</ele>
      </trkpt>
      <trkpt lat="25.066895484924316" lon="121.84666156768799">
        <ele>168.18</ele>
      </trkpt>
      <trkpt lat="25.066874027252197" lon="121.84657573699951">
        <ele>169.34</ele>
      </trkpt>
      <trkpt lat="25.066895484924316" lon="121.84648990631104">
        <ele>170.54</ele>
      </trkpt>
      <trkpt lat="25.066938400268555" lon="121.84642553329468">
        <ele>171.75</ele>
      </trkpt>
      <trkpt lat="25.066959857940674" lon="121.84640407562256">
        <ele>172.91</ele>
      </trkpt>
      <trkpt lat="25.067002857103944" lon="121.84638261795044">
        <ele>174.1</ele>
      </trkpt>
      <trkpt lat="25.06708860397339" lon="121.84640407562256">
        <ele>175.27</ele>
      </trkpt>
      <trkpt lat="25.06728172302246" lon="121.84653282165527">
        <ele>176.51</ele>
      </trkpt>
      <trkpt lat="25.067281806841493" lon="121.84653282165527">
        <ele>177.65</ele>
      </trkpt>
      <trkpt lat="25.067431591451168" lon="121.84663977473974">
        <ele>178.82</ele>
      </trkpt>
      <trkpt lat="25.06758213043213" lon="121.84674739837646">
        <ele>179.9</ele>
      </trkpt>
      <trkpt lat="25.067732334136963" lon="121.84683322906494">
        <ele>180.96</ele>
      </trkpt>
      <trkpt lat="25.06779670715332" lon="121.84685468673706">
        <ele>182.06</ele>
      </trkpt>
      <trkpt lat="25.067882537841797" lon="121.84685468673706">
        <ele>183.18</ele>
      </trkpt>
      <trkpt lat="25.067946910858154" lon="121.84681177139282">
        <ele>184.36</ele>
      </trkpt>
      <trkpt lat="25.06801128387451" lon="121.8467903137207">
        <ele>185.51</ele>
      </trkpt>
      <trkpt lat="25.06805419921875" lon="121.84672594070435">
        <ele>186.72</ele>
      </trkpt>
      <trkpt lat="25.068177580833435" lon="121.846489822492">
        <ele>188.05</ele>
      </trkpt>
      <trkpt lat="25.06830096244812" lon="121.84625378809869">
        <ele>189.35</ele>
      </trkpt>
      <trkpt lat="25.068424344062805" lon="121.84601775370538">
        <ele>190.58</ele>
      </trkpt>
      <trkpt lat="25.06854772567749" lon="121.8457818031311">
        <ele>191.85</ele>
      </trkpt>
      <trkpt lat="25.06862643174827" lon="121.8455455172807">
        <ele>193.22</ele>
      </trkpt>
      <trkpt lat="25.06870513781905" lon="121.84530931524932">
        <ele>194.59</ele>
      </trkpt>
      <trkpt lat="25.0687837600708" lon="121.84507369995117">
        <ele>195.91</ele>
      </trkpt>
      <trkpt lat="25.06882667541504" lon="121.84503078460693">
        <ele>197.1</ele>
      </trkpt>
      <trkpt lat="25.068869590759277" lon="121.8449878692627">
        <ele>198.27</ele>
      </trkpt>
      <trkpt lat="25.068933963775635" lon="121.84496641159058">
        <ele>199.43</ele>
      </trkpt>
      <trkpt lat="25.06904125213623" lon="121.8449878692627">
        <ele>200.6</ele>
      </trkpt>
      <trkpt lat="25.06908416748047" lon="121.84503078460693">
        <ele>201.75</ele>
      </trkpt>
      <trkpt lat="25.069159269332886" lon="121.8452347163111">
        <ele>202.82</ele>
      </trkpt>
      <trkpt lat="25.069234371185303" lon="121.8454384803772">
        <ele>203.85</ele>
      </trkpt>
      <trkpt lat="25.0693416595459" lon="121.84552431106567">
        <ele>204.96</ele>
      </trkpt>
      <trkpt lat="25.069384574890137" lon="121.8455457687378">
        <ele>206.08</ele>
      </trkpt>
      <trkpt lat="25.069448947906494" lon="121.8455457687378">
        <ele>207.22</ele>
      </trkpt>
      <trkpt lat="25.069619938731194" lon="121.8454815633595">
        <ele>208.51</ele>
      </trkpt>
      <trkpt lat="25.0697922706604" lon="121.84541702270508">
        <ele>209.77</ele>
      </trkpt>
      <trkpt lat="25.069878101348877" lon="121.84539556503296">
        <ele>210.93</ele>
      </trkpt>
      <trkpt lat="25.069985389709473" lon="121.84541702270508">
        <ele>212.15</ele>
      </trkpt>
      <trkpt lat="25.07004976272583" lon="121.84550285339355">
        <ele>213.28</ele>
      </trkpt>
      <trkpt lat="25.070114135742188" lon="121.84571743011475">
        <ele>214.42</ele>
      </trkpt>
      <trkpt lat="25.070135593414307" lon="121.84586763381958">
        <ele>215.61</ele>
      </trkpt>
      <trkpt lat="25.070114135742188" lon="121.8459963798523">
        <ele>216.74</ele>
      </trkpt>
      <trkpt lat="25.07007122039795" lon="121.84610366821289">
        <ele>217.86</ele>
      </trkpt>
      <trkpt lat="25.069846250116825" lon="121.84632855467498">
        <ele>218.58</ele>
      </trkpt>
      <trkpt lat="25.069620609283447" lon="121.84655427932739">
        <ele>219.64</ele>
      </trkpt>
      <trkpt lat="25.06957769393921" lon="121.84668302536011">
        <ele>220.9</ele>
      </trkpt>
      <trkpt lat="25.06957769393921" lon="121.84681177139282">
        <ele>222.17</ele>
      </trkpt>
      <trkpt lat="25.069620609283447" lon="121.84687614440918">
        <ele>223.45</ele>
      </trkpt>
      <trkpt lat="25.069791935384274" lon="121.84704747051">
        <ele>224.93</ele>
      </trkpt>
      <trkpt lat="25.069963932037354" lon="121.84721946716309">
        <ele>226.24</ele>
      </trkpt>
      <trkpt lat="25.07002830505371" lon="121.8472409248352">
        <ele>227.53</ele>
      </trkpt>
      <trkpt lat="25.07009267807007" lon="121.84726238250732">
        <ele>228.86</ele>
      </trkpt>
      <trkpt lat="25.070157051086426" lon="121.8472409248352">
        <ele>230.23</ele>
      </trkpt>
      <trkpt lat="25.070242881774902" lon="121.84715509414673">
        <ele>231.57</ele>
      </trkpt>
      <trkpt lat="25.070371627807617" lon="121.84687597677112">
        <ele>233.02</ele>
      </trkpt>
      <trkpt lat="25.070500373840332" lon="121.84659694321454">
        <ele>234.46</ele>
      </trkpt>
      <trkpt lat="25.070629119873047" lon="121.84631824493408">
        <ele>235.96</ele>
      </trkpt>
      <trkpt lat="25.070736408233643" lon="121.84621095657349">
        <ele>237.53</ele>
      </trkpt>
      <trkpt lat="25.070865154266357" lon="121.84612512588501">
        <ele>239.12</ele>
      </trkpt>
      <trkpt lat="25.070950984954834" lon="121.84612512588501">
        <ele>240.59</ele>
      </trkpt>
      <trkpt lat="25.071111246943474" lon="121.84612512588501">
        <ele>242.01</ele>
      </trkpt>
      <trkpt lat="25.07127285003662" lon="121.84612512588501">
        <ele>243.37</ele>
      </trkpt>
      <trkpt lat="25.07150888442993" lon="121.8459963798523">
        <ele>244.83</ele>
      </trkpt>
      <trkpt lat="25.071659088134766" lon="121.84593200683594">
        <ele>246.3</ele>
      </trkpt>
      <trkpt lat="25.071920854970813" lon="121.84589453972876">
        <ele>247.78</ele>
      </trkpt>
      <trkpt lat="25.07218270562589" lon="121.84585715644062">
        <ele>249.25</ele>
      </trkpt>
      <trkpt lat="25.07244447246194" lon="121.84581977315247">
        <ele>250.75</ele>
      </trkpt>
      <trkpt lat="25.072710514068604" lon="121.8457818031311">
        <ele>252.29</ele>
      </trkpt>
      <trkpt lat="25.07277488708496" lon="121.84580326080322">
        <ele>253.63</ele>
      </trkpt>
      <trkpt lat="25.07283926010132" lon="121.84582471847534">
        <ele>254.96</ele>
      </trkpt>
      <trkpt lat="25.072882175445557" lon="121.84584617614746">
        <ele>256.23</ele>
      </trkpt>
      <trkpt lat="25.072946548461914" lon="121.84595346450806">
        <ele>257.44</ele>
      </trkpt>
      <trkpt lat="25.072946548461914" lon="121.84601783752441">
        <ele>258.68</ele>
      </trkpt>
      <trkpt lat="25.072968006134033" lon="121.8463397026062">
        <ele>259.82</ele>
      </trkpt>
      <trkpt lat="25.072989463806152" lon="121.8464469909668">
        <ele>261.02</ele>
      </trkpt>
      <trkpt lat="25.072989547625184" lon="121.8464469909668">
        <ele>262.27</ele>
      </trkpt>
      <trkpt lat="25.07303237915039" lon="121.84646844863892">
        <ele>263.57</ele>
      </trkpt>
      <trkpt lat="25.073118209838867" lon="121.84651136398315">
        <ele>264.89</ele>
      </trkpt>
      <trkpt lat="25.073354244232178" lon="121.84646844863892">
        <ele>266.39</ele>
      </trkpt>
      <trkpt lat="25.073633193969727" lon="121.84646844863892">
        <ele>267.6</ele>
      </trkpt>
      <trkpt lat="25.073719024658203" lon="121.84642553329468">
        <ele>268.87</ele>
      </trkpt>
      <trkpt lat="25.07380485534668" lon="121.8463397026062">
        <ele>270.2</ele>
      </trkpt>
      <trkpt lat="25.073922872543335" lon="121.84610358439386">
        <ele>271.66</ele>
      </trkpt>
      <trkpt lat="25.07404088973999" lon="121.84586763381958">
        <ele>273.2</ele>
      </trkpt>
      <trkpt lat="25.07408380508423" lon="121.84582471847534">
        <ele>274.68</ele>
      </trkpt>
      <trkpt lat="25.07431983947754" lon="121.84565305709839">
        <ele>276.04</ele>
      </trkpt>
      <trkpt lat="25.074405586346984" lon="121.84550285339355">
        <ele>277.4</ele>
      </trkpt>
      <trkpt lat="25.074491500854492" lon="121.84535264968872">
        <ele>278.81</ele>
      </trkpt>
      <trkpt lat="25.07451295852661" lon="121.84524536132812">
        <ele>280.38</ele>
      </trkpt>
      <trkpt lat="25.074491500854492" lon="121.84520244598389">
        <ele>282.06</ele>
      </trkpt>
      <trkpt lat="25.07429838180542" lon="121.84496641159058">
        <ele>284.38</ele>
      </trkpt>
      <trkpt lat="25.07429838180542" lon="121.8448805809021">
        <ele>286.12</ele>
      </trkpt>
      <trkpt lat="25.074341297149658" lon="121.84464454650879">
        <ele>287.73</ele>
      </trkpt>
      <trkpt lat="25.07431983947754" lon="121.84455871582031">
        <ele>289.49</ele>
      </trkpt>
      <trkpt lat="25.074169635772705" lon="121.84425830841064">
        <ele>291.48</ele>
      </trkpt>
      <trkpt lat="25.074148178100586" lon="121.84412956237793">
        <ele>293.28</ele>
      </trkpt>
      <trkpt lat="25.074148178100586" lon="121.84406518936157">
        <ele>295.05</ele>
      </trkpt>
      <trkpt lat="25.074212551116943" lon="121.8437647819519">
        <ele>296.73</ele>
      </trkpt>
      <trkpt lat="25.074212551116943" lon="121.84363603591919">
        <ele>298.55</ele>
      </trkpt>
      <trkpt lat="25.074169635772705" lon="121.843421459198">
        <ele>300.52</ele>
      </trkpt>
      <trkpt lat="25.074201822280884" lon="121.84323881752789">
        <ele>302.35</ele>
      </trkpt>
      <trkpt lat="25.074234008789062" lon="121.84305667877197">
        <ele>304.21</ele>
      </trkpt>
      <trkpt lat="25.07425546646118" lon="121.84277772903442">
        <ele>306.04</ele>
      </trkpt>
      <trkpt lat="25.074212551116943" lon="121.84254169464111">
        <ele>307.93</ele>
      </trkpt>
      <trkpt lat="25.074180280789733" lon="121.84234832413495">
        <ele>309.85</ele>
      </trkpt>
      <trkpt lat="25.074148178100586" lon="121.84215545654297">
        <ele>311.66</ele>
      </trkpt>
      <trkpt lat="25.074169635772705" lon="121.84206962585449">
        <ele>313.36</ele>
      </trkpt>
      <trkpt lat="25.074212551116943" lon="121.84202671051025">
        <ele>314.99</ele>
      </trkpt>
      <trkpt lat="25.0742769241333" lon="121.84200525283813">
        <ele>316.53</ele>
      </trkpt>
      <trkpt lat="25.074362754821777" lon="121.84200525283813">
        <ele>318.07</ele>
      </trkpt>
      <trkpt lat="25.074641704559326" lon="121.84213399887085">
        <ele>319.41</ele>
      </trkpt>
      <trkpt lat="25.074706077575684" lon="121.84213399887085">
        <ele>320.84</ele>
      </trkpt>
      <trkpt lat="25.07481336593628" lon="121.84211254119873">
        <ele>322.24</ele>
      </trkpt>
      <trkpt lat="25.07498444058001" lon="121.84203760698438">
        <ele>323.65</ele>
      </trkpt>
      <trkpt lat="25.075156688690186" lon="121.8419623374939">
        <ele>325.04</ele>
      </trkpt>
      <trkpt lat="25.075242519378662" lon="121.8419623374939">
        <ele>326.34</ele>
      </trkpt>
      <trkpt lat="25.0752854347229" lon="121.84200525283813">
        <ele>327.4</ele>
      </trkpt>
      <trkpt lat="25.07532835006714" lon="121.84202671051025">
        <ele>328.46</ele>
      </trkpt>
      <trkpt lat="25.075349807739258" lon="121.84211254119873">
        <ele>329.34</ele>
      </trkpt>
      <trkpt lat="25.075306808575988" lon="121.84231655672193">
        <ele>329.92</ele>
      </trkpt>
      <trkpt lat="25.07526397705078" lon="121.842520236969">
        <ele>330.6</ele>
      </trkpt>
      <trkpt lat="25.07526397705078" lon="121.84273481369019">
        <ele>331.38</ele>
      </trkpt>
      <trkpt lat="25.0752854347229" lon="121.84279918670654">
        <ele>332.21</ele>
      </trkpt>
      <trkpt lat="25.075392723083496" lon="121.84292793273926">
        <ele>333.04</ele>
      </trkpt>
      <trkpt lat="25.07558584213257" lon="121.84314250946045">
        <ele>333.84</ele>
      </trkpt>
      <trkpt lat="25.075693130493164" lon="121.84318542480469">
        <ele>334.67</ele>
      </trkpt>
      <trkpt lat="25.07577896118164" lon="121.84316396713257">
        <ele>335.48</ele>
      </trkpt>
      <trkpt lat="25.075843334197998" lon="121.84314250946045">
        <ele>336.26</ele>
      </trkpt>
      <trkpt lat="25.07597199641168" lon="121.84292080812156">
        <ele>337.15</ele>
      </trkpt>
      <trkpt lat="25.076100742444396" lon="121.84269910678267">
        <ele>338.19</ele>
      </trkpt>
      <trkpt lat="25.076229572296143" lon="121.84247732162476">
        <ele>339.41</ele>
      </trkpt>
      <trkpt lat="25.07631540298462" lon="121.84239149093628">
        <ele>340.48</ele>
      </trkpt>
      <trkpt lat="25.076379776000977" lon="121.84234857559204">
        <ele>341.39</ele>
      </trkpt>
      <trkpt lat="25.076444149017334" lon="121.84234857559204">
        <ele>342.17</ele>
      </trkpt>
      <trkpt lat="25.076594352722168" lon="121.8424129486084">
        <ele>342.95</ele>
      </trkpt>
      <trkpt lat="25.076701641082764" lon="121.84249877929688">
        <ele>343.73</ele>
      </trkpt>
      <trkpt lat="25.07678747177124" lon="121.84262752532959">
        <ele>344.4</ele>
      </trkpt>
      <trkpt lat="25.07680892944336" lon="121.84271335601807">
        <ele>345.05</ele>
      </trkpt>
      <trkpt lat="25.076841115951538" lon="121.8429066427052">
        <ele>345.59</ele>
      </trkpt>
      <trkpt lat="25.076873302459717" lon="121.84309959411621">
        <ele>346.04</ele>
      </trkpt>
      <trkpt lat="25.076959216967225" lon="121.8434217106551">
        <ele>346.4</ele>
      </trkpt>
      <trkpt lat="25.07704496383667" lon="121.84374332427979">
        <ele>347.03</ele>
      </trkpt>
      <trkpt lat="25.077109336853027" lon="121.84385061264038">
        <ele>347.83</ele>
      </trkpt>
      <trkpt lat="25.077152252197266" lon="121.84389352798462">
        <ele>348.59</ele>
      </trkpt>
      <trkpt lat="25.077195167541504" lon="121.84389352798462">
        <ele>349.42</ele>
      </trkpt>
      <trkpt lat="25.07728099822998" lon="121.84385061264038">
        <ele>350.31</ele>
      </trkpt>
      <trkpt lat="25.077345371246338" lon="121.8437647819519">
        <ele>351.33</ele>
      </trkpt>
      <trkpt lat="25.077452659606934" lon="121.84349999763072">
        <ele>352.42</ele>
      </trkpt>
      <trkpt lat="25.07756003178656" lon="121.84323521330953">
        <ele>353.57</ele>
      </trkpt>
      <trkpt lat="25.077667236328125" lon="121.8429708480835">
        <ele>354.87</ele>
      </trkpt>
      <trkpt lat="25.0777530670166" lon="121.8427562713623">
        <ele>356.28</ele>
      </trkpt>
      <trkpt lat="25.077903270721436" lon="121.84256315231323">
        <ele>357.77</ele>
      </trkpt>
      <trkpt lat="25.07801055908203" lon="121.84249877929688">
        <ele>359.22</ele>
      </trkpt>
      <trkpt lat="25.078117847442627" lon="121.84249877929688">
        <ele>360.54</ele>
      </trkpt>
      <trkpt lat="25.078160762786865" lon="121.84254169464111">
        <ele>361.6</ele>
      </trkpt>
      <trkpt lat="25.078332256525755" lon="121.84276674874127">
        <ele>362.35</ele>
      </trkpt>
      <trkpt lat="25.07850408554077" lon="121.84299230575562">
        <ele>363.25</ele>
      </trkpt>
      <trkpt lat="25.07854700088501" lon="121.84312105178833">
        <ele>364.31</ele>
      </trkpt>
      <trkpt lat="25.07854700088501" lon="121.84340000152588">
        <ele>365.37</ele>
      </trkpt>
      <trkpt lat="25.07856845855713" lon="121.84344291687012">
        <ele>366.6</ele>
      </trkpt>
      <trkpt lat="25.078632831573486" lon="121.84346437454224">
        <ele>367.89</ele>
      </trkpt>
      <trkpt lat="25.0787615776062" lon="121.843421459198">
        <ele>369.38</ele>
      </trkpt>
      <trkpt lat="25.078890323638916" lon="121.84335708618164">
        <ele>370.78</ele>
      </trkpt>
      <trkpt lat="25.07899761199951" lon="121.84327125549316">
        <ele>372.29</ele>
      </trkpt>
      <trkpt lat="25.079201040789485" lon="121.84308920055628">
        <ele>374.04</ele>
      </trkpt>
      <trkpt lat="25.079405307769775" lon="121.84290647506714">
        <ele>376.01</ele>
      </trkpt>
      <trkpt lat="25.07951259613037" lon="121.8428635597229">
        <ele>377.64</ele>
      </trkpt>
      <trkpt lat="25.079619884490967" lon="121.8428635597229">
        <ele>379.15</ele>
      </trkpt>
      <trkpt lat="25.079727172851562" lon="121.84292793273926">
        <ele>380.54</ele>
      </trkpt>
      <trkpt lat="25.0797700881958" lon="121.8429708480835">
        <ele>381.89</ele>
      </trkpt>
      <trkpt lat="25.079845190048218" lon="121.84323932044208">
        <ele>382.9</ele>
      </trkpt>
      <trkpt lat="25.079920291900635" lon="121.84350728988647">
        <ele>384.14</ele>
      </trkpt>
      <trkpt lat="25.079963207244873" lon="121.84361457824707">
        <ele>385.51</ele>
      </trkpt>
      <trkpt lat="25.08004903793335" lon="121.84367895126343">
        <ele>386.97</ele>
      </trkpt>
      <trkpt lat="25.080198738723993" lon="121.84374307282269">
        <ele>388.54</ele>
      </trkpt>
      <trkpt lat="25.080349445343018" lon="121.84380769729614">
        <ele>390.15</ele>
      </trkpt>
      <trkpt lat="25.080456733703613" lon="121.84389352798462">
        <ele>391.67</ele>
      </trkpt>
      <trkpt lat="25.080628227442503" lon="121.84411858208477">
        <ele>393.28</ele>
      </trkpt>
      <trkpt lat="25.08080005645752" lon="121.84434413909912">
        <ele>394.81</ele>
      </trkpt>
      <trkpt lat="25.080842971801758" lon="121.8444299697876">
        <ele>396.21</ele>
      </trkpt>
      <trkpt lat="25.080864429473877" lon="121.84449434280396">
        <ele>397.58</ele>
      </trkpt>
      <trkpt lat="25.080885887145996" lon="121.84473062865436">
        <ele>398.71</ele>
      </trkpt>
      <trkpt lat="25.080907344818115" lon="121.84496641159058">
        <ele>399.97</ele>
      </trkpt>
      <trkpt lat="25.080928802490234" lon="121.8449878692627">
        <ele>401.44</ele>
      </trkpt>
      <trkpt lat="25.080950260162354" lon="121.84500932693481">
        <ele>402.92</ele>
      </trkpt>
      <trkpt lat="25.08103609085083" lon="121.84500932693481">
        <ele>404.48</ele>
      </trkpt>
      <trkpt lat="25.08107900619507" lon="121.84494495391846">
        <ele>406.05</ele>
      </trkpt>
      <trkpt lat="25.081121921539307" lon="121.84483766555786">
        <ele>407.75</ele>
      </trkpt>
      <trkpt lat="25.081057464703918" lon="121.84450465254486">
        <ele>409.79</ele>
      </trkpt>
      <trkpt lat="25.080993175506592" lon="121.84417247772217">
        <ele>411.84</ele>
      </trkpt>
      <trkpt lat="25.080942967906594" lon="121.84393610805273">
        <ele>413.46</ele>
      </trkpt>
      <trkpt lat="25.08089284412563" lon="121.84369982220232">
        <ele>414.96</ele>
      </trkpt>
      <trkpt lat="25.080842971801758" lon="121.84346437454224">
        <ele>416.47</ele>
      </trkpt>
      <trkpt lat="25.08080005645752" lon="121.84335708618164">
        <ele>418.02</ele>
      </trkpt>
      <trkpt lat="25.08075714111328" lon="121.84329271316528">
        <ele>419.5</ele>
      </trkpt>
      <trkpt lat="25.080671310424805" lon="121.84324979782104">
        <ele>420.84</ele>
      </trkpt>
      <trkpt lat="25.080606937408447" lon="121.84322834014893">
        <ele>422.15</ele>
      </trkpt>
      <trkpt lat="25.080370903015137" lon="121.84318542480469">
        <ele>423.17</ele>
      </trkpt>
      <trkpt lat="25.08028507232666" lon="121.84316396713257">
        <ele>424.37</ele>
      </trkpt>
      <trkpt lat="25.080199241638184" lon="121.84305667877197">
        <ele>425.72</ele>
      </trkpt>
      <trkpt lat="25.080177783966064" lon="121.84299230575562">
        <ele>427.1</ele>
      </trkpt>
      <trkpt lat="25.080177867785096" lon="121.84299230575562">
        <ele>428.41</ele>
      </trkpt>
      <trkpt lat="25.080156326293945" lon="121.84275593608618">
        <ele>430.09</ele>
      </trkpt>
      <trkpt lat="25.080134868621826" lon="121.842520236969">
        <ele>431.84</ele>
      </trkpt>
      <trkpt lat="25.080134952440858" lon="121.842520236969">
        <ele>433.07</ele>
      </trkpt>
      <trkpt lat="25.080113410949707" lon="121.84224128723145">
        <ele>435.04</ele>
      </trkpt>
      <trkpt lat="25.080091953277588" lon="121.84217691421509">
        <ele>436.34</ele>
      </trkpt>
      <trkpt lat="25.08002758026123" lon="121.84206962585449">
        <ele>437.64</ele>
      </trkpt>
      <trkpt lat="25.079877376556396" lon="121.84194087982178">
        <ele>438.72</ele>
      </trkpt>
      <trkpt lat="25.079727172851562" lon="121.84187650680542">
        <ele>439.59</ele>
      </trkpt>
      <trkpt lat="25.079684257507324" lon="121.84187650680542">
        <ele>440.47</ele>
      </trkpt>
      <trkpt lat="25.07957696914673" lon="121.84189796447754">
        <ele>441.12</ele>
      </trkpt>
      <trkpt lat="25.07953405380249" lon="121.84191942214966">
        <ele>441.9</ele>
      </trkpt>
      <trkpt lat="25.07939483039081" lon="121.84203718788922">
        <ele>442.39</ele>
      </trkpt>
      <trkpt lat="25.07925510406494" lon="121.84215545654297">
        <ele>443.05</ele>
      </trkpt>
      <trkpt lat="25.079233646392822" lon="121.84217691421509">
        <ele>443.92</ele>
      </trkpt>
      <trkpt lat="25.079190731048584" lon="121.8421983718872">
        <ele>444.78</ele>
      </trkpt>
      <trkpt lat="25.079126358032227" lon="121.84215545654297">
        <ele>445.73</ele>
      </trkpt>
      <trkpt lat="25.07908344268799" lon="121.84209108352661">
        <ele>446.74</ele>
      </trkpt>
      <trkpt lat="25.07908344268799" lon="121.84200525283813">
        <ele>447.84</ele>
      </trkpt>
      <trkpt lat="25.079104900360107" lon="121.8419623374939">
        <ele>448.88</ele>
      </trkpt>
      <trkpt lat="25.079169273376465" lon="121.84187650680542">
        <ele>450.05</ele>
      </trkpt>
      <trkpt lat="25.07929801940918" lon="121.84181213378906">
        <ele>451.16</ele>
      </trkpt>
      <trkpt lat="25.07945836521685" lon="121.84175865724683">
        <ele>452.54</ele>
      </trkpt>
      <trkpt lat="25.079619884490967" lon="121.84170484542847">
        <ele>454.06</ele>
      </trkpt>
      <trkpt lat="25.079684257507324" lon="121.84168338775635">
        <ele>455.3</ele>
      </trkpt>
      <trkpt lat="25.0797700881958" lon="121.84170484542847">
        <ele>456.42</ele>
      </trkpt>
      <trkpt lat="25.079898834228516" lon="121.8417477607727">
        <ele>457.53</ele>
      </trkpt>
      <trkpt lat="25.080080721527338" lon="121.8418761715293">
        <ele>458.59</ele>
      </trkpt>
      <trkpt lat="25.08026361465454" lon="121.84200525283813">
        <ele>459.7</ele>
      </trkpt>
      <trkpt lat="25.0803279876709" lon="121.84206962585449">
        <ele>460.7</ele>
      </trkpt>
      <trkpt lat="25.080370903015137" lon="121.84213399887085">
        <ele>461.64</ele>
      </trkpt>
      <trkpt lat="25.080370903015137" lon="121.84221982955933">
        <ele>462.45</ele>
      </trkpt>
      <trkpt lat="25.080370903015137" lon="121.84245586395264">
        <ele>462.77</ele>
      </trkpt>
      <trkpt lat="25.080370903015137" lon="121.842520236969">
        <ele>463.62</ele>
      </trkpt>
      <trkpt lat="25.080392360687256" lon="121.84256315231323">
        <ele>464.64</ele>
      </trkpt>
      <trkpt lat="25.080456733703613" lon="121.84264898300171">
        <ele>465.67</ele>
      </trkpt>
      <trkpt lat="25.08049964904785" lon="121.84267044067383">
        <ele>466.88</ele>
      </trkpt>
      <trkpt lat="25.080628395080566" lon="121.84267044067383">
        <ele>468.37</ele>
      </trkpt>
      <trkpt lat="25.080735683441162" lon="121.84264898300171">
        <ele>469.88</ele>
      </trkpt>
      <trkpt lat="25.080907344818115" lon="121.84258460998535">
        <ele>471.69</ele>
      </trkpt>
      <trkpt lat="25.08103609085083" lon="121.84258460998535">
        <ele>473.18</ele>
      </trkpt>
      <trkpt lat="25.081100463867188" lon="121.84260606765747">
        <ele>474.47</ele>
      </trkpt>
      <trkpt lat="25.08125066757202" lon="121.84271335601807">
        <ele>475.73</ele>
      </trkpt>
      <trkpt lat="25.081421993672848" lon="121.84286322444677">
        <ele>477.08</ele>
      </trkpt>
      <trkpt lat="25.081593990325928" lon="121.84301376342773">
        <ele>478.38</ele>
      </trkpt>
      <trkpt lat="25.08183002471924" lon="121.84322834014893">
        <ele>479.73</ele>
      </trkpt>
      <trkpt lat="25.08206605911255" lon="121.84340000152588">
        <ele>481.13</ele>
      </trkpt>
      <trkpt lat="25.082151889801025" lon="121.84348583221436">
        <ele>482.26</ele>
      </trkpt>
      <trkpt lat="25.082151973620057" lon="121.84348583221436">
        <ele>483.4</ele>
      </trkpt>
      <trkpt lat="25.08228063583374" lon="121.84363603591919">
        <ele>484.31</ele>
      </trkpt>
      <trkpt lat="25.082345008850098" lon="121.84370040893555">
        <ele>485.31</ele>
      </trkpt>
      <trkpt lat="25.082452297210693" lon="121.84374332427979">
        <ele>486.48</ele>
      </trkpt>
      <trkpt lat="25.082709789276123" lon="121.84380769729614">
        <ele>487.91</ele>
      </trkpt>
      <trkpt lat="25.08277416229248" lon="121.8438720703125">
        <ele>489.0</ele>
      </trkpt>
      <trkpt lat="25.082902908325195" lon="121.84415102005005">
        <ele>489.87</ele>
      </trkpt>
      <trkpt lat="25.082881450653076" lon="121.8444299697876">
        <ele>490.26</ele>
      </trkpt>
      <trkpt lat="25.082902908325195" lon="121.84449434280396">
        <ele>491.07</ele>
      </trkpt>
      <trkpt lat="25.082924365997314" lon="121.84451580047607">
        <ele>491.98</ele>
      </trkpt>
      <trkpt lat="25.082967281341553" lon="121.8445372581482">
        <ele>492.85</ele>
      </trkpt>
      <trkpt lat="25.08305311203003" lon="121.84451580047607">
        <ele>493.78</ele>
      </trkpt>
      <trkpt lat="25.08331060409546" lon="121.84436559677124">
        <ele>495.13</ele>
      </trkpt>
      <trkpt lat="25.083417892456055" lon="121.84436559677124">
        <ele>495.97</ele>
      </trkpt>
      <trkpt lat="25.083642276003957" lon="121.84441898949444">
        <ele>496.93</ele>
      </trkpt>
      <trkpt lat="25.083868503570557" lon="121.84447288513184">
        <ele>497.96</ele>
      </trkpt>
      <trkpt lat="25.083975791931152" lon="121.8445372581482">
        <ele>498.87</ele>
      </trkpt>
      <trkpt lat="25.08401870727539" lon="121.84458017349243">
        <ele>499.64</ele>
      </trkpt>
      <trkpt lat="25.08404016494751" lon="121.84464454650879">
        <ele>500.31</ele>
      </trkpt>
      <trkpt lat="25.08404016494751" lon="121.84473037719727">
        <ele>500.88</ele>
      </trkpt>
      <trkpt lat="25.08399724960327" lon="121.8448805809021">
        <ele>501.27</ele>
      </trkpt>
      <trkpt lat="25.083975791931152" lon="121.84494495391846">
        <ele>501.75</ele>
      </trkpt>
      <trkpt lat="25.08378267288208" lon="121.84520244598389">
        <ele>501.64</ele>
      </trkpt>
      <trkpt lat="25.083739757537842" lon="121.8453311920166">
        <ele>501.99</ele>
      </trkpt>
      <trkpt lat="25.083739757537842" lon="121.84541702270508">
        <ele>502.47</ele>
      </trkpt>
      <trkpt lat="25.0838041305542" lon="121.84550285339355">
        <ele>503.05</ele>
      </trkpt>
      <trkpt lat="25.0840821582824" lon="121.8456525541842">
        <ele>503.95</ele>
      </trkpt>
      <trkpt lat="25.084362030029297" lon="121.84580326080322">
        <ele>504.64</ele>
      </trkpt>
      <trkpt lat="25.084469318389893" lon="121.84580326080322">
        <ele>505.18</ele>
      </trkpt>
      <trkpt lat="25.08451223373413" lon="121.8457818031311">
        <ele>505.78</ele>
      </trkpt>
      <trkpt lat="25.08457660675049" lon="121.84573888778687">
        <ele>506.4</ele>
      </trkpt>
      <trkpt lat="25.084598064422607" lon="121.84567451477051">
        <ele>507.08</ele>
      </trkpt>
      <trkpt lat="25.084662437438965" lon="121.84537410736084">
        <ele>508.14</ele>
      </trkpt>
      <trkpt lat="25.084726810455322" lon="121.84526681900024">
        <ele>508.76</ele>
      </trkpt>
      <trkpt lat="25.08479118347168" lon="121.84524536132812">
        <ele>509.25</ele>
      </trkpt>
      <trkpt lat="25.084877014160156" lon="121.84520244598389">
        <ele>509.81</ele>
      </trkpt>
      <trkpt lat="25.085091590881348" lon="121.845223903656">
        <ele>510.18</ele>
      </trkpt>
      <trkpt lat="25.0853409525007" lon="121.84529514983296">
        <ele>510.41</ele>
      </trkpt>
      <trkpt lat="25.085590397939086" lon="121.84536639600992">
        <ele>510.79</ele>
      </trkpt>
      <trkpt lat="25.085842609405518" lon="121.8454384803772">
        <ele>511.21</ele>
      </trkpt>
      <trkpt lat="25.08603572845459" lon="121.8455457687378">
        <ele>511.43</ele>
      </trkpt>
      <trkpt lat="25.086185513064265" lon="121.84565272182226">
        <ele>511.61</ele>
      </trkpt>
      <trkpt lat="25.086336135864258" lon="121.84576034545898">
        <ele>511.74</ele>
      </trkpt>
      <trkpt lat="25.086443424224854" lon="121.8457818031311">
        <ele>511.98</ele>
      </trkpt>
      <trkpt lat="25.086722373962402" lon="121.84580326080322">
        <ele>512.16</ele>
      </trkpt>
      <trkpt lat="25.08702278137207" lon="121.84591054916382">
        <ele>512.18</ele>
      </trkpt>
      <trkpt lat="25.0872475001961" lon="121.84606569819152">
        <ele>512.42</ele>
      </trkpt>
      <trkpt lat="25.08747221902013" lon="121.84622084721923">
        <ele>512.68</ele>
      </trkpt>
      <trkpt lat="25.087696937844157" lon="121.84637599624693">
        <ele>512.92</ele>
      </trkpt>
      <trkpt lat="25.087924003601074" lon="121.84653282165527">
        <ele>513.06</ele>
      </trkpt>
      <trkpt lat="25.088165318593383" lon="121.84673465788364">
        <ele>513.38</ele>
      </trkpt>
      <trkpt lat="25.088406717404723" lon="121.84693649411201">
        <ele>513.85</ele>
      </trkpt>
      <trkpt lat="25.088648032397032" lon="121.84713833034039">
        <ele>514.34</ele>
      </trkpt>
      <trkpt lat="25.088891442865133" lon="121.84734192676842">
        <ele>514.77</ele>
      </trkpt>
      <trkpt lat="25.089104175567627" lon="121.84751987457275">
        <ele>515.4</ele>
      </trkpt>
      <trkpt lat="25.089190006256104" lon="121.84764862060547">
        <ele>515.72</ele>
      </trkpt>
      <trkpt lat="25.089190006256104" lon="121.84773445129395">
        <ele>516.01</ele>
      </trkpt>
      <trkpt lat="25.089190006256104" lon="121.8479922786355">
        <ele>516.2</ele>
      </trkpt>
      <trkpt lat="25.089190006256104" lon="121.8482494354248">
        <ele>516.42</ele>
      </trkpt>
      <trkpt lat="25.089190090075135" lon="121.8482494354248">
        <ele>516.6</ele>
      </trkpt>
      <trkpt lat="25.089211463928223" lon="121.84842109680176">
        <ele>516.79</ele>
      </trkpt>
      <trkpt lat="25.089211547747254" lon="121.84842109680176">
        <ele>516.92</ele>
      </trkpt>
      <trkpt lat="25.089232921600342" lon="121.8487000465393">
        <ele>517.11</ele>
      </trkpt>
      <trkpt lat="25.08931875228882" lon="121.84900045394897">
        <ele>517.26</ele>
      </trkpt>
      <trkpt lat="25.089383125305176" lon="121.84910774230957">
        <ele>517.51</ele>
      </trkpt>
      <trkpt lat="25.089426040649414" lon="121.84912919998169">
        <ele>517.57</ele>
      </trkpt>
      <trkpt lat="25.08953332901001" lon="121.84910774230957">
        <ele>517.59</ele>
      </trkpt>
      <trkpt lat="25.089597702026367" lon="121.84904336929321">
        <ele>517.42</ele>
      </trkpt>
      <trkpt lat="25.08972636424005" lon="121.8488073348999">
        <ele>516.87</ele>
      </trkpt>
      <trkpt lat="25.089855194091797" lon="121.84857130050659">
        <ele>516.33</ele>
      </trkpt>
      <trkpt lat="25.089898109436035" lon="121.84850692749023">
        <ele>515.98</ele>
      </trkpt>
      <trkpt lat="25.089941024780273" lon="121.848464012146">
        <ele>515.6</ele>
      </trkpt>
      <trkpt lat="25.09006977081299" lon="121.84844255447388">
        <ele>515.19</ele>
      </trkpt>
      <trkpt lat="25.090198516845703" lon="121.848464012146">
        <ele>514.8</ele>
      </trkpt>
      <trkpt lat="25.090413093566895" lon="121.84852838516235">
        <ele>514.21</ele>
      </trkpt>
      <trkpt lat="25.090584754943848" lon="121.84861421585083">
        <ele>513.63</ele>
      </trkpt>
      <trkpt lat="25.090670585632324" lon="121.84872150421143">
        <ele>513.19</ele>
      </trkpt>
      <trkpt lat="25.090692043304443" lon="121.8488073348999">
        <ele>512.73</ele>
      </trkpt>
      <trkpt lat="25.090713500976562" lon="121.84900045394897">
        <ele>512.41</ele>
      </trkpt>
      <trkpt lat="25.0907564163208" lon="121.84910774230957">
        <ele>511.89</ele>
      </trkpt>
      <trkpt lat="25.090906200930476" lon="121.84921469539404">
        <ele>511.12</ele>
      </trkpt>
      <trkpt lat="25.09105682373047" lon="121.84932231903076">
        <ele>510.47</ele>
      </trkpt>
      <trkpt lat="25.091164112091064" lon="121.84932231903076">
        <ele>509.75</ele>
      </trkpt>
      <trkpt lat="25.091228485107422" lon="121.84930086135864">
        <ele>509.0</ele>
      </trkpt>
      <trkpt lat="25.091400146484375" lon="121.84908628463745">
        <ele>507.73</ele>
      </trkpt>
      <trkpt lat="25.091443061828613" lon="121.84906482696533">
        <ele>507.02</ele>
      </trkpt>
      <trkpt lat="25.09152889251709" lon="121.84904336929321">
        <ele>506.3</ele>
      </trkpt>
      <trkpt lat="25.091636180877686" lon="121.84906482696533">
        <ele>505.51</ele>
      </trkpt>
      <trkpt lat="25.091700553894043" lon="121.84912919998169">
        <ele>504.85</ele>
      </trkpt>
      <trkpt lat="25.091722011566162" lon="121.84917211532593">
        <ele>504.28</ele>
      </trkpt>
      <trkpt lat="25.09174346923828" lon="121.84938669204712">
        <ele>504.03</ele>
      </trkpt>
      <trkpt lat="25.09174346923828" lon="121.84966564178467">
        <ele>503.86</ele>
      </trkpt>
      <trkpt lat="25.09180784225464" lon="121.84973001480103">
        <ele>503.2</ele>
      </trkpt>
      <trkpt lat="25.091850757598877" lon="121.84975147247314">
        <ele>502.65</ele>
      </trkpt>
      <trkpt lat="25.091893672943115" lon="121.84975147247314">
        <ele>502.16</ele>
      </trkpt>
      <trkpt lat="25.092194080352783" lon="121.84973001480103">
        <ele>501.56</ele>
      </trkpt>
      <trkpt lat="25.092365071177483" lon="121.84968718327582">
        <ele>500.88</ele>
      </trkpt>
      <trkpt lat="25.09253740310669" lon="121.84964418411255">
        <ele>500.41</ele>
      </trkpt>
      <trkpt lat="25.092601776123047" lon="121.84964418411255">
        <ele>500.07</ele>
      </trkpt>
      <trkpt lat="25.09281635284424" lon="121.84968709945679">
        <ele>500.22</ele>
      </trkpt>
      <trkpt lat="25.092945098876953" lon="121.84968709945679">
        <ele>500.12</ele>
      </trkpt>
      <trkpt lat="25.093073844909668" lon="121.84960126876831">
        <ele>499.83</ele>
      </trkpt>
      <trkpt lat="25.093202339485288" lon="121.84947269037366">
        <ele>499.49</ele>
      </trkpt>
      <trkpt lat="25.093331336975098" lon="121.84934377670288">
        <ele>499.05</ele>
      </trkpt>
      <trkpt lat="25.093523785471916" lon="121.84924746863544">
        <ele>499.03</ele>
      </trkpt>
      <trkpt lat="25.093717575073242" lon="121.84915065765381">
        <ele>499.18</ele>
      </trkpt>
      <trkpt lat="25.0937819480896" lon="121.84912919998169">
        <ele>499.35</ele>
      </trkpt>
      <trkpt lat="25.093889236450195" lon="121.84915065765381">
        <ele>499.5</ele>
      </trkpt>
      <trkpt lat="25.094060227274895" lon="121.84921477921307">
        <ele>499.87</ele>
      </trkpt>
      <trkpt lat="25.0942325592041" lon="121.84927940368652">
        <ele>500.09</ele>
      </trkpt>
      <trkpt lat="25.094425678253174" lon="121.84940814971924">
        <ele>500.44</ele>
      </trkpt>
      <trkpt lat="25.094586359336972" lon="121.8495795596391">
        <ele>500.97</ele>
      </trkpt>
      <trkpt lat="25.09474754333496" lon="121.84975147247314">
        <ele>501.32</ele>
      </trkpt>
      <trkpt lat="25.09476900100708" lon="121.8498158454895">
        <ele>501.93</ele>
      </trkpt>
      <trkpt lat="25.0947904586792" lon="121.84988021850586">
        <ele>502.61</ele>
      </trkpt>
      <trkpt lat="25.0947904586792" lon="121.84998750686646">
        <ele>503.46</ele>
      </trkpt>
      <trkpt lat="25.09476900100708" lon="121.85011625289917">
        <ele>504.41</ele>
      </trkpt>
      <trkpt lat="25.09476900100708" lon="121.85018062591553">
        <ele>505.3</ele>
      </trkpt>
      <trkpt lat="25.09481191635132" lon="121.85024499893188">
        <ele>506.1</ele>
      </trkpt>
      <trkpt lat="25.09491903707385" lon="121.85037357732654">
        <ele>506.89</ele>
      </trkpt>
      <trkpt lat="25.09502649307251" lon="121.85050249099731">
        <ele>507.9</ele>
      </trkpt>
      <trkpt lat="25.095155155286193" lon="121.85069544240832">
        <ele>508.98</ele>
      </trkpt>
      <trkpt lat="25.09528398513794" lon="121.85088872909546">
        <ele>510.1</ele>
      </trkpt>
      <trkpt lat="25.095455646514893" lon="121.85110330581665">
        <ele>511.5</ele>
      </trkpt>
      <trkpt lat="25.09554147720337" lon="121.85112476348877">
        <ele>512.54</ele>
      </trkpt>
      <trkpt lat="25.095584392547607" lon="121.85110330581665">
        <ele>513.46</ele>
      </trkpt>
      <trkpt lat="25.09577751159668" lon="121.8509316444397">
        <ele>513.7</ele>
      </trkpt>
      <trkpt lat="25.095820426940918" lon="121.85088872909546">
        <ele>514.51</ele>
      </trkpt>
      <trkpt lat="25.095949172973633" lon="121.85088872909546">
        <ele>515.46</ele>
      </trkpt>
      <trkpt lat="25.09603500366211" lon="121.85091018676758">
        <ele>516.42</ele>
      </trkpt>
      <trkpt lat="25.09624907746911" lon="121.85107070021331">
        <ele>517.6</ele>
      </trkpt>
      <trkpt lat="25.096464157104492" lon="121.85123205184937">
        <ele>519.02</ele>
      </trkpt>
      <trkpt lat="25.09648561477661" lon="121.85123205184937">
        <ele>519.89</ele>
      </trkpt>
      <trkpt lat="25.096571445465088" lon="121.85121059417725">
        <ele>520.72</ele>
      </trkpt>
      <trkpt lat="25.096635818481445" lon="121.85114622116089">
        <ele>521.37</ele>
      </trkpt>
      <trkpt lat="25.096721649169922" lon="121.8509316444397">
        <ele>521.69</ele>
      </trkpt>
      <trkpt lat="25.09676456451416" lon="121.85088872909546">
        <ele>522.37</ele>
      </trkpt>
      <trkpt lat="25.09694636799395" lon="121.85079242102802">
        <ele>523.21</ele>
      </trkpt>
      <trkpt lat="25.097129344940186" lon="121.85069561004639">
        <ele>523.88</ele>
      </trkpt>
      <trkpt lat="25.09727954864502" lon="121.85052394866943">
        <ele>524.42</ele>
      </trkpt>
      <trkpt lat="25.097322463989258" lon="121.85050249099731">
        <ele>524.96</ele>
      </trkpt>
      <trkpt lat="25.09758984670043" lon="121.85035270638764">
        <ele>525.46</ele>
      </trkpt>
      <trkpt lat="25.097858905792236" lon="121.85020208358765">
        <ele>525.75</ele>
      </trkpt>
      <trkpt lat="25.098029812797904" lon="121.85021272860467">
        <ele>526.3</ele>
      </trkpt>
      <trkpt lat="25.098202228546143" lon="121.85022354125977">
        <ele>526.94</ele>
      </trkpt>
      <trkpt lat="25.09824514389038" lon="121.85020208358765">
        <ele>527.29</ele>
      </trkpt>
      <trkpt lat="25.09828805923462" lon="121.85018062591553">
        <ele>527.58</ele>
      </trkpt>
      <trkpt lat="25.09848117828369" lon="121.85000896453857">
        <ele>527.84</ele>
      </trkpt>
      <trkpt lat="25.098567008972168" lon="121.84985876083374">
        <ele>527.87</ele>
      </trkpt>
      <trkpt lat="25.098652839660645" lon="121.84957981109619">
        <ele>527.62</ele>
      </trkpt>
      <trkpt lat="25.09873867034912" lon="121.84945106506348">
        <ele>527.68</ele>
      </trkpt>
      <trkpt lat="25.09889935143292" lon="121.84925811365247">
        <ele>527.7</ele>
      </trkpt>
      <trkpt lat="25.099060535430908" lon="121.84906482696533">
        <ele>527.67</ele>
      </trkpt>
      <trkpt lat="25.099081993103027" lon="121.8490219116211">
        <ele>527.53</ele>
      </trkpt>
      <trkpt lat="25.099103450775146" lon="121.84889316558838">
        <ele>527.29</ele>
      </trkpt>
      <trkpt lat="25.099081993103027" lon="121.84885025024414">
        <ele>526.98</ele>
      </trkpt>
      <trkpt lat="25.098953414708376" lon="121.84873240068555">
        <ele>526.49</ele>
      </trkpt>
      <trkpt lat="25.098824501037598" lon="121.84861421585083">
        <ele>525.9</ele>
      </trkpt>
      <trkpt lat="25.09878158569336" lon="121.84852838516235">
        <ele>525.39</ele>
      </trkpt>
      <trkpt lat="25.09878158569336" lon="121.84839963912964">
        <ele>524.85</ele>
      </trkpt>
      <trkpt lat="25.098824501037598" lon="121.8482494354248">
        <ele>524.26</ele>
      </trkpt>
      <trkpt lat="25.098845958709717" lon="121.84820652008057">
        <ele>523.74</ele>
      </trkpt>
      <trkpt lat="25.098910331726074" lon="121.84816360473633">
        <ele>523.29</ele>
      </trkpt>
      <trkpt lat="25.099103450775146" lon="121.84812068939209">
        <ele>523.06</ele>
      </trkpt>
      <trkpt lat="25.099382400512695" lon="121.8480134010315">
        <ele>522.6</ele>
      </trkpt>
      <trkpt lat="25.099382484331727" lon="121.8480134010315">
        <ele>521.97</ele>
      </trkpt>
      <trkpt lat="25.09953260421753" lon="121.84799194335938">
        <ele>521.2</ele>
      </trkpt>
      <trkpt lat="25.099661350250244" lon="121.8480134010315">
        <ele>520.45</ele>
      </trkpt>
      <trkpt lat="25.099661434069276" lon="121.8480134010315">
        <ele>519.73</ele>
      </trkpt>
      <trkpt lat="25.099917836487293" lon="121.84807752259076">
        <ele>518.89</ele>
      </trkpt>
      <trkpt lat="25.100176334381104" lon="121.84814214706421">
        <ele>518.18</ele>
      </trkpt>
      <trkpt lat="25.100390911102295" lon="121.84822797775269">
        <ele>517.48</ele>
      </trkpt>
      <trkpt lat="25.10051965713501" lon="121.84833526611328">
        <ele>516.68</ele>
      </trkpt>
      <trkpt lat="25.100712440907955" lon="121.84852804988623">
        <ele>515.77</ele>
      </trkpt>
      <trkpt lat="25.1009052246809" lon="121.84872083365917">
        <ele>514.58</ele>
      </trkpt>
      <trkpt lat="25.101099014282227" lon="121.8489146232605">
        <ele>513.5</ele>
      </trkpt>
      <trkpt lat="25.101377964019775" lon="121.8490219116211">
        <ele>512.35</ele>
      </trkpt>
      <trkpt lat="25.101420879364014" lon="121.84906482696533">
        <ele>511.44</ele>
      </trkpt>
      <trkpt lat="25.101463794708252" lon="121.84910774230957">
        <ele>510.54</ele>
      </trkpt>
      <trkpt lat="25.10148525238037" lon="121.84917211532593">
        <ele>509.66</ele>
      </trkpt>
      <trkpt lat="25.101463794708252" lon="121.84934377670288">
        <ele>508.89</ele>
      </trkpt>
      <trkpt lat="25.101399421691895" lon="121.84945106506348">
        <ele>508.17</ele>
      </trkpt>
      <trkpt lat="25.10124921798706" lon="121.84962272644043">
        <ele>507.67</ele>
      </trkpt>
      <trkpt lat="25.101249301806092" lon="121.84962272644043">
        <ele>506.81</ele>
      </trkpt>
      <trkpt lat="25.10110991075635" lon="121.84978340752423">
        <ele>506.06</ele>
      </trkpt>
      <trkpt lat="25.10097026824951" lon="121.84994459152222">
        <ele>505.11</ele>
      </trkpt>
      <trkpt lat="25.100927352905273" lon="121.85000896453857">
        <ele>504.2</ele>
      </trkpt>
      <trkpt lat="25.100862979888916" lon="121.85020208358765">
        <ele>503.16</ele>
      </trkpt>
      <trkpt lat="25.100863063707948" lon="121.85041666030884">
        <ele>502.06</ele>
      </trkpt>
      <trkpt lat="25.100905895233154" lon="121.85067415237427">
        <ele>501.05</ele>
      </trkpt>
      <trkpt lat="25.100905979052186" lon="121.85067415237427">
        <ele>500.09</ele>
      </trkpt>
      <trkpt lat="25.10099172592163" lon="121.8509316444397">
        <ele>499.09</ele>
      </trkpt>
      <trkpt lat="25.10105609893799" lon="121.85112476348877">
        <ele>498.13</ele>
      </trkpt>
      <trkpt lat="25.10121694765985" lon="121.85138208791614">
        <ele>496.91</ele>
      </trkpt>
      <trkpt lat="25.101377964019775" lon="121.85163974761963">
        <ele>495.45</ele>
      </trkpt>
      <trkpt lat="25.101420879364014" lon="121.85170412063599">
        <ele>494.29</ele>
      </trkpt>
      <trkpt lat="25.101420879364014" lon="121.85178995132446">
        <ele>493.2</ele>
      </trkpt>
      <trkpt lat="25.101420879364014" lon="121.85189723968506">
        <ele>492.13</ele>
      </trkpt>
      <trkpt lat="25.101399421691895" lon="121.85198307037354">
        <ele>491.12</ele>
      </trkpt>
      <trkpt lat="25.101313591003418" lon="121.85215473175049">
        <ele>490.15</ele>
      </trkpt>
      <trkpt lat="25.101184844970703" lon="121.85224056243896">
        <ele>489.21</ele>
      </trkpt>
      <trkpt lat="25.101099014282227" lon="121.85226202011108">
        <ele>488.15</ele>
      </trkpt>
      <trkpt lat="25.10101318359375" lon="121.85226202011108">
        <ele>487.12</ele>
      </trkpt>
      <trkpt lat="25.100703304633498" lon="121.85225129127502">
        <ele>486.18</ele>
      </trkpt>
      <trkpt lat="25.100390911102295" lon="121.85224056243896">
        <ele>485.02</ele>
      </trkpt>
      <trkpt lat="25.10026216506958" lon="121.85221910476685">
        <ele>483.78</ele>
      </trkpt>
      <trkpt lat="25.100176334381104" lon="121.85217618942261">
        <ele>482.6</ele>
      </trkpt>
      <trkpt lat="25.099962260574102" lon="121.85203704982996">
        <ele>481.51</ele>
      </trkpt>
      <trkpt lat="25.09974718093872" lon="121.85189723968506">
        <ele>480.39</ele>
      </trkpt>
      <trkpt lat="25.099704265594482" lon="121.85187578201294">
        <ele>479.15</ele>
      </trkpt>
      <trkpt lat="25.099618434906006" lon="121.85189723968506">
        <ele>477.77</ele>
      </trkpt>
      <trkpt lat="25.09955406188965" lon="121.8519401550293">
        <ele>476.38</ele>
      </trkpt>
      <trkpt lat="25.09955406188965" lon="121.85198307037354">
        <ele>474.95</ele>
      </trkpt>
      <trkpt lat="25.09955406188965" lon="121.85209035873413">
        <ele>473.41</ele>
      </trkpt>
      <trkpt lat="25.099596977233887" lon="121.85234785079956">
        <ele>471.57</ele>
      </trkpt>
      <trkpt lat="25.099575519561768" lon="121.85245513916016">
        <ele>470.05</ele>
      </trkpt>
      <trkpt lat="25.09951114654541" lon="121.85262680053711">
        <ele>468.5</ele>
      </trkpt>
      <trkpt lat="25.09953260421753" lon="121.8527340888977">
        <ele>467.0</ele>
      </trkpt>
      <trkpt lat="25.099596977233887" lon="121.85281991958618">
        <ele>465.46</ele>
      </trkpt>
      <trkpt lat="25.099736033007503" lon="121.85290549881756">
        <ele>463.84</ele>
      </trkpt>
      <trkpt lat="25.099875926971436" lon="121.85299158096313">
        <ele>462.27</ele>
      </trkpt>
      <trkpt lat="25.099961757659912" lon="121.85307741165161">
        <ele>460.77</ele>
      </trkpt>
      <trkpt lat="25.10002613067627" lon="121.85314178466797">
        <ele>459.32</ele>
      </trkpt>
      <trkpt lat="25.10004758834839" lon="121.85324907302856">
        <ele>457.95</ele>
      </trkpt>
      <trkpt lat="25.100069046020508" lon="121.85331344604492">
        <ele>456.62</ele>
      </trkpt>
      <trkpt lat="25.10004758834839" lon="121.8533992767334">
        <ele>455.44</ele>
      </trkpt>
      <trkpt lat="25.09998321533203" lon="121.85361385345459">
        <ele>454.5</ele>
      </trkpt>
      <trkpt lat="25.09998321533203" lon="121.85367822647095">
        <ele>453.36</ele>
      </trkpt>
      <trkpt lat="25.1000262144953" lon="121.85380697250366">
        <ele>452.23</ele>
      </trkpt>
      <trkpt lat="25.100069046020508" lon="121.8538498878479">
        <ele>451.09</ele>
      </trkpt>
      <trkpt lat="25.100326538085938" lon="121.85393571853638">
        <ele>449.56</ele>
      </trkpt>
      <trkpt lat="25.100412368774414" lon="121.85397863388062">
        <ele>448.41</ele>
      </trkpt>
      <trkpt lat="25.10049819946289" lon="121.85404300689697">
        <ele>447.35</ele>
      </trkpt>
      <trkpt lat="25.100562572479248" lon="121.85412883758545">
        <ele>446.41</ele>
      </trkpt>
      <trkpt lat="25.1007342338562" lon="121.854407787323">
        <ele>445.42</ele>
      </trkpt>
      <trkpt lat="25.10077714920044" lon="121.85442924499512">
        <ele>444.58</ele>
      </trkpt>
      <trkpt lat="25.100841522216797" lon="121.85442924499512">
        <ele>443.76</ele>
      </trkpt>
      <trkpt lat="25.100862979888916" lon="121.854407787323">
        <ele>443.07</ele>
      </trkpt>
      <trkpt lat="25.100884437561035" lon="121.85434341430664">
        <ele>442.44</ele>
      </trkpt>
      <trkpt lat="25.100841522216797" lon="121.85425758361816">
        <ele>441.95</ele>
      </trkpt>
      <trkpt lat="25.100616551935673" lon="121.8540433421731">
        <ele>441.68</ele>
      </trkpt>
      <trkpt lat="25.100390911102295" lon="121.85382843017578">
        <ele>441.41</ele>
      </trkpt>
      <trkpt lat="25.100347995758057" lon="121.8537425994873">
        <ele>440.99</ele>
      </trkpt>
      <trkpt lat="25.10030508041382" lon="121.85365676879883">
        <ele>440.62</ele>
      </trkpt>
      <trkpt lat="25.1002836227417" lon="121.85357093811035">
        <ele>440.23</ele>
      </trkpt>
      <trkpt lat="25.100347995758057" lon="121.85337781906128">
        <ele>439.79</ele>
      </trkpt>
      <trkpt lat="25.10030508041382" lon="121.85312032699585">
        <ele>439.65</ele>
      </trkpt>
      <trkpt lat="25.10030508041382" lon="121.85305595397949">
        <ele>439.32</ele>
      </trkpt>
      <trkpt lat="25.100369453430176" lon="121.85297012329102">
        <ele>439.07</ele>
      </trkpt>
      <trkpt lat="25.100412368774414" lon="121.85297012329102">
        <ele>438.7</ele>
      </trkpt>
      <trkpt lat="25.10051965713501" lon="121.85299158096313">
        <ele>438.31</ele>
      </trkpt>
      <trkpt lat="25.100723085924983" lon="121.85317355208099">
        <ele>437.73</ele>
      </trkpt>
      <trkpt lat="25.100927352905273" lon="121.85335636138916">
        <ele>437.01</ele>
      </trkpt>
      <trkpt lat="25.10101318359375" lon="121.85342073440552">
        <ele>436.42</ele>
      </trkpt>
      <trkpt lat="25.101077556610107" lon="121.85344219207764">
        <ele>435.86</ele>
      </trkpt>
      <trkpt lat="25.101184844970703" lon="121.85342073440552">
        <ele>435.31</ele>
      </trkpt>
      <trkpt lat="25.10124921798706" lon="121.8533992767334">
        <ele>434.75</ele>
      </trkpt>
      <trkpt lat="25.101442337036133" lon="121.85324907302856">
        <ele>434.36</ele>
      </trkpt>
      <trkpt lat="25.10150671005249" lon="121.85322761535645">
        <ele>433.75</ele>
      </trkpt>
      <trkpt lat="25.10154962539673" lon="121.85324907302856">
        <ele>433.02</ele>
      </trkpt>
      <trkpt lat="25.101817091926932" lon="121.85342023149133">
        <ele>431.92</ele>
      </trkpt>
      <trkpt lat="25.102086067199707" lon="121.85359239578247">
        <ele>430.91</ele>
      </trkpt>
      <trkpt lat="25.102171897888184" lon="121.85363531112671">
        <ele>430.07</ele>
      </trkpt>
      <trkpt lat="25.10227918624878" lon="121.85363531112671">
        <ele>429.26</ele>
      </trkpt>
      <trkpt lat="25.102322101593018" lon="121.85361385345459">
        <ele>428.43</ele>
      </trkpt>
      <trkpt lat="25.102407932281494" lon="121.853506565094">
        <ele>427.48</ele>
      </trkpt>
      <trkpt lat="25.10249376296997" lon="121.85320615768433">
        <ele>426.4</ele>
      </trkpt>
      <trkpt lat="25.10251522064209" lon="121.8529486656189">
        <ele>425.52</ele>
      </trkpt>
      <trkpt lat="25.10247230529785" lon="121.85262680053711">
        <ele>424.82</ele>
      </trkpt>
      <trkpt lat="25.10247230529785" lon="121.85256242752075">
        <ele>423.95</ele>
      </trkpt>
      <trkpt lat="25.10249376296997" lon="121.85251951217651">
        <ele>423.02</ele>
      </trkpt>
      <trkpt lat="25.10251522064209" lon="121.85247659683228">
        <ele>422.07</ele>
      </trkpt>
      <trkpt lat="25.102579593658447" lon="121.85243368148804">
        <ele>421.12</ele>
      </trkpt>
      <trkpt lat="25.102622509002686" lon="121.85243368148804">
        <ele>420.12</ele>
      </trkpt>
      <trkpt lat="25.102686882019043" lon="121.85243368148804">
        <ele>419.11</ele>
      </trkpt>
      <trkpt lat="25.102847395464778" lon="121.85256209224463">
        <ele>417.91</ele>
      </trkpt>
      <trkpt lat="25.10300874710083" lon="121.85269117355347">
        <ele>416.66</ele>
      </trkpt>
      <trkpt lat="25.103116035461426" lon="121.8527340888977">
        <ele>415.53</ele>
      </trkpt>
      <trkpt lat="25.103351064026356" lon="121.85270198620856">
        <ele>414.41</ele>
      </trkpt>
      <trkpt lat="25.103588104248047" lon="121.85266971588135">
        <ele>413.27</ele>
      </trkpt>
      <trkpt lat="25.103823384270072" lon="121.85254130512476">
        <ele>412.28</ele>
      </trkpt>
      <trkpt lat="25.104060173034668" lon="121.85241222381592">
        <ele>411.29</ele>
      </trkpt>
      <trkpt lat="25.104242227971554" lon="121.85224081389606">
        <ele>410.25</ele>
      </trkpt>
      <trkpt lat="25.104424953460693" lon="121.85206890106201">
        <ele>409.07</ele>
      </trkpt>
      <trkpt lat="25.10446786880493" lon="121.85198307037354">
        <ele>408.02</ele>
      </trkpt>
      <trkpt lat="25.10451078414917" lon="121.85187578201294">
        <ele>407.0</ele>
      </trkpt>
      <trkpt lat="25.10448932647705" lon="121.85178995132446">
        <ele>406.2</ele>
      </trkpt>
      <trkpt lat="25.104446411132812" lon="121.8517255783081">
        <ele>405.42</ele>
      </trkpt>
      <trkpt lat="25.104339122772217" lon="121.85161828994751">
        <ele>404.73</ele>
      </trkpt>
      <trkpt lat="25.10416779667139" lon="121.85148979537189">
        <ele>404.15</ele>
      </trkpt>
      <trkpt lat="25.10399580001831" lon="121.85136079788208">
        <ele>403.5</ele>
      </trkpt>
      <trkpt lat="25.10387795045972" lon="121.85124294832349">
        <ele>402.74</ele>
      </trkpt>
      <trkpt lat="25.103759765625" lon="121.85112476348877">
        <ele>402.01</ele>
      </trkpt>
      <trkpt lat="25.103631019592285" lon="121.85106039047241">
        <ele>401.45</ele>
      </trkpt>
      <trkpt lat="25.103459358215332" lon="121.85099601745605">
        <ele>400.94</ele>
      </trkpt>
      <trkpt lat="25.103394985198975" lon="121.85095310211182">
        <ele>400.34</ele>
      </trkpt>
      <trkpt lat="25.103373527526855" lon="121.85088872909546">
        <ele>399.7</ele>
      </trkpt>
      <trkpt lat="25.103373527526855" lon="121.85080289840698">
        <ele>399.03</ele>
      </trkpt>
      <trkpt lat="25.103394985198975" lon="121.85063123703003">
        <ele>398.32</ele>
      </trkpt>
      <trkpt lat="25.103437900543213" lon="121.85054540634155">
        <ele>397.71</ele>
      </trkpt>
      <trkpt lat="25.10350227355957" lon="121.8504810333252">
        <ele>397.1</ele>
      </trkpt>
      <trkpt lat="25.103588104248047" lon="121.85043811798096">
        <ele>396.44</ele>
      </trkpt>
      <trkpt lat="25.103851715102792" lon="121.85036678798497">
        <ele>395.79</ele>
      </trkpt>
      <trkpt lat="25.104115325957537" lon="121.85029554180801">
        <ele>395.19</ele>
      </trkpt>
      <trkpt lat="25.104382038116455" lon="121.85022354125977">
        <ele>394.54</ele>
      </trkpt>
      <trkpt lat="25.10453224182129" lon="121.85015916824341">
        <ele>393.88</ele>
      </trkpt>
      <trkpt lat="25.10478973388672" lon="121.84996604919434">
        <ele>393.06</ele>
      </trkpt>
      <trkpt lat="25.104897022247314" lon="121.84988021850586">
        <ele>392.41</ele>
      </trkpt>
      <trkpt lat="25.104939937591553" lon="121.8498158454895">
        <ele>391.9</ele>
      </trkpt>
      <trkpt lat="25.10502585209906" lon="121.84966564178467">
        <ele>391.36</ele>
      </trkpt>
      <trkpt lat="25.10504722595215" lon="121.8494725227356">
        <ele>390.85</ele>
      </trkpt>
      <trkpt lat="25.10504722595215" lon="121.84916088357568">
        <ele>390.36</ele>
      </trkpt>
      <trkpt lat="25.10504722595215" lon="121.84885025024414">
        <ele>389.94</ele>
      </trkpt>
      <trkpt lat="25.10502576828003" lon="121.84872150421143">
        <ele>389.51</ele>
      </trkpt>
      <trkpt lat="25.10498285293579" lon="121.84861421585083">
        <ele>389.07</ele>
      </trkpt>
      <trkpt lat="25.1048650033772" lon="121.84849636629224">
        <ele>388.72</ele>
      </trkpt>
      <trkpt lat="25.10474681854248" lon="121.84837818145752">
        <ele>388.31</ele>
      </trkpt>
      <trkpt lat="25.10467163287103" lon="121.84820643626153">
        <ele>387.8</ele>
      </trkpt>
      <trkpt lat="25.104596614837646" lon="121.84803485870361">
        <ele>387.24</ele>
      </trkpt>
      <trkpt lat="25.104553699493408" lon="121.84797048568726">
        <ele>386.78</ele>
      </trkpt>
      <trkpt lat="25.104424953460693" lon="121.8479061126709">
        <ele>386.46</ele>
      </trkpt>
      <trkpt lat="25.10421121492982" lon="121.84787761420012">
        <ele>386.18</ele>
      </trkpt>
      <trkpt lat="25.103997476398945" lon="121.84784911572933">
        <ele>385.82</ele>
      </trkpt>
      <trkpt lat="25.10378122329712" lon="121.84782028198242">
        <ele>385.46</ele>
      </trkpt>
      <trkpt lat="25.10371685028076" lon="121.8477988243103">
        <ele>384.96</ele>
      </trkpt>
      <trkpt lat="25.103631103411317" lon="121.84773445129395">
        <ele>384.38</ele>
      </trkpt>
      <trkpt lat="25.103609561920166" lon="121.84767007827759">
        <ele>383.73</ele>
      </trkpt>
      <trkpt lat="25.103566646575928" lon="121.84751987457275">
        <ele>383.02</ele>
      </trkpt>
      <trkpt lat="25.103588104248047" lon="121.84743404388428">
        <ele>382.29</ele>
      </trkpt>
      <trkpt lat="25.103631019592285" lon="121.8473482131958">
        <ele>381.55</ele>
      </trkpt>
      <trkpt lat="25.103695392608643" lon="121.84730529785156">
        <ele>380.77</ele>
      </trkpt>
      <trkpt lat="25.10398741811514" lon="121.84725542552769">
        <ele>379.99</ele>
      </trkpt>
      <trkpt lat="25.104279527440667" lon="121.84720555320382">
        <ele>378.97</ele>
      </trkpt>
      <trkpt lat="25.104575157165527" lon="121.84715509414673">
        <ele>377.66</ele>
      </trkpt>
      <trkpt lat="25.10478981770575" lon="121.84715509414673">
        <ele>376.46</ele>
      </trkpt>
      <trkpt lat="25.10509609244764" lon="121.84715509414673">
        <ele>375.17</ele>
      </trkpt>
      <trkpt lat="25.105402367189527" lon="121.84715509414673">
        <ele>373.86</ele>
      </trkpt>
      <trkpt lat="25.105712413787842" lon="121.84715509414673">
        <ele>372.66</ele>
      </trkpt>
      <trkpt lat="25.105841159820557" lon="121.84713363647461">
        <ele>371.47</ele>
      </trkpt>
      <trkpt lat="25.10596990585327" lon="121.84706926345825">
        <ele>370.36</ele>
      </trkpt>
      <trkpt lat="25.106151876971126" lon="121.84693004004657">
        <ele>369.16</ele>
      </trkpt>
      <trkpt lat="25.106334686279297" lon="121.8467903137207">
        <ele>367.9</ele>
      </trkpt>
      <trkpt lat="25.10650634765625" lon="121.84670448303223">
        <ele>366.53</ele>
      </trkpt>
      <trkpt lat="25.1067852973938" lon="121.84659719467163">
        <ele>365.12</ele>
      </trkpt>
      <trkpt lat="25.106957042589784" lon="121.84657573699951">
        <ele>363.76</ele>
      </trkpt>
      <trkpt lat="25.107192993164062" lon="121.84657573699951">
        <ele>362.4</ele>
      </trkpt>
      <trkpt lat="25.107343280687928" lon="121.84661865234375">
        <ele>360.96</ele>
      </trkpt>
      <trkpt lat="25.107429027557373" lon="121.84666156768799">
        <ele>359.55</ele>
      </trkpt>
      <trkpt lat="25.107568250969052" lon="121.84677933342755">
        <ele>358.11</ele>
      </trkpt>
      <trkpt lat="25.107708061113954" lon="121.8468976020813">
        <ele>356.6</ele>
      </trkpt>
      <trkpt lat="25.107858264818788" lon="121.84704780578613">
        <ele>355.13</ele>
      </trkpt>
      <trkpt lat="25.107858180999756" lon="121.84704780578613">
        <ele>353.75</ele>
      </trkpt>
      <trkpt lat="25.10804006829858" lon="121.84717621654272">
        <ele>352.3</ele>
      </trkpt>
      <trkpt lat="25.10822296142578" lon="121.84730529785156">
        <ele>350.9</ele>
      </trkpt>
      <trkpt lat="25.10850098915398" lon="121.84744426980615">
        <ele>349.49</ele>
      </trkpt>
      <trkpt lat="25.10878086090088" lon="121.84758424758911">
        <ele>348.19</ele>
      </trkpt>
      <trkpt lat="25.108909606933594" lon="121.84767007827759">
        <ele>346.84</ele>
      </trkpt>
      <trkpt lat="25.109145222231746" lon="121.84789496473968">
        <ele>345.43</ele>
      </trkpt>
      <trkpt lat="25.109381675720215" lon="121.84812068939209">
        <ele>343.98</ele>
      </trkpt>
      <trkpt lat="25.10963849723339" lon="121.84830257669091">
        <ele>342.55</ele>
      </trkpt>
      <trkpt lat="25.109896659851074" lon="121.84848546981812">
        <ele>341.14</ele>
      </trkpt>
      <trkpt lat="25.110089778900146" lon="121.84857130050659">
        <ele>339.78</ele>
      </trkpt>
      <trkpt lat="25.110250040888786" lon="121.84861404821277">
        <ele>338.45</ele>
      </trkpt>
      <trkpt lat="25.110411643981934" lon="121.84865713119507">
        <ele>337.13</ele>
      </trkpt>
      <trkpt lat="25.110583305358887" lon="121.84872150421143">
        <ele>335.66</ele>
      </trkpt>
      <trkpt lat="25.110669136047363" lon="121.84876441955566">
        <ele>334.23</ele>
      </trkpt>
      <trkpt lat="25.11091531254351" lon="121.8489677645266">
        <ele>332.61</ele>
      </trkpt>
      <trkpt lat="25.111162662506104" lon="121.84917211532593">
        <ele>331.04</ele>
      </trkpt>
      <trkpt lat="25.111312866210938" lon="121.8492579460144">
        <ele>329.61</ele>
      </trkpt>
      <trkpt lat="25.11150598526001" lon="121.8492579460144">
        <ele>328.14</ele>
      </trkpt>
      <trkpt lat="25.111634731292725" lon="121.84919357299805">
        <ele>326.84</ele>
      </trkpt>
      <trkpt lat="25.111677646636963" lon="121.84915065765381">
        <ele>325.64</ele>
      </trkpt>
      <trkpt lat="25.1117205619812" lon="121.84908628463745">
        <ele>324.5</ele>
      </trkpt>
      <trkpt lat="25.111827850341797" lon="121.84882879257202">
        <ele>323.4</ele>
      </trkpt>
      <trkpt lat="25.111913764849305" lon="121.84854984283447">
        <ele>322.23</ele>
      </trkpt>
      <trkpt lat="25.111913681030273" lon="121.84834565967321">
        <ele>321.17</ele>
      </trkpt>
      <trkpt lat="25.111913681030273" lon="121.84814214706421">
        <ele>320.13</ele>
      </trkpt>
      <trkpt lat="25.111902868375182" lon="121.84795942157507">
        <ele>319.09</ele>
      </trkpt>
      <trkpt lat="25.111892223358154" lon="121.84777736663818">
        <ele>318.11</ele>
      </trkpt>
      <trkpt lat="25.111806392669678" lon="121.84758424758911">
        <ele>317.15</ele>
      </trkpt>
      <trkpt lat="25.111720645800233" lon="121.84749841690063">
        <ele>316.06</ele>
      </trkpt>
      <trkpt lat="25.11154940351844" lon="121.8474021088332">
        <ele>314.98</ele>
      </trkpt>
      <trkpt lat="25.111377239227295" lon="121.84730529785156">
        <ele>313.83</ele>
      </trkpt>
      <trkpt lat="25.111205661669374" lon="121.8472409248352">
        <ele>312.76</ele>
      </trkpt>
      <trkpt lat="25.11099100112915" lon="121.84717655181885">
        <ele>311.83</ele>
      </trkpt>
      <trkpt lat="25.110862338915467" lon="121.84709072113037">
        <ele>310.9</ele>
      </trkpt>
      <trkpt lat="25.11075496673584" lon="121.84696197509766">
        <ele>309.94</ele>
      </trkpt>
      <trkpt lat="25.1107120513916" lon="121.84687614440918">
        <ele>309.01</ele>
      </trkpt>
      <trkpt lat="25.110658323392272" lon="121.8466613162309">
        <ele>308.04</ele>
      </trkpt>
      <trkpt lat="25.110604763031006" lon="121.8464469909668">
        <ele>307.13</ele>
      </trkpt>
      <trkpt lat="25.110561847686768" lon="121.8463397026062">
        <ele>306.2</ele>
      </trkpt>
      <trkpt lat="25.110369063913822" lon="121.84616829268634">
        <ele>305.35</ele>
      </trkpt>
      <trkpt lat="25.110175609588623" lon="121.8459963798523">
        <ele>304.5</ele>
      </trkpt>
      <trkpt lat="25.110046863555908" lon="121.84582471847534">
        <ele>303.65</ele>
      </trkpt>
      <trkpt lat="25.109875202178955" lon="121.84556722640991">
        <ele>302.83</ele>
      </trkpt>
      <trkpt lat="25.109832286834717" lon="121.84545993804932">
        <ele>302.01</ele>
      </trkpt>
      <trkpt lat="25.10978937149048" lon="121.84530973434448">
        <ele>301.13</ele>
      </trkpt>
      <trkpt lat="25.10978937149048" lon="121.84524536132812">
        <ele>300.3</ele>
      </trkpt>
      <trkpt lat="25.10981091298163" lon="121.84520244598389">
        <ele>299.49</ele>
      </trkpt>
      <trkpt lat="25.109832286834717" lon="121.84515953063965">
        <ele>298.7</ele>
      </trkpt>
      <trkpt lat="25.109918117523193" lon="121.84515953063965">
        <ele>297.92</ele>
      </trkpt>
      <trkpt lat="25.10998249053955" lon="121.84518098831177">
        <ele>297.17</ele>
      </trkpt>
      <trkpt lat="25.11002540588379" lon="121.84524536132812">
        <ele>296.48</ele>
      </trkpt>
      <trkpt lat="25.110132694244385" lon="121.84546706266701">
        <ele>295.83</ele>
      </trkpt>
      <trkpt lat="25.11023998260498" lon="121.84568884782493">
        <ele>295.07</ele>
      </trkpt>
      <trkpt lat="25.110347270965576" lon="121.84591054916382">
        <ele>294.35</ele>
      </trkpt>
      <trkpt lat="25.110390186309814" lon="121.84595346450806">
        <ele>293.61</ele>
      </trkpt>
      <trkpt lat="25.11049747467041" lon="121.84601783752441">
        <ele>292.81</ele>
      </trkpt>
      <trkpt lat="25.1107120513916" lon="121.84608221054077">
        <ele>291.96</ele>
      </trkpt>
      <trkpt lat="25.1108830422163" lon="121.84612495824695">
        <ele>291.21</ele>
      </trkpt>
      <trkpt lat="25.111055374145508" lon="121.84616804122925">
        <ele>290.37</ele>
      </trkpt>
      <trkpt lat="25.111184120178223" lon="121.84618949890137">
        <ele>289.4</ele>
      </trkpt>
      <trkpt lat="25.1112699508667" lon="121.84616804122925">
        <ele>288.43</ele>
      </trkpt>
      <trkpt lat="25.111312866210938" lon="121.84614658355713">
        <ele>287.54</ele>
      </trkpt>
      <trkpt lat="25.11133440770209" lon="121.84610366821289">
        <ele>286.63</ele>
      </trkpt>
      <trkpt lat="25.111312866210938" lon="121.8459963798523">
        <ele>285.71</ele>
      </trkpt>
      <trkpt lat="25.1112699508667" lon="121.84593200683594">
        <ele>284.82</ele>
      </trkpt>
      <trkpt lat="25.111109521239996" lon="121.84585707262158">
        <ele>283.95</ele>
      </trkpt>
      <trkpt lat="25.110948169603944" lon="121.8457818031311">
        <ele>283.03</ele>
      </trkpt>
      <trkpt lat="25.11079796589911" lon="121.84569597244263">
        <ele>282.03</ele>
      </trkpt>
      <trkpt lat="25.110690593719482" lon="121.84556722640991">
        <ele>281.0</ele>
      </trkpt>
      <trkpt lat="25.110669136047363" lon="121.84548139572144">
        <ele>279.95</ele>
      </trkpt>
      <trkpt lat="25.110647678375244" lon="121.84539556503296">
        <ele>278.87</ele>
      </trkpt>
      <trkpt lat="25.110647762194276" lon="121.84524536132812">
        <ele>277.75</ele>
      </trkpt>
      <trkpt lat="25.11073350906372" lon="121.8449878692627">
        <ele>276.47</ele>
      </trkpt>
      <trkpt lat="25.1107120513916" lon="121.8448805809021">
        <ele>275.25</ele>
      </trkpt>
      <trkpt lat="25.110626304522157" lon="121.84479475021362">
        <ele>274.08</ele>
      </trkpt>
      <trkpt lat="25.11051893234253" lon="121.84475183486938">
        <ele>272.92</ele>
      </trkpt>
      <trkpt lat="25.11033712886274" lon="121.84467698447406">
        <ele>271.71</ele>
      </trkpt>
      <trkpt lat="25.110154235735536" lon="121.84460163116455">
        <ele>270.39</ele>
      </trkpt>
      <trkpt lat="25.109875202178955" lon="121.84449434280396">
        <ele>269.06</ele>
      </trkpt>
      <trkpt lat="25.10976799763739" lon="121.8444299697876">
        <ele>267.84</ele>
      </trkpt>
      <trkpt lat="25.109682083129883" lon="121.844322681427">
        <ele>266.53</ele>
      </trkpt>
      <trkpt lat="25.109639167785645" lon="121.84423685073853">
        <ele>265.2</ele>
      </trkpt>
      <trkpt lat="25.109617710113525" lon="121.84406518936157">
        <ele>263.85</ele>
      </trkpt>
      <trkpt lat="25.109617793932557" lon="121.8439793586731">
        <ele>262.5</ele>
      </trkpt>
      <trkpt lat="25.109617710113525" lon="121.8439793586731">
        <ele>261.18</ele>
      </trkpt>
      <trkpt lat="25.109660625457764" lon="121.84389352798462">
        <ele>259.72</ele>
      </trkpt>
      <trkpt lat="25.109875202178955" lon="121.84365749359131">
        <ele>257.82</ele>
      </trkpt>
      <trkpt lat="25.109896659851074" lon="121.84361457824707">
        <ele>256.46</ele>
      </trkpt>
      <trkpt lat="25.109918117523193" lon="121.84357166290283">
        <ele>255.14</ele>
      </trkpt>
      <trkpt lat="25.109896659851074" lon="121.84348583221436">
        <ele>253.83</ele>
      </trkpt>
      <trkpt lat="25.10978937149048" lon="121.84328190051019">
        <ele>252.61</ele>
      </trkpt>
      <trkpt lat="25.109682166948915" lon="121.84307813644409">
        <ele>251.38</ele>
      </trkpt>
      <trkpt lat="25.109682083129883" lon="121.84307813644409">
        <ele>250.14</ele>
      </trkpt>
      <trkpt lat="25.10958560742438" lon="121.84293866157532">
        <ele>248.92</ele>
      </trkpt>
      <trkpt lat="25.109489047899842" lon="121.84279918670654">
        <ele>247.62</ele>
      </trkpt>
      <trkpt lat="25.109338760375977" lon="121.84260606765747">
        <ele>246.27</ele>
      </trkpt>
      <trkpt lat="25.10921001434326" lon="121.84249877929688">
        <ele>244.99</ele>
      </trkpt>
      <trkpt lat="25.10901689529419" lon="121.84245586395264">
        <ele>243.84</ele>
      </trkpt>
      <trkpt lat="25.108802318572998" lon="121.84247732162476">
        <ele>242.82</ele>
      </trkpt>
      <trkpt lat="25.108673572540283" lon="121.84247732162476">
        <ele>241.8</ele>
      </trkpt>
      <trkpt lat="25.10852336883545" lon="121.84239149093628">
        <ele>240.62</ele>
      </trkpt>
      <trkpt lat="25.108416164293885" lon="121.84226274490356">
        <ele>239.42</ele>
      </trkpt>
      <trkpt lat="25.108416080474854" lon="121.84226274490356">
        <ele>238.24</ele>
      </trkpt>
      <trkpt lat="25.10826587677002" lon="121.8419623374939">
        <ele>236.99</ele>
      </trkpt>
      <trkpt lat="25.10822296142578" lon="121.84183359146118">
        <ele>235.83</ele>
      </trkpt>
      <trkpt lat="25.1082444190979" lon="121.8417477607727">
        <ele>234.56</ele>
      </trkpt>
      <trkpt lat="25.10826587677002" lon="121.84168338775635">
        <ele>233.32</ele>
      </trkpt>
      <trkpt lat="25.108459079638124" lon="121.84142589569092">
        <ele>231.93</ele>
      </trkpt>
      <trkpt lat="25.10856636799872" lon="121.84127569198608">
        <ele>230.64</ele>
      </trkpt>
      <trkpt lat="25.108709279447794" lon="121.84107553213835">
        <ele>229.36</ele>
      </trkpt>
      <trkpt lat="25.10885219089687" lon="121.84087537229061">
        <ele>228.0</ele>
      </trkpt>
      <trkpt lat="25.10899543762207" lon="121.84067487716675">
        <ele>226.74</ele>
      </trkpt>
      <trkpt lat="25.10905989445746" lon="121.84061050415039">
        <ele>225.55</ele>
      </trkpt>
      <trkpt lat="25.109059810638428" lon="121.84061050415039">
        <ele>224.36</ele>
      </trkpt>
      <trkpt lat="25.10923147201538" lon="121.84048175811768">
        <ele>223.14</ele>
      </trkpt>
      <trkpt lat="25.109402630478144" lon="121.84037472121418">
        <ele>221.84</ele>
      </trkpt>
      <trkpt lat="25.109574794769287" lon="121.84026718139648">
        <ele>220.58</ele>
      </trkpt>
      <trkpt lat="25.10974645614624" lon="121.84011697769165">
        <ele>219.44</ele>
      </trkpt>
      <trkpt lat="25.109875202178955" lon="121.84003114700317">
        <ele>218.22</ele>
      </trkpt>
      <trkpt lat="25.11000394821167" lon="121.84000968933105">
        <ele>217.05</ele>
      </trkpt>
      <trkpt lat="25.11028289794922" lon="121.84003114700317">
        <ele>215.67</ele>
      </trkpt>
      <trkpt lat="25.110347270965576" lon="121.84000968933105">
        <ele>214.66</ele>
      </trkpt>
      <trkpt lat="25.110390186309814" lon="121.83996677398682">
        <ele>213.7</ele>
      </trkpt>
      <trkpt lat="25.110433101654053" lon="121.83992385864258">
        <ele>212.77</ele>
      </trkpt>
      <trkpt lat="25.110454559326172" lon="121.8398380279541">
        <ele>211.93</ele>
      </trkpt>
      <trkpt lat="25.110433101654053" lon="121.83964490890503">
        <ele>211.13</ele>
      </trkpt>
      <trkpt lat="25.110390186309814" lon="121.8393874168396">
        <ele>210.31</ele>
      </trkpt>
      <trkpt lat="25.110347270965576" lon="121.83930158615112">
        <ele>209.62</ele>
      </trkpt>
      <trkpt lat="25.11020427569747" lon="121.8391228839755">
        <ele>209.08</ele>
      </trkpt>
      <trkpt lat="25.110061364248395" lon="121.83894426561892">
        <ele>208.52</ele>
      </trkpt>
      <trkpt lat="25.109918117523193" lon="121.83876514434814">
        <ele>208.03</ele>
      </trkpt>
      <trkpt lat="25.109875202178955" lon="121.83865785598755">
        <ele>207.44</ele>
      </trkpt>
      <trkpt lat="25.109875202178955" lon="121.83859348297119">
        <ele>206.83</ele>
      </trkpt>
      <trkpt lat="25.109896743670106" lon="121.83837890625">
        <ele>206.1</ele>
      </trkpt>
      <trkpt lat="25.109896659851074" lon="121.83837890625">
        <ele>205.53</ele>
      </trkpt>
      <trkpt lat="25.109918117523193" lon="121.83829307556152">
        <ele>204.81</ele>
      </trkpt>
      <trkpt lat="25.109918117523193" lon="121.83818578720093">
        <ele>204.11</ele>
      </trkpt>
      <trkpt lat="25.10978945530951" lon="121.838014209643">
        <ele>203.63</ele>
      </trkpt>
      <trkpt lat="25.109660625457764" lon="121.83784246444702">
        <ele>203.15</ele>
      </trkpt>
      <trkpt lat="25.109639167785645" lon="121.83773517608643">
        <ele>202.6</ele>
      </trkpt>
      <trkpt lat="25.109639167785645" lon="121.83767080307007">
        <ele>201.97</ele>
      </trkpt>
      <trkpt lat="25.109703540802002" lon="121.83756351470947">
        <ele>201.32</ele>
      </trkpt>
      <trkpt lat="25.109810829162598" lon="121.83752059936523">
        <ele>200.56</ele>
      </trkpt>
      <trkpt lat="25.109896659851074" lon="121.83749914169312">
        <ele>199.77</ele>
      </trkpt>
      <trkpt lat="25.110068321228027" lon="121.83749914169312">
        <ele>198.87</ele>
      </trkpt>
      <trkpt lat="25.110228583216667" lon="121.83754188939929">
        <ele>197.86</ele>
      </trkpt>
      <trkpt lat="25.110390186309814" lon="121.83758497238159">
        <ele>196.75</ele>
      </trkpt>
      <trkpt lat="25.11047601699829" lon="121.83758497238159">
        <ele>195.71</ele>
      </trkpt>
      <trkpt lat="25.11051893234253" lon="121.83758497238159">
        <ele>194.66</ele>
      </trkpt>
      <trkpt lat="25.110690090805292" lon="121.83747793547809">
        <ele>193.58</ele>
      </trkpt>
      <trkpt lat="25.110862338915467" lon="121.8373703956604">
        <ele>192.28</ele>
      </trkpt>
      <trkpt lat="25.111098373308778" lon="121.83724164962769">
        <ele>190.86</ele>
      </trkpt>
      <trkpt lat="25.111162662506104" lon="121.83715581893921">
        <ele>189.66</ele>
      </trkpt>
      <trkpt lat="25.111205577850342" lon="121.83700561523438">
        <ele>188.3</ele>
      </trkpt>
      <trkpt lat="25.11122703552246" lon="121.8368124961853">
        <ele>186.92</ele>
      </trkpt>
      <trkpt lat="25.111205577850342" lon="121.83668375015259">
        <ele>185.58</ele>
      </trkpt>
      <trkpt lat="25.111162662506104" lon="121.83644771575928">
        <ele>184.2</ele>
      </trkpt>
      <trkpt lat="25.111119747161865" lon="121.83631896972656">
        <ele>182.89</ele>
      </trkpt>
      <trkpt lat="25.111055374145508" lon="121.83623313903809">
        <ele>181.61</ele>
      </trkpt>
      <trkpt lat="25.11099100112915" lon="121.83616876602173">
        <ele>180.3</ele>
      </trkpt>
      <trkpt lat="25.11077642440796" lon="121.83604001998901">
        <ele>179.15</ele>
      </trkpt>
      <trkpt lat="25.11073350906372" lon="121.83593273162842">
        <ele>177.73</ele>
      </trkpt>
      <trkpt lat="25.11073350906372" lon="121.83586835861206">
        <ele>176.22</ele>
      </trkpt>
      <trkpt lat="25.11075496673584" lon="121.8358039855957">
        <ele>174.64</ele>
      </trkpt>
      <trkpt lat="25.110840797424316" lon="121.83564296923578">
        <ele>172.91</ele>
      </trkpt>
      <trkpt lat="25.110926628112793" lon="121.83548212051392">
        <ele>171.26</ele>
      </trkpt>
      <trkpt lat="25.11101245880127" lon="121.83526754379272">
        <ele>169.63</ele>
      </trkpt>
      <trkpt lat="25.111055374145508" lon="121.83497744612396">
        <ele>167.82</ele>
      </trkpt>
      <trkpt lat="25.111098289489746" lon="121.83468818664551">
        <ele>165.87</ele>
      </trkpt>
      <trkpt lat="25.11122703552246" lon="121.83438777923584">
        <ele>163.83</ele>
      </trkpt>
      <trkpt lat="25.11124849319458" lon="121.834237575531">
        <ele>162.01</ele>
      </trkpt>
      <trkpt lat="25.11125922203064" lon="121.8340441212058">
        <ele>160.32</ele>
      </trkpt>
      <trkpt lat="25.1112699508667" lon="121.83385133743286">
        <ele>158.66</ele>
      </trkpt>
      <trkpt lat="25.111312866210938" lon="121.83376550674438">
        <ele>156.95</ele>
      </trkpt>
      <trkpt lat="25.111462650820613" lon="121.83365846984088">
        <ele>155.14</ele>
      </trkpt>
      <trkpt lat="25.111613273620605" lon="121.8335509300232">
        <ele>153.3</ele>
      </trkpt>
      <trkpt lat="25.111699104309082" lon="121.83342218399048">
        <ele>151.58</ele>
      </trkpt>
      <trkpt lat="25.1117205619812" lon="121.83329343795776">
        <ele>149.98</ele>
      </trkpt>
      <trkpt lat="25.111656188964844" lon="121.83310031890869">
        <ele>148.56</ele>
      </trkpt>
      <trkpt lat="25.111591815948486" lon="121.83286428451538">
        <ele>147.08</ele>
      </trkpt>
      <trkpt lat="25.111591899767518" lon="121.83286428451538">
        <ele>145.61</ele>
      </trkpt>
      <trkpt lat="25.111548900604248" lon="121.83271408081055">
        <ele>144.23</ele>
      </trkpt>
      <trkpt lat="25.111591815948486" lon="121.83258533477783">
        <ele>142.77</ele>
      </trkpt>
      <trkpt lat="25.111656188964844" lon="121.83247804641724">
        <ele>141.3</ele>
      </trkpt>
      <trkpt lat="25.111849308013916" lon="121.8323278427124">
        <ele>139.77</ele>
      </trkpt>
      <trkpt lat="25.111870765686035" lon="121.83226346969604">
        <ele>138.47</ele>
      </trkpt>
      <trkpt lat="25.111913681030273" lon="121.83217763900757">
        <ele>137.16</ele>
      </trkpt>
      <trkpt lat="25.111913681030273" lon="121.83211326599121">
        <ele>135.97</ele>
      </trkpt>
      <trkpt lat="25.111892223358154" lon="121.83202743530273">
        <ele>134.82</ele>
      </trkpt>
      <trkpt lat="25.11174201965332" lon="121.83174848556519">
        <ele>133.76</ele>
      </trkpt>
      <trkpt lat="25.1117205619812" lon="121.83164119720459">
        <ele>132.68</ele>
      </trkpt>
      <trkpt lat="25.1117205619812" lon="121.83155536651611">
        <ele>131.55</ele>
      </trkpt>
      <trkpt lat="25.11174201965332" lon="121.8314266204834">
        <ele>130.43</ele>
      </trkpt>
      <trkpt lat="25.111935138702393" lon="121.83116912841797">
        <ele>129.08</ele>
      </trkpt>
      <trkpt lat="25.11195659637451" lon="121.83108329772949">
        <ele>128.13</ele>
      </trkpt>
      <trkpt lat="25.11199951171875" lon="121.8307717423886">
        <ele>127.25</ele>
      </trkpt>
      <trkpt lat="25.11204242706299" lon="121.83046102523804">
        <ele>126.28</ele>
      </trkpt>
      <trkpt lat="25.11204242706299" lon="121.83033227920532">
        <ele>125.4</ele>
      </trkpt>
      <trkpt lat="25.11202096939087" lon="121.83024644851685">
        <ele>124.6</ele>
      </trkpt>
      <trkpt lat="25.111913681030273" lon="121.83011770248413">
        <ele>123.94</ele>
      </trkpt>
      <trkpt lat="25.111827850341797" lon="121.83007478713989">
        <ele>123.22</ele>
      </trkpt>
      <trkpt lat="25.111634731292725" lon="121.82998895645142">
        <ele>122.33</ele>
      </trkpt>
      <trkpt lat="25.111420154571533" lon="121.82992458343506">
        <ele>121.54</ele>
      </trkpt>
      <trkpt lat="25.111334323883057" lon="121.82990312576294">
        <ele>120.7</ele>
      </trkpt>
      <trkpt lat="25.1112699508667" lon="121.82983875274658">
        <ele>119.82</ele>
      </trkpt>
      <trkpt lat="25.111162662506104" lon="121.82973146438599">
        <ele>118.94</ele>
      </trkpt>
      <trkpt lat="25.111162746325135" lon="121.82973146438599">
        <ele>118.08</ele>
      </trkpt>
      <trkpt lat="25.11103400029242" lon="121.82955980300903">
        <ele>117.13</ele>
      </trkpt>
      <trkpt lat="25.1108624227345" lon="121.82933466508985">
        <ele>116.14</ele>
      </trkpt>
      <trkpt lat="25.110690593719482" lon="121.82910919189453">
        <ele>115.17</ele>
      </trkpt>
      <trkpt lat="25.110390270128846" lon="121.82900190353394">
        <ele>114.18</ele>
      </trkpt>
      <trkpt lat="25.11023998260498" lon="121.82893753051758">
        <ele>113.2</ele>
      </trkpt>
      <trkpt lat="25.110175609588623" lon="121.82887315750122">
        <ele>112.24</ele>
      </trkpt>
      <trkpt lat="25.109996907413006" lon="121.82863729074597">
        <ele>111.22</ele>
      </trkpt>
      <trkpt lat="25.10981820523739" lon="121.82840142399073">
        <ele>110.15</ele>
      </trkpt>
      <trkpt lat="25.109639167785645" lon="121.82816505432129">
        <ele>109.09</ele>
      </trkpt>
      <trkpt lat="25.109553337097168" lon="121.82801485061646">
        <ele>107.96</ele>
      </trkpt>
      <trkpt lat="25.10951042175293" lon="121.82790756225586">
        <ele>106.87</ele>
      </trkpt>
      <trkpt lat="25.109489047899842" lon="121.82775735855103">
        <ele>105.77</ele>
      </trkpt>
      <trkpt lat="25.10948896408081" lon="121.82754278182983">
        <ele>104.69</ele>
      </trkpt>
      <trkpt lat="25.10953187942505" lon="121.82724237442017">
        <ele>103.57</ele>
      </trkpt>
      <trkpt lat="25.10953187942505" lon="121.82715654373169">
        <ele>102.47</ele>
      </trkpt>
      <trkpt lat="25.10946742258966" lon="121.82692025788128">
        <ele>101.27</ele>
      </trkpt>
      <trkpt lat="25.109403217211366" lon="121.82668447494507">
        <ele>100.13</ele>
      </trkpt>
      <trkpt lat="25.10931738652289" lon="121.82640552520752">
        <ele>98.92</ele>
      </trkpt>
      <trkpt lat="25.109263574704528" lon="121.82622296735644">
        <ele>97.84</ele>
      </trkpt>
      <trkpt lat="25.10921001434326" lon="121.8260407447815">
        <ele>96.81</ele>
      </trkpt>
      <trkpt lat="25.109167182818055" lon="121.8259334564209">
        <ele>95.76</ele>
      </trkpt>
      <trkpt lat="25.109081268310547" lon="121.8258261680603">
        <ele>94.76</ele>
      </trkpt>
      <trkpt lat="25.10897397994995" lon="121.8257188796997">
        <ele>93.73</ele>
      </trkpt>
      <trkpt lat="25.108888149261475" lon="121.82565450668335">
        <ele>92.66</ele>
      </trkpt>
      <trkpt lat="25.108642056584358" lon="121.82552609592676">
        <ele>91.54</ele>
      </trkpt>
      <trkpt lat="25.108394622802734" lon="121.82539701461792">
        <ele>90.37</ele>
      </trkpt>
      <trkpt lat="25.1082444190979" lon="121.82531118392944">
        <ele>89.19</ele>
      </trkpt>
      <trkpt lat="25.108115673065186" lon="121.82518243789673">
        <ele>87.99</ele>
      </trkpt>
      <trkpt lat="25.10800838470459" lon="121.82505369186401">
        <ele>86.8</ele>
      </trkpt>
      <trkpt lat="25.107944011688232" lon="121.82494640350342">
        <ele>85.66</ele>
      </trkpt>
      <trkpt lat="25.10782230645418" lon="121.82463149540126">
        <ele>84.48</ele>
      </trkpt>
      <trkpt lat="25.10770060122013" lon="121.82431658729911">
        <ele>83.25</ele>
      </trkpt>
      <trkpt lat="25.107579231262207" lon="121.82400226593018">
        <ele>82.04</ele>
      </trkpt>
      <trkpt lat="25.10757931508124" lon="121.82400226593018">
        <ele>80.94</ele>
      </trkpt>
      <trkpt lat="25.10750404559076" lon="121.82380897924304">
        <ele>79.81</ele>
      </trkpt>
      <trkpt lat="25.107429027557373" lon="121.82361602783203">
        <ele>78.67</ele>
      </trkpt>
      <trkpt lat="25.107407653704286" lon="121.82353019714355">
        <ele>77.56</ele>
      </trkpt>
      <trkpt lat="25.107386112213135" lon="121.82330455631018">
        <ele>76.46</ele>
      </trkpt>
      <trkpt lat="25.107364738360047" lon="121.82307958602905">
        <ele>75.35</ele>
      </trkpt>
      <trkpt lat="25.107364654541016" lon="121.82292938232422">
        <ele>74.28</ele>
      </trkpt>
      <trkpt lat="25.107343196868896" lon="121.82262897491455">
        <ele>73.17</ele>
      </trkpt>
      <trkpt lat="25.107300281524658" lon="121.82241439819336">
        <ele>72.13</ele>
      </trkpt>
      <trkpt lat="25.10730036534369" lon="121.82241439819336">
        <ele>71.24</ele>
      </trkpt>
      <trkpt lat="25.10726809501648" lon="121.82224248535931">
        <ele>70.31</ele>
      </trkpt>
      <trkpt lat="25.1072359085083" lon="121.82207107543945">
        <ele>69.46</ele>
      </trkpt>
      <trkpt lat="25.107149994000793" lon="121.82180620729923">
        <ele>68.72</ele>
      </trkpt>
      <trkpt lat="25.107064079493284" lon="121.82154133915901">
        <ele>68.0</ele>
      </trkpt>
      <trkpt lat="25.10697841644287" lon="121.82127714157104">
        <ele>67.25</ele>
      </trkpt>
      <trkpt lat="25.106914043426514" lon="121.8209981918335">
        <ele>66.55</ele>
      </trkpt>
      <trkpt lat="25.106892585754395" lon="121.82074069976807">
        <ele>66.06</ele>
      </trkpt>
      <trkpt lat="25.106892585754395" lon="121.82061195373535">
        <ele>65.55</ele>
      </trkpt>
      <trkpt lat="25.106956958770752" lon="121.82035446166992">
        <ele>65.1</ele>
      </trkpt>
      <trkpt lat="25.107096433639526" lon="121.82011842727661">
        <ele>64.65</ele>
      </trkpt>
      <trkpt lat="25.107235992327332" lon="121.8198823928833">
        <ele>64.21</ele>
      </trkpt>
      <trkpt lat="25.107375383377075" lon="121.81961408816278">
        <ele>63.69</ele>
      </trkpt>
      <trkpt lat="25.10751485824585" lon="121.81934595108032">
        <ele>63.32</ele>
      </trkpt>
      <trkpt lat="25.10757931508124" lon="121.81919574737549">
        <ele>63.03</ele>
      </trkpt>
      <trkpt lat="25.107697332277894" lon="121.81891662999988">
        <ele>62.82</ele>
      </trkpt>
      <trkpt lat="25.107815265655518" lon="121.81863784790039">
        <ele>62.69</ele>
      </trkpt>
      <trkpt lat="25.10781534947455" lon="121.81863784790039">
        <ele>62.55</ele>
      </trkpt>
      <trkpt lat="25.107936887070537" lon="121.81839460507035">
        <ele>62.46</ele>
      </trkpt>
      <trkpt lat="25.108058508485556" lon="121.81815136224031">
        <ele>62.41</ele>
      </trkpt>
      <trkpt lat="25.108180046081543" lon="121.81790828704834">
        <ele>62.27</ele>
      </trkpt>
      <trkpt lat="25.10822296142578" lon="121.81777954101562">
        <ele>62.25</ele>
      </trkpt>
      <trkpt lat="25.10828733444214" lon="121.81752171367407">
        <ele>62.33</ele>
      </trkpt>
      <trkpt lat="25.108351707458496" lon="121.81726455688477">
        <ele>62.47</ele>
      </trkpt>
      <trkpt lat="25.1084447465837" lon="121.81701402179897">
        <ele>62.55</ele>
      </trkpt>
      <trkpt lat="25.108537785708904" lon="121.81676348671317">
        <ele>62.57</ele>
      </trkpt>
      <trkpt lat="25.108630657196045" lon="121.8165135383606">
        <ele>62.55</ele>
      </trkpt>
      <trkpt lat="25.10871648788452" lon="121.81627750396729">
        <ele>62.46</ele>
      </trkpt>
      <trkpt lat="25.10878086090088" lon="121.81602001190186">
        <ele>62.34</ele>
      </trkpt>
      <trkpt lat="25.108813047409058" lon="121.8158158287406">
        <ele>62.31</ele>
      </trkpt>
      <trkpt lat="25.108845233917236" lon="121.81561231613159">
        <ele>62.36</ele>
      </trkpt>
      <trkpt lat="25.108845317736268" lon="121.81561231613159">
        <ele>62.36</ele>
      </trkpt>
      <trkpt lat="25.108845233917236" lon="121.81535482406616">
        <ele>62.38</ele>
      </trkpt>
      <trkpt lat="25.108845233917236" lon="121.81522607803345">
        <ele>62.32</ele>
      </trkpt>
      <trkpt lat="25.10878086090088" lon="121.81499004364014">
        <ele>62.15</ele>
      </trkpt>
      <trkpt lat="25.10866812430322" lon="121.81471092626452">
        <ele>62.01</ele>
      </trkpt>
      <trkpt lat="25.108555387705564" lon="121.81443180888891">
        <ele>61.98</ele>
      </trkpt>
      <trkpt lat="25.108442651107907" lon="121.8141526915133">
        <ele>62.0</ele>
      </trkpt>
      <trkpt lat="25.108330249786377" lon="121.81387424468994">
        <ele>61.99</ele>
      </trkpt>
      <trkpt lat="25.10822287760675" lon="121.81367031298578">
        <ele>61.86</ele>
      </trkpt>
      <trkpt lat="25.108115673065186" lon="121.81346654891968">
        <ele>61.66</ele>
      </trkpt>
      <trkpt lat="25.10802984237671" lon="121.81325197219849">
        <ele>61.37</ele>
      </trkpt>
      <trkpt lat="25.10798692703247" lon="121.81314468383789">
        <ele>61.05</ele>
      </trkpt>
      <trkpt lat="25.10796538554132" lon="121.81282952427864">
        <ele>60.86</ele>
      </trkpt>
      <trkpt lat="25.1079439278692" lon="121.81251436471939">
        <ele>60.29</ele>
      </trkpt>
      <trkpt lat="25.107922554016113" lon="121.81220054626465">
        <ele>59.68</ele>
      </trkpt>
      <trkpt lat="25.107922554016113" lon="121.81200742721558">
        <ele>59.33</ele>
      </trkpt>
      <trkpt lat="25.107954824343324" lon="121.81166360154748">
        <ele>59.08</ele>
      </trkpt>
      <trkpt lat="25.107987010851502" lon="121.81132078170776">
        <ele>59.24</ele>
      </trkpt>
      <trkpt lat="25.107922554016113" lon="121.81112766265869">
        <ele>59.26</ele>
      </trkpt>
      <trkpt lat="25.107872346416116" lon="121.81086983531713">
        <ele>59.44</ele>
      </trkpt>
      <trkpt lat="25.10782222263515" lon="121.81061200797558">
        <ele>59.62</ele>
      </trkpt>
      <trkpt lat="25.10777235031128" lon="121.8103551864624">
        <ele>59.76</ele>
      </trkpt>
      <trkpt lat="25.107708061113954" lon="121.81016206741333">
        <ele>59.72</ele>
      </trkpt>
      <trkpt lat="25.107600688934326" lon="121.8099045753479">
        <ele>59.77</ele>
      </trkpt>
      <trkpt lat="25.107600772753358" lon="121.8099045753479">
        <ele>59.88</ele>
      </trkpt>
      <trkpt lat="25.10751485824585" lon="121.8097005598247">
        <ele>60.04</ele>
      </trkpt>
      <trkpt lat="25.107429027557373" lon="121.80949687957764">
        <ele>60.19</ele>
      </trkpt>
      <trkpt lat="25.107429027557373" lon="121.8093466758728">
        <ele>60.34</ele>
      </trkpt>
      <trkpt lat="25.107450485229492" lon="121.80911064147949">
        <ele>60.46</ele>
      </trkpt>
      <trkpt lat="25.10751485824585" lon="121.80882062762976">
        <ele>60.51</ele>
      </trkpt>
      <trkpt lat="25.107579231262207" lon="121.80853128433228">
        <ele>60.43</ele>
      </trkpt>
      <trkpt lat="25.10757931508124" lon="121.80853128433228">
        <ele>60.37</ele>
      </trkpt>
      <trkpt lat="25.107622230425477" lon="121.8083381652832">
        <ele>60.25</ele>
      </trkpt>
      <trkpt lat="25.107665061950684" lon="121.80814504623413">
        <ele>60.2</ele>
      </trkpt>
      <trkpt lat="25.107729518786073" lon="121.80788721889257">
        <ele>60.22</ele>
      </trkpt>
      <trkpt lat="25.107793975621462" lon="121.80762947537005">
        <ele>60.38</ele>
      </trkpt>
      <trkpt lat="25.10785843245685" lon="121.80737173184752">
        <ele>60.36</ele>
      </trkpt>
      <trkpt lat="25.107922637835145" lon="121.80711507797241">
        <ele>60.24</ele>
      </trkpt>
      <trkpt lat="25.107965553179383" lon="121.80692170746624">
        <ele>60.17</ele>
      </trkpt>
      <trkpt lat="25.10800846852362" lon="121.80672883987427">
        <ele>60.13</ele>
      </trkpt>
      <trkpt lat="25.108072003349662" lon="121.80641074664891">
        <ele>60.17</ele>
      </trkpt>
    </trkseg>
  </trk>
</gpx>
