<?xml version="1.0" encoding="UTF-8"?>
<gpx creator="Garmin Connect" version="1.1"
  xsi:schemaLocation="http://www.topografix.com/GPX/1/1 http://www.topografix.com/GPX/11.xsd"
  xmlns:ns3="http://www.garmin.com/xmlschemas/TrackPointExtension/v1"
  xmlns="http://www.topografix.com/GPX/1/1"
  xmlns:xsi="http://www.w3.org/2001/XMLSchema-instance" xmlns:ns2="http://www.garmin.com/xmlschemas/GpxExtensions/v3">
  <metadata>
    <name>平溪</name>
    <link href="connect.garmin.com">
      <text>Garmin Connect</text>
    </link>
    <time>2022-08-05T06:55:08.000Z</time>
  </metadata>
  <trk>
    <name>平溪</name>
    <trkseg>
      <trkpt lat="24.986708164215088" lon="121.54198408126831">
        <ele>19.0</ele>
      </trkpt>
      <trkpt lat="24.98662233352661" lon="121.54198408126831">
        <ele>19.0</ele>
      </trkpt>
      <trkpt lat="24.98662233352661" lon="121.54222003184259">
        <ele>19.0</ele>
      </trkpt>
      <trkpt lat="24.986643875017762" lon="121.54267072677612">
        <ele>18.0</ele>
      </trkpt>
      <trkpt lat="24.98668670654297" lon="121.54408693313599">
        <ele>18.0</ele>
      </trkpt>
      <trkpt lat="24.986686622723937" lon="121.54408693313599">
        <ele>18.0</ele>
      </trkpt>
      <trkpt lat="24.986708164215088" lon="121.54507390223444">
        <ele>18.0</ele>
      </trkpt>
      <trkpt lat="24.986708164215088" lon="121.54524556361139">
        <ele>18.0</ele>
      </trkpt>
      <trkpt lat="24.986708164215088" lon="121.54541730880737">
        <ele>18.0</ele>
      </trkpt>
      <trkpt lat="24.986708164215088" lon="121.54578200541437">
        <ele>19.0</ele>
      </trkpt>
      <trkpt lat="24.98672970570624" lon="121.54597512446344">
        <ele>19.0</ele>
      </trkpt>
      <trkpt lat="24.986793994903564" lon="121.54642581939697">
        <ele>20.0</ele>
      </trkpt>
      <trkpt lat="24.986836994066834" lon="121.54666176997125">
        <ele>21.0</ele>
      </trkpt>
      <trkpt lat="24.98687982559204" lon="121.54691934585571">
        <ele>21.0</ele>
      </trkpt>
      <trkpt lat="24.98694428242743" lon="121.54730550013483">
        <ele>22.0</ele>
      </trkpt>
      <trkpt lat="24.986987113952637" lon="121.5474986191839">
        <ele>22.0</ele>
      </trkpt>
      <trkpt lat="24.987030113115907" lon="121.54771319590509">
        <ele>23.0</ele>
      </trkpt>
      <trkpt lat="24.98711585998535" lon="121.5482497215271">
        <ele>23.0</ele>
      </trkpt>
      <trkpt lat="24.98715885914862" lon="121.5485071297735">
        <ele>24.0</ele>
      </trkpt>
      <trkpt lat="24.987201690673828" lon="121.54878607951105">
        <ele>24.0</ele>
      </trkpt>
      <trkpt lat="24.987244689837098" lon="121.54897928237915">
        <ele>24.0</ele>
      </trkpt>
      <trkpt lat="24.987308979034424" lon="121.54938697814941">
        <ele>25.0</ele>
      </trkpt>
      <trkpt lat="24.987351978197694" lon="121.54966592788696">
        <ele>25.0</ele>
      </trkpt>
      <trkpt lat="24.9873948097229" lon="121.54988050460815">
        <ele>25.0</ele>
      </trkpt>
      <trkpt lat="24.98743780888617" lon="121.55018091201782">
        <ele>25.0</ele>
      </trkpt>
      <trkpt lat="24.987630927935243" lon="121.5513180848211">
        <ele>25.0</ele>
      </trkpt>
      <trkpt lat="24.98763084411621" lon="121.5513180848211">
        <ele>25.0</ele>
      </trkpt>
      <trkpt lat="24.987781047821045" lon="121.55234805308282">
        <ele>25.0</ele>
      </trkpt>
      <trkpt lat="24.987780964002013" lon="121.55234805308282">
        <ele>25.0</ele>
      </trkpt>
      <trkpt lat="24.987974083051085" lon="121.55344247817993">
        <ele>24.0</ele>
      </trkpt>
      <trkpt lat="24.988038623705506" lon="121.55382871627808">
        <ele>24.0</ele>
      </trkpt>
      <trkpt lat="24.988038539886475" lon="121.55382871627808">
        <ele>24.0</ele>
      </trkpt>
      <trkpt lat="24.988060081377625" lon="121.55402183532715">
        <ele>24.0</ele>
      </trkpt>
      <trkpt lat="24.988060081377625" lon="121.55434370040894">
        <ele>24.0</ele>
      </trkpt>
      <trkpt lat="24.988102912902832" lon="121.55477277003229">
        <ele>24.0</ele>
      </trkpt>
      <trkpt lat="24.988145912066102" lon="121.55509463511407">
        <ele>24.0</ele>
      </trkpt>
      <trkpt lat="24.98816736973822" lon="121.55520192347467">
        <ele>23.0</ele>
      </trkpt>
      <trkpt lat="24.988296031951904" lon="121.5557599067688">
        <ele>23.0</ele>
      </trkpt>
      <trkpt lat="24.9884033203125" lon="121.55625343322754">
        <ele>23.0</ele>
      </trkpt>
      <trkpt lat="24.98846777714789" lon="121.55661812983453">
        <ele>23.0</ele>
      </trkpt>
      <trkpt lat="24.98866089619696" lon="121.5575623512268">
        <ele>23.0</ele>
      </trkpt>
      <trkpt lat="24.988703643903136" lon="121.55775547027588">
        <ele>23.0</ele>
      </trkpt>
      <trkpt lat="24.988725185394287" lon="121.55812016688287">
        <ele>23.0</ele>
      </trkpt>
      <trkpt lat="24.988725101575255" lon="121.55812016688287">
        <ele>22.0</ele>
      </trkpt>
      <trkpt lat="24.988725185394287" lon="121.55900001525879">
        <ele>23.0</ele>
      </trkpt>
      <trkpt lat="24.988725185394287" lon="121.55985823832452">
        <ele>23.0</ele>
      </trkpt>
      <trkpt lat="24.988725185394287" lon="121.56009435653687">
        <ele>23.0</ele>
      </trkpt>
      <trkpt lat="24.988725185394287" lon="121.56020164489746">
        <ele>23.0</ele>
      </trkpt>
      <trkpt lat="24.988725185394287" lon="121.56065217219293">
        <ele>23.0</ele>
      </trkpt>
      <trkpt lat="24.988725101575255" lon="121.56065217219293">
        <ele>23.0</ele>
      </trkpt>
      <trkpt lat="24.988746726885438" lon="121.56097403727472">
        <ele>23.0</ele>
      </trkpt>
      <trkpt lat="24.988832473754883" lon="121.56178942881525">
        <ele>24.0</ele>
      </trkpt>
      <trkpt lat="24.98891830444336" lon="121.56249753199518">
        <ele>24.0</ele>
      </trkpt>
      <trkpt lat="24.988982677459717" lon="121.56301259994507">
        <ele>24.0</ele>
      </trkpt>
      <trkpt lat="24.989047050476074" lon="121.56322717666626">
        <ele>24.0</ele>
      </trkpt>
      <trkpt lat="24.9894118309021" lon="121.56414985656738">
        <ele>25.0</ele>
      </trkpt>
      <trkpt lat="24.989562118425965" lon="121.56453609466553">
        <ele>25.0</ele>
      </trkpt>
      <trkpt lat="24.989562034606934" lon="121.56453609466553">
        <ele>26.0</ele>
      </trkpt>
      <trkpt lat="24.989712238311768" lon="121.56490079127252">
        <ele>26.0</ele>
      </trkpt>
      <trkpt lat="24.989712154492736" lon="121.56490079127252">
        <ele>27.0</ele>
      </trkpt>
      <trkpt lat="24.990034019574523" lon="121.56552306376398">
        <ele>27.0</ele>
      </trkpt>
      <trkpt lat="24.990527629852295" lon="121.56635999679565">
        <ele>28.0</ele>
      </trkpt>
      <trkpt lat="24.990527546033263" lon="121.56635999679565">
        <ele>28.0</ele>
      </trkpt>
      <trkpt lat="24.990592086687684" lon="121.56646728515625">
        <ele>28.0</ele>
      </trkpt>
      <trkpt lat="24.990592002868652" lon="121.56646728515625">
        <ele>28.0</ele>
      </trkpt>
      <trkpt lat="24.990913784131408" lon="121.56700372695923">
        <ele>28.0</ele>
      </trkpt>
      <trkpt lat="24.991085529327393" lon="121.5673469658941">
        <ele>28.0</ele>
      </trkpt>
      <trkpt lat="24.991278648376465" lon="121.56781911849976">
        <ele>27.0</ele>
      </trkpt>
      <trkpt lat="24.9914288520813" lon="121.56833401881158">
        <ele>27.0</ele>
      </trkpt>
      <trkpt lat="24.991428768262267" lon="121.56833401881158">
        <ele>27.0</ele>
      </trkpt>
      <trkpt lat="24.991536056622863" lon="121.56874171458185">
        <ele>27.0</ele>
      </trkpt>
      <trkpt lat="24.99164334498346" lon="121.56923532485962">
        <ele>27.0</ele>
      </trkpt>
      <trkpt lat="24.99164334498346" lon="121.56938544474542">
        <ele>26.0</ele>
      </trkpt>
      <trkpt lat="24.99166488647461" lon="121.56979314051569">
        <ele>26.0</ele>
      </trkpt>
      <trkpt lat="24.99166488647461" lon="121.57060861587524">
        <ele>26.0</ele>
      </trkpt>
      <trkpt lat="24.99164334498346" lon="121.57108060084283">
        <ele>25.0</ele>
      </trkpt>
      <trkpt lat="24.99164334498346" lon="121.57114505767822">
        <ele>25.0</ele>
      </trkpt>
      <trkpt lat="24.991729175671935" lon="121.57116643153131">
        <ele>24.0</ele>
      </trkpt>
      <trkpt lat="24.991793632507324" lon="121.5712308883667">
        <ele>24.0</ele>
      </trkpt>
      <trkpt lat="24.9918794631958" lon="121.5712737198919">
        <ele>23.0</ele>
      </trkpt>
      <trkpt lat="24.99263048171997" lon="121.57144546508789">
        <ele>23.0</ele>
      </trkpt>
      <trkpt lat="24.992587566375732" lon="121.57166004180908">
        <ele>22.0</ele>
      </trkpt>
      <trkpt lat="24.992802143096924" lon="121.57174587249756">
        <ele>22.0</ele>
      </trkpt>
      <trkpt lat="24.993746196851134" lon="121.57191745005548">
        <ele>22.0</ele>
      </trkpt>
      <trkpt lat="24.99445446766913" lon="121.57200328074396">
        <ele>21.0</ele>
      </trkpt>
      <trkpt lat="24.995183860883117" lon="121.57232514582574">
        <ele>20.0</ele>
      </trkpt>
      <trkpt lat="24.99531260691583" lon="121.5723895188421">
        <ele>20.0</ele>
      </trkpt>
      <trkpt lat="24.996278369799256" lon="121.5735053177923">
        <ele>20.0</ele>
      </trkpt>
      <trkpt lat="24.996900474652648" lon="121.5742564201355">
        <ele>20.0</ele>
      </trkpt>
      <trkpt lat="24.996964931488037" lon="121.57427787780762">
        <ele>20.0</ele>
      </trkpt>
      <trkpt lat="24.997007763013244" lon="121.57429933547974">
        <ele>20.0</ele>
      </trkpt>
      <trkpt lat="24.99711513519287" lon="121.57429933547974">
        <ele>20.0</ele>
      </trkpt>
      <trkpt lat="24.997587203979492" lon="121.5748571511358">
        <ele>21.0</ele>
      </trkpt>
      <trkpt lat="24.99765157699585" lon="121.57492152415216">
        <ele>21.0</ele>
      </trkpt>
      <trkpt lat="24.997758865356445" lon="121.57498598098755">
        <ele>21.0</ele>
      </trkpt>
      <trkpt lat="24.997844696044922" lon="121.57502881251276">
        <ele>21.0</ele>
      </trkpt>
      <trkpt lat="24.998252391815186" lon="121.57524338923395">
        <ele>22.0</ele>
      </trkpt>
      <trkpt lat="24.998509800061584" lon="121.57541513442993">
        <ele>22.0</ele>
      </trkpt>
      <trkpt lat="24.998788833618164" lon="121.57565108500421">
        <ele>22.0</ele>
      </trkpt>
      <trkpt lat="24.998981952667236" lon="121.57584420405328">
        <ele>23.0</ele>
      </trkpt>
      <trkpt lat="24.999196529388428" lon="121.57614461146295">
        <ele>23.0</ele>
      </trkpt>
      <trkpt lat="25.000183582305908" lon="121.57779693603516">
        <ele>24.0</ele>
      </trkpt>
      <trkpt lat="25.000290870666504" lon="121.57790422439575">
        <ele>24.0</ele>
      </trkpt>
      <trkpt lat="25.00041970051825" lon="121.57790422439575">
        <ele>25.0</ele>
      </trkpt>
      <trkpt lat="25.000526905059814" lon="121.57816163264215">
        <ele>26.0</ele>
      </trkpt>
      <trkpt lat="25.001299381256104" lon="121.5797924157232">
        <ele>26.0</ele>
      </trkpt>
      <trkpt lat="25.00192173756659" lon="121.58099404536188">
        <ele>27.0</ele>
      </trkpt>
      <trkpt lat="25.00213631428778" lon="121.58144474029541">
        <ele>27.0</ele>
      </trkpt>
      <trkpt lat="25.00222214497626" lon="121.58168077468872">
        <ele>28.0</ele>
      </trkpt>
      <trkpt lat="25.00239372253418" lon="121.58213130198419">
        <ele>28.0</ele>
      </trkpt>
      <trkpt lat="25.002522552385926" lon="121.58253899775445">
        <ele>29.0</ele>
      </trkpt>
      <trkpt lat="25.002522468566895" lon="121.58253899775445">
        <ele>29.0</ele>
      </trkpt>
      <trkpt lat="25.002715587615967" lon="121.58322564326227">
        <ele>29.0</ele>
      </trkpt>
      <trkpt lat="25.00288724899292" lon="121.58395520411432">
        <ele>30.0</ele>
      </trkpt>
      <trkpt lat="25.00290870666504" lon="121.5840410348028">
        <ele>30.0</ele>
      </trkpt>
      <trkpt lat="25.003015995025635" lon="121.584792137146">
        <ele>30.0</ele>
      </trkpt>
      <trkpt lat="25.00308028422296" lon="121.58565036021173">
        <ele>30.0</ele>
      </trkpt>
      <trkpt lat="25.003080368041992" lon="121.58655166625977">
        <ele>30.0</ele>
      </trkpt>
      <trkpt lat="25.003058910369873" lon="121.58691644668579">
        <ele>30.0</ele>
      </trkpt>
      <trkpt lat="25.003037452697754" lon="121.58708802424371">
        <ele>30.0</ele>
      </trkpt>
      <trkpt lat="25.002994453534484" lon="121.58719531260431">
        <ele>30.0</ele>
      </trkpt>
      <trkpt lat="25.00288724899292" lon="121.58736697398126">
        <ele>30.0</ele>
      </trkpt>
      <trkpt lat="25.002758419141173" lon="121.58751726150513">
        <ele>29.0</ele>
      </trkpt>
      <trkpt lat="25.001492500305176" lon="121.58867597579956">
        <ele>29.0</ele>
      </trkpt>
      <trkpt lat="25.001342380419374" lon="121.58882609568536">
        <ele>28.0</ele>
      </trkpt>
      <trkpt lat="25.001020515337586" lon="121.5891695022583">
        <ele>28.0</ele>
      </trkpt>
      <trkpt lat="25.000827312469482" lon="121.58938407897949">
        <ele>27.0</ele>
      </trkpt>
      <trkpt lat="25.000462532043457" lon="121.58981314860284">
        <ele>27.0</ele>
      </trkpt>
      <trkpt lat="24.99941118992865" lon="121.59103623591363">
        <ele>26.0</ele>
      </trkpt>
      <trkpt lat="24.99891766346991" lon="121.59163705073297">
        <ele>26.0</ele>
      </trkpt>
      <trkpt lat="24.99816656112671" lon="121.59253827296197">
        <ele>25.0</ele>
      </trkpt>
      <trkpt lat="24.998016273602843" lon="121.59273139201105">
        <ele>25.0</ele>
      </trkpt>
      <trkpt lat="24.997930442914367" lon="121.59294596873224">
        <ele>24.0</ele>
      </trkpt>
      <trkpt lat="24.997908985242248" lon="121.59322500228882">
        <ele>24.0</ele>
      </trkpt>
      <trkpt lat="24.997908985242248" lon="121.59348241053522">
        <ele>24.0</ele>
      </trkpt>
      <trkpt lat="24.997973442077637" lon="121.59363269805908">
        <ele>23.0</ele>
      </trkpt>
      <trkpt lat="24.998016273602843" lon="121.59376136027277">
        <ele>24.0</ele>
      </trkpt>
      <trkpt lat="24.99816656112671" lon="121.59397593699396">
        <ele>24.0</ele>
      </trkpt>
      <trkpt lat="24.998273849487305" lon="121.59406176768243">
        <ele>24.0</ele>
      </trkpt>
      <trkpt lat="24.998445427045226" lon="121.59419051371515">
        <ele>24.0</ele>
      </trkpt>
      <trkpt lat="24.998703002929688" lon="121.5943193435669">
        <ele>24.0</ele>
      </trkpt>
      <trkpt lat="24.99889620579779" lon="121.5943621750921">
        <ele>25.0</ele>
      </trkpt>
      <trkpt lat="25.0015567895025" lon="121.59496298991144">
        <ele>26.0</ele>
      </trkpt>
      <trkpt lat="25.001707077026367" lon="121.59494161605835">
        <ele>26.0</ele>
      </trkpt>
      <trkpt lat="25.002715587615967" lon="121.59517756663263">
        <ele>26.0</ele>
      </trkpt>
      <trkpt lat="25.002887165173888" lon="121.59530631266534">
        <ele>27.0</ele>
      </trkpt>
      <trkpt lat="25.003166114911437" lon="121.59558526240289">
        <ele>28.0</ele>
      </trkpt>
      <trkpt lat="25.003294860944152" lon="121.59567109309137">
        <ele>29.0</ele>
      </trkpt>
      <trkpt lat="25.003487979993224" lon="121.59577838145196">
        <ele>29.0</ele>
      </trkpt>
      <trkpt lat="25.003745555877686" lon="121.59590712748468">
        <ele>29.0</ele>
      </trkpt>
      <trkpt lat="25.00436782836914" lon="121.59610024653375">
        <ele>30.0</ele>
      </trkpt>
      <trkpt lat="25.004539573565125" lon="121.59616470336914">
        <ele>31.0</ele>
      </trkpt>
      <trkpt lat="25.004904186353087" lon="121.59629336558282">
        <ele>32.0</ele>
      </trkpt>
      <trkpt lat="25.004968643188477" lon="121.5963363647461">
        <ele>33.0</ele>
      </trkpt>
      <trkpt lat="25.005076015368104" lon="121.59646511077881">
        <ele>33.0</ele>
      </trkpt>
      <trkpt lat="25.00514030456543" lon="121.59659377299249">
        <ele>34.0</ele>
      </trkpt>
      <trkpt lat="25.00516176223755" lon="121.59674406051636">
        <ele>34.0</ele>
      </trkpt>
      <trkpt lat="25.00516184605658" lon="121.59689418040216">
        <ele>35.0</ele>
      </trkpt>
      <trkpt lat="25.004754150286317" lon="121.59818172454834">
        <ele>35.0</ele>
      </trkpt>
      <trkpt lat="25.004582488909364" lon="121.59871808253229">
        <ele>36.0</ele>
      </trkpt>
      <trkpt lat="25.004303455352783" lon="121.59955493174493">
        <ele>37.0</ele>
      </trkpt>
      <trkpt lat="25.004003047943115" lon="121.60047769546509">
        <ele>38.0</ele>
      </trkpt>
      <trkpt lat="25.003745639696717" lon="121.60129308700562">
        <ele>38.0</ele>
      </trkpt>
      <trkpt lat="25.00363835133612" lon="121.60165778361261">
        <ele>39.0</ele>
      </trkpt>
      <trkpt lat="25.003552520647645" lon="121.60191535949707">
        <ele>39.0</ele>
      </trkpt>
      <trkpt lat="25.003488063812256" lon="121.60208693705499">
        <ele>40.0</ele>
      </trkpt>
      <trkpt lat="25.00338077545166" lon="121.60247317515314">
        <ele>40.0</ele>
      </trkpt>
      <trkpt lat="25.003316402435303" lon="121.60264492034912">
        <ele>41.0</ele>
      </trkpt>
      <trkpt lat="25.003252113237977" lon="121.6027735825628">
        <ele>41.0</ele>
      </trkpt>
      <trkpt lat="25.00295170582831" lon="121.60328856669366">
        <ele>41.0</ele>
      </trkpt>
      <trkpt lat="25.002951622009277" lon="121.60328856669366">
        <ele>42.0</ele>
      </trkpt>
      <trkpt lat="25.002737129107118" lon="121.60367480479181">
        <ele>42.0</ele>
      </trkpt>
      <trkpt lat="25.002737045288086" lon="121.60367480479181">
        <ele>42.0</ele>
      </trkpt>
      <trkpt lat="25.002544010058045" lon="121.6039966698736">
        <ele>42.0</ele>
      </trkpt>
      <trkpt lat="25.002543926239014" lon="121.6039966698736">
        <ele>42.0</ele>
      </trkpt>
      <trkpt lat="25.002007484436035" lon="121.60506963729858">
        <ele>43.0</ele>
      </trkpt>
      <trkpt lat="25.00187873840332" lon="121.60539141856134">
        <ele>43.0</ele>
      </trkpt>
      <trkpt lat="25.0017071608454" lon="121.60620681010187">
        <ele>43.0</ele>
      </trkpt>
      <trkpt lat="25.00164278782904" lon="121.60657167434692">
        <ele>43.0</ele>
      </trkpt>
      <trkpt lat="25.001492500305176" lon="121.60732260905206">
        <ele>43.0</ele>
      </trkpt>
      <trkpt lat="25.00140675343573" lon="121.60773030482233">
        <ele>43.0</ele>
      </trkpt>
      <trkpt lat="25.001320922747254" lon="121.60813800059259">
        <ele>43.0</ele>
      </trkpt>
      <trkpt lat="25.00121363438666" lon="121.60869598388672">
        <ele>43.0</ele>
      </trkpt>
      <trkpt lat="25.00114917755127" lon="121.6090178489685">
        <ele>43.0</ele>
      </trkpt>
      <trkpt lat="25.001127803698182" lon="121.60910367965698">
        <ele>43.0</ele>
      </trkpt>
      <trkpt lat="25.000999057665467" lon="121.60976878367364">
        <ele>43.0</ele>
      </trkpt>
      <trkpt lat="25.000955974683166" lon="121.61011219024658">
        <ele>44.0</ele>
      </trkpt>
      <trkpt lat="25.000955974683166" lon="121.61047688685358">
        <ele>44.0</ele>
      </trkpt>
      <trkpt lat="25.000977432355285" lon="121.61077729426324">
        <ele>44.0</ele>
      </trkpt>
      <trkpt lat="25.001063346862793" lon="121.6111421585083">
        <ele>44.0</ele>
      </trkpt>
      <trkpt lat="25.001170551404357" lon="121.61144256591797">
        <ele>45.0</ele>
      </trkpt>
      <trkpt lat="25.001213550567627" lon="121.61169997416437">
        <ele>45.0</ele>
      </trkpt>
      <trkpt lat="25.001192092895508" lon="121.6122579574585">
        <ele>45.0</ele>
      </trkpt>
      <trkpt lat="25.001213550567627" lon="121.61242961883545">
        <ele>46.0</ele>
      </trkpt>
      <trkpt lat="25.001235092058778" lon="121.6125153657049">
        <ele>46.0</ele>
      </trkpt>
      <trkpt lat="25.001299465075135" lon="121.61262265406549">
        <ele>46.0</ele>
      </trkpt>
      <trkpt lat="25.001535499468446" lon="121.61296606063843">
        <ele>47.0</ele>
      </trkpt>
      <trkpt lat="25.0018572807312" lon="121.61343812942505">
        <ele>47.0</ele>
      </trkpt>
      <trkpt lat="25.002114856615663" lon="121.61386728286743">
        <ele>47.0</ele>
      </trkpt>
      <trkpt lat="25.002264892682433" lon="121.61418914794922">
        <ele>48.0</ele>
      </trkpt>
      <trkpt lat="25.002329433336854" lon="121.61438226699829">
        <ele>48.0</ele>
      </trkpt>
      <trkpt lat="25.002329349517822" lon="121.61438226699829">
        <ele>48.0</ele>
      </trkpt>
      <trkpt lat="25.00267267227173" lon="121.61539077758789">
        <ele>49.0</ele>
      </trkpt>
      <trkpt lat="25.002672588452697" lon="121.61539077758789">
        <ele>49.0</ele>
      </trkpt>
      <trkpt lat="25.002822959795594" lon="121.61575547419488">
        <ele>50.0</ele>
      </trkpt>
      <trkpt lat="25.002822875976562" lon="121.61575547419488">
        <ele>50.0</ele>
      </trkpt>
      <trkpt lat="25.00288724899292" lon="121.61594859324396">
        <ele>50.0</ele>
      </trkpt>
      <trkpt lat="25.00293024815619" lon="121.61603442393243">
        <ele>50.0</ele>
      </trkpt>
      <trkpt lat="25.003187656402588" lon="121.61667823791504">
        <ele>51.0</ele>
      </trkpt>
      <trkpt lat="25.003488063812256" lon="121.61749362945557">
        <ele>51.0</ele>
      </trkpt>
      <trkpt lat="25.003552520647645" lon="121.61764374934137">
        <ele>51.0</ele>
      </trkpt>
      <trkpt lat="25.003745639696717" lon="121.61811590194702">
        <ele>52.0</ele>
      </trkpt>
      <trkpt lat="25.004024505615234" lon="121.6188024636358">
        <ele>52.0</ele>
      </trkpt>
      <trkpt lat="25.004217624664307" lon="121.61929599009454">
        <ele>52.0</ele>
      </trkpt>
      <trkpt lat="25.00445374287665" lon="121.61989680491388">
        <ele>53.0</ele>
      </trkpt>
      <trkpt lat="25.004517948254943" lon="121.62013292312622">
        <ele>53.0</ele>
      </trkpt>
      <trkpt lat="25.004517948254943" lon="121.62021866999567">
        <ele>54.0</ele>
      </trkpt>
      <trkpt lat="25.004475200548768" lon="121.6204761620611">
        <ele>54.0</ele>
      </trkpt>
      <trkpt lat="25.004432201385498" lon="121.62073373794556">
        <ele>54.0</ele>
      </trkpt>
      <trkpt lat="25.004453659057617" lon="121.62086248397827">
        <ele>55.0</ele>
      </trkpt>
      <trkpt lat="25.004475116729736" lon="121.62109843455255">
        <ele>55.0</ele>
      </trkpt>
      <trkpt lat="25.00460386276245" lon="121.62150613032281">
        <ele>55.0</ele>
      </trkpt>
      <trkpt lat="25.00479689799249" lon="121.62202111445367">
        <ele>55.0</ele>
      </trkpt>
      <trkpt lat="25.004818439483643" lon="121.62210694514215">
        <ele>56.0</ele>
      </trkpt>
      <trkpt lat="25.00490427017212" lon="121.62227869033813">
        <ele>56.0</ele>
      </trkpt>
      <trkpt lat="25.005784118548036" lon="121.62436000071466">
        <ele>57.0</ele>
      </trkpt>
      <trkpt lat="25.0058913230896" lon="121.624596118927">
        <ele>57.0</ele>
      </trkpt>
      <trkpt lat="25.005934154614806" lon="121.62468194961548">
        <ele>57.0</ele>
      </trkpt>
      <trkpt lat="25.006019985303283" lon="121.62476769648492">
        <ele>58.0</ele>
      </trkpt>
      <trkpt lat="25.006642257794738" lon="121.62513256072998">
        <ele>58.0</ele>
      </trkpt>
      <trkpt lat="25.00681391917169" lon="121.62526122294366">
        <ele>59.0</ele>
      </trkpt>
      <trkpt lat="25.00709295272827" lon="121.62566891871393">
        <ele>59.0</ele>
      </trkpt>
      <trkpt lat="25.007221698760986" lon="121.62590503692627">
        <ele>59.0</ele>
      </trkpt>
      <trkpt lat="25.007286071777344" lon="121.62611961364746">
        <ele>59.0</ele>
      </trkpt>
      <trkpt lat="25.007328987121582" lon="121.62635556422174">
        <ele>59.0</ele>
      </trkpt>
      <trkpt lat="25.00732890330255" lon="121.62635556422174">
        <ele>59.0</ele>
      </trkpt>
      <trkpt lat="25.007457733154297" lon="121.62714958190918">
        <ele>59.0</ele>
      </trkpt>
      <trkpt lat="25.007608020678163" lon="121.62768593989313">
        <ele>59.0</ele>
      </trkpt>
      <trkpt lat="25.00769385136664" lon="121.62802934646606">
        <ele>59.0</ele>
      </trkpt>
      <trkpt lat="25.00771530903876" lon="121.62811509333551">
        <ele>59.0</ele>
      </trkpt>
      <trkpt lat="25.007779682055116" lon="121.62830821238458">
        <ele>59.0</ele>
      </trkpt>
      <trkpt lat="25.00786534510553" lon="121.62850133143365">
        <ele>58.0</ele>
      </trkpt>
      <trkpt lat="25.0079083442688" lon="121.62856578826904">
        <ele>58.0</ele>
      </trkpt>
      <trkpt lat="25.007972717285156" lon="121.62860861979425">
        <ele>58.0</ele>
      </trkpt>
      <trkpt lat="25.008423328399658" lon="121.62882319651544">
        <ele>58.0</ele>
      </trkpt>
      <trkpt lat="25.008487701416016" lon="121.62886619567871">
        <ele>58.0</ele>
      </trkpt>
      <trkpt lat="25.008552074432373" lon="121.62893056869507">
        <ele>58.0</ele>
      </trkpt>
      <trkpt lat="25.008637821301818" lon="121.6290807723999">
        <ele>58.0</ele>
      </trkpt>
      <trkpt lat="25.00870236195624" lon="121.62933826446533">
        <ele>58.0</ele>
      </trkpt>
      <trkpt lat="25.008809566497803" lon="121.6299819946289">
        <ele>58.0</ele>
      </trkpt>
      <trkpt lat="25.00887385569513" lon="121.63017511367798">
        <ele>58.0</ele>
      </trkpt>
      <trkpt lat="25.00891693867743" lon="121.6302394028753">
        <ele>58.0</ele>
      </trkpt>
      <trkpt lat="25.0090669747442" lon="121.63047552108765">
        <ele>57.0</ele>
      </trkpt>
      <trkpt lat="25.009195804595947" lon="121.63060418330133">
        <ele>58.0</ele>
      </trkpt>
      <trkpt lat="25.009753620252013" lon="121.63096904754639">
        <ele>58.0</ele>
      </trkpt>
      <trkpt lat="25.009882366284728" lon="121.63107633590698">
        <ele>58.0</ele>
      </trkpt>
      <trkpt lat="25.010032653808594" lon="121.6312479134649">
        <ele>58.0</ele>
      </trkpt>
      <trkpt lat="25.01037589274347" lon="121.63171998225152">
        <ele>58.0</ele>
      </trkpt>
      <trkpt lat="25.010547637939453" lon="121.63202038966119">
        <ele>57.0</ele>
      </trkpt>
      <trkpt lat="25.010890876874328" lon="121.63270711898804">
        <ele>57.0</ele>
      </trkpt>
      <trkpt lat="25.01091241836548" lon="121.63285723887384">
        <ele>57.0</ele>
      </trkpt>
      <trkpt lat="25.01089096069336" lon="121.63307181559503">
        <ele>57.0</ele>
      </trkpt>
      <trkpt lat="25.010740840807557" lon="121.63384429179132">
        <ele>58.0</ele>
      </trkpt>
      <trkpt lat="25.010719299316406" lon="121.6342306137085">
        <ele>58.0</ele>
      </trkpt>
      <trkpt lat="25.010719383135438" lon="121.63506737910211">
        <ele>58.0</ele>
      </trkpt>
      <trkpt lat="25.010719383135438" lon="121.63545370101929">
        <ele>57.0</ele>
      </trkpt>
      <trkpt lat="25.010719383135438" lon="121.63583993911743">
        <ele>58.0</ele>
      </trkpt>
      <trkpt lat="25.010719383135438" lon="121.63631192408502">
        <ele>58.0</ele>
      </trkpt>
      <trkpt lat="25.010719383135438" lon="121.6371488571167">
        <ele>58.0</ele>
      </trkpt>
      <trkpt lat="25.01063355244696" lon="121.63755655288696">
        <ele>58.0</ele>
      </trkpt>
      <trkpt lat="25.010504722595215" lon="121.63813582621515">
        <ele>58.0</ele>
      </trkpt>
      <trkpt lat="25.01037589274347" lon="121.63899421691895">
        <ele>58.0</ele>
      </trkpt>
      <trkpt lat="25.0103759765625" lon="121.63929462432861">
        <ele>58.0</ele>
      </trkpt>
      <trkpt lat="25.01041889190674" lon="121.63953057490289">
        <ele>59.0</ele>
      </trkpt>
      <trkpt lat="25.010461723431945" lon="121.6396593209356">
        <ele>59.0</ele>
      </trkpt>
      <trkpt lat="25.010547637939453" lon="121.63989543914795">
        <ele>60.0</ele>
      </trkpt>
      <trkpt lat="25.01061201095581" lon="121.63998126983643">
        <ele>60.0</ele>
      </trkpt>
      <trkpt lat="25.01106253825128" lon="121.64049625396729">
        <ele>61.0</ele>
      </trkpt>
      <trkpt lat="25.011191368103027" lon="121.64071083068848">
        <ele>62.0</ele>
      </trkpt>
      <trkpt lat="25.011234283447266" lon="121.64088249206543">
        <ele>62.0</ele>
      </trkpt>
      <trkpt lat="25.011212825775146" lon="121.6411828994751">
        <ele>63.0</ele>
      </trkpt>
      <trkpt lat="25.01114853657782" lon="121.641526222229">
        <ele>64.0</ele>
      </trkpt>
      <trkpt lat="25.01114845275879" lon="121.641526222229">
        <ele>65.0</ele>
      </trkpt>
      <trkpt lat="25.01112699508667" lon="121.64161205291748">
        <ele>65.0</ele>
      </trkpt>
      <trkpt lat="25.01116999424994" lon="121.6417836304754">
        <ele>66.0</ele>
      </trkpt>
      <trkpt lat="25.011255741119385" lon="121.64191246032715">
        <ele>67.0</ele>
      </trkpt>
      <trkpt lat="25.011384403333068" lon="121.64201974868774">
        <ele>68.0</ele>
      </trkpt>
      <trkpt lat="25.011577606201172" lon="121.64234161376953">
        <ele>68.0</ele>
      </trkpt>
      <trkpt lat="25.01181355677545" lon="121.64270639419556">
        <ele>69.0</ele>
      </trkpt>
      <trkpt lat="25.01185655593872" lon="121.64283514022827">
        <ele>69.0</ele>
      </trkpt>
      <trkpt lat="25.01209259033203" lon="121.6435432434082">
        <ele>70.0</ele>
      </trkpt>
      <trkpt lat="25.012199794873595" lon="121.64401522837579">
        <ele>71.0</ele>
      </trkpt>
      <trkpt lat="25.012242794036865" lon="121.64450875483453">
        <ele>70.0</ele>
      </trkpt>
      <trkpt lat="25.012242794036865" lon="121.64523839950562">
        <ele>70.0</ele>
      </trkpt>
      <trkpt lat="25.012221252545714" lon="121.64538851939142">
        <ele>71.0</ele>
      </trkpt>
      <trkpt lat="25.012178337201476" lon="121.64551726542413">
        <ele>71.0</ele>
      </trkpt>
      <trkpt lat="25.011534690856934" lon="121.64648294448853">
        <ele>71.0</ele>
      </trkpt>
      <trkpt lat="25.011277114972472" lon="121.64695501327515">
        <ele>71.0</ele>
      </trkpt>
      <trkpt lat="25.01112699508667" lon="121.64710521697998">
        <ele>71.0</ele>
      </trkpt>
      <trkpt lat="25.010697841644287" lon="121.64742699824274">
        <ele>71.0</ele>
      </trkpt>
      <trkpt lat="25.010504722595215" lon="121.64759874343872">
        <ele>71.0</ele>
      </trkpt>
      <trkpt lat="25.010268604382873" lon="121.64798498153687">
        <ele>72.0</ele>
      </trkpt>
      <trkpt lat="25.01013994216919" lon="121.64811372756958">
        <ele>71.0</ele>
      </trkpt>
      <trkpt lat="25.010032653808594" lon="121.64817810058594">
        <ele>71.0</ele>
      </trkpt>
      <trkpt lat="25.009667789563537" lon="121.64837121963501">
        <ele>71.0</ele>
      </trkpt>
      <trkpt lat="25.009517669677734" lon="121.6484785079956">
        <ele>71.0</ele>
      </trkpt>
      <trkpt lat="25.00938892364502" lon="121.64860725402832">
        <ele>70.0</ele>
      </trkpt>
      <trkpt lat="25.009346092119813" lon="121.64867154322565">
        <ele>70.0</ele>
      </trkpt>
      <trkpt lat="25.009238636121154" lon="121.64888620376587">
        <ele>70.0</ele>
      </trkpt>
      <trkpt lat="25.0090669747442" lon="121.64931535720825">
        <ele>70.0</ele>
      </trkpt>
      <trkpt lat="25.008831024169922" lon="121.64963713847101">
        <ele>69.0</ele>
      </trkpt>
      <trkpt lat="25.008294582366943" lon="121.65000200271606">
        <ele>69.0</ele>
      </trkpt>
      <trkpt lat="25.00812292098999" lon="121.65017358027399">
        <ele>69.0</ele>
      </trkpt>
      <trkpt lat="25.007994174957275" lon="121.65036669932306">
        <ele>68.0</ele>
      </trkpt>
      <trkpt lat="25.00765085220337" lon="121.65101051330566">
        <ele>68.0</ele>
      </trkpt>
      <trkpt lat="25.00754348002374" lon="121.65113925933838">
        <ele>68.0</ele>
      </trkpt>
      <trkpt lat="25.007414733991027" lon="121.65118209086359">
        <ele>67.0</ele>
      </trkpt>
      <trkpt lat="25.007007122039795" lon="121.65131092071533">
        <ele>67.0</ele>
      </trkpt>
      <trkpt lat="25.006406223401427" lon="121.65148249827325">
        <ele>67.0</ele>
      </trkpt>
      <trkpt lat="25.006191730499268" lon="121.65161124430597">
        <ele>67.0</ele>
      </trkpt>
      <trkpt lat="25.006256103515625" lon="121.6517186164856">
        <ele>67.0</ele>
      </trkpt>
      <trkpt lat="25.00638484954834" lon="121.65184736251831">
        <ele>67.0</ele>
      </trkpt>
      <trkpt lat="25.006534969434142" lon="121.65191165171564">
        <ele>68.0</ele>
      </trkpt>
      <trkpt lat="25.007007122039795" lon="121.65204048156738">
        <ele>68.0</ele>
      </trkpt>
      <trkpt lat="25.007157241925597" lon="121.65214776992798">
        <ele>68.0</ele>
      </trkpt>
      <trkpt lat="25.007200241088867" lon="121.65219060145319">
        <ele>69.0</ele>
      </trkpt>
      <trkpt lat="25.007243072614074" lon="121.65238372050226">
        <ele>69.0</ele>
      </trkpt>
      <trkpt lat="25.00735036097467" lon="121.65292016230524">
        <ele>70.0</ele>
      </trkpt>
      <trkpt lat="25.00737190246582" lon="121.6531777381897">
        <ele>70.0</ele>
      </trkpt>
      <trkpt lat="25.00739344395697" lon="121.65362826548517">
        <ele>70.0</ele>
      </trkpt>
      <trkpt lat="25.00732890330255" lon="121.65405750274658">
        <ele>71.0</ele>
      </trkpt>
      <trkpt lat="25.007307529449463" lon="121.6542290803045">
        <ele>72.0</ele>
      </trkpt>
      <trkpt lat="25.007414733991027" lon="121.65470114909112">
        <ele>72.0</ele>
      </trkpt>
      <trkpt lat="25.007414733991027" lon="121.65489435195923">
        <ele>72.0</ele>
      </trkpt>
      <trkpt lat="25.00737190246582" lon="121.6550874710083">
        <ele>72.0</ele>
      </trkpt>
      <trkpt lat="25.007178783416748" lon="121.65549516677856">
        <ele>73.0</ele>
      </trkpt>
      <trkpt lat="25.00711432658136" lon="121.65566682815552">
        <ele>73.0</ele>
      </trkpt>
      <trkpt lat="25.00683537684381" lon="121.65697566233575">
        <ele>74.0</ele>
      </trkpt>
      <trkpt lat="25.00683537684381" lon="121.6571044921875">
        <ele>74.0</ele>
      </trkpt>
      <trkpt lat="25.00683537684381" lon="121.65731906890869">
        <ele>74.0</ele>
      </trkpt>
      <trkpt lat="25.006942749023438" lon="121.65781259536743">
        <ele>75.0</ele>
      </trkpt>
      <trkpt lat="25.007049953565" lon="121.65824174880981">
        <ele>75.0</ele>
      </trkpt>
      <trkpt lat="25.007114494219422" lon="121.65867081843317">
        <ele>75.0</ele>
      </trkpt>
      <trkpt lat="25.00715732574463" lon="121.65903568267822">
        <ele>75.0</ele>
      </trkpt>
      <trkpt lat="25.007221614941955" lon="121.65952920913696">
        <ele>75.0</ele>
      </trkpt>
      <trkpt lat="25.007221614941955" lon="121.65982961654663">
        <ele>75.0</ele>
      </trkpt>
      <trkpt lat="25.007200241088867" lon="121.66015148162842">
        <ele>75.0</ele>
      </trkpt>
      <trkpt lat="25.007200241088867" lon="121.66030160151422">
        <ele>75.0</ele>
      </trkpt>
      <trkpt lat="25.007243072614074" lon="121.66043043136597">
        <ele>75.0</ele>
      </trkpt>
      <trkpt lat="25.007479190826416" lon="121.66081658564508">
        <ele>75.0</ele>
      </trkpt>
      <trkpt lat="25.007522022351623" lon="121.66100970469415">
        <ele>75.0</ele>
      </trkpt>
      <trkpt lat="25.00754348002374" lon="121.66111699305475">
        <ele>75.0</ele>
      </trkpt>
      <trkpt lat="25.007522022351623" lon="121.66133156977594">
        <ele>75.0</ele>
      </trkpt>
      <trkpt lat="25.007500648498535" lon="121.66146039962769">
        <ele>75.0</ele>
      </trkpt>
      <trkpt lat="25.00737190246582" lon="121.66184663772583">
        <ele>75.0</ele>
      </trkpt>
      <trkpt lat="25.007243072614074" lon="121.66221133433282">
        <ele>75.0</ele>
      </trkpt>
      <trkpt lat="25.007178783416748" lon="121.66242591105402">
        <ele>75.0</ele>
      </trkpt>
      <trkpt lat="25.007157241925597" lon="121.66255474090576">
        <ele>75.0</ele>
      </trkpt>
      <trkpt lat="25.007157241925597" lon="121.66268348693848">
        <ele>75.0</ele>
      </trkpt>
      <trkpt lat="25.0072003249079" lon="121.66285514831543">
        <ele>75.0</ele>
      </trkpt>
      <trkpt lat="25.00737190246582" lon="121.6634129639715">
        <ele>75.0</ele>
      </trkpt>
      <trkpt lat="25.007414733991027" lon="121.66358470916748">
        <ele>76.0</ele>
      </trkpt>
      <trkpt lat="25.007414733991027" lon="121.6637562867254">
        <ele>76.0</ele>
      </trkpt>
      <trkpt lat="25.007307613268495" lon="121.664764797315">
        <ele>77.0</ele>
      </trkpt>
      <trkpt lat="25.007221698760986" lon="121.66540861129761">
        <ele>77.0</ele>
      </trkpt>
      <trkpt lat="25.007135784253478" lon="121.66581630706787">
        <ele>77.0</ele>
      </trkpt>
      <trkpt lat="25.006985664367676" lon="121.66613817214966">
        <ele>78.0</ele>
      </trkpt>
      <trkpt lat="25.006878459826112" lon="121.66635266505182">
        <ele>78.0</ele>
      </trkpt>
      <trkpt lat="25.006535053253174" lon="121.66701793670654">
        <ele>79.0</ele>
      </trkpt>
      <trkpt lat="25.0063419342041" lon="121.66744709014893">
        <ele>80.0</ele>
      </trkpt>
      <trkpt lat="25.00617027282715" lon="121.66781178675592">
        <ele>81.0</ele>
      </trkpt>
      <trkpt lat="25.006020069122314" lon="121.66809073649347">
        <ele>81.0</ele>
      </trkpt>
      <trkpt lat="25.00586986541748" lon="121.66824102401733">
        <ele>82.0</ele>
      </trkpt>
      <trkpt lat="25.005526542663574" lon="121.66858426295221">
        <ele>83.0</ele>
      </trkpt>
      <trkpt lat="25.00537633895874" lon="121.66877738200128">
        <ele>84.0</ele>
      </trkpt>
      <trkpt lat="25.00531188212335" lon="121.66886329650879">
        <ele>86.0</ele>
      </trkpt>
      <trkpt lat="25.005290424451232" lon="121.66897058486938">
        <ele>87.0</ele>
      </trkpt>
      <trkpt lat="25.005269050598145" lon="121.66920653544366">
        <ele>88.0</ele>
      </trkpt>
      <trkpt lat="25.005269134417176" lon="121.66952840052545">
        <ele>89.0</ele>
      </trkpt>
      <trkpt lat="25.005290592089295" lon="121.6697645187378">
        <ele>90.0</ele>
      </trkpt>
      <trkpt lat="25.005290424451232" lon="121.6697645187378">
        <ele>91.0</ele>
      </trkpt>
      <trkpt lat="25.005376422777772" lon="121.67060128413141">
        <ele>93.0</ele>
      </trkpt>
      <trkpt lat="25.00537633895874" lon="121.67060128413141">
        <ele>94.0</ele>
      </trkpt>
      <trkpt lat="25.005548000335693" lon="121.67158842086792">
        <ele>95.0</ele>
      </trkpt>
      <trkpt lat="25.00561228953302" lon="121.67175999842584">
        <ele>96.0</ele>
      </trkpt>
      <trkpt lat="25.005676746368408" lon="121.67184582911432">
        <ele>98.0</ele>
      </trkpt>
      <trkpt lat="25.005719661712646" lon="121.67188882827759">
        <ele>99.0</ele>
      </trkpt>
      <trkpt lat="25.006062984466553" lon="121.67203894816339">
        <ele>100.0</ele>
      </trkpt>
      <trkpt lat="25.007049953565" lon="121.67240381240845">
        <ele>101.0</ele>
      </trkpt>
      <trkpt lat="25.007221614941955" lon="121.67248964309692">
        <ele>102.0</ele>
      </trkpt>
      <trkpt lat="25.007328987121582" lon="121.6725754737854">
        <ele>102.0</ele>
      </trkpt>
      <trkpt lat="25.00732890330255" lon="121.6725754737854">
        <ele>103.0</ele>
      </trkpt>
      <trkpt lat="25.007436191663146" lon="121.67266122065485">
        <ele>104.0</ele>
      </trkpt>
      <trkpt lat="25.007565021514893" lon="121.6727255936712">
        <ele>104.0</ele>
      </trkpt>
      <trkpt lat="25.007715225219727" lon="121.67274705134332">
        <ele>105.0</ele>
      </trkpt>
      <trkpt lat="25.008015632629395" lon="121.6727255936712">
        <ele>105.0</ele>
      </trkpt>
      <trkpt lat="25.008230293169618" lon="121.6727255936712">
        <ele>105.0</ele>
      </trkpt>
      <trkpt lat="25.008230125531554" lon="121.6727255936712">
        <ele>105.0</ele>
      </trkpt>
      <trkpt lat="25.00838041305542" lon="121.67276850901544">
        <ele>105.0</ele>
      </trkpt>
      <trkpt lat="25.008466159924865" lon="121.67279005050659">
        <ele>105.0</ele>
      </trkpt>
      <trkpt lat="25.008595073595643" lon="121.67287588119507">
        <ele>105.0</ele>
      </trkpt>
      <trkpt lat="25.008745109662414" lon="121.67300462722778">
        <ele>105.0</ele>
      </trkpt>
      <trkpt lat="25.00904551707208" lon="121.67345515452325">
        <ele>105.0</ele>
      </trkpt>
      <trkpt lat="25.009474754333496" lon="121.67397013865411">
        <ele>106.0</ele>
      </trkpt>
      <trkpt lat="25.009474670514464" lon="121.67397013865411">
        <ele>106.0</ele>
      </trkpt>
      <trkpt lat="25.009539127349854" lon="121.67405596934259">
        <ele>106.0</ele>
      </trkpt>
      <trkpt lat="25.009753704071045" lon="121.6741847153753">
        <ele>105.0</ele>
      </trkpt>
      <trkpt lat="25.010182773694396" lon="121.67457095347345">
        <ele>105.0</ele>
      </trkpt>
      <trkpt lat="25.010311603546143" lon="121.67465678416193">
        <ele>105.0</ele>
      </trkpt>
      <trkpt lat="25.010461723431945" lon="121.67467824183404">
        <ele>105.0</ele>
      </trkpt>
      <trkpt lat="25.01080504618585" lon="121.67465678416193">
        <ele>104.0</ele>
      </trkpt>
      <trkpt lat="25.010955333709717" lon="121.6746997833252">
        <ele>104.0</ele>
      </trkpt>
      <trkpt lat="25.01106253825128" lon="121.67478553019464">
        <ele>104.0</ele>
      </trkpt>
      <trkpt lat="25.01110545359552" lon="121.674849903211">
        <ele>104.0</ele>
      </trkpt>
      <trkpt lat="25.0111270789057" lon="121.67497864924371">
        <ele>104.0</ele>
      </trkpt>
      <trkpt lat="25.01108407974243" lon="121.6751503944397">
        <ele>105.0</ele>
      </trkpt>
      <trkpt lat="25.010933876037598" lon="121.67579404078424">
        <ele>105.0</ele>
      </trkpt>
      <trkpt lat="25.010654842481017" lon="121.67697429656982">
        <ele>105.0</ele>
      </trkpt>
      <trkpt lat="25.010483264923096" lon="121.67766094207764">
        <ele>106.0</ele>
      </trkpt>
      <trkpt lat="25.01044043339789" lon="121.67787551879883">
        <ele>106.0</ele>
      </trkpt>
      <trkpt lat="25.010440349578857" lon="121.67800418101251">
        <ele>106.0</ele>
      </trkpt>
      <trkpt lat="25.010461807250977" lon="121.67841187678277">
        <ele>107.0</ele>
      </trkpt>
      <trkpt lat="25.010504722595215" lon="121.67875528335571">
        <ele>107.0</ele>
      </trkpt>
      <trkpt lat="25.010569095611572" lon="121.67905569076538">
        <ele>108.0</ele>
      </trkpt>
      <trkpt lat="25.01065501011908" lon="121.67927026748657">
        <ele>109.0</ele>
      </trkpt>
      <trkpt lat="25.010783588513732" lon="121.67957067489624">
        <ele>109.0</ele>
      </trkpt>
      <trkpt lat="25.010826587677002" lon="121.67972079478204">
        <ele>110.0</ele>
      </trkpt>
      <trkpt lat="25.01086941920221" lon="121.67984954081476">
        <ele>111.0</ele>
      </trkpt>
      <trkpt lat="25.01086941920221" lon="121.6799783706665">
        <ele>112.0</ele>
      </trkpt>
      <trkpt lat="25.010826587677002" lon="121.68070793151855">
        <ele>113.0</ele>
      </trkpt>
      <trkpt lat="25.010783588513732" lon="121.68087959289551">
        <ele>114.0</ele>
      </trkpt>
      <trkpt lat="25.010461723431945" lon="121.68137303553522">
        <ele>115.0</ele>
      </trkpt>
      <trkpt lat="25.01035443507135" lon="121.68156615458429">
        <ele>116.0</ele>
      </trkpt>
      <trkpt lat="25.01011848449707" lon="121.68218842707574">
        <ele>117.0</ele>
      </trkpt>
      <trkpt lat="25.01005402766168" lon="121.68229579925537">
        <ele>118.0</ele>
      </trkpt>
      <trkpt lat="25.009925365447998" lon="121.68248883448541">
        <ele>119.0</ele>
      </trkpt>
      <trkpt lat="25.009303092956543" lon="121.68319693766534">
        <ele>120.0</ele>
      </trkpt>
      <trkpt lat="25.009152805432677" lon="121.68339005671442">
        <ele>121.0</ele>
      </trkpt>
      <trkpt lat="25.00915288925171" lon="121.68339005671442">
        <ele>122.0</ele>
      </trkpt>
      <trkpt lat="25.00908851623535" lon="121.68362617492676">
        <ele>123.0</ele>
      </trkpt>
      <trkpt lat="25.009045600891113" lon="121.68403387069702">
        <ele>123.0</ele>
      </trkpt>
      <trkpt lat="25.00904551707208" lon="121.68424844741821">
        <ele>124.0</ele>
      </trkpt>
      <trkpt lat="25.0090669747442" lon="121.68433427810669">
        <ele>125.0</ele>
      </trkpt>
      <trkpt lat="25.00910997390747" lon="121.68442010879517">
        <ele>126.0</ele>
      </trkpt>
      <trkpt lat="25.009152805432677" lon="121.6844630241394">
        <ele>126.0</ele>
      </trkpt>
      <trkpt lat="25.00941038131714" lon="121.68465614318848">
        <ele>127.0</ele>
      </trkpt>
      <trkpt lat="25.009539127349854" lon="121.68478480540216">
        <ele>128.0</ele>
      </trkpt>
      <trkpt lat="25.009753704071045" lon="121.68508521281183">
        <ele>128.0</ele>
      </trkpt>
      <trkpt lat="25.010011279955506" lon="121.68549290858209">
        <ele>129.0</ele>
      </trkpt>
      <trkpt lat="25.01013994216919" lon="121.6857289429754">
        <ele>130.0</ele>
      </trkpt>
      <trkpt lat="25.01029006205499" lon="121.68617963790894">
        <ele>131.0</ele>
      </trkpt>
      <trkpt lat="25.010504722595215" lon="121.68660870753229">
        <ele>132.0</ele>
      </trkpt>
      <trkpt lat="25.010526180267334" lon="121.6866946220398">
        <ele>132.0</ele>
      </trkpt>
      <trkpt lat="25.010526180267334" lon="121.68682328425348">
        <ele>133.0</ele>
      </trkpt>
      <trkpt lat="25.010483181104064" lon="121.68690911494195">
        <ele>134.0</ele>
      </trkpt>
      <trkpt lat="25.010397350415587" lon="121.68712369166315">
        <ele>134.0</ele>
      </trkpt>
      <trkpt lat="25.01033306121826" lon="121.68723098002374">
        <ele>135.0</ele>
      </trkpt>
      <trkpt lat="25.010182773694396" lon="121.68740272521973">
        <ele>135.0</ele>
      </trkpt>
      <trkpt lat="25.01009694300592" lon="121.68746709823608">
        <ele>136.0</ele>
      </trkpt>
      <trkpt lat="25.009582042694092" lon="121.68772450648248">
        <ele>137.0</ele>
      </trkpt>
      <trkpt lat="25.00938892364502" lon="121.68781042098999">
        <ele>137.0</ele>
      </trkpt>
      <trkpt lat="25.00887385569513" lon="121.68804637156427">
        <ele>137.0</ele>
      </trkpt>
      <trkpt lat="25.008702278137207" lon="121.68808937072754">
        <ele>138.0</ele>
      </trkpt>
      <trkpt lat="25.008616531267762" lon="121.68808937072754">
        <ele>138.0</ele>
      </trkpt>
      <trkpt lat="25.008509159088135" lon="121.68804637156427">
        <ele>139.0</ele>
      </trkpt>
      <trkpt lat="25.00833749771118" lon="121.68796054087579">
        <ele>140.0</ele>
      </trkpt>
      <trkpt lat="25.008144294843078" lon="121.6878532525152">
        <ele>140.0</ele>
      </trkpt>
      <trkpt lat="25.008080005645752" lon="121.68783179484308">
        <ele>141.0</ele>
      </trkpt>
      <trkpt lat="25.008015632629395" lon="121.68781042098999">
        <ele>141.0</ele>
      </trkpt>
      <trkpt lat="25.00788688659668" lon="121.68783179484308">
        <ele>141.0</ele>
      </trkpt>
      <trkpt lat="25.007715225219727" lon="121.68787479400635">
        <ele>142.0</ele>
      </trkpt>
      <trkpt lat="25.00713586807251" lon="121.68817520141602">
        <ele>142.0</ele>
      </trkpt>
      <trkpt lat="25.006985664367676" lon="121.68823949061334">
        <ele>142.0</ele>
      </trkpt>
      <trkpt lat="25.00685691833496" lon="121.68832532130182">
        <ele>142.0</ele>
      </trkpt>
      <trkpt lat="25.006728088483214" lon="121.6884970664978">
        <ele>142.0</ele>
      </trkpt>
      <trkpt lat="25.006642257794738" lon="121.68866864405572">
        <ele>142.0</ele>
      </trkpt>
      <trkpt lat="25.006449222564697" lon="121.68909788131714">
        <ele>142.0</ele>
      </trkpt>
      <trkpt lat="25.00636339187622" lon="121.68937674723566">
        <ele>142.0</ele>
      </trkpt>
      <trkpt lat="25.006277645006776" lon="121.6898702736944">
        <ele>141.0</ele>
      </trkpt>
      <trkpt lat="25.006213188171387" lon="121.69032096862793">
        <ele>142.0</ele>
      </trkpt>
      <trkpt lat="25.00614881515503" lon="121.69059991836548">
        <ele>142.0</ele>
      </trkpt>
      <trkpt lat="25.006062984466553" lon="121.69117919169366">
        <ele>142.0</ele>
      </trkpt>
      <trkpt lat="25.006041526794434" lon="121.69143676757812">
        <ele>142.0</ele>
      </trkpt>
      <trkpt lat="25.006062984466553" lon="121.69156542979181">
        <ele>142.0</ele>
      </trkpt>
      <trkpt lat="25.00610581599176" lon="121.6916727181524">
        <ele>142.0</ele>
      </trkpt>
      <trkpt lat="25.006427681073546" lon="121.69231653213501">
        <ele>142.0</ele>
      </trkpt>
      <trkpt lat="25.00659942626953" lon="121.69283151626587">
        <ele>142.0</ele>
      </trkpt>
      <trkpt lat="25.006599510088563" lon="121.69283151626587">
        <ele>142.0</ele>
      </trkpt>
      <trkpt lat="25.00666379928589" lon="121.69302455149591">
        <ele>142.0</ele>
      </trkpt>
      <trkpt lat="25.006749629974365" lon="121.69328204356134">
        <ele>142.0</ele>
      </trkpt>
      <trkpt lat="25.00692129135132" lon="121.69384002685547">
        <ele>142.0</ele>
      </trkpt>
      <trkpt lat="25.007007122039795" lon="121.69422618113458">
        <ele>142.0</ele>
      </trkpt>
      <trkpt lat="25.007050037384033" lon="121.69446229934692">
        <ele>142.0</ele>
      </trkpt>
      <trkpt lat="25.007049953565" lon="121.6949128266424">
        <ele>142.0</ele>
      </trkpt>
      <trkpt lat="25.007028495892882" lon="121.69512740336359">
        <ele>142.0</ele>
      </trkpt>
      <trkpt lat="25.006985664367676" lon="121.69529914855957">
        <ele>142.0</ele>
      </trkpt>
      <trkpt lat="25.00681391917169" lon="121.69583550654352">
        <ele>142.0</ele>
      </trkpt>
      <trkpt lat="25.006814086809754" lon="121.69583550654352">
        <ele>142.0</ele>
      </trkpt>
      <trkpt lat="25.006771087646484" lon="121.69598579406738">
        <ele>141.0</ele>
      </trkpt>
      <trkpt lat="25.00659942626953" lon="121.69632903300226">
        <ele>141.0</ele>
      </trkpt>
      <trkpt lat="25.006556510925293" lon="121.69647932052612">
        <ele>141.0</ele>
      </trkpt>
      <trkpt lat="25.006534969434142" lon="121.69660806655884">
        <ele>141.0</ele>
      </trkpt>
      <trkpt lat="25.006534969434142" lon="121.696822559461">
        <ele>141.0</ele>
      </trkpt>
      <trkpt lat="25.006535053253174" lon="121.696822559461">
        <ele>142.0</ele>
      </trkpt>
      <trkpt lat="25.00659942626953" lon="121.6970157623291">
        <ele>142.0</ele>
      </trkpt>
      <trkpt lat="25.006599510088563" lon="121.6970157623291">
        <ele>142.0</ele>
      </trkpt>
      <trkpt lat="25.006728088483214" lon="121.69733754359186">
        <ele>142.0</ele>
      </trkpt>
      <trkpt lat="25.00681391917169" lon="121.69750928878784">
        <ele>143.0</ele>
      </trkpt>
      <trkpt lat="25.006921207532287" lon="121.69765940867364">
        <ele>143.0</ele>
      </trkpt>
      <trkpt lat="25.00692129135132" lon="121.69765940867364">
        <ele>144.0</ele>
      </trkpt>
      <trkpt lat="25.007264614105225" lon="121.69811010360718">
        <ele>145.0</ele>
      </trkpt>
      <trkpt lat="25.00737190246582" lon="121.69823884963989">
        <ele>147.0</ele>
      </trkpt>
      <trkpt lat="25.007500648498535" lon="121.69830322265625">
        <ele>148.0</ele>
      </trkpt>
      <trkpt lat="25.007951259613037" lon="121.69853925704956">
        <ele>149.0</ele>
      </trkpt>
      <trkpt lat="25.009002685546875" lon="121.69898978434503">
        <ele>150.0</ele>
      </trkpt>
      <trkpt lat="25.009689247235656" lon="121.69924736022949">
        <ele>151.0</ele>
      </trkpt>
      <trkpt lat="25.00988245010376" lon="121.69933319091797">
        <ele>153.0</ele>
      </trkpt>
      <trkpt lat="25.010268604382873" lon="121.69950476847589">
        <ele>154.0</ele>
      </trkpt>
      <trkpt lat="25.01035443507135" lon="121.69956914149225">
        <ele>155.0</ele>
      </trkpt>
      <trkpt lat="25.010504722595215" lon="121.69971942901611">
        <ele>157.0</ele>
      </trkpt>
      <trkpt lat="25.01059055328369" lon="121.69982671737671">
        <ele>158.0</ele>
      </trkpt>
      <trkpt lat="25.01080504618585" lon="121.70034170150757">
        <ele>160.0</ele>
      </trkpt>
      <trkpt lat="25.010890876874328" lon="121.70049182139337">
        <ele>162.0</ele>
      </trkpt>
      <trkpt lat="25.010976707562804" lon="121.70059910975397">
        <ele>163.0</ele>
      </trkpt>
      <trkpt lat="25.01106253825128" lon="121.70066356658936">
        <ele>165.0</ele>
      </trkpt>
      <trkpt lat="25.01114845275879" lon="121.70070639811456">
        <ele>167.0</ele>
      </trkpt>
      <trkpt lat="25.01129857264459" lon="121.70070639811456">
        <ele>169.0</ele>
      </trkpt>
      <trkpt lat="25.011427402496338" lon="121.70066356658936">
        <ele>172.0</ele>
      </trkpt>
      <trkpt lat="25.011534690856934" lon="121.70055627822876">
        <ele>175.0</ele>
      </trkpt>
      <trkpt lat="25.01157752238214" lon="121.70042753219604">
        <ele>177.0</ele>
      </trkpt>
      <trkpt lat="25.01157752238214" lon="121.70025587081909">
        <ele>179.0</ele>
      </trkpt>
      <trkpt lat="25.011534690856934" lon="121.7000841256231">
        <ele>181.0</ele>
      </trkpt>
      <trkpt lat="25.011448860168457" lon="121.69978371821344">
        <ele>182.0</ele>
      </trkpt>
      <trkpt lat="25.011448860168457" lon="121.69969788752496">
        <ele>184.0</ele>
      </trkpt>
      <trkpt lat="25.011491691693664" lon="121.69952630996704">
        <ele>186.0</ele>
      </trkpt>
      <trkpt lat="25.01157752238214" lon="121.69944047927856">
        <ele>187.0</ele>
      </trkpt>
      <trkpt lat="25.01286506652832" lon="121.6989254951477">
        <ele>190.0</ele>
      </trkpt>
      <trkpt lat="25.012972354888916" lon="121.69888249598444">
        <ele>191.0</ele>
      </trkpt>
      <trkpt lat="25.01318701542914" lon="121.69886103831232">
        <ele>192.0</ele>
      </trkpt>
      <trkpt lat="25.013358676806092" lon="121.69888249598444">
        <ele>194.0</ele>
      </trkpt>
      <trkpt lat="25.013916408643126" lon="121.69896832667291">
        <ele>195.0</ele>
      </trkpt>
      <trkpt lat="25.01434556208551" lon="121.69898978434503">
        <ele>196.0</ele>
      </trkpt>
      <trkpt lat="25.015439987182617" lon="121.69890403747559">
        <ele>197.0</ele>
      </trkpt>
      <trkpt lat="25.01606217585504" lon="121.6989254951477">
        <ele>198.0</ele>
      </trkpt>
      <trkpt lat="25.016298377886415" lon="121.69888249598444">
        <ele>199.0</ele>
      </trkpt>
      <trkpt lat="25.016684532165527" lon="121.69879666529596">
        <ele>200.0</ele>
      </trkpt>
      <trkpt lat="25.017070770263672" lon="121.69868937693536">
        <ele>201.0</ele>
      </trkpt>
      <trkpt lat="25.017693042755127" lon="121.69853925704956">
        <ele>203.0</ele>
      </trkpt>
      <trkpt lat="25.01810073852539" lon="121.69849634170532">
        <ele>204.0</ele>
      </trkpt>
      <trkpt lat="25.018229484558105" lon="121.69841051101685">
        <ele>205.0</ele>
      </trkpt>
      <trkpt lat="25.018315315246582" lon="121.69826022349298">
        <ele>207.0</ele>
      </trkpt>
      <trkpt lat="25.018315399065614" lon="121.69826022349298">
        <ele>208.0</ele>
      </trkpt>
      <trkpt lat="25.018551349639893" lon="121.69765940867364">
        <ele>209.0</ele>
      </trkpt>
      <trkpt lat="25.01863718032837" lon="121.69748783111572">
        <ele>210.0</ele>
      </trkpt>
      <trkpt lat="25.0186372641474" lon="121.69748783111572">
        <ele>211.0</ele>
      </trkpt>
      <trkpt lat="25.01878730021417" lon="121.69731616973877">
        <ele>212.0</ele>
      </trkpt>
      <trkpt lat="25.019216537475586" lon="121.69686547480524">
        <ele>213.0</ele>
      </trkpt>
      <trkpt lat="25.019409572705626" lon="121.69669389724731">
        <ele>214.0</ele>
      </trkpt>
      <trkpt lat="25.01981726847589" lon="121.69652215205133">
        <ele>216.0</ele>
      </trkpt>
      <trkpt lat="25.020997440442443" lon="121.69607162475586">
        <ele>217.0</ele>
      </trkpt>
      <trkpt lat="25.02114772796631" lon="121.6960072517395">
        <ele>219.0</ele>
      </trkpt>
      <trkpt lat="25.021469593048096" lon="121.69579267501831">
        <ele>220.0</ele>
      </trkpt>
      <trkpt lat="25.021770084276795" lon="121.69553509913385">
        <ele>221.0</ele>
      </trkpt>
      <trkpt lat="25.02187728881836" lon="121.69544926844537">
        <ele>222.0</ele>
      </trkpt>
      <trkpt lat="25.021941578015685" lon="121.69540635310113">
        <ele>223.0</ele>
      </trkpt>
      <trkpt lat="25.02202740870416" lon="121.69538497924805">
        <ele>224.0</ele>
      </trkpt>
      <trkpt lat="25.02209186553955" lon="121.69538497924805">
        <ele>225.0</ele>
      </trkpt>
      <trkpt lat="25.02217778004706" lon="121.69540635310113">
        <ele>226.0</ele>
      </trkpt>
      <trkpt lat="25.022241985425353" lon="121.69547080993652">
        <ele>227.0</ele>
      </trkpt>
      <trkpt lat="25.022284984588623" lon="121.69555655680597">
        <ele>228.0</ele>
      </trkpt>
      <trkpt lat="25.02230635844171" lon="121.69564238749444">
        <ele>229.0</ele>
      </trkpt>
      <trkpt lat="25.022284984588623" lon="121.69574967585504">
        <ele>230.0</ele>
      </trkpt>
      <trkpt lat="25.022263526916504" lon="121.6958140488714">
        <ele>231.0</ele>
      </trkpt>
      <trkpt lat="25.022199070081115" lon="121.6958999633789">
        <ele>231.0</ele>
      </trkpt>
      <trkpt lat="25.022134697064757" lon="121.695921337232">
        <ele>232.0</ele>
      </trkpt>
      <trkpt lat="25.02183437347412" lon="121.69598579406738">
        <ele>232.0</ele>
      </trkpt>
      <trkpt lat="25.021490966901183" lon="121.69609308242798">
        <ele>232.0</ele>
      </trkpt>
      <trkpt lat="25.02131930552423" lon="121.6961573716253">
        <ele>232.0</ele>
      </trkpt>
      <trkpt lat="25.020396625623107" lon="121.69658660888672">
        <ele>232.0</ele>
      </trkpt>
      <trkpt lat="25.020160675048828" lon="121.69673672877252">
        <ele>233.0</ele>
      </trkpt>
      <trkpt lat="25.019967555999756" lon="121.6969298478216">
        <ele>233.0</ele>
      </trkpt>
      <trkpt lat="25.01981726847589" lon="121.69710159301758">
        <ele>233.0</ele>
      </trkpt>
      <trkpt lat="25.019731521606445" lon="121.69729471206665">
        <ele>233.0</ele>
      </trkpt>
      <trkpt lat="25.019495403394103" lon="121.69776669703424">
        <ele>234.0</ele>
      </trkpt>
      <trkpt lat="25.01915216445923" lon="121.69849634170532">
        <ele>235.0</ele>
      </trkpt>
      <trkpt lat="25.018958961591125" lon="121.69886103831232">
        <ele>234.0</ele>
      </trkpt>
      <trkpt lat="25.018765842542052" lon="121.6991400718689">
        <ele>234.0</ele>
      </trkpt>
      <trkpt lat="25.018680011853576" lon="121.69922590255737">
        <ele>234.0</ele>
      </trkpt>
      <trkpt lat="25.01857272349298" lon="121.69931173324585">
        <ele>235.0</ele>
      </trkpt>
      <trkpt lat="25.01844414509833" lon="121.69935456477106">
        <ele>235.0</ele>
      </trkpt>
      <trkpt lat="25.018444061279297" lon="121.69935456477106">
        <ele>236.0</ele>
      </trkpt>
      <trkpt lat="25.018272399902344" lon="121.6993974801153">
        <ele>236.0</ele>
      </trkpt>
      <trkpt lat="25.018014907836914" lon="121.69946185313165">
        <ele>237.0</ele>
      </trkpt>
      <trkpt lat="25.017821788787842" lon="121.69954776763916">
        <ele>238.0</ele>
      </trkpt>
      <trkpt lat="25.017757331952453" lon="121.69961214065552">
        <ele>239.0</ele>
      </trkpt>
      <trkpt lat="25.017714500427246" lon="121.69965505599976">
        <ele>240.0</ele>
      </trkpt>
      <trkpt lat="25.017693042755127" lon="121.69982671737671">
        <ele>242.0</ele>
      </trkpt>
      <trkpt lat="25.017714584246278" lon="121.7002987023443">
        <ele>244.0</ele>
      </trkpt>
      <trkpt lat="25.017757331952453" lon="121.70074939727783">
        <ele>246.0</ele>
      </trkpt>
      <trkpt lat="25.017735958099365" lon="121.7010926362127">
        <ele>248.0</ele>
      </trkpt>
      <trkpt lat="25.017778873443604" lon="121.70139304362237">
        <ele>250.0</ele>
      </trkpt>
      <trkpt lat="25.017821788787842" lon="121.70165061950684">
        <ele>252.0</ele>
      </trkpt>
      <trkpt lat="25.01795061863959" lon="121.7020583152771">
        <ele>254.0</ele>
      </trkpt>
      <trkpt lat="25.017971908673644" lon="121.7022084351629">
        <ele>256.0</ele>
      </trkpt>
      <trkpt lat="25.017971908673644" lon="121.70233718119562">
        <ele>258.0</ele>
      </trkpt>
      <trkpt lat="25.017950451001525" lon="121.7024230118841">
        <ele>261.0</ele>
      </trkpt>
      <trkpt lat="25.017886077985168" lon="121.70253030024469">
        <ele>263.0</ele>
      </trkpt>
      <trkpt lat="25.017435550689697" lon="121.70304528437555">
        <ele>265.0</ele>
      </trkpt>
      <trkpt lat="25.01709222793579" lon="121.70375338755548">
        <ele>268.0</ele>
      </trkpt>
      <trkpt lat="25.017006481066346" lon="121.70394650660455">
        <ele>270.0</ele>
      </trkpt>
      <trkpt lat="25.016727447509766" lon="121.70454732142389">
        <ele>273.0</ele>
      </trkpt>
      <trkpt lat="25.016663074493408" lon="121.70476189814508">
        <ele>275.0</ele>
      </trkpt>
      <trkpt lat="25.016662990674376" lon="121.70486918650568">
        <ele>277.0</ele>
      </trkpt>
      <trkpt lat="25.016662990674376" lon="121.7049765586853">
        <ele>279.0</ele>
      </trkpt>
      <trkpt lat="25.016705989837646" lon="121.70504084788263">
        <ele>282.0</ele>
      </trkpt>
      <trkpt lat="25.016748821362853" lon="121.7050838470459">
        <ele>284.0</ele>
      </trkpt>
      <trkpt lat="25.01683465205133" lon="121.7051266785711">
        <ele>286.0</ele>
      </trkpt>
      <trkpt lat="25.016984939575195" lon="121.70514813624322">
        <ele>288.0</ele>
      </trkpt>
      <trkpt lat="25.01711368560791" lon="121.70510530471802">
        <ele>290.0</ele>
      </trkpt>
      <trkpt lat="25.017156517133117" lon="121.70506230555475">
        <ele>292.0</ele>
      </trkpt>
      <trkpt lat="25.017220973968506" lon="121.70499801635742">
        <ele>293.0</ele>
      </trkpt>
      <trkpt lat="25.01739263534546" lon="121.70463315211236">
        <ele>294.0</ele>
      </trkpt>
      <trkpt lat="25.017456924542785" lon="121.70456886291504">
        <ele>296.0</ele>
      </trkpt>
      <trkpt lat="25.01754275523126" lon="121.70448303222656">
        <ele>297.0</ele>
      </trkpt>
      <trkpt lat="25.017693042755127" lon="121.70444003306329">
        <ele>298.0</ele>
      </trkpt>
      <trkpt lat="25.017950451001525" lon="121.70444003306329">
        <ele>299.0</ele>
      </trkpt>
      <trkpt lat="25.01814365386963" lon="121.70446149073541">
        <ele>299.0</ele>
      </trkpt>
      <trkpt lat="25.018229484558105" lon="121.70450448989868">
        <ele>300.0</ele>
      </trkpt>
      <trkpt lat="25.01829377375543" lon="121.70454732142389">
        <ele>300.0</ele>
      </trkpt>
      <trkpt lat="25.0183367729187" lon="121.70461177825928">
        <ele>300.0</ele>
      </trkpt>
      <trkpt lat="25.018379604443908" lon="121.70467615127563">
        <ele>300.0</ele>
      </trkpt>
      <trkpt lat="25.01840114593506" lon="121.70478343963623">
        <ele>300.0</ele>
      </trkpt>
      <trkpt lat="25.01840114593506" lon="121.70501947402954">
        <ele>300.0</ele>
      </trkpt>
      <trkpt lat="25.0183367729187" lon="121.70574895106256">
        <ele>299.0</ele>
      </trkpt>
      <trkpt lat="25.01835814677179" lon="121.70596352778375">
        <ele>298.0</ele>
      </trkpt>
      <trkpt lat="25.01844414509833" lon="121.70632839202881">
        <ele>297.0</ele>
      </trkpt>
      <trkpt lat="25.018508434295654" lon="121.70680046081543">
        <ele>297.0</ele>
      </trkpt>
      <trkpt lat="25.0186372641474" lon="121.7077015992254">
        <ele>295.0</ele>
      </trkpt>
      <trkpt lat="25.018701469525695" lon="121.70806637965143">
        <ele>294.0</ele>
      </trkpt>
      <trkpt lat="25.018744468688965" lon="121.70825958251953">
        <ele>293.0</ele>
      </trkpt>
      <trkpt lat="25.0188946723938" lon="121.70864582061768">
        <ele>291.0</ele>
      </trkpt>
      <trkpt lat="25.019066417589784" lon="121.70918217860162">
        <ele>290.0</ele>
      </trkpt>
      <trkpt lat="25.01906624995172" lon="121.70918217860162">
        <ele>289.0</ele>
      </trkpt>
      <trkpt lat="25.019195079803467" lon="121.70954704284668">
        <ele>287.0</ele>
      </trkpt>
      <trkpt lat="25.01936682499945" lon="121.71001902781427">
        <ele>285.0</ele>
      </trkpt>
      <trkpt lat="25.019559944048524" lon="121.710684299469">
        <ele>284.0</ele>
      </trkpt>
      <trkpt lat="25.019688522443175" lon="121.71130648814142">
        <ele>282.0</ele>
      </trkpt>
      <trkpt lat="25.019752979278564" lon="121.71154252253473">
        <ele>281.0</ele>
      </trkpt>
      <trkpt lat="25.019924640655518" lon="121.71207904815674">
        <ele>279.0</ele>
      </trkpt>
      <trkpt lat="25.020160675048828" lon="121.7126368638128">
        <ele>278.0</ele>
      </trkpt>
      <trkpt lat="25.02067574299872" lon="121.71366683207452">
        <ele>275.0</ele>
      </trkpt>
      <trkpt lat="25.020718490704894" lon="121.71381711959839">
        <ele>274.0</ele>
      </trkpt>
      <trkpt lat="25.020718490704894" lon="121.71396723948419">
        <ele>273.0</ele>
      </trkpt>
      <trkpt lat="25.020697033032775" lon="121.71446076594293">
        <ele>272.0</ele>
      </trkpt>
      <trkpt lat="25.02067574299872" lon="121.7147611733526">
        <ele>271.0</ele>
      </trkpt>
      <trkpt lat="25.02067574299872" lon="121.71497575007379">
        <ele>270.0</ele>
      </trkpt>
      <trkpt lat="25.0206542853266" lon="121.71538344584405">
        <ele>268.0</ele>
      </trkpt>
      <trkpt lat="25.02065420150757" lon="121.7156623955816">
        <ele>267.0</ele>
      </trkpt>
      <trkpt lat="25.020675659179688" lon="121.7157696839422">
        <ele>266.0</ele>
      </trkpt>
      <trkpt lat="25.020718490704894" lon="121.71583414077759">
        <ele>266.0</ele>
      </trkpt>
      <trkpt lat="25.020933151245117" lon="121.71602725982666">
        <ele>265.0</ele>
      </trkpt>
      <trkpt lat="25.02119072712958" lon="121.71622037887573">
        <ele>264.0</ele>
      </trkpt>
      <trkpt lat="25.021684169769287" lon="121.71669236384332">
        <ele>264.0</ele>
      </trkpt>
      <trkpt lat="25.022027492523193" lon="121.71692848205566">
        <ele>263.0</ele>
      </trkpt>
      <trkpt lat="25.022199237719178" lon="121.71707860194147">
        <ele>263.0</ele>
      </trkpt>
      <trkpt lat="25.022435104474425" lon="121.71733617782593">
        <ele>262.0</ele>
      </trkpt>
      <trkpt lat="25.022520935162902" lon="121.71748629771173">
        <ele>262.0</ele>
      </trkpt>
      <trkpt lat="25.022671222686768" lon="121.71780816279352">
        <ele>261.0</ele>
      </trkpt>
      <trkpt lat="25.022735595703125" lon="121.71795845031738">
        <ele>261.0</ele>
      </trkpt>
      <trkpt lat="25.022735511884093" lon="121.71804428100586">
        <ele>260.0</ele>
      </trkpt>
      <trkpt lat="25.022714054211974" lon="121.7181300278753">
        <ele>260.0</ele>
      </trkpt>
      <trkpt lat="25.022671222686768" lon="121.71819440089166">
        <ele>259.0</ele>
      </trkpt>
      <trkpt lat="25.022520935162902" lon="121.71840897761285">
        <ele>258.0</ele>
      </trkpt>
      <trkpt lat="25.02232781611383" lon="121.71860209666193">
        <ele>258.0</ele>
      </trkpt>
      <trkpt lat="25.022263526916504" lon="121.71873084269464">
        <ele>257.0</ele>
      </trkpt>
      <trkpt lat="25.022263526916504" lon="121.718795215711">
        <ele>256.0</ele>
      </trkpt>
      <trkpt lat="25.022284984588623" lon="121.71894541941583">
        <ele>256.0</ele>
      </trkpt>
      <trkpt lat="25.022413646802306" lon="121.71920291148126">
        <ele>255.0</ele>
      </trkpt>
      <trkpt lat="25.022521018981934" lon="121.71952477656305">
        <ele>255.0</ele>
      </trkpt>
      <trkpt lat="25.022714054211974" lon="121.72023287974298">
        <ele>254.0</ele>
      </trkpt>
      <trkpt lat="25.022778511047363" lon="121.72044745646417">
        <ele>254.0</ele>
      </trkpt>
      <trkpt lat="25.02288588322699" lon="121.72068357467651">
        <ele>253.0</ele>
      </trkpt>
      <trkpt lat="25.022950088605285" lon="121.72072640620172">
        <ele>253.0</ele>
      </trkpt>
      <trkpt lat="25.02307891845703" lon="121.72076932154596">
        <ele>253.0</ele>
      </trkpt>
      <trkpt lat="25.02340078353882" lon="121.72074786387384">
        <ele>252.0</ele>
      </trkpt>
      <trkpt lat="25.02359390258789" lon="121.72076932154596">
        <ele>252.0</ele>
      </trkpt>
      <trkpt lat="25.023722564801574" lon="121.72081232070923">
        <ele>252.0</ele>
      </trkpt>
      <trkpt lat="25.023765563964844" lon="121.7208981513977">
        <ele>251.0</ele>
      </trkpt>
      <trkpt lat="25.023808479309082" lon="121.72102681361139">
        <ele>251.0</ele>
      </trkpt>
      <trkpt lat="25.023808563128114" lon="121.72109127044678">
        <ele>250.0</ele>
      </trkpt>
      <trkpt lat="25.023744022473693" lon="121.72117710113525">
        <ele>250.0</ele>
      </trkpt>
      <trkpt lat="25.023701190948486" lon="121.72122001647949">
        <ele>249.0</ele>
      </trkpt>
      <trkpt lat="25.0235294457525" lon="121.72130584716797">
        <ele>248.0</ele>
      </trkpt>
      <trkpt lat="25.023293495178223" lon="121.72160625457764">
        <ele>247.0</ele>
      </trkpt>
      <trkpt lat="25.023207748308778" lon="121.72167054377496">
        <ele>247.0</ele>
      </trkpt>
      <trkpt lat="25.022993087768555" lon="121.72171354293823">
        <ele>246.0</ele>
      </trkpt>
      <trkpt lat="25.022907173261046" lon="121.72173491679132">
        <ele>245.0</ele>
      </trkpt>
      <trkpt lat="25.022778511047363" lon="121.72184220515192">
        <ele>244.0</ele>
      </trkpt>
      <trkpt lat="25.022757053375244" lon="121.7219066619873">
        <ele>243.0</ele>
      </trkpt>
      <trkpt lat="25.022735511884093" lon="121.72197095118463">
        <ele>243.0</ele>
      </trkpt>
      <trkpt lat="25.022735511884093" lon="121.72203532420099">
        <ele>242.0</ele>
      </trkpt>
      <trkpt lat="25.022778511047363" lon="121.7221212387085">
        <ele>241.0</ele>
      </trkpt>
      <trkpt lat="25.022928630933166" lon="121.72233581542969">
        <ele>241.0</ele>
      </trkpt>
      <trkpt lat="25.022993087768555" lon="121.72240018844604">
        <ele>240.0</ele>
      </trkpt>
      <trkpt lat="25.023229038342834" lon="121.72257176600397">
        <ele>240.0</ele>
      </trkpt>
      <trkpt lat="25.023293495178223" lon="121.72263622283936">
        <ele>240.0</ele>
      </trkpt>
      <trkpt lat="25.02331486903131" lon="121.72276488505304">
        <ele>239.0</ele>
      </trkpt>
      <trkpt lat="25.023293495178223" lon="121.72280788421631">
        <ele>239.0</ele>
      </trkpt>
      <trkpt lat="25.023272037506104" lon="121.72287217341363">
        <ele>238.0</ele>
      </trkpt>
      <trkpt lat="25.023229038342834" lon="121.7229151725769">
        <ele>238.0</ele>
      </trkpt>
      <trkpt lat="25.02282134257257" lon="121.7231725808233">
        <ele>237.0</ele>
      </trkpt>
      <trkpt lat="25.022735511884093" lon="121.7232798691839">
        <ele>237.0</ele>
      </trkpt>
      <trkpt lat="25.02234927378595" lon="121.72345161437988">
        <ele>237.0</ele>
      </trkpt>
      <trkpt lat="25.022005951032043" lon="121.72358027659357">
        <ele>238.0</ele>
      </trkpt>
      <trkpt lat="25.022070491686463" lon="121.72398797236383">
        <ele>238.0</ele>
      </trkpt>
      <trkpt lat="25.02209186553955" lon="121.72424554824829">
        <ele>238.0</ele>
      </trkpt>
      <trkpt lat="25.022070491686463" lon="121.7243956681341">
        <ele>237.0</ele>
      </trkpt>
      <trkpt lat="25.021984577178955" lon="121.72486782073975">
        <ele>237.0</ele>
      </trkpt>
      <trkpt lat="25.021963203325868" lon="121.7250823136419">
        <ele>237.0</ele>
      </trkpt>
      <trkpt lat="25.021963119506836" lon="121.7250823136419">
        <ele>237.0</ele>
      </trkpt>
      <trkpt lat="25.021984577178955" lon="121.72538272105157">
        <ele>237.0</ele>
      </trkpt>
      <trkpt lat="25.022134697064757" lon="121.72606945037842">
        <ele>236.0</ele>
      </trkpt>
      <trkpt lat="25.022134697064757" lon="121.72628402709961">
        <ele>236.0</ele>
      </trkpt>
      <trkpt lat="25.022113239392638" lon="121.72649852000177">
        <ele>236.0</ele>
      </trkpt>
      <trkpt lat="25.021898662671447" lon="121.7271637916565">
        <ele>236.0</ele>
      </trkpt>
      <trkpt lat="25.02187728881836" lon="121.7273139115423">
        <ele>236.0</ele>
      </trkpt>
      <trkpt lat="25.02187728881836" lon="121.72737836837769">
        <ele>236.0</ele>
      </trkpt>
      <trkpt lat="25.021898662671447" lon="121.72744265757501">
        <ele>235.0</ele>
      </trkpt>
      <trkpt lat="25.021963119506836" lon="121.72748565673828">
        <ele>235.0</ele>
      </trkpt>
      <trkpt lat="25.022220527753234" lon="121.72761431895196">
        <ele>234.0</ele>
      </trkpt>
      <trkpt lat="25.02234927378595" lon="121.72770023345947">
        <ele>233.0</ele>
      </trkpt>
      <trkpt lat="25.02269276417792" lon="121.72815076075494">
        <ele>233.0</ele>
      </trkpt>
      <trkpt lat="25.022993171587586" lon="121.728515625">
        <ele>233.0</ele>
      </trkpt>
      <trkpt lat="25.02307891845703" lon="121.7286657448858">
        <ele>232.0</ele>
      </trkpt>
      <trkpt lat="25.023079002276063" lon="121.72911643981934">
        <ele>232.0</ele>
      </trkpt>
      <trkpt lat="25.02307891845703" lon="121.72911643981934">
        <ele>232.0</ele>
      </trkpt>
      <trkpt lat="25.02310037612915" lon="121.72926655970514">
        <ele>231.0</ele>
      </trkpt>
      <trkpt lat="25.02307891845703" lon="121.7293309327215">
        <ele>230.0</ele>
      </trkpt>
      <trkpt lat="25.02303591929376" lon="121.72939538955688">
        <ele>230.0</ele>
      </trkpt>
      <trkpt lat="25.022993087768555" lon="121.72943822108209">
        <ele>229.0</ele>
      </trkpt>
      <trkpt lat="25.02258539199829" lon="121.72960996627808">
        <ele>229.0</ele>
      </trkpt>
      <trkpt lat="25.022499561309814" lon="121.72965279780328">
        <ele>228.0</ele>
      </trkpt>
      <trkpt lat="25.022435104474425" lon="121.72969579696655">
        <ele>227.0</ele>
      </trkpt>
      <trkpt lat="25.022413646802306" lon="121.72976008616388">
        <ele>226.0</ele>
      </trkpt>
      <trkpt lat="25.0223708152771" lon="121.73025361262262">
        <ele>225.0</ele>
      </trkpt>
      <trkpt lat="25.02239227294922" lon="121.73055402003229">
        <ele>224.0</ele>
      </trkpt>
      <trkpt lat="25.022478103637695" lon="121.73085442744195">
        <ele>224.0</ele>
      </trkpt>
      <trkpt lat="25.022799968719482" lon="121.7316912766546">
        <ele>223.0</ele>
      </trkpt>
      <trkpt lat="25.022993087768555" lon="121.73197022639215">
        <ele>222.0</ele>
      </trkpt>
      <trkpt lat="25.02310037612915" lon="121.73212051391602">
        <ele>221.0</ele>
      </trkpt>
      <trkpt lat="25.02314329147339" lon="121.73235654830933">
        <ele>220.0</ele>
      </trkpt>
      <trkpt lat="25.023143207654357" lon="121.73235654830933">
        <ele>219.0</ele>
      </trkpt>
      <trkpt lat="25.023207748308778" lon="121.73304319381714">
        <ele>219.0</ele>
      </trkpt>
      <trkpt lat="25.023250579833984" lon="121.7336010094732">
        <ele>218.0</ele>
      </trkpt>
      <trkpt lat="25.023293495178223" lon="121.73390141688287">
        <ele>217.0</ele>
      </trkpt>
      <trkpt lat="25.02333641052246" lon="121.73405170440674">
        <ele>216.0</ele>
      </trkpt>
      <trkpt lat="25.023486614227295" lon="121.73430911265314">
        <ele>215.0</ele>
      </trkpt>
      <trkpt lat="25.023658191785216" lon="121.7345666885376">
        <ele>215.0</ele>
      </trkpt>
      <trkpt lat="25.023722564801574" lon="121.7346739768982">
        <ele>214.0</ele>
      </trkpt>
      <trkpt lat="25.023722564801574" lon="121.73475980758667">
        <ele>213.0</ele>
      </trkpt>
      <trkpt lat="25.023787021636963" lon="121.73540345393121">
        <ele>212.0</ele>
      </trkpt>
      <trkpt lat="25.0238299369812" lon="121.73555374145508">
        <ele>212.0</ele>
      </trkpt>
      <trkpt lat="25.02389430999756" lon="121.735725319013">
        <ele>211.0</ele>
      </trkpt>
      <trkpt lat="25.024130260571837" lon="121.73621884547174">
        <ele>211.0</ele>
      </trkpt>
      <trkpt lat="25.024194717407227" lon="121.73639059066772">
        <ele>210.0</ele>
      </trkpt>
      <trkpt lat="25.024302005767822" lon="121.73720598220825">
        <ele>210.0</ele>
      </trkpt>
      <trkpt lat="25.024366294965148" lon="121.73742055892944">
        <ele>210.0</ele>
      </trkpt>
      <trkpt lat="25.024430667981505" lon="121.7375922203064">
        <ele>209.0</ele>
      </trkpt>
      <trkpt lat="25.02455941401422" lon="121.73795691691339">
        <ele>209.0</ele>
      </trkpt>
      <trkpt lat="25.02460241317749" lon="121.73812866210938">
        <ele>209.0</ele>
      </trkpt>
      <trkpt lat="25.02458095550537" lon="121.73830032348633">
        <ele>208.0</ele>
      </trkpt>
      <trkpt lat="25.024473667144775" lon="121.73866502009332">
        <ele>208.0</ele>
      </trkpt>
      <trkpt lat="25.024366294965148" lon="121.73900842666626">
        <ele>208.0</ele>
      </trkpt>
      <trkpt lat="25.024366294965148" lon="121.73915854655206">
        <ele>208.0</ele>
      </trkpt>
      <trkpt lat="25.02440937794745" lon="121.73935166560113">
        <ele>208.0</ele>
      </trkpt>
      <trkpt lat="25.02443728968501" lon="121.73940086737275">
        <ele>208.0</ele>
      </trkpt>
      <trkpt lat="25.024437373504043" lon="121.73940095119178">
        <ele>208.0</ele>
      </trkpt>
      <trkpt lat="25.02440937794745" lon="121.73935166560113">
        <ele>208.0</ele>
      </trkpt>
      <trkpt lat="25.024366294965148" lon="121.73915854655206">
        <ele>208.0</ele>
      </trkpt>
      <trkpt lat="25.024366294965148" lon="121.73900842666626">
        <ele>208.0</ele>
      </trkpt>
      <trkpt lat="25.024473667144775" lon="121.73866502009332">
        <ele>208.0</ele>
      </trkpt>
      <trkpt lat="25.02458095550537" lon="121.73830032348633">
        <ele>208.0</ele>
      </trkpt>
      <trkpt lat="25.02460241317749" lon="121.73812866210938">
        <ele>209.0</ele>
      </trkpt>
      <trkpt lat="25.02455941401422" lon="121.73795691691339">
        <ele>209.0</ele>
      </trkpt>
      <trkpt lat="25.024430667981505" lon="121.7375922203064">
        <ele>209.0</ele>
      </trkpt>
      <trkpt lat="25.024366294965148" lon="121.73742055892944">
        <ele>210.0</ele>
      </trkpt>
      <trkpt lat="25.024302005767822" lon="121.73720598220825">
        <ele>210.0</ele>
      </trkpt>
      <trkpt lat="25.024194717407227" lon="121.73639059066772">
        <ele>210.0</ele>
      </trkpt>
      <trkpt lat="25.024130260571837" lon="121.73621884547174">
        <ele>211.0</ele>
      </trkpt>
      <trkpt lat="25.02389430999756" lon="121.735725319013">
        <ele>211.0</ele>
      </trkpt>
      <trkpt lat="25.0238299369812" lon="121.73555374145508">
        <ele>212.0</ele>
      </trkpt>
      <trkpt lat="25.023787021636963" lon="121.73540345393121">
        <ele>212.0</ele>
      </trkpt>
      <trkpt lat="25.023722564801574" lon="121.73475980758667">
        <ele>213.0</ele>
      </trkpt>
      <trkpt lat="25.023722564801574" lon="121.7346739768982">
        <ele>214.0</ele>
      </trkpt>
      <trkpt lat="25.023658191785216" lon="121.7345666885376">
        <ele>215.0</ele>
      </trkpt>
      <trkpt lat="25.023486614227295" lon="121.73430911265314">
        <ele>215.0</ele>
      </trkpt>
      <trkpt lat="25.02333641052246" lon="121.73405170440674">
        <ele>216.0</ele>
      </trkpt>
      <trkpt lat="25.023293495178223" lon="121.73390141688287">
        <ele>217.0</ele>
      </trkpt>
      <trkpt lat="25.023250579833984" lon="121.7336010094732">
        <ele>218.0</ele>
      </trkpt>
      <trkpt lat="25.023207748308778" lon="121.73304319381714">
        <ele>219.0</ele>
      </trkpt>
      <trkpt lat="25.023143207654357" lon="121.73235654830933">
        <ele>219.0</ele>
      </trkpt>
      <trkpt lat="25.02314329147339" lon="121.73235654830933">
        <ele>220.0</ele>
      </trkpt>
      <trkpt lat="25.02310037612915" lon="121.73212051391602">
        <ele>221.0</ele>
      </trkpt>
      <trkpt lat="25.022993087768555" lon="121.73197022639215">
        <ele>222.0</ele>
      </trkpt>
      <trkpt lat="25.022799968719482" lon="121.7316912766546">
        <ele>223.0</ele>
      </trkpt>
      <trkpt lat="25.022478103637695" lon="121.73085442744195">
        <ele>224.0</ele>
      </trkpt>
      <trkpt lat="25.02239227294922" lon="121.73055402003229">
        <ele>224.0</ele>
      </trkpt>
      <trkpt lat="25.0223708152771" lon="121.73025361262262">
        <ele>225.0</ele>
      </trkpt>
      <trkpt lat="25.022413646802306" lon="121.72976008616388">
        <ele>226.0</ele>
      </trkpt>
      <trkpt lat="25.022435104474425" lon="121.72969579696655">
        <ele>227.0</ele>
      </trkpt>
      <trkpt lat="25.022499561309814" lon="121.72965279780328">
        <ele>228.0</ele>
      </trkpt>
      <trkpt lat="25.02258539199829" lon="121.72960996627808">
        <ele>229.0</ele>
      </trkpt>
      <trkpt lat="25.022993087768555" lon="121.72943822108209">
        <ele>229.0</ele>
      </trkpt>
      <trkpt lat="25.02303591929376" lon="121.72939538955688">
        <ele>230.0</ele>
      </trkpt>
      <trkpt lat="25.02307891845703" lon="121.7293309327215">
        <ele>230.0</ele>
      </trkpt>
      <trkpt lat="25.02310037612915" lon="121.72926655970514">
        <ele>231.0</ele>
      </trkpt>
      <trkpt lat="25.02307891845703" lon="121.72911643981934">
        <ele>232.0</ele>
      </trkpt>
      <trkpt lat="25.023079002276063" lon="121.72911643981934">
        <ele>232.0</ele>
      </trkpt>
      <trkpt lat="25.02307891845703" lon="121.7286657448858">
        <ele>232.0</ele>
      </trkpt>
      <trkpt lat="25.022993171587586" lon="121.728515625">
        <ele>233.0</ele>
      </trkpt>
      <trkpt lat="25.02269276417792" lon="121.72815076075494">
        <ele>233.0</ele>
      </trkpt>
      <trkpt lat="25.02234927378595" lon="121.72770023345947">
        <ele>233.0</ele>
      </trkpt>
      <trkpt lat="25.022220527753234" lon="121.72761431895196">
        <ele>234.0</ele>
      </trkpt>
      <trkpt lat="25.021963119506836" lon="121.72748565673828">
        <ele>235.0</ele>
      </trkpt>
      <trkpt lat="25.021898662671447" lon="121.72744265757501">
        <ele>235.0</ele>
      </trkpt>
      <trkpt lat="25.02187728881836" lon="121.72737836837769">
        <ele>236.0</ele>
      </trkpt>
      <trkpt lat="25.02187728881836" lon="121.7273139115423">
        <ele>236.0</ele>
      </trkpt>
      <trkpt lat="25.021898662671447" lon="121.7271637916565">
        <ele>236.0</ele>
      </trkpt>
      <trkpt lat="25.022113239392638" lon="121.72649852000177">
        <ele>236.0</ele>
      </trkpt>
      <trkpt lat="25.022134697064757" lon="121.72628402709961">
        <ele>236.0</ele>
      </trkpt>
      <trkpt lat="25.022134697064757" lon="121.72606945037842">
        <ele>236.0</ele>
      </trkpt>
      <trkpt lat="25.021984577178955" lon="121.72538272105157">
        <ele>237.0</ele>
      </trkpt>
      <trkpt lat="25.021963119506836" lon="121.7250823136419">
        <ele>237.0</ele>
      </trkpt>
      <trkpt lat="25.021963203325868" lon="121.7250823136419">
        <ele>237.0</ele>
      </trkpt>
      <trkpt lat="25.021984577178955" lon="121.72486782073975">
        <ele>237.0</ele>
      </trkpt>
      <trkpt lat="25.022070491686463" lon="121.7243956681341">
        <ele>237.0</ele>
      </trkpt>
      <trkpt lat="25.02209186553955" lon="121.72424554824829">
        <ele>238.0</ele>
      </trkpt>
      <trkpt lat="25.022070491686463" lon="121.72398797236383">
        <ele>238.0</ele>
      </trkpt>
      <trkpt lat="25.022005951032043" lon="121.72358027659357">
        <ele>238.0</ele>
      </trkpt>
      <trkpt lat="25.02234927378595" lon="121.72345161437988">
        <ele>237.0</ele>
      </trkpt>
      <trkpt lat="25.022735511884093" lon="121.7232798691839">
        <ele>237.0</ele>
      </trkpt>
      <trkpt lat="25.02284280024469" lon="121.72323703765869">
        <ele>237.0</ele>
      </trkpt>
      <trkpt lat="25.023250496014953" lon="121.72308675013483">
        <ele>238.0</ele>
      </trkpt>
      <trkpt lat="25.02331486903131" lon="121.72304391860962">
        <ele>238.0</ele>
      </trkpt>
      <trkpt lat="25.0233793258667" lon="121.72295800410211">
        <ele>239.0</ele>
      </trkpt>
      <trkpt lat="25.02340078353882" lon="121.72285071574152">
        <ele>239.0</ele>
      </trkpt>
      <trkpt lat="25.0233793258667" lon="121.72276488505304">
        <ele>239.0</ele>
      </trkpt>
      <trkpt lat="25.02335778437555" lon="121.72270059585571">
        <ele>239.0</ele>
      </trkpt>
      <trkpt lat="25.023293495178223" lon="121.72263622283936">
        <ele>240.0</ele>
      </trkpt>
      <trkpt lat="25.023229038342834" lon="121.72257176600397">
        <ele>240.0</ele>
      </trkpt>
      <trkpt lat="25.022993087768555" lon="121.72240018844604">
        <ele>240.0</ele>
      </trkpt>
      <trkpt lat="25.022928630933166" lon="121.72233581542969">
        <ele>241.0</ele>
      </trkpt>
      <trkpt lat="25.022778511047363" lon="121.7221212387085">
        <ele>241.0</ele>
      </trkpt>
      <trkpt lat="25.022735511884093" lon="121.72203532420099">
        <ele>242.0</ele>
      </trkpt>
      <trkpt lat="25.022735511884093" lon="121.72197095118463">
        <ele>243.0</ele>
      </trkpt>
      <trkpt lat="25.022757053375244" lon="121.7219066619873">
        <ele>243.0</ele>
      </trkpt>
      <trkpt lat="25.022778511047363" lon="121.72184220515192">
        <ele>244.0</ele>
      </trkpt>
      <trkpt lat="25.022907173261046" lon="121.72173491679132">
        <ele>245.0</ele>
      </trkpt>
      <trkpt lat="25.022993087768555" lon="121.72171354293823">
        <ele>246.0</ele>
      </trkpt>
      <trkpt lat="25.023207748308778" lon="121.72167054377496">
        <ele>247.0</ele>
      </trkpt>
      <trkpt lat="25.023293495178223" lon="121.72160625457764">
        <ele>247.0</ele>
      </trkpt>
      <trkpt lat="25.0235294457525" lon="121.72130584716797">
        <ele>248.0</ele>
      </trkpt>
      <trkpt lat="25.023701190948486" lon="121.72122001647949">
        <ele>249.0</ele>
      </trkpt>
      <trkpt lat="25.023744022473693" lon="121.72117710113525">
        <ele>250.0</ele>
      </trkpt>
      <trkpt lat="25.023808563128114" lon="121.72109127044678">
        <ele>250.0</ele>
      </trkpt>
      <trkpt lat="25.023808479309082" lon="121.72102681361139">
        <ele>251.0</ele>
      </trkpt>
      <trkpt lat="25.023765563964844" lon="121.7208981513977">
        <ele>251.0</ele>
      </trkpt>
      <trkpt lat="25.023722564801574" lon="121.72081232070923">
        <ele>252.0</ele>
      </trkpt>
      <trkpt lat="25.02359390258789" lon="121.72076932154596">
        <ele>252.0</ele>
      </trkpt>
      <trkpt lat="25.02340078353882" lon="121.72074786387384">
        <ele>252.0</ele>
      </trkpt>
      <trkpt lat="25.02307891845703" lon="121.72076932154596">
        <ele>253.0</ele>
      </trkpt>
      <trkpt lat="25.022950088605285" lon="121.72072640620172">
        <ele>253.0</ele>
      </trkpt>
      <trkpt lat="25.02288588322699" lon="121.72068357467651">
        <ele>253.0</ele>
      </trkpt>
      <trkpt lat="25.022778511047363" lon="121.72044745646417">
        <ele>254.0</ele>
      </trkpt>
      <trkpt lat="25.022714054211974" lon="121.72023287974298">
        <ele>254.0</ele>
      </trkpt>
      <trkpt lat="25.022521018981934" lon="121.71952477656305">
        <ele>255.0</ele>
      </trkpt>
      <trkpt lat="25.022413646802306" lon="121.71920291148126">
        <ele>255.0</ele>
      </trkpt>
      <trkpt lat="25.022284984588623" lon="121.71894541941583">
        <ele>256.0</ele>
      </trkpt>
      <trkpt lat="25.022263526916504" lon="121.718795215711">
        <ele>256.0</ele>
      </trkpt>
      <trkpt lat="25.022263526916504" lon="121.71873084269464">
        <ele>257.0</ele>
      </trkpt>
      <trkpt lat="25.02232781611383" lon="121.71860209666193">
        <ele>258.0</ele>
      </trkpt>
      <trkpt lat="25.022520935162902" lon="121.71840897761285">
        <ele>258.0</ele>
      </trkpt>
      <trkpt lat="25.022671222686768" lon="121.71819440089166">
        <ele>259.0</ele>
      </trkpt>
      <trkpt lat="25.022714054211974" lon="121.7181300278753">
        <ele>260.0</ele>
      </trkpt>
      <trkpt lat="25.022735511884093" lon="121.71804428100586">
        <ele>260.0</ele>
      </trkpt>
      <trkpt lat="25.022735595703125" lon="121.71795845031738">
        <ele>261.0</ele>
      </trkpt>
      <trkpt lat="25.022671222686768" lon="121.71780816279352">
        <ele>261.0</ele>
      </trkpt>
      <trkpt lat="25.022520935162902" lon="121.71748629771173">
        <ele>262.0</ele>
      </trkpt>
      <trkpt lat="25.022435104474425" lon="121.71733617782593">
        <ele>262.0</ele>
      </trkpt>
      <trkpt lat="25.022199237719178" lon="121.71707860194147">
        <ele>263.0</ele>
      </trkpt>
      <trkpt lat="25.022027492523193" lon="121.71692848205566">
        <ele>263.0</ele>
      </trkpt>
      <trkpt lat="25.021684169769287" lon="121.71669236384332">
        <ele>264.0</ele>
      </trkpt>
      <trkpt lat="25.02119072712958" lon="121.71622037887573">
        <ele>264.0</ele>
      </trkpt>
      <trkpt lat="25.020933151245117" lon="121.71602725982666">
        <ele>265.0</ele>
      </trkpt>
      <trkpt lat="25.020718490704894" lon="121.71583414077759">
        <ele>266.0</ele>
      </trkpt>
      <trkpt lat="25.020675659179688" lon="121.7157696839422">
        <ele>266.0</ele>
      </trkpt>
      <trkpt lat="25.02065420150757" lon="121.7156623955816">
        <ele>267.0</ele>
      </trkpt>
      <trkpt lat="25.0206542853266" lon="121.71538344584405">
        <ele>268.0</ele>
      </trkpt>
      <trkpt lat="25.02067574299872" lon="121.71497575007379">
        <ele>270.0</ele>
      </trkpt>
      <trkpt lat="25.02067574299872" lon="121.7147611733526">
        <ele>271.0</ele>
      </trkpt>
      <trkpt lat="25.020697033032775" lon="121.71446076594293">
        <ele>272.0</ele>
      </trkpt>
      <trkpt lat="25.020718490704894" lon="121.71396723948419">
        <ele>273.0</ele>
      </trkpt>
      <trkpt lat="25.020718490704894" lon="121.71381711959839">
        <ele>274.0</ele>
      </trkpt>
      <trkpt lat="25.02067574299872" lon="121.71366683207452">
        <ele>275.0</ele>
      </trkpt>
      <trkpt lat="25.020160675048828" lon="121.7126368638128">
        <ele>278.0</ele>
      </trkpt>
      <trkpt lat="25.019924640655518" lon="121.71207904815674">
        <ele>279.0</ele>
      </trkpt>
      <trkpt lat="25.019752979278564" lon="121.71154252253473">
        <ele>281.0</ele>
      </trkpt>
      <trkpt lat="25.019688522443175" lon="121.71130648814142">
        <ele>282.0</ele>
      </trkpt>
      <trkpt lat="25.019559944048524" lon="121.710684299469">
        <ele>284.0</ele>
      </trkpt>
      <trkpt lat="25.01936682499945" lon="121.71001902781427">
        <ele>285.0</ele>
      </trkpt>
      <trkpt lat="25.019195079803467" lon="121.70954704284668">
        <ele>287.0</ele>
      </trkpt>
      <trkpt lat="25.01906624995172" lon="121.70918217860162">
        <ele>289.0</ele>
      </trkpt>
      <trkpt lat="25.019066417589784" lon="121.70918217860162">
        <ele>290.0</ele>
      </trkpt>
      <trkpt lat="25.0188946723938" lon="121.70864582061768">
        <ele>291.0</ele>
      </trkpt>
      <trkpt lat="25.018744468688965" lon="121.70825958251953">
        <ele>293.0</ele>
      </trkpt>
      <trkpt lat="25.018701469525695" lon="121.70806637965143">
        <ele>294.0</ele>
      </trkpt>
      <trkpt lat="25.0186372641474" lon="121.7077015992254">
        <ele>295.0</ele>
      </trkpt>
      <trkpt lat="25.018508434295654" lon="121.70680046081543">
        <ele>297.0</ele>
      </trkpt>
      <trkpt lat="25.01844414509833" lon="121.70632839202881">
        <ele>297.0</ele>
      </trkpt>
      <trkpt lat="25.01835814677179" lon="121.70596352778375">
        <ele>298.0</ele>
      </trkpt>
      <trkpt lat="25.0183367729187" lon="121.70574895106256">
        <ele>299.0</ele>
      </trkpt>
      <trkpt lat="25.01840114593506" lon="121.70501947402954">
        <ele>300.0</ele>
      </trkpt>
      <trkpt lat="25.01840114593506" lon="121.70478343963623">
        <ele>300.0</ele>
      </trkpt>
      <trkpt lat="25.018379604443908" lon="121.70467615127563">
        <ele>300.0</ele>
      </trkpt>
      <trkpt lat="25.0183367729187" lon="121.70461177825928">
        <ele>300.0</ele>
      </trkpt>
      <trkpt lat="25.01829377375543" lon="121.70454732142389">
        <ele>300.0</ele>
      </trkpt>
      <trkpt lat="25.018229484558105" lon="121.70450448989868">
        <ele>300.0</ele>
      </trkpt>
      <trkpt lat="25.01814365386963" lon="121.70446149073541">
        <ele>299.0</ele>
      </trkpt>
      <trkpt lat="25.017950451001525" lon="121.70444003306329">
        <ele>299.0</ele>
      </trkpt>
      <trkpt lat="25.017693042755127" lon="121.70444003306329">
        <ele>298.0</ele>
      </trkpt>
      <trkpt lat="25.01754275523126" lon="121.70448303222656">
        <ele>297.0</ele>
      </trkpt>
      <trkpt lat="25.017456924542785" lon="121.70456886291504">
        <ele>296.0</ele>
      </trkpt>
      <trkpt lat="25.01739263534546" lon="121.70463315211236">
        <ele>294.0</ele>
      </trkpt>
      <trkpt lat="25.017220973968506" lon="121.70499801635742">
        <ele>293.0</ele>
      </trkpt>
      <trkpt lat="25.017156517133117" lon="121.70506230555475">
        <ele>292.0</ele>
      </trkpt>
      <trkpt lat="25.01711368560791" lon="121.70510530471802">
        <ele>290.0</ele>
      </trkpt>
      <trkpt lat="25.016984939575195" lon="121.70514813624322">
        <ele>288.0</ele>
      </trkpt>
      <trkpt lat="25.01683465205133" lon="121.7051266785711">
        <ele>286.0</ele>
      </trkpt>
      <trkpt lat="25.016748821362853" lon="121.7050838470459">
        <ele>284.0</ele>
      </trkpt>
      <trkpt lat="25.016705989837646" lon="121.70504084788263">
        <ele>282.0</ele>
      </trkpt>
      <trkpt lat="25.016662990674376" lon="121.7049765586853">
        <ele>279.0</ele>
      </trkpt>
      <trkpt lat="25.016662990674376" lon="121.70486918650568">
        <ele>277.0</ele>
      </trkpt>
      <trkpt lat="25.016663074493408" lon="121.70476189814508">
        <ele>275.0</ele>
      </trkpt>
      <trkpt lat="25.016727447509766" lon="121.70454732142389">
        <ele>273.0</ele>
      </trkpt>
      <trkpt lat="25.017006481066346" lon="121.70394650660455">
        <ele>270.0</ele>
      </trkpt>
      <trkpt lat="25.01709222793579" lon="121.70375338755548">
        <ele>268.0</ele>
      </trkpt>
      <trkpt lat="25.017435550689697" lon="121.70304528437555">
        <ele>265.0</ele>
      </trkpt>
      <trkpt lat="25.017886077985168" lon="121.70253030024469">
        <ele>263.0</ele>
      </trkpt>
      <trkpt lat="25.017950451001525" lon="121.7024230118841">
        <ele>261.0</ele>
      </trkpt>
      <trkpt lat="25.017971908673644" lon="121.70233718119562">
        <ele>258.0</ele>
      </trkpt>
      <trkpt lat="25.017971908673644" lon="121.7022084351629">
        <ele>256.0</ele>
      </trkpt>
      <trkpt lat="25.01795061863959" lon="121.7020583152771">
        <ele>254.0</ele>
      </trkpt>
      <trkpt lat="25.017821788787842" lon="121.70165061950684">
        <ele>252.0</ele>
      </trkpt>
      <trkpt lat="25.017778873443604" lon="121.70139304362237">
        <ele>250.0</ele>
      </trkpt>
      <trkpt lat="25.017735958099365" lon="121.7010926362127">
        <ele>248.0</ele>
      </trkpt>
      <trkpt lat="25.017757331952453" lon="121.70074939727783">
        <ele>246.0</ele>
      </trkpt>
      <trkpt lat="25.017714584246278" lon="121.7002987023443">
        <ele>244.0</ele>
      </trkpt>
      <trkpt lat="25.017693042755127" lon="121.69982671737671">
        <ele>242.0</ele>
      </trkpt>
      <trkpt lat="25.017714500427246" lon="121.69965505599976">
        <ele>240.0</ele>
      </trkpt>
      <trkpt lat="25.017757331952453" lon="121.69961214065552">
        <ele>239.0</ele>
      </trkpt>
      <trkpt lat="25.017821788787842" lon="121.69954776763916">
        <ele>238.0</ele>
      </trkpt>
      <trkpt lat="25.018014907836914" lon="121.69946185313165">
        <ele>237.0</ele>
      </trkpt>
      <trkpt lat="25.018272399902344" lon="121.6993974801153">
        <ele>236.0</ele>
      </trkpt>
      <trkpt lat="25.018444061279297" lon="121.69935456477106">
        <ele>236.0</ele>
      </trkpt>
      <trkpt lat="25.01844414509833" lon="121.69935456477106">
        <ele>235.0</ele>
      </trkpt>
      <trkpt lat="25.01857272349298" lon="121.69931173324585">
        <ele>235.0</ele>
      </trkpt>
      <trkpt lat="25.018680011853576" lon="121.69922590255737">
        <ele>234.0</ele>
      </trkpt>
      <trkpt lat="25.018765842542052" lon="121.6991400718689">
        <ele>234.0</ele>
      </trkpt>
      <trkpt lat="25.018958961591125" lon="121.69886103831232">
        <ele>234.0</ele>
      </trkpt>
      <trkpt lat="25.01915216445923" lon="121.69849634170532">
        <ele>235.0</ele>
      </trkpt>
      <trkpt lat="25.019495403394103" lon="121.69776669703424">
        <ele>234.0</ele>
      </trkpt>
      <trkpt lat="25.019731521606445" lon="121.69729471206665">
        <ele>233.0</ele>
      </trkpt>
      <trkpt lat="25.01981726847589" lon="121.69710159301758">
        <ele>233.0</ele>
      </trkpt>
      <trkpt lat="25.019967555999756" lon="121.6969298478216">
        <ele>233.0</ele>
      </trkpt>
      <trkpt lat="25.020160675048828" lon="121.69673672877252">
        <ele>233.0</ele>
      </trkpt>
      <trkpt lat="25.020396625623107" lon="121.69658660888672">
        <ele>232.0</ele>
      </trkpt>
      <trkpt lat="25.02131930552423" lon="121.6961573716253">
        <ele>232.0</ele>
      </trkpt>
      <trkpt lat="25.021490966901183" lon="121.69609308242798">
        <ele>232.0</ele>
      </trkpt>
      <trkpt lat="25.02183437347412" lon="121.69598579406738">
        <ele>232.0</ele>
      </trkpt>
      <trkpt lat="25.022134697064757" lon="121.695921337232">
        <ele>232.0</ele>
      </trkpt>
      <trkpt lat="25.022199070081115" lon="121.6958999633789">
        <ele>231.0</ele>
      </trkpt>
      <trkpt lat="25.022263526916504" lon="121.6958140488714">
        <ele>231.0</ele>
      </trkpt>
      <trkpt lat="25.022284984588623" lon="121.69574967585504">
        <ele>230.0</ele>
      </trkpt>
      <trkpt lat="25.02230635844171" lon="121.69564238749444">
        <ele>229.0</ele>
      </trkpt>
      <trkpt lat="25.022284984588623" lon="121.69555655680597">
        <ele>228.0</ele>
      </trkpt>
      <trkpt lat="25.022241985425353" lon="121.69547080993652">
        <ele>227.0</ele>
      </trkpt>
      <trkpt lat="25.02217778004706" lon="121.69540635310113">
        <ele>226.0</ele>
      </trkpt>
      <trkpt lat="25.02209186553955" lon="121.69538497924805">
        <ele>225.0</ele>
      </trkpt>
      <trkpt lat="25.02202740870416" lon="121.69538497924805">
        <ele>224.0</ele>
      </trkpt>
      <trkpt lat="25.021941578015685" lon="121.69540635310113">
        <ele>223.0</ele>
      </trkpt>
      <trkpt lat="25.02187728881836" lon="121.69544926844537">
        <ele>222.0</ele>
      </trkpt>
      <trkpt lat="25.021770084276795" lon="121.69553509913385">
        <ele>221.0</ele>
      </trkpt>
      <trkpt lat="25.021469593048096" lon="121.69579267501831">
        <ele>220.0</ele>
      </trkpt>
      <trkpt lat="25.02114772796631" lon="121.6960072517395">
        <ele>219.0</ele>
      </trkpt>
      <trkpt lat="25.020997440442443" lon="121.69607162475586">
        <ele>217.0</ele>
      </trkpt>
      <trkpt lat="25.01981726847589" lon="121.69652215205133">
        <ele>216.0</ele>
      </trkpt>
      <trkpt lat="25.019409572705626" lon="121.69669389724731">
        <ele>214.0</ele>
      </trkpt>
      <trkpt lat="25.019216537475586" lon="121.69686547480524">
        <ele>213.0</ele>
      </trkpt>
      <trkpt lat="25.01878730021417" lon="121.69731616973877">
        <ele>212.0</ele>
      </trkpt>
      <trkpt lat="25.0186372641474" lon="121.69748783111572">
        <ele>211.0</ele>
      </trkpt>
      <trkpt lat="25.01863718032837" lon="121.69748783111572">
        <ele>210.0</ele>
      </trkpt>
      <trkpt lat="25.018551349639893" lon="121.69765940867364">
        <ele>209.0</ele>
      </trkpt>
      <trkpt lat="25.018315399065614" lon="121.69826022349298">
        <ele>208.0</ele>
      </trkpt>
      <trkpt lat="25.018315315246582" lon="121.69826022349298">
        <ele>207.0</ele>
      </trkpt>
      <trkpt lat="25.018229484558105" lon="121.69841051101685">
        <ele>205.0</ele>
      </trkpt>
      <trkpt lat="25.01810073852539" lon="121.69849634170532">
        <ele>204.0</ele>
      </trkpt>
      <trkpt lat="25.017693042755127" lon="121.69853925704956">
        <ele>203.0</ele>
      </trkpt>
      <trkpt lat="25.017070770263672" lon="121.69868937693536">
        <ele>201.0</ele>
      </trkpt>
      <trkpt lat="25.016684532165527" lon="121.69879666529596">
        <ele>200.0</ele>
      </trkpt>
      <trkpt lat="25.016298377886415" lon="121.69888249598444">
        <ele>199.0</ele>
      </trkpt>
      <trkpt lat="25.01606217585504" lon="121.6989254951477">
        <ele>198.0</ele>
      </trkpt>
      <trkpt lat="25.015439987182617" lon="121.69890403747559">
        <ele>197.0</ele>
      </trkpt>
      <trkpt lat="25.01434556208551" lon="121.69898978434503">
        <ele>196.0</ele>
      </trkpt>
      <trkpt lat="25.013916408643126" lon="121.69896832667291">
        <ele>195.0</ele>
      </trkpt>
      <trkpt lat="25.013358676806092" lon="121.69888249598444">
        <ele>194.0</ele>
      </trkpt>
      <trkpt lat="25.01318701542914" lon="121.69886103831232">
        <ele>192.0</ele>
      </trkpt>
      <trkpt lat="25.012972354888916" lon="121.69888249598444">
        <ele>191.0</ele>
      </trkpt>
      <trkpt lat="25.01286506652832" lon="121.6989254951477">
        <ele>190.0</ele>
      </trkpt>
      <trkpt lat="25.01157752238214" lon="121.69944047927856">
        <ele>187.0</ele>
      </trkpt>
      <trkpt lat="25.011491691693664" lon="121.69952630996704">
        <ele>186.0</ele>
      </trkpt>
      <trkpt lat="25.011448860168457" lon="121.69969788752496">
        <ele>184.0</ele>
      </trkpt>
      <trkpt lat="25.011448860168457" lon="121.69978371821344">
        <ele>182.0</ele>
      </trkpt>
      <trkpt lat="25.011534690856934" lon="121.7000841256231">
        <ele>181.0</ele>
      </trkpt>
      <trkpt lat="25.01157752238214" lon="121.70025587081909">
        <ele>179.0</ele>
      </trkpt>
      <trkpt lat="25.01157752238214" lon="121.70042753219604">
        <ele>177.0</ele>
      </trkpt>
      <trkpt lat="25.011534690856934" lon="121.70055627822876">
        <ele>175.0</ele>
      </trkpt>
      <trkpt lat="25.011427402496338" lon="121.70066356658936">
        <ele>172.0</ele>
      </trkpt>
      <trkpt lat="25.01129857264459" lon="121.70070639811456">
        <ele>169.0</ele>
      </trkpt>
      <trkpt lat="25.01114845275879" lon="121.70070639811456">
        <ele>167.0</ele>
      </trkpt>
      <trkpt lat="25.01106253825128" lon="121.70066356658936">
        <ele>165.0</ele>
      </trkpt>
      <trkpt lat="25.010976707562804" lon="121.70059910975397">
        <ele>163.0</ele>
      </trkpt>
      <trkpt lat="25.010890876874328" lon="121.70049182139337">
        <ele>162.0</ele>
      </trkpt>
      <trkpt lat="25.01080504618585" lon="121.70034170150757">
        <ele>160.0</ele>
      </trkpt>
      <trkpt lat="25.01059055328369" lon="121.69982671737671">
        <ele>158.0</ele>
      </trkpt>
      <trkpt lat="25.010504722595215" lon="121.69971942901611">
        <ele>157.0</ele>
      </trkpt>
      <trkpt lat="25.01035443507135" lon="121.69956914149225">
        <ele>155.0</ele>
      </trkpt>
      <trkpt lat="25.010268604382873" lon="121.69950476847589">
        <ele>154.0</ele>
      </trkpt>
      <trkpt lat="25.00988245010376" lon="121.69933319091797">
        <ele>153.0</ele>
      </trkpt>
      <trkpt lat="25.009689247235656" lon="121.69924736022949">
        <ele>151.0</ele>
      </trkpt>
      <trkpt lat="25.009002685546875" lon="121.69898978434503">
        <ele>150.0</ele>
      </trkpt>
      <trkpt lat="25.007951259613037" lon="121.69853925704956">
        <ele>149.0</ele>
      </trkpt>
      <trkpt lat="25.007500648498535" lon="121.69830322265625">
        <ele>148.0</ele>
      </trkpt>
      <trkpt lat="25.00737190246582" lon="121.69823884963989">
        <ele>147.0</ele>
      </trkpt>
      <trkpt lat="25.007264614105225" lon="121.69811010360718">
        <ele>146.0</ele>
      </trkpt>
      <trkpt lat="25.00692129135132" lon="121.69765940867364">
        <ele>144.0</ele>
      </trkpt>
      <trkpt lat="25.006921207532287" lon="121.69765940867364">
        <ele>143.0</ele>
      </trkpt>
      <trkpt lat="25.00681391917169" lon="121.69750928878784">
        <ele>143.0</ele>
      </trkpt>
      <trkpt lat="25.006728088483214" lon="121.69733754359186">
        <ele>142.0</ele>
      </trkpt>
      <trkpt lat="25.006599510088563" lon="121.6970157623291">
        <ele>142.0</ele>
      </trkpt>
      <trkpt lat="25.00659942626953" lon="121.6970157623291">
        <ele>142.0</ele>
      </trkpt>
      <trkpt lat="25.006535053253174" lon="121.696822559461">
        <ele>142.0</ele>
      </trkpt>
      <trkpt lat="25.006534969434142" lon="121.696822559461">
        <ele>141.0</ele>
      </trkpt>
      <trkpt lat="25.006534969434142" lon="121.69660806655884">
        <ele>141.0</ele>
      </trkpt>
      <trkpt lat="25.006556510925293" lon="121.69647932052612">
        <ele>141.0</ele>
      </trkpt>
      <trkpt lat="25.00659942626953" lon="121.69632903300226">
        <ele>141.0</ele>
      </trkpt>
      <trkpt lat="25.006771087646484" lon="121.69598579406738">
        <ele>141.0</ele>
      </trkpt>
      <trkpt lat="25.006814086809754" lon="121.69583550654352">
        <ele>142.0</ele>
      </trkpt>
      <trkpt lat="25.00681391917169" lon="121.69583550654352">
        <ele>142.0</ele>
      </trkpt>
      <trkpt lat="25.006985664367676" lon="121.69529914855957">
        <ele>142.0</ele>
      </trkpt>
      <trkpt lat="25.007028495892882" lon="121.69512740336359">
        <ele>142.0</ele>
      </trkpt>
      <trkpt lat="25.007049953565" lon="121.6949128266424">
        <ele>142.0</ele>
      </trkpt>
      <trkpt lat="25.007050037384033" lon="121.69446229934692">
        <ele>142.0</ele>
      </trkpt>
      <trkpt lat="25.007007122039795" lon="121.69422618113458">
        <ele>142.0</ele>
      </trkpt>
      <trkpt lat="25.00692129135132" lon="121.69384002685547">
        <ele>142.0</ele>
      </trkpt>
      <trkpt lat="25.006749629974365" lon="121.69328204356134">
        <ele>142.0</ele>
      </trkpt>
      <trkpt lat="25.00666379928589" lon="121.69302455149591">
        <ele>142.0</ele>
      </trkpt>
      <trkpt lat="25.006599510088563" lon="121.69283151626587">
        <ele>142.0</ele>
      </trkpt>
      <trkpt lat="25.00659942626953" lon="121.69283151626587">
        <ele>142.0</ele>
      </trkpt>
      <trkpt lat="25.006427681073546" lon="121.69231653213501">
        <ele>142.0</ele>
      </trkpt>
      <trkpt lat="25.00610581599176" lon="121.6916727181524">
        <ele>142.0</ele>
      </trkpt>
      <trkpt lat="25.006062984466553" lon="121.69156542979181">
        <ele>142.0</ele>
      </trkpt>
      <trkpt lat="25.006041526794434" lon="121.69143676757812">
        <ele>142.0</ele>
      </trkpt>
      <trkpt lat="25.006062984466553" lon="121.69117919169366">
        <ele>142.0</ele>
      </trkpt>
      <trkpt lat="25.00614881515503" lon="121.69059991836548">
        <ele>142.0</ele>
      </trkpt>
      <trkpt lat="25.006213188171387" lon="121.69032096862793">
        <ele>142.0</ele>
      </trkpt>
      <trkpt lat="25.006277645006776" lon="121.6898702736944">
        <ele>141.0</ele>
      </trkpt>
      <trkpt lat="25.00636339187622" lon="121.68937674723566">
        <ele>142.0</ele>
      </trkpt>
      <trkpt lat="25.006449222564697" lon="121.68909788131714">
        <ele>142.0</ele>
      </trkpt>
      <trkpt lat="25.006642257794738" lon="121.68866864405572">
        <ele>142.0</ele>
      </trkpt>
      <trkpt lat="25.006728088483214" lon="121.6884970664978">
        <ele>142.0</ele>
      </trkpt>
      <trkpt lat="25.00685691833496" lon="121.68832532130182">
        <ele>142.0</ele>
      </trkpt>
      <trkpt lat="25.006985664367676" lon="121.68823949061334">
        <ele>142.0</ele>
      </trkpt>
      <trkpt lat="25.00713586807251" lon="121.68817520141602">
        <ele>142.0</ele>
      </trkpt>
      <trkpt lat="25.007715225219727" lon="121.68787479400635">
        <ele>142.0</ele>
      </trkpt>
      <trkpt lat="25.00788688659668" lon="121.68783179484308">
        <ele>141.0</ele>
      </trkpt>
      <trkpt lat="25.008015632629395" lon="121.68781042098999">
        <ele>141.0</ele>
      </trkpt>
      <trkpt lat="25.008080005645752" lon="121.68783179484308">
        <ele>141.0</ele>
      </trkpt>
      <trkpt lat="25.008144294843078" lon="121.6878532525152">
        <ele>140.0</ele>
      </trkpt>
      <trkpt lat="25.00833749771118" lon="121.68796054087579">
        <ele>140.0</ele>
      </trkpt>
      <trkpt lat="25.008509159088135" lon="121.68804637156427">
        <ele>139.0</ele>
      </trkpt>
      <trkpt lat="25.008616531267762" lon="121.68808937072754">
        <ele>138.0</ele>
      </trkpt>
      <trkpt lat="25.008702278137207" lon="121.68808937072754">
        <ele>138.0</ele>
      </trkpt>
      <trkpt lat="25.00887385569513" lon="121.68804637156427">
        <ele>137.0</ele>
      </trkpt>
      <trkpt lat="25.00938892364502" lon="121.68781042098999">
        <ele>137.0</ele>
      </trkpt>
      <trkpt lat="25.009582042694092" lon="121.68772450648248">
        <ele>137.0</ele>
      </trkpt>
      <trkpt lat="25.01009694300592" lon="121.68746709823608">
        <ele>136.0</ele>
      </trkpt>
      <trkpt lat="25.010182773694396" lon="121.68740272521973">
        <ele>135.0</ele>
      </trkpt>
      <trkpt lat="25.01033306121826" lon="121.68723098002374">
        <ele>135.0</ele>
      </trkpt>
      <trkpt lat="25.010397350415587" lon="121.68712369166315">
        <ele>134.0</ele>
      </trkpt>
      <trkpt lat="25.010483181104064" lon="121.68690911494195">
        <ele>134.0</ele>
      </trkpt>
      <trkpt lat="25.010526180267334" lon="121.68682328425348">
        <ele>133.0</ele>
      </trkpt>
      <trkpt lat="25.010526180267334" lon="121.6866946220398">
        <ele>132.0</ele>
      </trkpt>
      <trkpt lat="25.010504722595215" lon="121.68660870753229">
        <ele>132.0</ele>
      </trkpt>
      <trkpt lat="25.01029006205499" lon="121.68617963790894">
        <ele>131.0</ele>
      </trkpt>
      <trkpt lat="25.01013994216919" lon="121.6857289429754">
        <ele>130.0</ele>
      </trkpt>
      <trkpt lat="25.010011279955506" lon="121.68549290858209">
        <ele>129.0</ele>
      </trkpt>
      <trkpt lat="25.009753704071045" lon="121.68508521281183">
        <ele>128.0</ele>
      </trkpt>
      <trkpt lat="25.009539127349854" lon="121.68478480540216">
        <ele>128.0</ele>
      </trkpt>
      <trkpt lat="25.00941038131714" lon="121.68465614318848">
        <ele>127.0</ele>
      </trkpt>
      <trkpt lat="25.009152805432677" lon="121.6844630241394">
        <ele>126.0</ele>
      </trkpt>
      <trkpt lat="25.00910997390747" lon="121.68442010879517">
        <ele>126.0</ele>
      </trkpt>
      <trkpt lat="25.0090669747442" lon="121.68433427810669">
        <ele>125.0</ele>
      </trkpt>
      <trkpt lat="25.00904551707208" lon="121.68424844741821">
        <ele>124.0</ele>
      </trkpt>
      <trkpt lat="25.009045600891113" lon="121.68403387069702">
        <ele>123.0</ele>
      </trkpt>
      <trkpt lat="25.00908851623535" lon="121.68362617492676">
        <ele>123.0</ele>
      </trkpt>
      <trkpt lat="25.00915288925171" lon="121.68339005671442">
        <ele>122.0</ele>
      </trkpt>
      <trkpt lat="25.009152805432677" lon="121.68339005671442">
        <ele>121.0</ele>
      </trkpt>
      <trkpt lat="25.009303092956543" lon="121.68319693766534">
        <ele>120.0</ele>
      </trkpt>
      <trkpt lat="25.009925365447998" lon="121.68248883448541">
        <ele>119.0</ele>
      </trkpt>
      <trkpt lat="25.01005402766168" lon="121.68229579925537">
        <ele>118.0</ele>
      </trkpt>
      <trkpt lat="25.01011848449707" lon="121.68218842707574">
        <ele>117.0</ele>
      </trkpt>
      <trkpt lat="25.01035443507135" lon="121.68156615458429">
        <ele>116.0</ele>
      </trkpt>
      <trkpt lat="25.010461723431945" lon="121.68137303553522">
        <ele>115.0</ele>
      </trkpt>
      <trkpt lat="25.010783588513732" lon="121.68087959289551">
        <ele>114.0</ele>
      </trkpt>
      <trkpt lat="25.010826587677002" lon="121.68070793151855">
        <ele>113.0</ele>
      </trkpt>
      <trkpt lat="25.01086941920221" lon="121.6799783706665">
        <ele>112.0</ele>
      </trkpt>
      <trkpt lat="25.01086941920221" lon="121.67984954081476">
        <ele>111.0</ele>
      </trkpt>
      <trkpt lat="25.010826587677002" lon="121.67972079478204">
        <ele>110.0</ele>
      </trkpt>
      <trkpt lat="25.010783588513732" lon="121.67957067489624">
        <ele>109.0</ele>
      </trkpt>
      <trkpt lat="25.01065501011908" lon="121.67927026748657">
        <ele>109.0</ele>
      </trkpt>
      <trkpt lat="25.010569095611572" lon="121.67905569076538">
        <ele>108.0</ele>
      </trkpt>
      <trkpt lat="25.010504722595215" lon="121.67875528335571">
        <ele>107.0</ele>
      </trkpt>
      <trkpt lat="25.010461807250977" lon="121.67841187678277">
        <ele>107.0</ele>
      </trkpt>
      <trkpt lat="25.010440349578857" lon="121.67800418101251">
        <ele>106.0</ele>
      </trkpt>
      <trkpt lat="25.01044043339789" lon="121.67787551879883">
        <ele>106.0</ele>
      </trkpt>
      <trkpt lat="25.010483264923096" lon="121.67766094207764">
        <ele>106.0</ele>
      </trkpt>
      <trkpt lat="25.010654842481017" lon="121.67697429656982">
        <ele>105.0</ele>
      </trkpt>
      <trkpt lat="25.010933876037598" lon="121.67579404078424">
        <ele>105.0</ele>
      </trkpt>
      <trkpt lat="25.01108407974243" lon="121.6751503944397">
        <ele>105.0</ele>
      </trkpt>
      <trkpt lat="25.0111270789057" lon="121.67497864924371">
        <ele>104.0</ele>
      </trkpt>
      <trkpt lat="25.01110545359552" lon="121.674849903211">
        <ele>104.0</ele>
      </trkpt>
      <trkpt lat="25.01106253825128" lon="121.67478553019464">
        <ele>104.0</ele>
      </trkpt>
      <trkpt lat="25.010955333709717" lon="121.6746997833252">
        <ele>104.0</ele>
      </trkpt>
      <trkpt lat="25.01080504618585" lon="121.67465678416193">
        <ele>104.0</ele>
      </trkpt>
      <trkpt lat="25.010461723431945" lon="121.67467824183404">
        <ele>105.0</ele>
      </trkpt>
      <trkpt lat="25.010311603546143" lon="121.67465678416193">
        <ele>105.0</ele>
      </trkpt>
      <trkpt lat="25.010182773694396" lon="121.67457095347345">
        <ele>105.0</ele>
      </trkpt>
      <trkpt lat="25.009753704071045" lon="121.6741847153753">
        <ele>105.0</ele>
      </trkpt>
      <trkpt lat="25.009539127349854" lon="121.67405596934259">
        <ele>106.0</ele>
      </trkpt>
      <trkpt lat="25.009474670514464" lon="121.67397013865411">
        <ele>106.0</ele>
      </trkpt>
      <trkpt lat="25.009474754333496" lon="121.67397013865411">
        <ele>106.0</ele>
      </trkpt>
      <trkpt lat="25.00904551707208" lon="121.67345515452325">
        <ele>105.0</ele>
      </trkpt>
      <trkpt lat="25.008745109662414" lon="121.67300462722778">
        <ele>105.0</ele>
      </trkpt>
      <trkpt lat="25.008595073595643" lon="121.67287588119507">
        <ele>105.0</ele>
      </trkpt>
      <trkpt lat="25.008466159924865" lon="121.67279005050659">
        <ele>105.0</ele>
      </trkpt>
      <trkpt lat="25.00838041305542" lon="121.67276850901544">
        <ele>105.0</ele>
      </trkpt>
      <trkpt lat="25.008230125531554" lon="121.6727255936712">
        <ele>105.0</ele>
      </trkpt>
      <trkpt lat="25.008230293169618" lon="121.6727255936712">
        <ele>105.0</ele>
      </trkpt>
      <trkpt lat="25.008015632629395" lon="121.6727255936712">
        <ele>105.0</ele>
      </trkpt>
      <trkpt lat="25.007715225219727" lon="121.67274705134332">
        <ele>105.0</ele>
      </trkpt>
      <trkpt lat="25.007565021514893" lon="121.6727255936712">
        <ele>104.0</ele>
      </trkpt>
      <trkpt lat="25.007436191663146" lon="121.67266122065485">
        <ele>104.0</ele>
      </trkpt>
      <trkpt lat="25.00732890330255" lon="121.6725754737854">
        <ele>103.0</ele>
      </trkpt>
      <trkpt lat="25.007328987121582" lon="121.6725754737854">
        <ele>102.0</ele>
      </trkpt>
      <trkpt lat="25.007221614941955" lon="121.67248964309692">
        <ele>102.0</ele>
      </trkpt>
      <trkpt lat="25.007049953565" lon="121.67240381240845">
        <ele>101.0</ele>
      </trkpt>
      <trkpt lat="25.006062984466553" lon="121.67203894816339">
        <ele>100.0</ele>
      </trkpt>
      <trkpt lat="25.005719661712646" lon="121.67188882827759">
        <ele>99.0</ele>
      </trkpt>
      <trkpt lat="25.005676746368408" lon="121.67184582911432">
        <ele>98.0</ele>
      </trkpt>
      <trkpt lat="25.00561228953302" lon="121.67175999842584">
        <ele>96.0</ele>
      </trkpt>
      <trkpt lat="25.005548000335693" lon="121.67158842086792">
        <ele>95.0</ele>
      </trkpt>
      <trkpt lat="25.00537633895874" lon="121.67060128413141">
        <ele>94.0</ele>
      </trkpt>
      <trkpt lat="25.005376422777772" lon="121.67060128413141">
        <ele>93.0</ele>
      </trkpt>
      <trkpt lat="25.005290424451232" lon="121.6697645187378">
        <ele>91.0</ele>
      </trkpt>
      <trkpt lat="25.005290592089295" lon="121.6697645187378">
        <ele>90.0</ele>
      </trkpt>
      <trkpt lat="25.005269134417176" lon="121.66952840052545">
        <ele>89.0</ele>
      </trkpt>
      <trkpt lat="25.005269050598145" lon="121.66920653544366">
        <ele>88.0</ele>
      </trkpt>
      <trkpt lat="25.005290424451232" lon="121.66897058486938">
        <ele>87.0</ele>
      </trkpt>
      <trkpt lat="25.00531188212335" lon="121.66886329650879">
        <ele>86.0</ele>
      </trkpt>
      <trkpt lat="25.00537633895874" lon="121.66877738200128">
        <ele>84.0</ele>
      </trkpt>
      <trkpt lat="25.005526542663574" lon="121.66858426295221">
        <ele>83.0</ele>
      </trkpt>
      <trkpt lat="25.00586986541748" lon="121.66824102401733">
        <ele>82.0</ele>
      </trkpt>
      <trkpt lat="25.006020069122314" lon="121.66809073649347">
        <ele>81.0</ele>
      </trkpt>
      <trkpt lat="25.00617027282715" lon="121.66781178675592">
        <ele>81.0</ele>
      </trkpt>
      <trkpt lat="25.0063419342041" lon="121.66744709014893">
        <ele>80.0</ele>
      </trkpt>
      <trkpt lat="25.006535053253174" lon="121.66701793670654">
        <ele>79.0</ele>
      </trkpt>
      <trkpt lat="25.006878459826112" lon="121.66635266505182">
        <ele>78.0</ele>
      </trkpt>
      <trkpt lat="25.006985664367676" lon="121.66613817214966">
        <ele>78.0</ele>
      </trkpt>
      <trkpt lat="25.007135784253478" lon="121.66581630706787">
        <ele>77.0</ele>
      </trkpt>
      <trkpt lat="25.007221698760986" lon="121.66540861129761">
        <ele>77.0</ele>
      </trkpt>
      <trkpt lat="25.007307613268495" lon="121.664764797315">
        <ele>77.0</ele>
      </trkpt>
      <trkpt lat="25.007414733991027" lon="121.6637562867254">
        <ele>76.0</ele>
      </trkpt>
      <trkpt lat="25.007414733991027" lon="121.66358470916748">
        <ele>76.0</ele>
      </trkpt>
      <trkpt lat="25.00737190246582" lon="121.6634129639715">
        <ele>75.0</ele>
      </trkpt>
      <trkpt lat="25.0072003249079" lon="121.66285514831543">
        <ele>75.0</ele>
      </trkpt>
      <trkpt lat="25.007157241925597" lon="121.66268348693848">
        <ele>75.0</ele>
      </trkpt>
      <trkpt lat="25.007157241925597" lon="121.66255474090576">
        <ele>75.0</ele>
      </trkpt>
      <trkpt lat="25.007178783416748" lon="121.66242591105402">
        <ele>75.0</ele>
      </trkpt>
      <trkpt lat="25.007243072614074" lon="121.66221133433282">
        <ele>75.0</ele>
      </trkpt>
      <trkpt lat="25.00737190246582" lon="121.66184663772583">
        <ele>75.0</ele>
      </trkpt>
      <trkpt lat="25.007500648498535" lon="121.66146039962769">
        <ele>75.0</ele>
      </trkpt>
      <trkpt lat="25.007522022351623" lon="121.66133156977594">
        <ele>75.0</ele>
      </trkpt>
      <trkpt lat="25.00754348002374" lon="121.66111699305475">
        <ele>75.0</ele>
      </trkpt>
      <trkpt lat="25.007522022351623" lon="121.66100970469415">
        <ele>75.0</ele>
      </trkpt>
      <trkpt lat="25.007479190826416" lon="121.66081658564508">
        <ele>75.0</ele>
      </trkpt>
      <trkpt lat="25.007243072614074" lon="121.66043043136597">
        <ele>75.0</ele>
      </trkpt>
      <trkpt lat="25.007200241088867" lon="121.66030160151422">
        <ele>75.0</ele>
      </trkpt>
      <trkpt lat="25.007200241088867" lon="121.66015148162842">
        <ele>75.0</ele>
      </trkpt>
      <trkpt lat="25.007221614941955" lon="121.65982961654663">
        <ele>75.0</ele>
      </trkpt>
      <trkpt lat="25.007221614941955" lon="121.65952920913696">
        <ele>75.0</ele>
      </trkpt>
      <trkpt lat="25.00715732574463" lon="121.65903568267822">
        <ele>75.0</ele>
      </trkpt>
      <trkpt lat="25.007114494219422" lon="121.65867081843317">
        <ele>75.0</ele>
      </trkpt>
      <trkpt lat="25.007049953565" lon="121.65824174880981">
        <ele>75.0</ele>
      </trkpt>
      <trkpt lat="25.006942749023438" lon="121.65781259536743">
        <ele>75.0</ele>
      </trkpt>
      <trkpt lat="25.00683537684381" lon="121.65731906890869">
        <ele>74.0</ele>
      </trkpt>
      <trkpt lat="25.00683537684381" lon="121.6571044921875">
        <ele>74.0</ele>
      </trkpt>
      <trkpt lat="25.00683537684381" lon="121.65697566233575">
        <ele>74.0</ele>
      </trkpt>
      <trkpt lat="25.00711432658136" lon="121.65566682815552">
        <ele>73.0</ele>
      </trkpt>
      <trkpt lat="25.007178783416748" lon="121.65549516677856">
        <ele>73.0</ele>
      </trkpt>
      <trkpt lat="25.00737190246582" lon="121.6550874710083">
        <ele>72.0</ele>
      </trkpt>
      <trkpt lat="25.007414733991027" lon="121.65489435195923">
        <ele>72.0</ele>
      </trkpt>
      <trkpt lat="25.007414733991027" lon="121.65470114909112">
        <ele>72.0</ele>
      </trkpt>
      <trkpt lat="25.007307529449463" lon="121.6542290803045">
        <ele>72.0</ele>
      </trkpt>
      <trkpt lat="25.00732890330255" lon="121.65405750274658">
        <ele>71.0</ele>
      </trkpt>
      <trkpt lat="25.00739344395697" lon="121.65362826548517">
        <ele>70.0</ele>
      </trkpt>
      <trkpt lat="25.00737190246582" lon="121.6531777381897">
        <ele>70.0</ele>
      </trkpt>
      <trkpt lat="25.00735036097467" lon="121.65292016230524">
        <ele>70.0</ele>
      </trkpt>
      <trkpt lat="25.007243072614074" lon="121.65238372050226">
        <ele>69.0</ele>
      </trkpt>
      <trkpt lat="25.007200241088867" lon="121.65219060145319">
        <ele>69.0</ele>
      </trkpt>
      <trkpt lat="25.007157241925597" lon="121.65214776992798">
        <ele>68.0</ele>
      </trkpt>
      <trkpt lat="25.007007122039795" lon="121.65204048156738">
        <ele>68.0</ele>
      </trkpt>
      <trkpt lat="25.006534969434142" lon="121.65191165171564">
        <ele>68.0</ele>
      </trkpt>
      <trkpt lat="25.00638484954834" lon="121.65184736251831">
        <ele>67.0</ele>
      </trkpt>
      <trkpt lat="25.006256103515625" lon="121.6517186164856">
        <ele>67.0</ele>
      </trkpt>
      <trkpt lat="25.006191730499268" lon="121.65161124430597">
        <ele>67.0</ele>
      </trkpt>
      <trkpt lat="25.006406223401427" lon="121.65148249827325">
        <ele>67.0</ele>
      </trkpt>
      <trkpt lat="25.007007122039795" lon="121.65131092071533">
        <ele>67.0</ele>
      </trkpt>
      <trkpt lat="25.007414733991027" lon="121.65118209086359">
        <ele>67.0</ele>
      </trkpt>
      <trkpt lat="25.00754348002374" lon="121.65113925933838">
        <ele>68.0</ele>
      </trkpt>
      <trkpt lat="25.00765085220337" lon="121.65101051330566">
        <ele>68.0</ele>
      </trkpt>
      <trkpt lat="25.007994174957275" lon="121.65036669932306">
        <ele>68.0</ele>
      </trkpt>
      <trkpt lat="25.00812292098999" lon="121.65017358027399">
        <ele>69.0</ele>
      </trkpt>
      <trkpt lat="25.008294582366943" lon="121.65000200271606">
        <ele>69.0</ele>
      </trkpt>
      <trkpt lat="25.008831024169922" lon="121.64963713847101">
        <ele>69.0</ele>
      </trkpt>
      <trkpt lat="25.0089168548584" lon="121.6495943069458">
        <ele>73.0</ele>
      </trkpt>
      <trkpt lat="25.0090669747442" lon="121.6494870185852">
        <ele>74.0</ele>
      </trkpt>
      <trkpt lat="25.00910997390747" lon="121.64940118789673">
        <ele>74.0</ele>
      </trkpt>
      <trkpt lat="25.009195804595947" lon="121.64925090037286">
        <ele>74.0</ele>
      </trkpt>
      <trkpt lat="25.009324550628662" lon="121.64892903529108">
        <ele>75.0</ele>
      </trkpt>
      <trkpt lat="25.00943192280829" lon="121.648735916242">
        <ele>75.0</ele>
      </trkpt>
      <trkpt lat="25.009474670514464" lon="121.64867154322565">
        <ele>75.0</ele>
      </trkpt>
      <trkpt lat="25.00938892364502" lon="121.64860725402832">
        <ele>70.0</ele>
      </trkpt>
      <trkpt lat="25.0090669747442" lon="121.64830684661865">
        <ele>74.0</ele>
      </trkpt>
      <trkpt lat="25.008959686383605" lon="121.64813510142267">
        <ele>74.0</ele>
      </trkpt>
      <trkpt lat="25.008831107988954" lon="121.64789915084839">
        <ele>74.0</ele>
      </trkpt>
      <trkpt lat="25.00857344828546" lon="121.64736270904541">
        <ele>75.0</ele>
      </trkpt>
      <trkpt lat="25.008509159088135" lon="121.64721242152154">
        <ele>74.0</ele>
      </trkpt>
      <trkpt lat="25.008444786071777" lon="121.64699792861938">
        <ele>74.0</ele>
      </trkpt>
      <trkpt lat="25.00838041305542" lon="121.646568775177">
        <ele>73.0</ele>
      </trkpt>
      <trkpt lat="25.00833741389215" lon="121.64622536860406">
        <ele>73.0</ele>
      </trkpt>
      <trkpt lat="25.0083589553833" lon="121.64601079188287">
        <ele>72.0</ele>
      </trkpt>
      <trkpt lat="25.00838041305542" lon="121.64579621516168">
        <ele>71.0</ele>
      </trkpt>
      <trkpt lat="25.008595073595643" lon="121.6447018738836">
        <ele>69.0</ele>
      </trkpt>
      <trkpt lat="25.008680820465088" lon="121.64418688975275">
        <ele>68.0</ele>
      </trkpt>
      <trkpt lat="25.008745109662414" lon="121.64377919398248">
        <ele>67.0</ele>
      </trkpt>
      <trkpt lat="25.008766567334533" lon="121.64337149821222">
        <ele>66.0</ele>
      </trkpt>
      <trkpt lat="25.008766567334533" lon="121.64300680160522">
        <ele>65.0</ele>
      </trkpt>
      <trkpt lat="25.008723819628358" lon="121.64255610667169">
        <ele>64.0</ele>
      </trkpt>
      <trkpt lat="25.008659278973937" lon="121.64219132624567">
        <ele>63.0</ele>
      </trkpt>
      <trkpt lat="25.00855199061334" lon="121.64184800349176">
        <ele>62.0</ele>
      </trkpt>
      <trkpt lat="25.008251583203673" lon="121.64079666137695">
        <ele>60.0</ele>
      </trkpt>
      <trkpt lat="25.008144294843078" lon="121.6403245087713">
        <ele>59.0</ele>
      </trkpt>
      <trkpt lat="25.0080584641546" lon="121.63983098231256">
        <ele>58.0</ele>
      </trkpt>
      <trkpt lat="25.008015632629395" lon="121.6393159981817">
        <ele>57.0</ele>
      </trkpt>
      <trkpt lat="25.007994174957275" lon="121.63877964019775">
        <ele>57.0</ele>
      </trkpt>
      <trkpt lat="25.008015632629395" lon="121.63832894526422">
        <ele>56.0</ele>
      </trkpt>
      <trkpt lat="25.0080584641546" lon="121.63785696029663">
        <ele>55.0</ele>
      </trkpt>
      <trkpt lat="25.008487701416016" lon="121.63491725921631">
        <ele>55.0</ele>
      </trkpt>
      <trkpt lat="25.008530532941222" lon="121.63442373275757">
        <ele>55.0</ele>
      </trkpt>
      <trkpt lat="25.008530532941222" lon="121.63418761454523">
        <ele>54.0</ele>
      </trkpt>
      <trkpt lat="25.008509159088135" lon="121.63384429179132">
        <ele>54.0</ele>
      </trkpt>
      <trkpt lat="25.008487701416016" lon="121.63369417190552">
        <ele>54.0</ele>
      </trkpt>
      <trkpt lat="25.00840195454657" lon="121.63341522216797">
        <ele>53.0</ele>
      </trkpt>
      <trkpt lat="25.008273040875793" lon="121.63307181559503">
        <ele>53.0</ele>
      </trkpt>
      <trkpt lat="25.008144294843078" lon="121.63279294967651">
        <ele>53.0</ele>
      </trkpt>
      <trkpt lat="25.007972717285156" lon="121.63255683146417">
        <ele>53.0</ele>
      </trkpt>
      <trkpt lat="25.007736599072814" lon="121.63229942321777">
        <ele>53.0</ele>
      </trkpt>
      <trkpt lat="25.00758647918701" lon="121.63217067718506">
        <ele>53.0</ele>
      </trkpt>
      <trkpt lat="25.007436191663146" lon="121.63206330500543">
        <ele>53.0</ele>
      </trkpt>
      <trkpt lat="25.006213188171387" lon="121.6313552018255">
        <ele>53.0</ele>
      </trkpt>
      <trkpt lat="25.005955696105957" lon="121.63122645579278">
        <ele>53.0</ele>
      </trkpt>
      <trkpt lat="25.00589140690863" lon="121.63118362426758">
        <ele>53.0</ele>
      </trkpt>
      <trkpt lat="25.00563383102417" lon="121.63103333674371">
        <ele>53.0</ele>
      </trkpt>
      <trkpt lat="25.005354965105653" lon="121.63086175918579">
        <ele>53.0</ele>
      </trkpt>
      <trkpt lat="25.00514030456543" lon="121.63071147166193">
        <ele>53.0</ele>
      </trkpt>
      <trkpt lat="25.00486135482788" lon="121.63047552108765">
        <ele>53.0</ele>
      </trkpt>
      <trkpt lat="25.0045823212713" lon="121.63013211451471">
        <ele>53.0</ele>
      </trkpt>
      <trkpt lat="25.003960132598877" lon="121.62938117980957">
        <ele>53.0</ele>
      </trkpt>
      <trkpt lat="25.003788471221924" lon="121.62916660308838">
        <ele>53.0</ele>
      </trkpt>
      <trkpt lat="25.00288724899292" lon="121.62807217799127">
        <ele>53.0</ele>
      </trkpt>
      <trkpt lat="25.002887165173888" lon="121.62807217799127">
        <ele>53.0</ele>
      </trkpt>
      <trkpt lat="25.00260829925537" lon="121.6277289390564">
        <ele>53.0</ele>
      </trkpt>
      <trkpt lat="25.002243518829346" lon="121.62727824412286">
        <ele>52.0</ele>
      </trkpt>
      <trkpt lat="25.00207177363336" lon="121.62704229354858">
        <ele>52.0</ele>
      </trkpt>
      <trkpt lat="25.00192173756659" lon="121.62674188613892">
        <ele>51.0</ele>
      </trkpt>
      <trkpt lat="25.00192165374756" lon="121.62674188613892">
        <ele>51.0</ele>
      </trkpt>
      <trkpt lat="25.001749908551574" lon="121.62639856338501">
        <ele>50.0</ele>
      </trkpt>
      <trkpt lat="25.00136367045343" lon="121.62521839141846">
        <ele>50.0</ele>
      </trkpt>
      <trkpt lat="25.000827312469482" lon="121.62405959330499">
        <ele>49.0</ele>
      </trkpt>
      <trkpt lat="25.000741481781006" lon="121.62382355891168">
        <ele>48.0</ele>
      </trkpt>
      <trkpt lat="25.00063410960138" lon="121.62356615066528">
        <ele>47.0</ele>
      </trkpt>
      <trkpt lat="25.000505447387695" lon="121.62317991256714">
        <ele>46.0</ele>
      </trkpt>
      <trkpt lat="25.000269329175353" lon="121.62214994430542">
        <ele>46.0</ele>
      </trkpt>
      <trkpt lat="25.00011920928955" lon="121.62142029963434">
        <ele>45.0</ele>
      </trkpt>
      <trkpt lat="24.999797344207764" lon="121.61996126174927">
        <ele>44.0</ele>
      </trkpt>
      <trkpt lat="24.99943256378174" lon="121.6184591408819">
        <ele>43.0</ele>
      </trkpt>
      <trkpt lat="24.999432479962707" lon="121.6184591408819">
        <ele>43.0</ele>
      </trkpt>
      <trkpt lat="24.999303817749023" lon="121.61800861358643">
        <ele>42.0</ele>
      </trkpt>
      <trkpt lat="24.99889620579779" lon="121.61639928817749">
        <ele>41.0</ele>
      </trkpt>
      <trkpt lat="24.99889612197876" lon="121.61639928817749">
        <ele>40.0</ele>
      </trkpt>
      <trkpt lat="24.99870308674872" lon="121.61562672816217">
        <ele>40.0</ele>
      </trkpt>
      <trkpt lat="24.998703002929688" lon="121.61562672816217">
        <ele>39.0</ele>
      </trkpt>
      <trkpt lat="24.998273933306336" lon="121.61399594508111">
        <ele>38.0</ele>
      </trkpt>
      <trkpt lat="24.998273849487305" lon="121.61399594508111">
        <ele>38.0</ele>
      </trkpt>
      <trkpt lat="24.99816656112671" lon="121.61337375640869">
        <ele>37.0</ele>
      </trkpt>
      <trkpt lat="24.99812356196344" lon="121.61296606063843">
        <ele>37.0</ele>
      </trkpt>
      <trkpt lat="24.998102271929383" lon="121.61232224665582">
        <ele>37.0</ele>
      </trkpt>
      <trkpt lat="24.99812356196344" lon="121.61189309321344">
        <ele>36.0</ele>
      </trkpt>
      <trkpt lat="24.99816656112671" lon="121.6113995667547">
        <ele>36.0</ele>
      </trkpt>
      <trkpt lat="24.998445510864258" lon="121.60974732600152">
        <ele>36.0</ele>
      </trkpt>
      <trkpt lat="24.99861717224121" lon="121.60873881541193">
        <ele>36.0</ele>
      </trkpt>
      <trkpt lat="24.99863862991333" lon="121.60863152705133">
        <ele>36.0</ele>
      </trkpt>
      <trkpt lat="24.9986816290766" lon="121.60824528895319">
        <ele>35.0</ele>
      </trkpt>
      <trkpt lat="24.99868154525757" lon="121.60815945826471">
        <ele>35.0</ele>
      </trkpt>
      <trkpt lat="24.998724460601807" lon="121.60745135508478">
        <ele>35.0</ele>
      </trkpt>
      <trkpt lat="24.998745918273926" lon="121.60687208175659">
        <ele>35.0</ele>
      </trkpt>
      <trkpt lat="24.998767375946045" lon="121.60635709762573">
        <ele>35.0</ele>
      </trkpt>
      <trkpt lat="24.99885312281549" lon="121.6057991143316">
        <ele>35.0</ele>
      </trkpt>
      <trkpt lat="24.998960494995117" lon="121.60528421401978">
        <ele>35.0</ele>
      </trkpt>
      <trkpt lat="24.999110782518983" lon="121.604790603742">
        <ele>35.0</ele>
      </trkpt>
      <trkpt lat="24.99911069869995" lon="121.604790603742">
        <ele>36.0</ele>
      </trkpt>
      <trkpt lat="24.999282360076904" lon="121.60429707728326">
        <ele>35.0</ele>
      </trkpt>
      <trkpt lat="24.99943256378174" lon="121.60391083918512">
        <ele>36.0</ele>
      </trkpt>
      <trkpt lat="24.999432479962707" lon="121.60391083918512">
        <ele>36.0</ele>
      </trkpt>
      <trkpt lat="24.999647056683898" lon="121.603524684906">
        <ele>36.0</ele>
      </trkpt>
      <trkpt lat="24.99986163340509" lon="121.60324573516846">
        <ele>36.0</ele>
      </trkpt>
      <trkpt lat="25.00005475245416" lon="121.602988159284">
        <ele>36.0</ele>
      </trkpt>
      <trkpt lat="25.000462448224425" lon="121.60260192118585">
        <ele>36.0</ele>
      </trkpt>
      <trkpt lat="25.000677024945617" lon="121.60236588679254">
        <ele>36.0</ele>
      </trkpt>
      <trkpt lat="25.00084868632257" lon="121.60215131007135">
        <ele>36.0</ele>
      </trkpt>
      <trkpt lat="25.00106326304376" lon="121.6018295288086">
        <ele>36.0</ele>
      </trkpt>
      <trkpt lat="25.00190019607544" lon="121.60034886561334">
        <ele>35.0</ele>
      </trkpt>
      <trkpt lat="25.001964485272765" lon="121.60024157725275">
        <ele>35.0</ele>
      </trkpt>
      <trkpt lat="25.00205031596124" lon="121.60002700053155">
        <ele>34.0</ele>
      </trkpt>
      <trkpt lat="25.002179061993957" lon="121.5999626275152">
        <ele>34.0</ele>
      </trkpt>
      <trkpt lat="25.002264892682433" lon="121.5998553391546">
        <ele>33.0</ele>
      </trkpt>
      <trkpt lat="25.002286350354552" lon="121.599748050794">
        <ele>33.0</ele>
      </trkpt>
      <trkpt lat="25.002286434173584" lon="121.5995979309082">
        <ele>32.0</ele>
      </trkpt>
      <trkpt lat="25.00222214497626" lon="121.59908294677734">
        <ele>32.0</ele>
      </trkpt>
      <trkpt lat="25.002200603485107" lon="121.59878253936768">
        <ele>31.0</ele>
      </trkpt>
      <trkpt lat="25.002222061157227" lon="121.5985894203186">
        <ele>31.0</ele>
      </trkpt>
      <trkpt lat="25.0025653000921" lon="121.59790269099176">
        <ele>31.0</ele>
      </trkpt>
      <trkpt lat="25.00265121459961" lon="121.5976881980896">
        <ele>30.0</ele>
      </trkpt>
      <trkpt lat="25.002672588452697" lon="121.59747362136841">
        <ele>30.0</ele>
      </trkpt>
      <trkpt lat="25.002672588452697" lon="121.59736633300781">
        <ele>29.0</ele>
      </trkpt>
      <trkpt lat="25.002672588452697" lon="121.59728050231934">
        <ele>29.0</ele>
      </trkpt>
      <trkpt lat="25.00262975692749" lon="121.59710875712335">
        <ele>28.0</ele>
      </trkpt>
      <trkpt lat="25.002543926239014" lon="121.59693717956543">
        <ele>28.0</ele>
      </trkpt>
      <trkpt lat="25.002500927075744" lon="121.59685134887695">
        <ele>27.0</ele>
      </trkpt>
      <trkpt lat="25.00235080718994" lon="121.5966796875">
        <ele>27.0</ele>
      </trkpt>
      <trkpt lat="25.002264892682433" lon="121.59663677215576">
        <ele>26.0</ele>
      </trkpt>
      <trkpt lat="25.00209323130548" lon="121.59655094146729">
        <ele>26.0</ele>
      </trkpt>
      <trkpt lat="25.001277839764953" lon="121.59635782241821">
        <ele>26.0</ele>
      </trkpt>
      <trkpt lat="25.001492500305176" lon="121.59579983912408">
        <ele>26.0</ele>
      </trkpt>
      <trkpt lat="25.001707077026367" lon="121.59494161605835">
        <ele>26.0</ele>
      </trkpt>
      <trkpt lat="25.00157824717462" lon="121.59485578536987">
        <ele>26.0</ele>
      </trkpt>
      <trkpt lat="25.001063346862793" lon="121.59474849700928">
        <ele>26.0</ele>
      </trkpt>
      <trkpt lat="25.00106326304376" lon="121.59474849700928">
        <ele>25.0</ele>
      </trkpt>
      <trkpt lat="24.999518478289247" lon="121.59440517425537">
        <ele>25.0</ele>
      </trkpt>
      <trkpt lat="24.999518310651183" lon="121.59440517425537">
        <ele>25.0</ele>
      </trkpt>
      <trkpt lat="24.99891766346991" lon="121.59427634440362">
        <ele>24.0</ele>
      </trkpt>
      <trkpt lat="24.998724376782775" lon="121.59423351287842">
        <ele>24.0</ele>
      </trkpt>
      <trkpt lat="24.998488426208496" lon="121.59412622451782">
        <ele>24.0</ele>
      </trkpt>
      <trkpt lat="24.99831668101251" lon="121.59399747848511">
        <ele>24.0</ele>
      </trkpt>
      <trkpt lat="24.998230850324035" lon="121.59391164779663">
        <ele>24.0</ele>
      </trkpt>
      <trkpt lat="24.998080730438232" lon="121.59371852874756">
        <ele>24.0</ele>
      </trkpt>
      <trkpt lat="24.998037731274962" lon="121.59361124038696">
        <ele>24.0</ele>
      </trkpt>
      <trkpt lat="24.997994899749756" lon="121.5934609528631">
        <ele>25.0</ele>
      </trkpt>
      <trkpt lat="24.997973442077637" lon="121.59322500228882">
        <ele>25.0</ele>
      </trkpt>
      <trkpt lat="24.998016273602843" lon="121.59296742640436">
        <ele>25.0</ele>
      </trkpt>
      <trkpt lat="24.998037731274962" lon="121.59286013804376">
        <ele>26.0</ele>
      </trkpt>
      <trkpt lat="24.998145019635558" lon="121.59266701899469">
        <ele>26.0</ele>
      </trkpt>
      <trkpt lat="24.998982036486268" lon="121.59168004989624">
        <ele>27.0</ele>
      </trkpt>
      <trkpt lat="24.99947556294501" lon="121.59110069274902">
        <ele>27.0</ele>
      </trkpt>
      <trkpt lat="25.000526988878846" lon="121.58985614776611">
        <ele>28.0</ele>
      </trkpt>
      <trkpt lat="25.001084804534912" lon="121.58921233378351">
        <ele>28.0</ele>
      </trkpt>
      <trkpt lat="25.00138521194458" lon="121.58889046870172">
        <ele>29.0</ele>
      </trkpt>
      <trkpt lat="25.001535415649414" lon="121.58874034881592">
        <ele>29.0</ele>
      </trkpt>
      <trkpt lat="25.00280133448541" lon="121.58758155070245">
        <ele>30.0</ele>
      </trkpt>
      <trkpt lat="25.00293024815619" lon="121.58743143081665">
        <ele>30.0</ele>
      </trkpt>
      <trkpt lat="25.002994453534484" lon="121.58734560012817">
        <ele>31.0</ele>
      </trkpt>
      <trkpt lat="25.00310174189508" lon="121.58710948191583">
        <ele>31.0</ele>
      </trkpt>
      <trkpt lat="25.00314474105835" lon="121.58693790435791">
        <ele>31.0</ele>
      </trkpt>
      <trkpt lat="25.0031662825495" lon="121.58655166625977">
        <ele>31.0</ele>
      </trkpt>
      <trkpt lat="25.003166114911437" lon="121.58577910624444">
        <ele>32.0</ele>
      </trkpt>
      <trkpt lat="25.00314482487738" lon="121.58522129058838">
        <ele>31.0</ele>
      </trkpt>
      <trkpt lat="25.00310182571411" lon="121.58481359481812">
        <ele>31.0</ele>
      </trkpt>
      <trkpt lat="25.002973079681396" lon="121.58399820327759">
        <ele>31.0</ele>
      </trkpt>
      <trkpt lat="25.00295170582831" lon="121.58391237258911">
        <ele>31.0</ele>
      </trkpt>
      <trkpt lat="25.002779960632324" lon="121.58320426940918">
        <ele>31.0</ele>
      </trkpt>
      <trkpt lat="25.002586841583252" lon="121.58251754008234">
        <ele>31.0</ele>
      </trkpt>
      <trkpt lat="25.00258675776422" lon="121.58251754008234">
        <ele>31.0</ele>
      </trkpt>
      <trkpt lat="25.00245817936957" lon="121.58210984431207">
        <ele>31.0</ele>
      </trkpt>
      <trkpt lat="25.002307891845703" lon="121.5816593170166">
        <ele>30.0</ele>
      </trkpt>
      <trkpt lat="25.00222214497626" lon="121.58140174113214">
        <ele>30.0</ele>
      </trkpt>
      <trkpt lat="25.002050483599305" lon="121.58103704452515">
        <ele>30.0</ele>
      </trkpt>
      <trkpt lat="25.002007568255067" lon="121.58095121383667">
        <ele>30.0</ele>
      </trkpt>
      <trkpt lat="25.00194319523871" lon="121.58084392547607">
        <ele>30.0</ele>
      </trkpt>
      <trkpt lat="25.001492500305176" lon="121.5800069924444">
        <ele>30.0</ele>
      </trkpt>
      <trkpt lat="25.00056973658502" lon="121.57814025878906">
        <ele>29.0</ele>
      </trkpt>
      <trkpt lat="25.000462448224425" lon="121.5778398513794">
        <ele>29.0</ele>
      </trkpt>
      <trkpt lat="25.000333869829774" lon="121.57734624110162">
        <ele>28.0</ele>
      </trkpt>
      <trkpt lat="25.000226413831115" lon="121.57691717147827">
        <ele>28.0</ele>
      </trkpt>
      <trkpt lat="25.000183582305908" lon="121.5767668839544">
        <ele>28.0</ele>
      </trkpt>
      <trkpt lat="25.000097835436463" lon="121.57644501887262">
        <ele>28.0</ele>
      </trkpt>
      <trkpt lat="24.999926006421447" lon="121.57584420405328">
        <ele>27.0</ele>
      </trkpt>
      <trkpt lat="24.99986163340509" lon="121.57573691569269">
        <ele>27.0</ele>
      </trkpt>
      <trkpt lat="24.999775886535645" lon="121.57565108500421">
        <ele>27.0</ele>
      </trkpt>
      <trkpt lat="24.999518478289247" lon="121.57547950744629">
        <ele>27.0</ele>
      </trkpt>
      <trkpt lat="24.999239444732666" lon="121.57532921992242">
        <ele>27.0</ele>
      </trkpt>
      <trkpt lat="24.999239360913634" lon="121.57532921992242">
        <ele>26.0</ele>
      </trkpt>
      <trkpt lat="24.99866008758545" lon="121.57496452331543">
        <ele>26.0</ele>
      </trkpt>
      <trkpt lat="24.998466968536377" lon="121.57481423579156">
        <ele>26.0</ele>
      </trkpt>
      <trkpt lat="24.998230850324035" lon="121.57455682754517">
        <ele>26.0</ele>
      </trkpt>
      <trkpt lat="24.997823238372803" lon="121.57410613261163">
        <ele>25.0</ele>
      </trkpt>
      <trkpt lat="24.997479999437928" lon="121.5737413521856">
        <ele>25.0</ele>
      </trkpt>
      <trkpt lat="24.997286880388856" lon="121.5735053177923">
        <ele>25.0</ele>
      </trkpt>
      <trkpt lat="24.99614953994751" lon="121.57221785746515">
        <ele>25.0</ele>
      </trkpt>
      <trkpt lat="24.996042251586914" lon="121.57211056910455">
        <ele>25.0</ele>
      </trkpt>
      <trkpt lat="24.99589204788208" lon="121.57200328074396">
        <ele>25.0</ele>
      </trkpt>
      <trkpt lat="24.995741844177246" lon="121.57193899154663">
        <ele>25.0</ele>
      </trkpt>
      <trkpt lat="24.995398437604308" lon="121.57178870402277">
        <ele>25.0</ele>
      </trkpt>
      <trkpt lat="24.99492645263672" lon="121.57172441482544">
        <ele>25.0</ele>
      </trkpt>
      <trkpt lat="24.994304180145264" lon="121.57159558497369">
        <ele>26.0</ele>
      </trkpt>
      <trkpt lat="24.994068145751953" lon="121.57155275344849">
        <ele>26.0</ele>
      </trkpt>
      <trkpt lat="24.993338668718934" lon="121.57140246592462">
        <ele>26.0</ele>
      </trkpt>
      <trkpt lat="24.993081092834473" lon="121.57135963439941">
        <ele>27.0</ele>
      </trkpt>
      <trkpt lat="24.993016803637147" lon="121.5713381767273">
        <ele>27.0</ele>
      </trkpt>
      <trkpt lat="24.992458820343018" lon="121.5712308883667">
        <ele>27.0</ele>
      </trkpt>
      <trkpt lat="24.991729175671935" lon="121.57108060084283">
        <ele>27.0</ele>
      </trkpt>
      <trkpt lat="24.99172934331" lon="121.56979314051569">
        <ele>28.0</ele>
      </trkpt>
      <trkpt lat="24.991707801818848" lon="121.56923532485962">
        <ele>28.0</ele>
      </trkpt>
      <trkpt lat="24.99162188731134" lon="121.56874171458185">
        <ele>28.0</ele>
      </trkpt>
      <trkpt lat="24.991493308916688" lon="121.5683126449585">
        <ele>28.0</ele>
      </trkpt>
      <trkpt lat="24.991493225097656" lon="121.5683126449585">
        <ele>28.0</ele>
      </trkpt>
      <trkpt lat="24.99136439524591" lon="121.56781911849976">
        <ele>28.0</ele>
      </trkpt>
      <trkpt lat="24.991257106885314" lon="121.5675615426153">
        <ele>28.0</ele>
      </trkpt>
      <trkpt lat="24.991042613983154" lon="121.56706809997559">
        <ele>28.0</ele>
      </trkpt>
      <trkpt lat="24.990720748901367" lon="121.56653157435358">
        <ele>29.0</ele>
      </trkpt>
      <trkpt lat="24.990720665082335" lon="121.56653157435358">
        <ele>29.0</ele>
      </trkpt>
      <trkpt lat="24.99065637588501" lon="121.5664457436651">
        <ele>29.0</ele>
      </trkpt>
      <trkpt lat="24.990334510803223" lon="121.56590930186212">
        <ele>28.0</ele>
      </trkpt>
      <trkpt lat="24.99033442698419" lon="121.56590930186212">
        <ele>28.0</ele>
      </trkpt>
      <trkpt lat="24.989969730377197" lon="121.5652871131897">
        <ele>27.0</ele>
      </trkpt>
      <trkpt lat="24.989798152819276" lon="121.56492224894464">
        <ele>27.0</ele>
      </trkpt>
      <trkpt lat="24.989797985181212" lon="121.56492224894464">
        <ele>26.0</ele>
      </trkpt>
      <trkpt lat="24.98962640762329" lon="121.56449309550226">
        <ele>26.0</ele>
      </trkpt>
      <trkpt lat="24.98962632380426" lon="121.56449309550226">
        <ele>25.0</ele>
      </trkpt>
      <trkpt lat="24.98945483006537" lon="121.564085399732">
        <ele>25.0</ele>
      </trkpt>
      <trkpt lat="24.9891544226557" lon="121.5633129235357">
        <ele>24.0</ele>
      </trkpt>
      <trkpt lat="24.98908988200128" lon="121.56314134597778">
        <ele>24.0</ele>
      </trkpt>
      <trkpt lat="24.989047050476074" lon="121.56299105845392">
        <ele>23.0</ele>
      </trkpt>
      <trkpt lat="24.989004051312804" lon="121.5627121925354">
        <ele>23.0</ele>
      </trkpt>
      <trkpt lat="24.98889684677124" lon="121.56176797114313">
        <ele>23.0</ele>
      </trkpt>
      <trkpt lat="24.988832473754883" lon="121.56114569865167">
        <ele>23.0</ele>
      </trkpt>
      <trkpt lat="24.988811016082764" lon="121.5609525796026">
        <ele>22.0</ele>
      </trkpt>
      <trkpt lat="24.988789642229676" lon="121.56065217219293">
        <ele>22.0</ele>
      </trkpt>
      <trkpt lat="24.988789474591613" lon="121.56065217219293">
        <ele>22.0</ele>
      </trkpt>
      <trkpt lat="24.988789642229676" lon="121.56018018722534">
        <ele>22.0</ele>
      </trkpt>
      <trkpt lat="24.988789642229676" lon="121.56007281504571">
        <ele>22.0</ele>
      </trkpt>
      <trkpt lat="24.988789642229676" lon="121.55900001525879">
        <ele>22.0</ele>
      </trkpt>
      <trkpt lat="24.988789642229676" lon="121.55812016688287">
        <ele>22.0</ele>
      </trkpt>
      <trkpt lat="24.988789474591613" lon="121.55812016688287">
        <ele>22.0</ele>
      </trkpt>
      <trkpt lat="24.988768100738525" lon="121.55771247111261">
        <ele>22.0</ele>
      </trkpt>
      <trkpt lat="24.988725185394287" lon="121.55754080973566">
        <ele>22.0</ele>
      </trkpt>
      <trkpt lat="24.988532066345215" lon="121.55659667216241">
        <ele>22.0</ele>
      </trkpt>
      <trkpt lat="24.98846777714789" lon="121.55623197555542">
        <ele>22.0</ele>
      </trkpt>
      <trkpt lat="24.988360488787293" lon="121.55573844909668">
        <ele>23.0</ele>
      </trkpt>
      <trkpt lat="24.988231658935547" lon="121.55507317744195">
        <ele>23.0</ele>
      </trkpt>
      <trkpt lat="24.98816736973822" lon="121.55477277003229">
        <ele>23.0</ele>
      </trkpt>
      <trkpt lat="24.988145912066102" lon="121.55453681945801">
        <ele>24.0</ele>
      </trkpt>
      <trkpt lat="24.988145912066102" lon="121.55432224273682">
        <ele>24.0</ele>
      </trkpt>
      <trkpt lat="24.98812437057495" lon="121.55419341288507">
        <ele>24.0</ele>
      </trkpt>
      <trkpt lat="24.98812437057495" lon="121.55404329299927">
        <ele>24.0</ele>
      </trkpt>
      <trkpt lat="24.988102912902832" lon="121.55380725860596">
        <ele>25.0</ele>
      </trkpt>
      <trkpt lat="24.9881028290838" lon="121.55380725860596">
        <ele>25.0</ele>
      </trkpt>
      <trkpt lat="24.987995624542236" lon="121.55305615626276">
        <ele>25.0</ele>
      </trkpt>
      <trkpt lat="24.987845504656434" lon="121.55232667922974">
        <ele>25.0</ele>
      </trkpt>
      <trkpt lat="24.987845420837402" lon="121.55232667922974">
        <ele>25.0</ele>
      </trkpt>
      <trkpt lat="24.987823963165283" lon="121.55209064483643">
        <ele>25.0</ele>
      </trkpt>
      <trkpt lat="24.987716674804688" lon="121.5513180848211">
        <ele>25.0</ele>
      </trkpt>
      <trkpt lat="24.987652385607362" lon="121.55095330439508">
        <ele>25.0</ele>
      </trkpt>
      <trkpt lat="24.98765230178833" lon="121.55095330439508">
        <ele>25.0</ele>
      </trkpt>
      <trkpt lat="24.987523555755615" lon="121.5501594543457">
        <ele>25.0</ele>
      </trkpt>
      <trkpt lat="24.98745926655829" lon="121.54985904693604">
        <ele>25.0</ele>
      </trkpt>
      <trkpt lat="24.987373435869813" lon="121.54938697814941">
        <ele>25.0</ele>
      </trkpt>
      <trkpt lat="24.987308979034424" lon="121.54895782470703">
        <ele>25.0</ele>
      </trkpt>
      <trkpt lat="24.987266147509217" lon="121.54876470565796">
        <ele>24.0</ele>
      </trkpt>
      <trkpt lat="24.987223148345947" lon="121.54848567210138">
        <ele>24.0</ele>
      </trkpt>
      <trkpt lat="24.98718023300171" lon="121.5482497215271">
        <ele>24.0</ele>
      </trkpt>
      <trkpt lat="24.987094402313232" lon="121.54769173823297">
        <ele>23.0</ele>
      </trkpt>
      <trkpt lat="24.987051570788026" lon="121.5474986191839">
        <ele>22.0</ele>
      </trkpt>
      <trkpt lat="24.987030113115907" lon="121.5472840424627">
        <ele>22.0</ele>
      </trkpt>
      <trkpt lat="24.98694428242743" lon="121.54689780436456">
        <ele>21.0</ele>
      </trkpt>
      <trkpt lat="24.98690128326416" lon="121.54666176997125">
        <ele>20.0</ele>
      </trkpt>
      <trkpt lat="24.986858451738954" lon="121.54640427790582">
        <ele>20.0</ele>
      </trkpt>
      <trkpt lat="24.986793994903564" lon="121.54597512446344">
        <ele>19.0</ele>
      </trkpt>
      <trkpt lat="24.986772453412414" lon="121.54576054774225">
        <ele>19.0</ele>
      </trkpt>
      <trkpt lat="24.986772453412414" lon="121.5453743096441">
        <ele>18.0</ele>
      </trkpt>
      <trkpt lat="24.986772537231445" lon="121.54507390223444">
        <ele>18.0</ele>
      </trkpt>
      <trkpt lat="24.986751163378358" lon="121.54408693313599">
        <ele>18.0</ele>
      </trkpt>
      <trkpt lat="24.986751079559326" lon="121.54408693313599">
        <ele>18.0</ele>
      </trkpt>
      <trkpt lat="24.986708164215088" lon="121.54267072677612">
        <ele>18.0</ele>
      </trkpt>
      <trkpt lat="24.986708164215088" lon="121.5421986579895">
        <ele>19.0</ele>
      </trkpt>
      <trkpt lat="24.986708164215088" lon="121.54198408126831">
        <ele>19.0</ele>
      </trkpt>
    </trkseg>
  </trk>
</gpx>
