<?xml version="1.0" encoding="UTF-8"?>
<gpx creator="Garmin Connect" version="1.1"
  xsi:schemaLocation="http://www.topografix.com/GPX/1/1 http://www.topografix.com/GPX/11.xsd"
  xmlns:ns3="http://www.garmin.com/xmlschemas/TrackPointExtension/v1"
  xmlns="http://www.topografix.com/GPX/1/1"
  xmlns:xsi="http://www.w3.org/2001/XMLSchema-instance" xmlns:ns2="http://www.garmin.com/xmlschemas/GpxExtensions/v3">
  <metadata>
    <name>106-北47-台9</name>
    <link href="connect.garmin.com">
      <text>Garmin Connect</text>
    </link>
    <time>2026-09-27T08:53:19.000Z</time>
  </metadata>
  <trk>
    <name>106-北47-台9</name>
    <trkseg>
      <trkpt lat="24.988502310588956" lon="121.53933070600033">
        <ele>15.45</ele>
      </trkpt>
      <trkpt lat="24.988489151000977" lon="121.53945207595825">
        <ele>15.63</ele>
      </trkpt>
      <trkpt lat="24.988467693328857" lon="121.53977394104004">
        <ele>15.83</ele>
      </trkpt>
      <trkpt lat="24.98844623565674" lon="121.5400317683816">
        <ele>16.12</ele>
      </trkpt>
      <trkpt lat="24.98842486180365" lon="121.5402889251709">
        <ele>16.56</ele>
      </trkpt>
      <trkpt lat="24.9884033203125" lon="121.54056821018457">
        <ele>17.12</ele>
      </trkpt>
      <trkpt lat="24.98838186264038" lon="121.540846824646">
        <ele>17.87</ele>
      </trkpt>
      <trkpt lat="24.988274574279785" lon="121.54093265533447">
        <ele>18.33</ele>
      </trkpt>
      <trkpt lat="24.988253116607666" lon="121.54099702835083">
        <ele>18.81</ele>
      </trkpt>
      <trkpt lat="24.988242303952575" lon="121.54128704220057">
        <ele>19.28</ele>
      </trkpt>
      <trkpt lat="24.988231658935547" lon="121.54157638549805">
        <ele>19.51</ele>
      </trkpt>
      <trkpt lat="24.988210201263428" lon="121.54157638549805">
        <ele>19.69</ele>
      </trkpt>
      <trkpt lat="24.98818874359131" lon="121.54157638549805">
        <ele>19.8</ele>
      </trkpt>
      <trkpt lat="24.988177930936217" lon="121.54138293117285">
        <ele>19.92</ele>
      </trkpt>
      <trkpt lat="24.98816728591919" lon="121.5411901473999">
        <ele>20.02</ele>
      </trkpt>
      <trkpt lat="24.988124454393983" lon="121.54114723205566">
        <ele>20.02</ele>
      </trkpt>
      <trkpt lat="24.988138703629375" lon="121.54149097390473">
        <ele>19.88</ele>
      </trkpt>
      <trkpt lat="24.988153036683798" lon="121.54183479957283">
        <ele>19.73</ele>
      </trkpt>
      <trkpt lat="24.98816728591919" lon="121.54217720031738">
        <ele>19.62</ele>
      </trkpt>
      <trkpt lat="24.988210201263428" lon="121.54242061078548">
        <ele>19.52</ele>
      </trkpt>
      <trkpt lat="24.988253200426698" lon="121.54266410507262">
        <ele>19.42</ele>
      </trkpt>
      <trkpt lat="24.988296031951904" lon="121.54290676116943">
        <ele>19.4</ele>
      </trkpt>
      <trkpt lat="24.988349676132202" lon="121.54313223436475">
        <ele>19.47</ele>
      </trkpt>
      <trkpt lat="24.9884033203125" lon="121.54335737228394">
        <ele>19.51</ele>
      </trkpt>
      <trkpt lat="24.9884033203125" lon="121.54344320297241">
        <ele>19.42</ele>
      </trkpt>
      <trkpt lat="24.98837104998529" lon="121.54361503198743">
        <ele>19.12</ele>
      </trkpt>
      <trkpt lat="24.988338947296143" lon="121.54378652572632">
        <ele>18.9</ele>
      </trkpt>
      <trkpt lat="24.988306676968932" lon="121.54397981241345">
        <ele>18.77</ele>
      </trkpt>
      <trkpt lat="24.988274574279785" lon="121.54417276382446">
        <ele>18.68</ele>
      </trkpt>
      <trkpt lat="24.988274658098817" lon="121.54417276382446">
        <ele>18.6</ele>
      </trkpt>
      <trkpt lat="24.98818874359131" lon="121.54438734054565">
        <ele>18.56</ele>
      </trkpt>
      <trkpt lat="24.98812437057495" lon="121.54445171356201">
        <ele>18.51</ele>
      </trkpt>
      <trkpt lat="24.988059997558594" lon="121.54451608657837">
        <ele>18.47</ele>
      </trkpt>
      <trkpt lat="24.987952709197998" lon="121.54455900192261">
        <ele>18.39</ele>
      </trkpt>
      <trkpt lat="24.987770905718207" lon="121.54464449733496">
        <ele>18.58</ele>
      </trkpt>
      <trkpt lat="24.987587928771973" lon="121.54473066329956">
        <ele>18.74</ele>
      </trkpt>
      <trkpt lat="24.98741685412824" lon="121.54479478485882">
        <ele>18.77</ele>
      </trkpt>
      <trkpt lat="24.987244606018066" lon="121.54485940933228">
        <ele>18.74</ele>
      </trkpt>
      <trkpt lat="24.98708409257233" lon="121.54495563358068">
        <ele>18.72</ele>
      </trkpt>
      <trkpt lat="24.98692274093628" lon="121.54505252838135">
        <ele>18.68</ele>
      </trkpt>
      <trkpt lat="24.98692282475531" lon="121.54505252838135">
        <ele>18.71</ele>
      </trkpt>
      <trkpt lat="24.986815452575684" lon="121.54509544372559">
        <ele>18.67</ele>
      </trkpt>
      <trkpt lat="24.986751079559326" lon="121.5451169013977">
        <ele>18.74</ele>
      </trkpt>
      <trkpt lat="24.98666524887085" lon="121.54509544372559">
        <ele>18.87</ele>
      </trkpt>
      <trkpt lat="24.986557960510254" lon="121.54505252838135">
        <ele>19.04</ele>
      </trkpt>
      <trkpt lat="24.986472129821777" lon="121.54503107070923">
        <ele>19.25</ele>
      </trkpt>
      <trkpt lat="24.98619318008423" lon="121.54505252838135">
        <ele>19.8</ele>
      </trkpt>
      <trkpt lat="24.985979441553354" lon="121.54504179954529">
        <ele>20.21</ele>
      </trkpt>
      <trkpt lat="24.985764026641846" lon="121.54503107070923">
        <ele>20.41</ele>
      </trkpt>
      <trkpt lat="24.985592365264893" lon="121.54505252838135">
        <ele>20.49</ele>
      </trkpt>
      <trkpt lat="24.98546370305121" lon="121.54509544372559">
        <ele>20.5</ele>
      </trkpt>
      <trkpt lat="24.985313499346375" lon="121.54509544372559">
        <ele>20.38</ele>
      </trkpt>
      <trkpt lat="24.98503563925624" lon="121.54508471488953">
        <ele>20.15</ele>
      </trkpt>
      <trkpt lat="24.984755516052246" lon="121.54507398605347">
        <ele>19.91</ele>
      </trkpt>
      <trkpt lat="24.984605312347412" lon="121.54509544372559">
        <ele>19.67</ele>
      </trkpt>
      <trkpt lat="24.984455108642578" lon="121.54513835906982">
        <ele>19.48</ele>
      </trkpt>
      <trkpt lat="24.984304988756776" lon="121.54520273208618">
        <ele>19.33</ele>
      </trkpt>
      <trkpt lat="24.984090328216553" lon="121.5453314781189">
        <ele>18.94</ele>
      </trkpt>
      <trkpt lat="24.98399485833943" lon="121.54542694799602">
        <ele>18.65</ele>
      </trkpt>
      <trkpt lat="24.98387575149536" lon="121.54554605484009">
        <ele>18.37</ele>
      </trkpt>
      <trkpt lat="24.983811378479004" lon="121.54563188552856">
        <ele>18.13</ele>
      </trkpt>
      <trkpt lat="24.983725547790527" lon="121.545889377594">
        <ele>18.1</ele>
      </trkpt>
      <trkpt lat="24.9836612585932" lon="121.54606103897095">
        <ele>18.01</ele>
      </trkpt>
      <trkpt lat="24.98363971710205" lon="121.5462327003479">
        <ele>17.8</ele>
      </trkpt>
      <trkpt lat="24.98365044593811" lon="121.54641534201801">
        <ele>17.58</ele>
      </trkpt>
      <trkpt lat="24.98366117477417" lon="121.54659748077393">
        <ele>17.41</ele>
      </trkpt>
      <trkpt lat="24.98369336128235" lon="121.5469251293689">
        <ele>17.25</ele>
      </trkpt>
      <trkpt lat="24.98372563160956" lon="121.54725277796388">
        <ele>17.23</ele>
      </trkpt>
      <trkpt lat="24.98375790193677" lon="121.54758051037788">
        <ele>17.34</ele>
      </trkpt>
      <trkpt lat="24.983790004625916" lon="121.5479063987732">
        <ele>17.25</ele>
      </trkpt>
      <trkpt lat="24.983832836151123" lon="121.54822826385498">
        <ele>17.09</ele>
      </trkpt>
      <trkpt lat="24.98387575149536" lon="121.54839992523193">
        <ele>17.07</ele>
      </trkpt>
      <trkpt lat="24.98394012451172" lon="121.54858239926398">
        <ele>17.15</ele>
      </trkpt>
      <trkpt lat="24.984004497528076" lon="121.54876470565796">
        <ele>17.25</ele>
      </trkpt>
      <trkpt lat="24.984090328216553" lon="121.54900074005127">
        <ele>17.35</ele>
      </trkpt>
      <trkpt lat="24.984197532758117" lon="121.54919377528131">
        <ele>17.45</ele>
      </trkpt>
      <trkpt lat="24.984304904937744" lon="121.54938697814941">
        <ele>17.53</ele>
      </trkpt>
      <trkpt lat="24.984433567151427" lon="121.54956920072436">
        <ele>17.6</ele>
      </trkpt>
      <trkpt lat="24.984562397003174" lon="121.54975175857544">
        <ele>17.69</ele>
      </trkpt>
      <trkpt lat="24.984562480822206" lon="121.54975175857544">
        <ele>17.81</ele>
      </trkpt>
      <trkpt lat="24.984680246561766" lon="121.54989106580615">
        <ele>17.95</ele>
      </trkpt>
      <trkpt lat="24.984798431396484" lon="121.55003070831299">
        <ele>18.1</ele>
      </trkpt>
      <trkpt lat="24.984926842153072" lon="121.55013774521649">
        <ele>18.27</ele>
      </trkpt>
      <trkpt lat="24.985055923461914" lon="121.55024528503418">
        <ele>18.46</ele>
      </trkpt>
      <trkpt lat="24.985291957855225" lon="121.55043840408325">
        <ele>18.61</ele>
      </trkpt>
      <trkpt lat="24.985549449920654" lon="121.55056715011597">
        <ele>18.75</ele>
      </trkpt>
      <trkpt lat="24.985828399658203" lon="121.55065298080444">
        <ele>18.86</ele>
      </trkpt>
      <trkpt lat="24.986042976379395" lon="121.55065298080444">
        <ele>19.06</ele>
      </trkpt>
      <trkpt lat="24.986279010772705" lon="121.5507173538208">
        <ele>19.27</ele>
      </trkpt>
      <trkpt lat="24.98642921447754" lon="121.55076026916504">
        <ele>19.52</ele>
      </trkpt>
      <trkpt lat="24.986493587493896" lon="121.55073881149292">
        <ele>19.76</ele>
      </trkpt>
      <trkpt lat="24.986515045166016" lon="121.55065298080444">
        <ele>20.02</ele>
      </trkpt>
      <trkpt lat="24.986515128985047" lon="121.55065298080444">
        <ele>20.24</ele>
      </trkpt>
      <trkpt lat="24.986579418182373" lon="121.5506100654602">
        <ele>20.5</ele>
      </trkpt>
      <trkpt lat="24.986729621887207" lon="121.55050277709961">
        <ele>20.75</ele>
      </trkpt>
      <trkpt lat="24.98687982559204" lon="121.55048131942749">
        <ele>21.04</ele>
      </trkpt>
      <trkpt lat="24.986965656280518" lon="121.55050277709961">
        <ele>21.29</ele>
      </trkpt>
      <trkpt lat="24.98711585998535" lon="121.55056715011597">
        <ele>21.53</ele>
      </trkpt>
      <trkpt lat="24.987223148345947" lon="121.55069589614868">
        <ele>21.78</ele>
      </trkpt>
      <trkpt lat="24.987266063690186" lon="121.55076026916504">
        <ele>21.98</ele>
      </trkpt>
      <trkpt lat="24.987341165542603" lon="121.55103947035968">
        <ele>22.17</ele>
      </trkpt>
      <trkpt lat="24.98741626739502" lon="121.55131816864014">
        <ele>22.32</ele>
      </trkpt>
      <trkpt lat="24.98743772506714" lon="121.55151128768921">
        <ele>22.46</ele>
      </trkpt>
      <trkpt lat="24.98741626739502" lon="121.55168294906616">
        <ele>22.56</ele>
      </trkpt>
      <trkpt lat="24.98735181055963" lon="121.55185469426215">
        <ele>22.6</ele>
      </trkpt>
      <trkpt lat="24.987287521362305" lon="121.55202627182007">
        <ele>22.5</ele>
      </trkpt>
      <trkpt lat="24.98718023300171" lon="121.55226230621338">
        <ele>22.38</ele>
      </trkpt>
      <trkpt lat="24.98697655275464" lon="121.55249800533056">
        <ele>22.31</ele>
      </trkpt>
      <trkpt lat="24.986772537231445" lon="121.552734375">
        <ele>22.16</ele>
      </trkpt>
      <trkpt lat="24.98662233352661" lon="121.55290603637695">
        <ele>21.96</ele>
      </trkpt>
      <trkpt lat="24.986397614702582" lon="121.55303436331451">
        <ele>21.8</ele>
      </trkpt>
      <trkpt lat="24.98617172241211" lon="121.55316352844238">
        <ele>21.67</ele>
      </trkpt>
      <trkpt lat="24.986011208966374" lon="121.55324902385473">
        <ele>21.51</ele>
      </trkpt>
      <trkpt lat="24.985849857330322" lon="121.55333518981934">
        <ele>21.36</ele>
      </trkpt>
      <trkpt lat="24.985764026641846" lon="121.55337810516357">
        <ele>21.2</ele>
      </trkpt>
      <trkpt lat="24.98553905636072" lon="121.55358153395355">
        <ele>21.03</ele>
      </trkpt>
      <trkpt lat="24.985313415527344" lon="121.55378580093384">
        <ele>20.88</ele>
      </trkpt>
      <trkpt lat="24.98516321182251" lon="121.55389308929443">
        <ele>20.7</ele>
      </trkpt>
      <trkpt lat="24.985013008117676" lon="121.55397891998291">
        <ele>20.5</ele>
      </trkpt>
      <trkpt lat="24.984799101948738" lon="121.55406441539526">
        <ele>20.36</ele>
      </trkpt>
      <trkpt lat="24.984583854675293" lon="121.55415058135986">
        <ele>20.26</ele>
      </trkpt>
      <trkpt lat="24.984476566314697" lon="121.55415058135986">
        <ele>20.17</ele>
      </trkpt>
      <trkpt lat="24.984304904937744" lon="121.55415058135986">
        <ele>20.09</ele>
      </trkpt>
      <trkpt lat="24.98410147614777" lon="121.55410213395953">
        <ele>20.14</ele>
      </trkpt>
      <trkpt lat="24.98389662243426" lon="121.55405335128307">
        <ele>20.18</ele>
      </trkpt>
      <trkpt lat="24.983854293823242" lon="121.55404329299927">
        <ele>20.17</ele>
      </trkpt>
      <trkpt lat="24.98369386419654" lon="121.55398981645703">
        <ele>20.13</ele>
      </trkpt>
      <trkpt lat="24.983532428741455" lon="121.55393600463867">
        <ele>20.04</ele>
      </trkpt>
      <trkpt lat="24.983317852020264" lon="121.55387163162231">
        <ele>20.01</ele>
      </trkpt>
      <trkpt lat="24.983103275299072" lon="121.5538501739502">
        <ele>20.07</ele>
      </trkpt>
      <trkpt lat="24.98282960616052" lon="121.5537859685719">
        <ele>20.16</ele>
      </trkpt>
      <trkpt lat="24.982556020841002" lon="121.55372184701264">
        <ele>20.25</ele>
      </trkpt>
      <trkpt lat="24.982282435521483" lon="121.55365772545338">
        <ele>20.32</ele>
      </trkpt>
      <trkpt lat="24.982008850201964" lon="121.55359360389411">
        <ele>20.45</ele>
      </trkpt>
      <trkpt lat="24.981729984283447" lon="121.55352830886841">
        <ele>20.63</ele>
      </trkpt>
      <trkpt lat="24.9815268907696" lon="121.55350693501532">
        <ele>20.79</ele>
      </trkpt>
      <trkpt lat="24.981322288513184" lon="121.55348539352417">
        <ele>20.89</ele>
      </trkpt>
      <trkpt lat="24.981055157259107" lon="121.55348539352417">
        <ele>21.01</ele>
      </trkpt>
      <trkpt lat="24.980785846710205" lon="121.55348539352417">
        <ele>21.12</ele>
      </trkpt>
      <trkpt lat="24.980614185333252" lon="121.55348539352417">
        <ele>21.19</ele>
      </trkpt>
      <trkpt lat="24.980411091819406" lon="121.55351741239429">
        <ele>21.23</ele>
      </trkpt>
      <trkpt lat="24.98020648956299" lon="121.55354976654053">
        <ele>21.23</ele>
      </trkpt>
      <trkpt lat="24.97990608215332" lon="121.55361413955688">
        <ele>21.2</ele>
      </trkpt>
      <trkpt lat="24.97963727451861" lon="121.55369653366506">
        <ele>21.15</ele>
      </trkpt>
      <trkpt lat="24.97936855070293" lon="121.55377901159227">
        <ele>21.19</ele>
      </trkpt>
      <trkpt lat="24.97909974306822" lon="121.55386148951948">
        <ele>21.19</ele>
      </trkpt>
      <trkpt lat="24.97883101925254" lon="121.55394396744668">
        <ele>21.13</ele>
      </trkpt>
      <trkpt lat="24.978562211617827" lon="121.55402644537389">
        <ele>21.04</ele>
      </trkpt>
      <trkpt lat="24.978293487802148" lon="121.55410883948207">
        <ele>20.99</ele>
      </trkpt>
      <trkpt lat="24.978017807006836" lon="121.5541934967041">
        <ele>20.77</ele>
      </trkpt>
      <trkpt lat="24.977771881967783" lon="121.55427899211645">
        <ele>20.63</ele>
      </trkpt>
      <trkpt lat="24.977524280548096" lon="121.55436515808105">
        <ele>20.48</ele>
      </trkpt>
      <trkpt lat="24.977309703826904" lon="121.55449390411377">
        <ele>20.38</ele>
      </trkpt>
      <trkpt lat="24.97720241546631" lon="121.55460119247437">
        <ele>20.3</ele>
      </trkpt>
      <trkpt lat="24.977009296417236" lon="121.55479431152344">
        <ele>20.16</ele>
      </trkpt>
      <trkpt lat="24.97694492340088" lon="121.55490159988403">
        <ele>20.05</ele>
      </trkpt>
      <trkpt lat="24.97694500721991" lon="121.55490159988403">
        <ele>19.93</ele>
      </trkpt>
      <trkpt lat="24.976816177368164" lon="121.55513763427734">
        <ele>19.88</ele>
      </trkpt>
      <trkpt lat="24.976751804351807" lon="121.55539512634277">
        <ele>19.79</ele>
      </trkpt>
      <trkpt lat="24.976730346679688" lon="121.55550241470337">
        <ele>19.7</ele>
      </trkpt>
      <trkpt lat="24.976730346679688" lon="121.55580282211304">
        <ele>19.58</ele>
      </trkpt>
      <trkpt lat="24.976773345842957" lon="121.55612468719482">
        <ele>19.44</ele>
      </trkpt>
      <trkpt lat="24.976816261187196" lon="121.55636097304523">
        <ele>19.28</ele>
      </trkpt>
      <trkpt lat="24.976859092712402" lon="121.55659675598145">
        <ele>19.07</ele>
      </trkpt>
      <trkpt lat="24.97694500721991" lon="121.5567684173584">
        <ele>18.89</ele>
      </trkpt>
      <trkpt lat="24.977095127105713" lon="121.55696153640747">
        <ele>18.71</ele>
      </trkpt>
      <trkpt lat="24.97718095779419" lon="121.55702590942383">
        <ele>18.58</ele>
      </trkpt>
      <trkpt lat="24.977352619171143" lon="121.55713319778442">
        <ele>18.44</ele>
      </trkpt>
      <trkpt lat="24.977502822875977" lon="121.55717611312866">
        <ele>18.36</ele>
      </trkpt>
      <trkpt lat="24.97750290669501" lon="121.55717611312866">
        <ele>18.28</ele>
      </trkpt>
      <trkpt lat="24.977794932201505" lon="121.55721165239811">
        <ele>18.22</ele>
      </trkpt>
      <trkpt lat="24.978087041527033" lon="121.55724727548659">
        <ele>18.13</ele>
      </trkpt>
      <trkpt lat="24.978382671251893" lon="121.55728340148926">
        <ele>18.08</ele>
      </trkpt>
      <trkpt lat="24.9785428494215" lon="121.55730469152331">
        <ele>18.08</ele>
      </trkpt>
      <trkpt lat="24.97870445251465" lon="121.5573263168335">
        <ele>18.17</ele>
      </trkpt>
      <trkpt lat="24.978854656219482" lon="121.55736923217773">
        <ele>18.22</ele>
      </trkpt>
      <trkpt lat="24.979047775268555" lon="121.55745506286621">
        <ele>18.24</ele>
      </trkpt>
      <trkpt lat="24.97920828871429" lon="121.55756201595068">
        <ele>18.25</ele>
      </trkpt>
      <trkpt lat="24.979369640350342" lon="121.5576696395874">
        <ele>18.24</ele>
      </trkpt>
      <trkpt lat="24.979369724169374" lon="121.5576696395874">
        <ele>18.24</ele>
      </trkpt>
      <trkpt lat="24.979476928710938" lon="121.55773401260376">
        <ele>18.21</ele>
      </trkpt>
      <trkpt lat="24.97968035750091" lon="121.55790525488555">
        <ele>18.13</ele>
      </trkpt>
      <trkpt lat="24.9798846244812" lon="121.55807733535767">
        <ele>18.1</ele>
      </trkpt>
      <trkpt lat="24.97994908131659" lon="121.55816316604614">
        <ele>18.12</ele>
      </trkpt>
      <trkpt lat="24.980013370513916" lon="121.5582275390625">
        <ele>18.14</ele>
      </trkpt>
      <trkpt lat="24.98012065887451" lon="121.55839920043945">
        <ele>18.19</ele>
      </trkpt>
      <trkpt lat="24.98018503189087" lon="121.55859231948853">
        <ele>18.25</ele>
      </trkpt>
      <trkpt lat="24.980227947235107" lon="121.5587748773396">
        <ele>18.26</ele>
      </trkpt>
      <trkpt lat="24.980270862579346" lon="121.55895709991455">
        <ele>18.27</ele>
      </trkpt>
      <trkpt lat="24.980270862579346" lon="121.55904293060303">
        <ele>18.23</ele>
      </trkpt>
      <trkpt lat="24.980270946398377" lon="121.55917167663574">
        <ele>18.12</ele>
      </trkpt>
      <trkpt lat="24.980227947235107" lon="121.55936479568481">
        <ele>17.97</ele>
      </trkpt>
      <trkpt lat="24.980149157345295" lon="121.55966545455158">
        <ele>17.73</ele>
      </trkpt>
      <trkpt lat="24.980070451274514" lon="121.55996619723737">
        <ele>17.58</ele>
      </trkpt>
      <trkpt lat="24.97999199666083" lon="121.56026601791382">
        <ele>17.5</ele>
      </trkpt>
      <trkpt lat="24.979927456006408" lon="121.56049149110913">
        <ele>17.46</ele>
      </trkpt>
      <trkpt lat="24.979863166809082" lon="121.56071662902832">
        <ele>17.38</ele>
      </trkpt>
      <trkpt lat="24.979841709136963" lon="121.56088829040527">
        <ele>17.27</ele>
      </trkpt>
      <trkpt lat="24.979841709136963" lon="121.56123161315918">
        <ele>17.03</ele>
      </trkpt>
      <trkpt lat="24.979863250628114" lon="121.56144618988037">
        <ele>16.85</ele>
      </trkpt>
      <trkpt lat="24.97991689480841" lon="121.56166093423963">
        <ele>16.76</ele>
      </trkpt>
      <trkpt lat="24.979970455169678" lon="121.56187534332275">
        <ele>16.76</ele>
      </trkpt>
      <trkpt lat="24.980034828186035" lon="121.56202554702759">
        <ele>16.75</ele>
      </trkpt>
      <trkpt lat="24.98012065887451" lon="121.56219720840454">
        <ele>16.72</ele>
      </trkpt>
      <trkpt lat="24.98020657338202" lon="121.5623688697815">
        <ele>16.67</ele>
      </trkpt>
      <trkpt lat="24.980335235595703" lon="121.56262636184692">
        <ele>16.63</ele>
      </trkpt>
      <trkpt lat="24.980463981628418" lon="121.56288385391235">
        <ele>16.58</ele>
      </trkpt>
      <trkpt lat="24.980592727661133" lon="121.56314134597778">
        <ele>16.48</ele>
      </trkpt>
      <trkpt lat="24.980592811480165" lon="121.56314134597778">
        <ele>16.45</ele>
      </trkpt>
      <trkpt lat="24.9807274248451" lon="121.56341803260148">
        <ele>16.34</ele>
      </trkpt>
      <trkpt lat="24.980862122029066" lon="121.56369471922517">
        <ele>16.25</ele>
      </trkpt>
      <trkpt lat="24.980996819213033" lon="121.56397140584886">
        <ele>16.24</ele>
      </trkpt>
      <trkpt lat="24.981131432577968" lon="121.56424792483449">
        <ele>16.34</ele>
      </trkpt>
      <trkpt lat="24.98125908896327" lon="121.56451002694666">
        <ele>16.46</ele>
      </trkpt>
      <trkpt lat="24.981386745348573" lon="121.56477212905884">
        <ele>16.5</ele>
      </trkpt>
      <trkpt lat="24.98138666152954" lon="121.56457901000977">
        <ele>16.67</ele>
      </trkpt>
      <trkpt lat="24.981300747022033" lon="121.56432126648724">
        <ele>16.81</ele>
      </trkpt>
      <trkpt lat="24.981215000152588" lon="121.5640640258789">
        <ele>16.91</ele>
      </trkpt>
      <trkpt lat="24.98117216862738" lon="121.56391382217407">
        <ele>17.06</ele>
      </trkpt>
      <trkpt lat="24.98115062713623" lon="121.56378507614136">
        <ele>17.26</ele>
      </trkpt>
      <trkpt lat="24.981064712628722" lon="121.56358106061816">
        <ele>17.47</ele>
      </trkpt>
      <trkpt lat="24.980978965759277" lon="121.5633773803711">
        <ele>17.82</ele>
      </trkpt>
      <trkpt lat="24.98093605041504" lon="121.56320571899414">
        <ele>18.16</ele>
      </trkpt>
      <trkpt lat="24.981064796447754" lon="121.56345893628895">
        <ele>18.32</ele>
      </trkpt>
      <trkpt lat="24.98119354248047" lon="121.56371215358377">
        <ele>18.55</ele>
      </trkpt>
      <trkpt lat="24.981322288513184" lon="121.56396537087858">
        <ele>18.92</ele>
      </trkpt>
      <trkpt lat="24.9814510345459" lon="121.56421858817339">
        <ele>19.33</ele>
      </trkpt>
      <trkpt lat="24.981579780578613" lon="121.56447172164917">
        <ele>19.7</ele>
      </trkpt>
      <trkpt lat="24.98165488243103" lon="121.56463265419006">
        <ele>20.02</ele>
      </trkpt>
      <trkpt lat="24.981729984283447" lon="121.56479358673096">
        <ele>20.35</ele>
      </trkpt>
      <trkpt lat="24.981815814971924" lon="121.56500816345215">
        <ele>20.7</ele>
      </trkpt>
      <trkpt lat="24.981858730316162" lon="121.56526565551758">
        <ele>21.08</ele>
      </trkpt>
      <trkpt lat="24.981858730316162" lon="121.56533539295197">
        <ele>21.46</ele>
      </trkpt>
      <trkpt lat="24.981858814135194" lon="121.5656304359436">
        <ele>21.93</ele>
      </trkpt>
      <trkpt lat="24.981858730316162" lon="121.5656304359436">
        <ele>22.3</ele>
      </trkpt>
      <trkpt lat="24.981837272644043" lon="121.56578063964844">
        <ele>22.71</ele>
      </trkpt>
      <trkpt lat="24.981783544644713" lon="121.56596311368048">
        <ele>23.14</ele>
      </trkpt>
      <trkpt lat="24.98173006810248" lon="121.56614542007446">
        <ele>23.56</ele>
      </trkpt>
      <trkpt lat="24.981622779741883" lon="121.56646728515625">
        <ele>23.93</ele>
      </trkpt>
      <trkpt lat="24.981579780578613" lon="121.56670331954956">
        <ele>24.22</ele>
      </trkpt>
      <trkpt lat="24.981558322906494" lon="121.56693935394287">
        <ele>24.5</ele>
      </trkpt>
      <trkpt lat="24.981579780578613" lon="121.5671968460083">
        <ele>24.8</ele>
      </trkpt>
      <trkpt lat="24.98162269592285" lon="121.56736850738525">
        <ele>25.12</ele>
      </trkpt>
      <trkpt lat="24.98168706893921" lon="121.56762599945068">
        <ele>25.4</ele>
      </trkpt>
      <trkpt lat="24.981772899627686" lon="121.56782993115485">
        <ele>25.65</ele>
      </trkpt>
      <trkpt lat="24.981858814135194" lon="121.56803369522095">
        <ele>25.84</ele>
      </trkpt>
      <trkpt lat="24.98196610249579" lon="121.56823393888772">
        <ele>25.95</ele>
      </trkpt>
      <trkpt lat="24.982073390856385" lon="121.56843418255448">
        <ele>26.05</ele>
      </trkpt>
      <trkpt lat="24.98218067921698" lon="121.56863451004028">
        <ele>26.12</ele>
      </trkpt>
      <trkpt lat="24.98218059539795" lon="121.56863451004028">
        <ele>26.26</ele>
      </trkpt>
      <trkpt lat="24.98218067921698" lon="121.56863451004028">
        <ele>26.12</ele>
      </trkpt>
      <trkpt lat="24.98224505223334" lon="121.568763256073">
        <ele>26.48</ele>
      </trkpt>
      <trkpt lat="24.98218067921698" lon="121.56863451004028">
        <ele>26.12</ele>
      </trkpt>
      <trkpt lat="24.98218059539795" lon="121.56863451004028">
        <ele>26.26</ele>
      </trkpt>
      <trkpt lat="24.98218067921698" lon="121.56863451004028">
        <ele>26.12</ele>
      </trkpt>
      <trkpt lat="24.98224505223334" lon="121.568763256073">
        <ele>26.48</ele>
      </trkpt>
      <trkpt lat="24.98237371444702" lon="121.56899929046631">
        <ele>27.0</ele>
      </trkpt>
      <trkpt lat="24.982470273971558" lon="121.56917086802423">
        <ele>27.17</ele>
      </trkpt>
      <trkpt lat="24.982566917315125" lon="121.56934261322021">
        <ele>27.31</ele>
      </trkpt>
      <trkpt lat="24.982609748840332" lon="121.56940698623657">
        <ele>27.43</ele>
      </trkpt>
      <trkpt lat="24.982724161818624" lon="121.56960722990334">
        <ele>27.61</ele>
      </trkpt>
      <trkpt lat="24.982838574796915" lon="121.56980747357011">
        <ele>27.78</ele>
      </trkpt>
      <trkpt lat="24.98295315541327" lon="121.57000780105591">
        <ele>27.87</ele>
      </trkpt>
      <trkpt lat="24.983146274462342" lon="121.57026529312134">
        <ele>27.91</ele>
      </trkpt>
      <trkpt lat="24.983253479003906" lon="121.57039403915405">
        <ele>27.98</ele>
      </trkpt>
      <trkpt lat="24.98344659805298" lon="121.570565700531">
        <ele>28.03</ele>
      </trkpt>
      <trkpt lat="24.98363921418786" lon="121.57070475630462">
        <ele>28.09</ele>
      </trkpt>
      <trkpt lat="24.983832836151123" lon="121.57084465026855">
        <ele>28.15</ele>
      </trkpt>
      <trkpt lat="24.983982536941767" lon="121.57091950066388">
        <ele>28.23</ele>
      </trkpt>
      <trkpt lat="24.984133327379823" lon="121.57099485397339">
        <ele>28.29</ele>
      </trkpt>
      <trkpt lat="24.984304988756776" lon="121.57105922698975">
        <ele>28.32</ele>
      </trkpt>
      <trkpt lat="24.984465334564447" lon="121.57111261971295">
        <ele>28.38</ele>
      </trkpt>
      <trkpt lat="24.984626853838563" lon="121.57116651535034">
        <ele>28.44</ele>
      </trkpt>
      <trkpt lat="24.984802370890975" lon="121.57119576819241">
        <ele>28.53</ele>
      </trkpt>
      <trkpt lat="24.984884345903993" lon="121.57120943069458">
        <ele>28.57</ele>
      </trkpt>
      <trkpt lat="24.984802370890975" lon="121.57119576819241">
        <ele>28.53</ele>
      </trkpt>
      <trkpt lat="24.984884345903993" lon="121.57120943069458">
        <ele>28.57</ele>
      </trkpt>
      <trkpt lat="24.98494863510132" lon="121.5712308883667">
        <ele>28.58</ele>
      </trkpt>
      <trkpt lat="24.985190788283944" lon="121.57126642763615">
        <ele>28.56</ele>
      </trkpt>
      <trkpt lat="24.9854330252856" lon="121.57130205072463">
        <ele>28.56</ele>
      </trkpt>
      <trkpt lat="24.98567819595337" lon="121.5713381767273">
        <ele>28.52</ele>
      </trkpt>
      <trkpt lat="24.985957145690918" lon="121.57138109207153">
        <ele>28.41</ele>
      </trkpt>
      <trkpt lat="24.98598941601813" lon="121.5710479952395">
        <ele>28.31</ele>
      </trkpt>
      <trkpt lat="24.986021602526307" lon="121.57071590423584">
        <ele>28.21</ele>
      </trkpt>
      <trkpt lat="24.986021518707275" lon="121.57071590423584">
        <ele>28.08</ele>
      </trkpt>
      <trkpt lat="24.98629929497838" lon="121.57071582041681">
        <ele>28.07</ele>
      </trkpt>
      <trkpt lat="24.986579502001405" lon="121.57071590423584">
        <ele>27.96</ele>
      </trkpt>
      <trkpt lat="24.986803885549307" lon="121.57070517539978">
        <ele>27.73</ele>
      </trkpt>
      <trkpt lat="24.987030113115907" lon="121.57069444656372">
        <ele>27.59</ele>
      </trkpt>
      <trkpt lat="24.987272266298532" lon="121.57070148736238">
        <ele>27.39</ele>
      </trkpt>
      <trkpt lat="24.98751441948116" lon="121.57070861198008">
        <ele>27.07</ele>
      </trkpt>
      <trkpt lat="24.987759590148926" lon="121.57071590423584">
        <ele>26.72</ele>
      </trkpt>
      <trkpt lat="24.988015992566943" lon="121.57070517539978">
        <ele>26.3</ele>
      </trkpt>
      <trkpt lat="24.988274658098817" lon="121.57069444656372">
        <ele>25.88</ele>
      </trkpt>
      <trkpt lat="24.988575065508485" lon="121.57069444656372">
        <ele>25.53</ele>
      </trkpt>
      <trkpt lat="24.988789642229676" lon="121.57069444656372">
        <ele>25.26</ele>
      </trkpt>
      <trkpt lat="24.98900329694152" lon="121.57071573659778">
        <ele>25.0</ele>
      </trkpt>
      <trkpt lat="24.98921879567206" lon="121.57073736190796">
        <ele>24.75</ele>
      </trkpt>
      <trkpt lat="24.98946807347238" lon="121.57076577655971">
        <ele>24.54</ele>
      </trkpt>
      <trkpt lat="24.989717351272702" lon="121.5707942750305">
        <ele>24.33</ele>
      </trkpt>
      <trkpt lat="24.989969730377197" lon="121.57082319259644">
        <ele>24.05</ele>
      </trkpt>
      <trkpt lat="24.99020484276116" lon="121.5708730649203">
        <ele>23.81</ele>
      </trkpt>
      <trkpt lat="24.99043995514512" lon="121.57092293724418">
        <ele>23.67</ele>
      </trkpt>
      <trkpt lat="24.99067783355713" lon="121.57097339630127">
        <ele>23.61</ele>
      </trkpt>
      <trkpt lat="24.990955693647265" lon="121.57102678902447">
        <ele>23.52</ele>
      </trkpt>
      <trkpt lat="24.99123581685126" lon="121.57108068466187">
        <ele>23.4</ele>
      </trkpt>
      <trkpt lat="24.991235733032227" lon="121.57108068466187">
        <ele>23.34</ele>
      </trkpt>
      <trkpt lat="24.99143874272704" lon="121.57111270353198">
        <ele>23.35</ele>
      </trkpt>
      <trkpt lat="24.99164342880249" lon="121.57114505767822">
        <ele>23.38</ele>
      </trkpt>
      <trkpt lat="24.99164342880249" lon="121.5714243426919">
        <ele>23.35</ele>
      </trkpt>
      <trkpt lat="24.991643512621522" lon="121.57170295715332">
        <ele>23.15</ele>
      </trkpt>
      <trkpt lat="24.99164342880249" lon="121.57170295715332">
        <ele>23.22</ele>
      </trkpt>
      <trkpt lat="24.99163806438446" lon="121.5720145124942">
        <ele>23.01</ele>
      </trkpt>
      <trkpt lat="24.99163269996643" lon="121.57232606783509">
        <ele>23.16</ele>
      </trkpt>
      <trkpt lat="24.9916273355484" lon="121.57263762317598">
        <ele>23.61</ele>
      </trkpt>
      <trkpt lat="24.991622054949403" lon="121.57294750213623">
        <ele>24.12</ele>
      </trkpt>
      <trkpt lat="24.99162197113037" lon="121.57319460064173">
        <ele>24.45</ele>
      </trkpt>
      <trkpt lat="24.99162197113037" lon="121.57344102859497">
        <ele>24.7</ele>
      </trkpt>
      <trkpt lat="24.99168634414673" lon="121.57367706298828">
        <ele>24.86</ele>
      </trkpt>
      <trkpt lat="24.991992618888617" lon="121.57369835302234">
        <ele>24.89</ele>
      </trkpt>
      <trkpt lat="24.992298977449536" lon="121.57371972687542">
        <ele>25.06</ele>
      </trkpt>
      <trkpt lat="24.992609107866883" lon="121.57374143600464">
        <ele>25.35</ele>
      </trkpt>
      <trkpt lat="24.992918903008103" lon="121.57375208102167">
        <ele>25.51</ele>
      </trkpt>
      <trkpt lat="24.99323138035834" lon="121.57376289367676">
        <ele>25.47</ele>
      </trkpt>
      <trkpt lat="24.99345576390624" lon="121.57378418371081">
        <ele>25.58</ele>
      </trkpt>
      <trkpt lat="24.99368199147284" lon="121.573805809021">
        <ele>25.78</ele>
      </trkpt>
      <trkpt lat="24.99395264312625" lon="121.57383422367275">
        <ele>26.07</ele>
      </trkpt>
      <trkpt lat="24.99422329477966" lon="121.57386272214353">
        <ele>26.25</ele>
      </trkpt>
      <trkpt lat="24.994497299194336" lon="121.57389163970947">
        <ele>26.29</ele>
      </trkpt>
      <trkpt lat="24.994646916165948" lon="121.57395576126873">
        <ele>26.4</ele>
      </trkpt>
      <trkpt lat="24.994797706604004" lon="121.57402038574219">
        <ele>26.49</ele>
      </trkpt>
      <trkpt lat="24.994947910308838" lon="121.57410621643066">
        <ele>26.59</ele>
      </trkpt>
      <trkpt lat="24.995055198669434" lon="121.57423496246338">
        <ele>26.72</ele>
      </trkpt>
      <trkpt lat="24.99515175819397" lon="121.57439581118524">
        <ele>26.83</ele>
      </trkpt>
      <trkpt lat="24.995248401537538" lon="121.57455682754517">
        <ele>26.99</ele>
      </trkpt>
      <trkpt lat="24.99541075900197" lon="121.5748264733702">
        <ele>27.21</ele>
      </trkpt>
      <trkpt lat="24.995573200285435" lon="121.57509611919522">
        <ele>27.38</ele>
      </trkpt>
      <trkpt lat="24.9957356415689" lon="121.57536584883928">
        <ele>27.43</ele>
      </trkpt>
      <trkpt lat="24.995898082852364" lon="121.57563549466431">
        <ele>27.46</ele>
      </trkpt>
      <trkpt lat="24.996060524135828" lon="121.57590522430837">
        <ele>27.63</ele>
      </trkpt>
      <trkpt lat="24.99622288160026" lon="121.5761748701334">
        <ele>27.88</ele>
      </trkpt>
      <trkpt lat="24.996385658159852" lon="121.57644510269165">
        <ele>28.03</ele>
      </trkpt>
      <trkpt lat="24.99654290266335" lon="121.57670963555574">
        <ele>28.04</ele>
      </trkpt>
      <trkpt lat="24.99670023098588" lon="121.57697425223887">
        <ele>27.98</ele>
      </trkpt>
      <trkpt lat="24.99685755930841" lon="121.57723878510296">
        <ele>28.01</ele>
      </trkpt>
      <trkpt lat="24.99701488763094" lon="121.57750340178609">
        <ele>28.09</ele>
      </trkpt>
      <trkpt lat="24.99717221595347" lon="121.57776801846921">
        <ele>28.2</ele>
      </trkpt>
      <trkpt lat="24.997329795733094" lon="121.57803297042847">
        <ele>28.26</ele>
      </trkpt>
      <trkpt lat="24.997329711914062" lon="121.57803297042847">
        <ele>28.31</ele>
      </trkpt>
      <trkpt lat="24.997501289471984" lon="121.57830462791026">
        <ele>28.33</ele>
      </trkpt>
      <trkpt lat="24.997672950848937" lon="121.57857628539205">
        <ele>28.4</ele>
      </trkpt>
      <trkpt lat="24.997844779863954" lon="121.578848361969">
        <ele>28.6</ele>
      </trkpt>
      <trkpt lat="24.997999174520373" lon="121.57910577021539">
        <ele>28.72</ele>
      </trkpt>
      <trkpt lat="24.998153652995825" lon="121.57936317846179">
        <ele>28.7</ele>
      </trkpt>
      <trkpt lat="24.998308131471276" lon="121.57962058670819">
        <ele>28.67</ele>
      </trkpt>
      <trkpt lat="24.998462609946728" lon="121.57987799495459">
        <ele>28.67</ele>
      </trkpt>
      <trkpt lat="24.998617256060243" lon="121.58013582229614">
        <ele>28.69</ele>
      </trkpt>
      <trkpt lat="24.998767375946045" lon="121.58038250170648">
        <ele>28.78</ele>
      </trkpt>
      <trkpt lat="24.99891766346991" lon="121.58062934875488">
        <ele>28.92</ele>
      </trkpt>
      <trkpt lat="24.999014139175415" lon="121.5808009263128">
        <ele>29.07</ele>
      </trkpt>
      <trkpt lat="24.999110782518983" lon="121.58097267150879">
        <ele>29.21</ele>
      </trkpt>
      <trkpt lat="24.99917414970696" lon="121.58107719384134">
        <ele>29.36</ele>
      </trkpt>
      <trkpt lat="24.999340614303946" lon="121.58135136589408">
        <ele>29.42</ele>
      </trkpt>
      <trkpt lat="24.999507078900933" lon="121.58162553794682">
        <ele>29.55</ele>
      </trkpt>
      <trkpt lat="24.99967362731695" lon="121.5818997938186">
        <ele>29.87</ele>
      </trkpt>
      <trkpt lat="24.999840343371034" lon="121.58217430114746">
        <ele>30.17</ele>
      </trkpt>
      <trkpt lat="24.999947547912598" lon="121.5823245048523">
        <ele>30.44</ele>
      </trkpt>
      <trkpt lat="25.000011920928955" lon="121.58251762390137">
        <ele>30.72</ele>
      </trkpt>
      <trkpt lat="25.000033378601074" lon="121.58271099440753">
        <ele>31.02</ele>
      </trkpt>
      <trkpt lat="25.000054920092225" lon="121.58290386199951">
        <ele>31.38</ele>
      </trkpt>
      <trkpt lat="25.000054836273193" lon="121.58290386199951">
        <ele>31.71</ele>
      </trkpt>
      <trkpt lat="25.000076293945312" lon="121.58298969268799">
        <ele>32.04</ele>
      </trkpt>
      <trkpt lat="25.00011920928955" lon="121.58307552337646">
        <ele>32.38</ele>
      </trkpt>
      <trkpt lat="25.000183582305908" lon="121.58318281173706">
        <ele>32.56</ele>
      </trkpt>
      <trkpt lat="25.00011920928955" lon="121.58326864242554">
        <ele>33.35</ele>
      </trkpt>
      <trkpt lat="25.000076293945312" lon="121.58344030380249">
        <ele>34.1</ele>
      </trkpt>
      <trkpt lat="25.000033378601074" lon="121.58371925354004">
        <ele>34.46</ele>
      </trkpt>
      <trkpt lat="25.000033378601074" lon="121.5840196609497">
        <ele>34.62</ele>
      </trkpt>
      <trkpt lat="24.999990379437804" lon="121.58435912802815">
        <ele>34.9</ele>
      </trkpt>
      <trkpt lat="24.999947380274534" lon="121.5846985951066">
        <ele>35.34</ele>
      </trkpt>
      <trkpt lat="24.999904464930296" lon="121.58503806218505">
        <ele>35.52</ele>
      </trkpt>
      <trkpt lat="24.999861465767026" lon="121.5853775292635">
        <ele>35.6</ele>
      </trkpt>
      <trkpt lat="24.999818801879883" lon="121.58571481704712">
        <ele>35.56</ele>
      </trkpt>
      <trkpt lat="24.999754428863525" lon="121.58590793609619">
        <ele>35.63</ele>
      </trkpt>
      <trkpt lat="24.999657785519958" lon="121.58616551198065">
        <ele>35.66</ele>
      </trkpt>
      <trkpt lat="24.999561309814453" lon="121.58642292022705">
        <ele>35.86</ele>
      </trkpt>
      <trkpt lat="24.999539852142334" lon="121.58650875091553">
        <ele>36.02</ele>
      </trkpt>
      <trkpt lat="24.999582851305604" lon="121.5868091583252">
        <ele>36.11</ele>
      </trkpt>
      <trkpt lat="24.999582767486572" lon="121.5868091583252">
        <ele>36.26</ele>
      </trkpt>
      <trkpt lat="24.99966868199408" lon="121.58713102340698">
        <ele>36.49</ele>
      </trkpt>
      <trkpt lat="24.999743783846498" lon="121.5874424111098">
        <ele>36.73</ele>
      </trkpt>
      <trkpt lat="24.999818885698915" lon="121.58775329589844">
        <ele>36.9</ele>
      </trkpt>
      <trkpt lat="24.999861801043153" lon="121.5880537033081">
        <ele>37.05</ele>
      </trkpt>
      <trkpt lat="24.99986171722412" lon="121.5881609916687">
        <ele>37.14</ele>
      </trkpt>
      <trkpt lat="24.999818801879883" lon="121.5882682800293">
        <ele>37.29</ele>
      </trkpt>
      <trkpt lat="24.999775886535645" lon="121.58835411071777">
        <ele>37.51</ele>
      </trkpt>
      <trkpt lat="24.99964722432196" lon="121.58856868743896">
        <ele>37.7</ele>
      </trkpt>
      <trkpt lat="24.99946491792798" lon="121.58880447037518">
        <ele>37.9</ele>
      </trkpt>
      <trkpt lat="24.999282443895936" lon="121.58904075622559">
        <ele>38.26</ele>
      </trkpt>
      <trkpt lat="24.999282360076904" lon="121.58904075622559">
        <ele>38.51</ele>
      </trkpt>
      <trkpt lat="24.99909888021648" lon="121.58928374759853">
        <ele>39.07</ele>
      </trkpt>
      <trkpt lat="24.998915484175086" lon="121.58952673897147">
        <ele>39.49</ele>
      </trkpt>
      <trkpt lat="24.99873200431466" lon="121.58976973034441">
        <ele>39.81</ele>
      </trkpt>
      <trkpt lat="24.998548608273268" lon="121.59001263789833">
        <ele>39.97</ele>
      </trkpt>
      <trkpt lat="24.998365128412843" lon="121.59025562927127">
        <ele>39.76</ele>
      </trkpt>
      <trkpt lat="24.99818173237145" lon="121.59049862064421">
        <ele>39.9</ele>
      </trkpt>
      <trkpt lat="24.997998336330056" lon="121.59074161201715">
        <ele>40.2</ele>
      </trkpt>
      <trkpt lat="24.99781485646963" lon="121.5909846033901">
        <ele>40.63</ele>
      </trkpt>
      <trkpt lat="24.99763011932373" lon="121.59122943878174">
        <ele>40.72</ele>
      </trkpt>
      <trkpt lat="24.997458457946777" lon="121.59140110015869">
        <ele>40.92</ele>
      </trkpt>
      <trkpt lat="24.99729777686298" lon="121.5915509685874">
        <ele>41.18</ele>
      </trkpt>
      <trkpt lat="24.99713659286499" lon="121.59170150756836">
        <ele>41.32</ele>
      </trkpt>
      <trkpt lat="24.996943473815918" lon="121.59193754196167">
        <ele>41.38</ele>
      </trkpt>
      <trkpt lat="24.996836185455322" lon="121.59210911951959">
        <ele>41.25</ele>
      </trkpt>
      <trkpt lat="24.996728897094727" lon="121.59228086471558">
        <ele>41.13</ele>
      </trkpt>
      <trkpt lat="24.99660015106201" lon="121.592538356781">
        <ele>40.94</ele>
      </trkpt>
      <trkpt lat="24.996535778045654" lon="121.59277439117432">
        <ele>40.85</ele>
      </trkpt>
      <trkpt lat="24.996471405029297" lon="121.59301042556763">
        <ele>40.83</ele>
      </trkpt>
      <trkpt lat="24.99640703201294" lon="121.5933108329773">
        <ele>40.52</ele>
      </trkpt>
      <trkpt lat="24.996321201324463" lon="121.59350395202637">
        <ele>40.22</ele>
      </trkpt>
      <trkpt lat="24.996235454455018" lon="121.59369707107544">
        <ele>39.78</ele>
      </trkpt>
      <trkpt lat="24.996213912963867" lon="121.59389019012451">
        <ele>39.34</ele>
      </trkpt>
      <trkpt lat="24.996235370635986" lon="121.59397602081299">
        <ele>38.92</ele>
      </trkpt>
      <trkpt lat="24.996299743652344" lon="121.59408330917358">
        <ele>38.55</ele>
      </trkpt>
      <trkpt lat="24.996492192149162" lon="121.59415807574987">
        <ele>38.17</ele>
      </trkpt>
      <trkpt lat="24.99668598175049" lon="121.59423351287842">
        <ele>37.59</ele>
      </trkpt>
      <trkpt lat="24.996750438585877" lon="121.59429788589478">
        <ele>37.04</ele>
      </trkpt>
      <trkpt lat="24.996750354766846" lon="121.59429788589478">
        <ele>36.44</ele>
      </trkpt>
      <trkpt lat="24.99694313853979" lon="121.59447776153684">
        <ele>35.76</ele>
      </trkpt>
      <trkpt lat="24.997135922312737" lon="121.59465772099793">
        <ele>34.93</ele>
      </trkpt>
      <trkpt lat="24.997328706085682" lon="121.59483759663999">
        <ele>34.13</ele>
      </trkpt>
      <trkpt lat="24.997521489858627" lon="121.59501755610108">
        <ele>33.46</ele>
      </trkpt>
      <trkpt lat="24.99771603383124" lon="121.59519910812378">
        <ele>32.92</ele>
      </trkpt>
      <trkpt lat="24.99790906906128" lon="121.5953278541565">
        <ele>32.24</ele>
      </trkpt>
      <trkpt lat="24.998165722936392" lon="121.59547219052911">
        <ele>31.4</ele>
      </trkpt>
      <trkpt lat="24.998422460630536" lon="121.59561661072075">
        <ele>30.59</ele>
      </trkpt>
      <trkpt lat="24.99867919832468" lon="121.5957610309124">
        <ele>29.82</ele>
      </trkpt>
      <trkpt lat="24.998939037322998" lon="121.59590721130371">
        <ele>29.14</ele>
      </trkpt>
      <trkpt lat="24.99915361404419" lon="121.5960144996643">
        <ele>28.48</ele>
      </trkpt>
      <trkpt lat="24.99943256378174" lon="121.5961217880249">
        <ele>27.83</ele>
      </trkpt>
      <trkpt lat="24.999646302312613" lon="121.5961751807481">
        <ele>27.24</ele>
      </trkpt>
      <trkpt lat="24.99986171722412" lon="121.5962290763855">
        <ele>26.62</ele>
      </trkpt>
      <trkpt lat="25.00016799196601" lon="121.59624324180186">
        <ele>26.14</ele>
      </trkpt>
      <trkpt lat="25.000474266707897" lon="121.59625749103725">
        <ele>25.85</ele>
      </trkpt>
      <trkpt lat="25.000784397125244" lon="121.59627199172974">
        <ele>25.6</ele>
      </trkpt>
      <trkpt lat="25.001030154526234" lon="121.59631465561688">
        <ele>25.39</ele>
      </trkpt>
      <trkpt lat="25.001277923583984" lon="121.59635782241821">
        <ele>25.3</ele>
      </trkpt>
      <trkpt lat="25.001548659056425" lon="121.59642194397748">
        <ele>25.33</ele>
      </trkpt>
      <trkpt lat="25.001819394528866" lon="121.59648606553674">
        <ele>25.21</ele>
      </trkpt>
      <trkpt lat="25.00209331512451" lon="121.59655094146729">
        <ele>25.02</ele>
      </trkpt>
      <trkpt lat="25.002264976501465" lon="121.59663677215576">
        <ele>25.02</ele>
      </trkpt>
      <trkpt lat="25.00235080718994" lon="121.5966796875">
        <ele>25.14</ele>
      </trkpt>
      <trkpt lat="25.002501010894775" lon="121.59685134887695">
        <ele>25.45</ele>
      </trkpt>
      <trkpt lat="25.002543926239014" lon="121.59693717956543">
        <ele>25.8</ele>
      </trkpt>
      <trkpt lat="25.00262975692749" lon="121.59710884094238">
        <ele>26.23</ele>
      </trkpt>
      <trkpt lat="25.00267267227173" lon="121.59728050231934">
        <ele>26.74</ele>
      </trkpt>
      <trkpt lat="25.00267267227173" lon="121.59736633300781">
        <ele>27.29</ele>
      </trkpt>
      <trkpt lat="25.00267267227173" lon="121.59747362136841">
        <ele>27.91</ele>
      </trkpt>
      <trkpt lat="25.00265121459961" lon="121.5976881980896">
        <ele>28.56</ele>
      </trkpt>
      <trkpt lat="25.002565383911133" lon="121.59790277481079">
        <ele>29.2</ele>
      </trkpt>
      <trkpt lat="25.00245088711381" lon="121.5981316845864">
        <ele>29.78</ele>
      </trkpt>
      <trkpt lat="25.002336390316486" lon="121.59836059436202">
        <ele>30.43</ele>
      </trkpt>
      <trkpt lat="25.002222061157227" lon="121.5985894203186">
        <ele>31.18</ele>
      </trkpt>
      <trkpt lat="25.002200603485107" lon="121.59878253936768">
        <ele>31.9</ele>
      </trkpt>
      <trkpt lat="25.00222214497626" lon="121.59908294677734">
        <ele>32.62</ele>
      </trkpt>
      <trkpt lat="25.002254331484437" lon="121.5993407741189">
        <ele>33.43</ele>
      </trkpt>
      <trkpt lat="25.002286434173584" lon="121.5995979309082">
        <ele>34.21</ele>
      </trkpt>
      <trkpt lat="25.002286434173584" lon="121.59974813461304">
        <ele>35.03</ele>
      </trkpt>
      <trkpt lat="25.002264976501465" lon="121.59985542297363">
        <ele>35.9</ele>
      </trkpt>
      <trkpt lat="25.00217914581299" lon="121.59996271133423">
        <ele>36.82</ele>
      </trkpt>
      <trkpt lat="25.002050399780273" lon="121.60002708435059">
        <ele>37.76</ele>
      </trkpt>
      <trkpt lat="25.001964569091797" lon="121.60002708435059">
        <ele>38.68</ele>
      </trkpt>
      <trkpt lat="25.001835823059082" lon="121.60030603408813">
        <ele>39.51</ele>
      </trkpt>
      <trkpt lat="25.001696348190308" lon="121.60055271349847">
        <ele>40.42</ele>
      </trkpt>
      <trkpt lat="25.001556873321533" lon="121.60079947672784">
        <ele>41.33</ele>
      </trkpt>
      <trkpt lat="25.00141739845276" lon="121.60104623995721">
        <ele>42.13</ele>
      </trkpt>
      <trkpt lat="25.001277923583984" lon="121.60129291936755">
        <ele>42.64</ele>
      </trkpt>
      <trkpt lat="25.00113844871521" lon="121.60153968259692">
        <ele>43.16</ele>
      </trkpt>
      <trkpt lat="25.000998973846436" lon="121.60178661346436">
        <ele>43.58</ele>
      </trkpt>
      <trkpt lat="25.00089168548584" lon="121.60194746218622">
        <ele>43.91</ele>
      </trkpt>
      <trkpt lat="25.000784397125244" lon="121.60210847854614">
        <ele>44.14</ele>
      </trkpt>
      <trkpt lat="25.00061273574829" lon="121.60230159759521">
        <ele>44.39</ele>
      </trkpt>
      <trkpt lat="25.000405618920922" lon="121.60251583904028">
        <ele>44.54</ele>
      </trkpt>
      <trkpt lat="25.000198502093554" lon="121.60273008048534">
        <ele>44.41</ele>
      </trkpt>
      <trkpt lat="24.999990463256836" lon="121.60294532775879">
        <ele>45.14</ele>
      </trkpt>
      <trkpt lat="24.999797344207764" lon="121.6031813621521">
        <ele>44.62</ele>
      </trkpt>
      <trkpt lat="24.9996901396662" lon="121.60332066938281">
        <ele>44.38</ele>
      </trkpt>
      <trkpt lat="24.999582767486572" lon="121.60346031188965">
        <ele>43.98</ele>
      </trkpt>
      <trkpt lat="24.999475479125977" lon="121.60366415977478">
        <ele>43.41</ele>
      </trkpt>
      <trkpt lat="24.999368274584413" lon="121.60386800765991">
        <ele>42.97</ele>
      </trkpt>
      <trkpt lat="24.999282360076904" lon="121.60406112670898">
        <ele>42.48</ele>
      </trkpt>
      <trkpt lat="24.999196529388428" lon="121.60425424575806">
        <ele>42.05</ele>
      </trkpt>
      <trkpt lat="24.99911061488092" lon="121.60450117662549">
        <ele>41.68</ele>
      </trkpt>
      <trkpt lat="24.999024951830506" lon="121.6047477722168">
        <ele>41.29</ele>
      </trkpt>
      <trkpt lat="24.999024868011475" lon="121.6047477722168">
        <ele>40.85</ele>
      </trkpt>
      <trkpt lat="24.998949682340026" lon="121.60500543192029">
        <ele>40.45</ele>
      </trkpt>
      <trkpt lat="24.99887466430664" lon="121.60526275634766">
        <ele>40.07</ele>
      </trkpt>
      <trkpt lat="24.99882093630731" lon="121.60552049987018">
        <ele>39.67</ele>
      </trkpt>
      <trkpt lat="24.998767375946045" lon="121.60577774047852">
        <ele>39.17</ele>
      </trkpt>
      <trkpt lat="24.998724376782775" lon="121.60605702549219">
        <ele>38.61</ele>
      </trkpt>
      <trkpt lat="24.99868154525757" lon="121.60633563995361">
        <ele>38.2</ele>
      </trkpt>
      <trkpt lat="24.99867081642151" lon="121.60660419613123">
        <ele>37.75</ele>
      </trkpt>
      <trkpt lat="24.99866017140448" lon="121.60687208175659">
        <ele>37.4</ele>
      </trkpt>
      <trkpt lat="24.99864935874939" lon="121.60714063793421">
        <ele>37.08</ele>
      </trkpt>
      <trkpt lat="24.998638713732362" lon="121.60740852355957">
        <ele>36.81</ele>
      </trkpt>
      <trkpt lat="24.998631505295634" lon="121.60764489322901">
        <ele>36.53</ele>
      </trkpt>
      <trkpt lat="24.998624296858907" lon="121.60788126289845">
        <ele>36.26</ele>
      </trkpt>
      <trkpt lat="24.99861717224121" lon="121.6081166267395">
        <ele>36.07</ele>
      </trkpt>
      <trkpt lat="24.998595798388124" lon="121.60820245742798">
        <ele>35.92</ele>
      </trkpt>
      <trkpt lat="24.998574256896973" lon="121.6084065567702">
        <ele>35.8</ele>
      </trkpt>
      <trkpt lat="24.998552799224854" lon="121.60861015319824">
        <ele>35.71</ele>
      </trkpt>
      <trkpt lat="24.998509800061584" lon="121.60886789672077">
        <ele>35.6</ele>
      </trkpt>
      <trkpt lat="24.998466884717345" lon="121.60912572406232">
        <ele>35.47</ele>
      </trkpt>
      <trkpt lat="24.998423885554075" lon="121.60938355140388">
        <ele>35.41</ele>
      </trkpt>
      <trkpt lat="24.998381221666932" lon="121.60964012145996">
        <ele>35.38</ele>
      </trkpt>
      <trkpt lat="24.998331014066935" lon="121.60993373952806">
        <ele>35.43</ele>
      </trkpt>
      <trkpt lat="24.99828089028597" lon="121.61022735759616">
        <ele>35.49</ele>
      </trkpt>
      <trkpt lat="24.998231017962098" lon="121.61051988601685">
        <ele>35.53</ele>
      </trkpt>
      <trkpt lat="24.998195143416524" lon="121.61075617186725">
        <ele>35.62</ele>
      </trkpt>
      <trkpt lat="24.99815935268998" lon="121.61099254153669">
        <ele>35.72</ele>
      </trkpt>
      <trkpt lat="24.998123729601502" lon="121.61122798919678">
        <ele>35.84</ele>
      </trkpt>
      <trkpt lat="24.99809137545526" lon="121.61156100220978">
        <ele>35.97</ele>
      </trkpt>
      <trkpt lat="24.998059272766113" lon="121.61189317703247">
        <ele>36.1</ele>
      </trkpt>
      <trkpt lat="24.998037898913026" lon="121.61223649978638">
        <ele>36.28</ele>
      </trkpt>
      <trkpt lat="24.99804502353072" lon="121.61247999407351">
        <ele>36.48</ele>
      </trkpt>
      <trkpt lat="24.998052148148417" lon="121.61272348836064">
        <ele>36.66</ele>
      </trkpt>
      <trkpt lat="24.998059272766113" lon="121.61296606063843">
        <ele>36.82</ele>
      </trkpt>
      <trkpt lat="24.998070001602173" lon="121.61318088881671">
        <ele>36.96</ele>
      </trkpt>
      <trkpt lat="24.998080730438232" lon="121.61339521408081">
        <ele>37.1</ele>
      </trkpt>
      <trkpt lat="24.99814518727362" lon="121.61371741443872">
        <ele>37.2</ele>
      </trkpt>
      <trkpt lat="24.99820956028998" lon="121.61403894424438">
        <ele>37.38</ele>
      </trkpt>
      <trkpt lat="24.998291116207838" lon="121.61435678601265">
        <ele>37.65</ele>
      </trkpt>
      <trkpt lat="24.99837275594473" lon="121.61467471159995">
        <ele>37.99</ele>
      </trkpt>
      <trkpt lat="24.99845439568162" lon="121.61499263718724">
        <ele>38.38</ele>
      </trkpt>
      <trkpt lat="24.99853603541851" lon="121.61531047895551">
        <ele>38.67</ele>
      </trkpt>
      <trkpt lat="24.998617256060243" lon="121.6156268119812">
        <ele>38.87</ele>
      </trkpt>
      <trkpt lat="24.99861717224121" lon="121.6156268119812">
        <ele>39.15</ele>
      </trkpt>
      <trkpt lat="24.998688753694296" lon="121.61589880473912">
        <ele>39.44</ele>
      </trkpt>
      <trkpt lat="24.998760418966413" lon="121.61617088131607">
        <ele>39.73</ele>
      </trkpt>
      <trkpt lat="24.998831832781434" lon="121.61644220352173">
        <ele>40.05</ele>
      </trkpt>
      <trkpt lat="24.998913388699293" lon="121.61676004529">
        <ele>40.39</ele>
      </trkpt>
      <trkpt lat="24.998995028436184" lon="121.61707797087729">
        <ele>40.7</ele>
      </trkpt>
      <trkpt lat="24.999076584354043" lon="121.61739589646459">
        <ele>41.04</ele>
      </trkpt>
      <trkpt lat="24.999158224090934" lon="121.61771373823285">
        <ele>41.52</ele>
      </trkpt>
      <trkpt lat="24.999239444732666" lon="121.61803007125854">
        <ele>42.1</ele>
      </trkpt>
      <trkpt lat="24.999293172731996" lon="121.61825554445386">
        <ele>42.53</ele>
      </trkpt>
      <trkpt lat="24.999346816912293" lon="121.61848068237305">
        <ele>42.85</ele>
      </trkpt>
      <trkpt lat="24.99934673309326" lon="121.61848068237305">
        <ele>43.19</ele>
      </trkpt>
      <trkpt lat="24.999424014240503" lon="121.61878134123981">
        <ele>43.45</ele>
      </trkpt>
      <trkpt lat="24.999501379206777" lon="121.6190820839256">
        <ele>43.59</ele>
      </trkpt>
      <trkpt lat="24.999578660354018" lon="121.6193828266114">
        <ele>43.7</ele>
      </trkpt>
      <trkpt lat="24.99965602532029" lon="121.61968348547816">
        <ele>44.01</ele>
      </trkpt>
      <trkpt lat="24.999732971191406" lon="121.61998271942139">
        <ele>44.46</ele>
      </trkpt>
      <trkpt lat="24.999797344207764" lon="121.62027482874691">
        <ele>44.96</ele>
      </trkpt>
      <trkpt lat="24.999861801043153" lon="121.62056702189147">
        <ele>45.35</ele>
      </trkpt>
      <trkpt lat="24.999926257878542" lon="121.620859131217">
        <ele>45.87</ele>
      </trkpt>
      <trkpt lat="24.99999071471393" lon="121.62115132436156">
        <ele>46.38</ele>
      </trkpt>
      <trkpt lat="25.000054836273193" lon="121.62144184112549">
        <ele>46.85</ele>
      </trkpt>
      <trkpt lat="25.00010496005416" lon="121.62168525159359">
        <ele>47.23</ele>
      </trkpt>
      <trkpt lat="25.000155083835125" lon="121.62192874588072">
        <ele>47.31</ele>
      </trkpt>
      <trkpt lat="25.000205039978027" lon="121.62217140197754">
        <ele>47.78</ele>
      </trkpt>
      <trkpt lat="25.000264048576355" lon="121.62242914550006">
        <ele>48.17</ele>
      </trkpt>
      <trkpt lat="25.000323140993714" lon="121.62268688902259">
        <ele>48.47</ele>
      </trkpt>
      <trkpt lat="25.000382233411074" lon="121.62294471636415">
        <ele>48.81</ele>
      </trkpt>
      <trkpt lat="25.000441074371338" lon="121.62320137023926">
        <ele>49.25</ele>
      </trkpt>
      <trkpt lat="25.000505447387695" lon="121.62340538576245">
        <ele>49.71</ele>
      </trkpt>
      <trkpt lat="25.000569820404053" lon="121.62360906600952">
        <ele>50.21</ele>
      </trkpt>
      <trkpt lat="25.00063419342041" lon="121.6237808112055">
        <ele>50.62</ele>
      </trkpt>
      <trkpt lat="25.0006986502558" lon="121.62395238876343">
        <ele>51.01</ele>
      </trkpt>
      <trkpt lat="25.000818762928247" lon="121.6242142394185">
        <ele>51.33</ele>
      </trkpt>
      <trkpt lat="25.000938959419727" lon="121.62447609007359">
        <ele>51.63</ele>
      </trkpt>
      <trkpt lat="25.001059155911207" lon="121.62473794072866">
        <ele>51.98</ele>
      </trkpt>
      <trkpt lat="25.001179352402687" lon="121.62499979138374">
        <ele>52.31</ele>
      </trkpt>
      <trkpt lat="25.001299381256104" lon="121.6252613067627">
        <ele>52.62</ele>
      </trkpt>
      <trkpt lat="25.00139594078064" lon="121.62555115297437">
        <ele>52.89</ele>
      </trkpt>
      <trkpt lat="25.001492584124207" lon="121.62584108300507">
        <ele>53.12</ele>
      </trkpt>
      <trkpt lat="25.001589227467775" lon="121.62613101303577">
        <ele>53.44</ele>
      </trkpt>
      <trkpt lat="25.001685619354248" lon="121.62642002105713">
        <ele>53.67</ele>
      </trkpt>
      <trkpt lat="25.001760721206665" lon="121.62659168243408">
        <ele>53.86</ele>
      </trkpt>
      <trkpt lat="25.001835906878114" lon="121.62676334381104">
        <ele>54.08</ele>
      </trkpt>
      <trkpt lat="25.001835823059082" lon="121.62676334381104">
        <ele>54.24</ele>
      </trkpt>
      <trkpt lat="25.00192165374756" lon="121.62692427635193">
        <ele>54.48</ele>
      </trkpt>
      <trkpt lat="25.002007484436035" lon="121.62708520889282">
        <ele>54.65</ele>
      </trkpt>
      <trkpt lat="25.00217914581299" lon="121.62734270095825">
        <ele>54.75</ele>
      </trkpt>
      <trkpt lat="25.002361368387938" lon="121.62755702622235">
        <ele>54.75</ele>
      </trkpt>
      <trkpt lat="25.002544010058045" lon="121.62777185440063">
        <ele>54.74</ele>
      </trkpt>
      <trkpt lat="25.002683317288756" lon="121.62794326432049">
        <ele>54.79</ele>
      </trkpt>
      <trkpt lat="25.002822959795594" lon="121.62811517715454">
        <ele>54.86</ele>
      </trkpt>
      <trkpt lat="25.003001494333148" lon="121.62833302281797">
        <ele>54.88</ele>
      </trkpt>
      <trkpt lat="25.003180112689734" lon="121.62855095230043">
        <ele>54.84</ele>
      </trkpt>
      <trkpt lat="25.00335873104632" lon="121.62876888178289">
        <ele>54.8</ele>
      </trkpt>
      <trkpt lat="25.003537349402905" lon="121.62898681126535">
        <ele>54.76</ele>
      </trkpt>
      <trkpt lat="25.00371596775949" lon="121.62920474074781">
        <ele>54.7</ele>
      </trkpt>
      <trkpt lat="25.00389575958252" lon="121.62942409515381">
        <ele>54.57</ele>
      </trkpt>
      <trkpt lat="25.00410296022892" lon="121.62968125194311">
        <ele>54.39</ele>
      </trkpt>
      <trkpt lat="25.00431016087532" lon="121.62993849255145">
        <ele>54.18</ele>
      </trkpt>
      <trkpt lat="25.004518032073975" lon="121.6301965713501">
        <ele>54.09</ele>
      </trkpt>
      <trkpt lat="25.004667984321713" lon="121.63036798126996">
        <ele>54.1</ele>
      </trkpt>
      <trkpt lat="25.004818439483643" lon="121.630539894104">
        <ele>54.19</ele>
      </trkpt>
      <trkpt lat="25.00495757907629" lon="121.63065765984356">
        <ele>54.25</ele>
      </trkpt>
      <trkpt lat="25.00509738922119" lon="121.63077592849731">
        <ele>54.32</ele>
      </trkpt>
      <trkpt lat="25.005333507433534" lon="121.63094758987427">
        <ele>54.38</ele>
      </trkpt>
      <trkpt lat="25.005590245127678" lon="121.63109729066491">
        <ele>54.41</ele>
      </trkpt>
      <trkpt lat="25.005848491564393" lon="121.63124799728394">
        <ele>54.44</ele>
      </trkpt>
      <trkpt lat="25.00593432225287" lon="121.6313123703003">
        <ele>54.47</ele>
      </trkpt>
      <trkpt lat="25.0061952508986" lon="121.63145779632032">
        <ele>54.44</ele>
      </trkpt>
      <trkpt lat="25.00645626336336" lon="121.63160330615938">
        <ele>54.49</ele>
      </trkpt>
      <trkpt lat="25.006717275828123" lon="121.6317487321794">
        <ele>54.51</ele>
      </trkpt>
      <trkpt lat="25.006978288292885" lon="121.63189424201846">
        <ele>54.56</ele>
      </trkpt>
      <trkpt lat="25.007243156433105" lon="121.63204193115234">
        <ele>54.66</ele>
      </trkpt>
      <trkpt lat="25.00739294104278" lon="121.63213815540075">
        <ele>54.71</ele>
      </trkpt>
      <trkpt lat="25.007543647661805" lon="121.63223505020142">
        <ele>54.69</ele>
      </trkpt>
      <trkpt lat="25.007672142237425" lon="121.63236354477704">
        <ele>54.65</ele>
      </trkpt>
      <trkpt lat="25.007801055908203" lon="121.63249254226685">
        <ele>54.6</ele>
      </trkpt>
      <trkpt lat="25.007940363138914" lon="121.6326747648418">
        <ele>54.53</ele>
      </trkpt>
      <trkpt lat="25.008080005645752" lon="121.63285732269287">
        <ele>54.44</ele>
      </trkpt>
      <trkpt lat="25.008176565170288" lon="121.63303971290588">
        <ele>54.38</ele>
      </trkpt>
      <trkpt lat="25.008273124694824" lon="121.6332221031189">
        <ele>54.31</ele>
      </trkpt>
      <trkpt lat="25.008316123858094" lon="121.63341522216797">
        <ele>54.24</ele>
      </trkpt>
      <trkpt lat="25.00840187072754" lon="121.63371562957764">
        <ele>54.19</ele>
      </trkpt>
      <trkpt lat="25.008444786071777" lon="121.63386583328247">
        <ele>54.14</ele>
      </trkpt>
      <trkpt lat="25.008466243743896" lon="121.63418769836426">
        <ele>54.22</ele>
      </trkpt>
      <trkpt lat="25.008444786071777" lon="121.63442373275757">
        <ele>54.19</ele>
      </trkpt>
      <trkpt lat="25.008423244580626" lon="121.63466001860797">
        <ele>54.1</ele>
      </trkpt>
      <trkpt lat="25.00840187072754" lon="121.63489580154419">
        <ele>54.03</ele>
      </trkpt>
      <trkpt lat="25.00835409387946" lon="121.63522277958691">
        <ele>54.03</ele>
      </trkpt>
      <trkpt lat="25.008306317031384" lon="121.63554984144866">
        <ele>53.91</ele>
      </trkpt>
      <trkpt lat="25.008258624002337" lon="121.63587690331042">
        <ele>53.86</ele>
      </trkpt>
      <trkpt lat="25.00821084715426" lon="121.63620396517217">
        <ele>53.88</ele>
      </trkpt>
      <trkpt lat="25.008163154125214" lon="121.63653102703393">
        <ele>53.85</ele>
      </trkpt>
      <trkpt lat="25.008115377277136" lon="121.63685808889568">
        <ele>53.81</ele>
      </trkpt>
      <trkpt lat="25.008067600429058" lon="121.63718515075743">
        <ele>53.8</ele>
      </trkpt>
      <trkpt lat="25.008019907400012" lon="121.63751221261919">
        <ele>54.02</ele>
      </trkpt>
      <trkpt lat="25.007972717285156" lon="121.63783550262451">
        <ele>54.11</ele>
      </trkpt>
      <trkpt lat="25.007951175794005" lon="121.63807178847492">
        <ele>54.26</ele>
      </trkpt>
      <trkpt lat="25.007929801940918" lon="121.63830757141113">
        <ele>54.39</ele>
      </trkpt>
      <trkpt lat="25.007918989285827" lon="121.63854394108057">
        <ele>54.65</ele>
      </trkpt>
      <trkpt lat="25.0079083442688" lon="121.63877964019775">
        <ele>55.04</ele>
      </trkpt>
      <trkpt lat="25.00791907310486" lon="121.63904819637537">
        <ele>55.39</ele>
      </trkpt>
      <trkpt lat="25.007929801940918" lon="121.63931608200073">
        <ele>55.7</ele>
      </trkpt>
      <trkpt lat="25.007961988449097" lon="121.63958463817835">
        <ele>56.02</ele>
      </trkpt>
      <trkpt lat="25.007994174957275" lon="121.63985252380371">
        <ele>56.56</ele>
      </trkpt>
      <trkpt lat="25.008026361465454" lon="121.64009953849018">
        <ele>57.25</ele>
      </trkpt>
      <trkpt lat="25.008058547973633" lon="121.64034605026245">
        <ele>57.87</ele>
      </trkpt>
      <trkpt lat="25.00812292098999" lon="121.64058225229383">
        <ele>58.49</ele>
      </trkpt>
      <trkpt lat="25.008187294006348" lon="121.64081811904907">
        <ele>59.08</ele>
      </trkpt>
      <trkpt lat="25.008262395858765" lon="121.6410811431706">
        <ele>59.73</ele>
      </trkpt>
      <trkpt lat="25.008337581530213" lon="121.64134425111115">
        <ele>60.52</ele>
      </trkpt>
      <trkpt lat="25.008412767201662" lon="121.6416073590517">
        <ele>61.38</ele>
      </trkpt>
      <trkpt lat="25.008487701416016" lon="121.64186954498291">
        <ele>62.23</ele>
      </trkpt>
      <trkpt lat="25.008530616760254" lon="121.64204137399793">
        <ele>63.02</ele>
      </trkpt>
      <trkpt lat="25.008573532104492" lon="121.64221286773682">
        <ele>63.8</ele>
      </trkpt>
      <trkpt lat="25.008616531267762" lon="121.64240615442395">
        <ele>64.56</ele>
      </trkpt>
      <trkpt lat="25.008659446612" lon="121.64259910583496">
        <ele>65.34</ele>
      </trkpt>
      <trkpt lat="25.00865936279297" lon="121.64259910583496">
        <ele>66.09</ele>
      </trkpt>
      <trkpt lat="25.008680820465088" lon="121.6428246628493">
        <ele>66.83</ele>
      </trkpt>
      <trkpt lat="25.008702278137207" lon="121.64304971694946">
        <ele>67.55</ele>
      </trkpt>
      <trkpt lat="25.008702278137207" lon="121.64329681545496">
        <ele>68.22</ele>
      </trkpt>
      <trkpt lat="25.008702278137207" lon="121.6435432434082">
        <ele>68.9</ele>
      </trkpt>
      <trkpt lat="25.008670007809997" lon="121.64379025809467">
        <ele>69.54</ele>
      </trkpt>
      <trkpt lat="25.00863790512085" lon="121.64403676986694">
        <ele>70.18</ele>
      </trkpt>
      <trkpt lat="25.00858417712152" lon="121.64436978287995">
        <ele>70.87</ele>
      </trkpt>
      <trkpt lat="25.008530700579286" lon="121.64470195770264">
        <ele>71.58</ele>
      </trkpt>
      <trkpt lat="25.008487785235047" lon="121.64483070373535">
        <ele>72.17</ele>
      </trkpt>
      <trkpt lat="25.008430453017354" lon="121.64514577947557">
        <ele>72.75</ele>
      </trkpt>
      <trkpt lat="25.00837312079966" lon="121.64546085521579">
        <ele>73.23</ele>
      </trkpt>
      <trkpt lat="25.008316040039062" lon="121.6457748413086">
        <ele>73.64</ele>
      </trkpt>
      <trkpt lat="25.008273208513856" lon="121.6460108757019">
        <ele>73.95</ele>
      </trkpt>
      <trkpt lat="25.008273124694824" lon="121.6462254524231">
        <ele>74.13</ele>
      </trkpt>
      <trkpt lat="25.008294582366943" lon="121.64648294448853">
        <ele>74.2</ele>
      </trkpt>
      <trkpt lat="25.008337581530213" lon="121.64675150066614">
        <ele>74.3</ele>
      </trkpt>
      <trkpt lat="25.00838049687445" lon="121.6470193862915">
        <ele>74.42</ele>
      </trkpt>
      <trkpt lat="25.008444786071777" lon="121.6472339630127">
        <ele>74.44</ele>
      </trkpt>
      <trkpt lat="25.008509159088135" lon="121.64739497937262">
        <ele>74.31</ele>
      </trkpt>
      <trkpt lat="25.008573615923524" lon="121.64755582809448">
        <ele>74.09</ele>
      </trkpt>
      <trkpt lat="25.00867017544806" lon="121.64775967597961">
        <ele>73.67</ele>
      </trkpt>
      <trkpt lat="25.008766734972596" lon="121.64796352386475">
        <ele>73.23</ele>
      </trkpt>
      <trkpt lat="25.00889539718628" lon="121.64817810058594">
        <ele>72.68</ele>
      </trkpt>
      <trkpt lat="25.009002685546875" lon="121.64834976196289">
        <ele>72.17</ele>
      </trkpt>
      <trkpt lat="25.0091740116477" lon="121.64851035922766">
        <ele>71.98</ele>
      </trkpt>
      <trkpt lat="25.00934600830078" lon="121.64867162704468">
        <ele>71.91</ele>
      </trkpt>
      <trkpt lat="25.009238719940186" lon="121.64888620376587">
        <ele>71.82</ele>
      </trkpt>
      <trkpt lat="25.009152805432677" lon="121.64910086430609">
        <ele>71.56</ele>
      </trkpt>
      <trkpt lat="25.009067058563232" lon="121.64931535720825">
        <ele>71.26</ele>
      </trkpt>
      <trkpt lat="25.00894912518561" lon="121.64947612211108">
        <ele>70.96</ele>
      </trkpt>
      <trkpt lat="25.008831024169922" lon="121.64963722229004">
        <ele>70.73</ele>
      </trkpt>
      <trkpt lat="25.008563473820686" lon="121.64981910958886">
        <ele>70.32</ele>
      </trkpt>
      <trkpt lat="25.008294582366943" lon="121.65000200271606">
        <ele>70.15</ele>
      </trkpt>
      <trkpt lat="25.00812292098999" lon="121.65017366409302">
        <ele>70.04</ele>
      </trkpt>
      <trkpt lat="25.007994174957275" lon="121.65036678314209">
        <ele>69.91</ele>
      </trkpt>
      <trkpt lat="25.007879678159952" lon="121.65058135986328">
        <ele>69.89</ele>
      </trkpt>
      <trkpt lat="25.00776526518166" lon="121.65079593658447">
        <ele>70.01</ele>
      </trkpt>
      <trkpt lat="25.0076509360224" lon="121.65101051330566">
        <ele>70.19</ele>
      </trkpt>
      <trkpt lat="25.007543563842773" lon="121.65113925933838">
        <ele>70.37</ele>
      </trkpt>
      <trkpt lat="25.00741481781006" lon="121.65118217468262">
        <ele>70.48</ele>
      </trkpt>
      <trkpt lat="25.00721164047718" lon="121.65124629624188">
        <ele>70.68</ele>
      </trkpt>
      <trkpt lat="25.007007122039795" lon="121.65131092071533">
        <ele>71.22</ele>
      </trkpt>
      <trkpt lat="25.006716437637806" lon="121.65139390155673">
        <ele>71.95</ele>
      </trkpt>
      <trkpt lat="25.006423741579056" lon="121.65147763676941">
        <ele>72.78</ele>
      </trkpt>
      <trkpt lat="25.00640630722046" lon="121.65148258209229">
        <ele>73.59</ele>
      </trkpt>
      <trkpt lat="25.006191730499268" lon="121.651611328125">
        <ele>74.58</ele>
      </trkpt>
      <trkpt lat="25.005998611450195" lon="121.65165424346924">
        <ele>75.67</ele>
      </trkpt>
      <trkpt lat="25.00579551793635" lon="121.65169699117541">
        <ele>76.85</ele>
      </trkpt>
      <trkpt lat="25.005590999498963" lon="121.65174007415771">
        <ele>78.17</ele>
      </trkpt>
      <trkpt lat="25.005398551002145" lon="121.65179346688092">
        <ele>79.55</ele>
      </trkpt>
      <trkpt lat="25.005204677581787" lon="121.65184736251831">
        <ele>80.93</ele>
      </trkpt>
      <trkpt lat="25.00500158406794" lon="121.65190075524151">
        <ele>82.11</ele>
      </trkpt>
      <trkpt lat="25.004796981811523" lon="121.6519546508789">
        <ele>83.4</ele>
      </trkpt>
      <trkpt lat="25.004582405090332" lon="121.65191173553467">
        <ele>84.53</ele>
      </trkpt>
      <trkpt lat="25.004357770085335" lon="121.6518047824502">
        <ele>85.17</ele>
      </trkpt>
      <trkpt lat="25.00413179397583" lon="121.65169715881348">
        <ele>85.84</ele>
      </trkpt>
      <trkpt lat="25.00391721725464" lon="121.651611328125">
        <ele>86.65</ele>
      </trkpt>
      <trkpt lat="25.00361680984497" lon="121.65154695510864">
        <ele>87.31</ele>
      </trkpt>
      <trkpt lat="25.003317575901747" lon="121.65153270587325">
        <ele>88.08</ele>
      </trkpt>
      <trkpt lat="25.003018425777555" lon="121.65151845663786">
        <ele>88.75</ele>
      </trkpt>
      <trkpt lat="25.002715587615967" lon="121.6515040397644">
        <ele>89.26</ele>
      </trkpt>
      <trkpt lat="25.002522468566895" lon="121.65152549743652">
        <ele>89.76</ele>
      </trkpt>
      <trkpt lat="25.0022872723639" lon="121.65160026401281">
        <ele>90.36</ele>
      </trkpt>
      <trkpt lat="25.002052076160908" lon="121.65167511440814">
        <ele>90.92</ele>
      </trkpt>
      <trkpt lat="25.001816879957914" lon="121.65174996480346">
        <ele>91.23</ele>
      </trkpt>
      <trkpt lat="25.001578330993652" lon="121.65182590484619">
        <ele>91.61</ele>
      </trkpt>
      <trkpt lat="25.001396611332893" lon="121.65186865255237">
        <ele>92.07</ele>
      </trkpt>
      <trkpt lat="25.001213550567627" lon="121.65191173553467">
        <ele>92.48</ele>
      </trkpt>
      <trkpt lat="25.000914316624403" lon="121.6519615240395">
        <ele>92.89</ele>
      </trkpt>
      <trkpt lat="25.00061516650021" lon="121.65201139636338">
        <ele>93.21</ele>
      </trkpt>
      <trkpt lat="25.000312412157655" lon="121.6520619392395">
        <ele>93.64</ele>
      </trkpt>
      <trkpt lat="25.000312328338623" lon="121.6520619392395">
        <ele>94.0</ele>
      </trkpt>
      <trkpt lat="25.00009775161743" lon="121.65210485458374">
        <ele>94.21</ele>
      </trkpt>
      <trkpt lat="24.999990463256836" lon="121.65214776992798">
        <ele>94.58</ele>
      </trkpt>
      <trkpt lat="24.99976582825184" lon="121.65226536802948">
        <ele>95.04</ele>
      </trkpt>
      <trkpt lat="24.999539935961366" lon="121.65238380432129">
        <ele>95.4</ele>
      </trkpt>
      <trkpt lat="24.999325275421143" lon="121.65249109268188">
        <ele>95.8</ele>
      </trkpt>
      <trkpt lat="24.99907935038209" lon="121.6525873169303">
        <ele>96.3</ele>
      </trkpt>
      <trkpt lat="24.998831832781434" lon="121.65268421173096">
        <ele>96.69</ele>
      </trkpt>
      <trkpt lat="24.998539555817842" lon="121.6527910809964">
        <ele>97.13</ele>
      </trkpt>
      <trkpt lat="24.99824727885425" lon="121.65289795026183">
        <ele>97.78</ele>
      </trkpt>
      <trkpt lat="24.997951984405518" lon="121.65300607681274">
        <ele>98.4</ele>
      </trkpt>
      <trkpt lat="24.997715950012207" lon="121.65315628051758">
        <ele>99.11</ele>
      </trkpt>
      <trkpt lat="24.997555436566472" lon="121.6532739624381">
        <ele>99.71</ele>
      </trkpt>
      <trkpt lat="24.99739416874945" lon="121.65339231491089">
        <ele>100.19</ele>
      </trkpt>
      <trkpt lat="24.997190656140447" lon="121.65355282835662">
        <ele>100.78</ele>
      </trkpt>
      <trkpt lat="24.996986389160156" lon="121.65371417999268">
        <ele>101.49</ele>
      </trkpt>
      <trkpt lat="24.99687910079956" lon="121.65382146835327">
        <ele>102.13</ele>
      </trkpt>
      <trkpt lat="24.99669687822461" lon="121.65403579361737">
        <ele>102.85</ele>
      </trkpt>
      <trkpt lat="24.996514320373535" lon="121.65425062179565">
        <ele>103.33</ele>
      </trkpt>
      <trkpt lat="24.99637484550476" lon="121.65447584353387">
        <ele>103.88</ele>
      </trkpt>
      <trkpt lat="24.996235370635986" lon="121.65470123291016">
        <ele>104.41</ele>
      </trkpt>
      <trkpt lat="24.99612808227539" lon="121.65480852127075">
        <ele>104.91</ele>
      </trkpt>
      <trkpt lat="24.996020793914795" lon="121.65491580963135">
        <ele>105.38</ele>
      </trkpt>
      <trkpt lat="24.995827674865723" lon="121.65502309799194">
        <ele>105.78</ele>
      </trkpt>
      <trkpt lat="24.995741844177246" lon="121.65506601333618">
        <ele>106.14</ele>
      </trkpt>
      <trkpt lat="24.995505809783936" lon="121.6550874710083">
        <ele>106.35</ele>
      </trkpt>
      <trkpt lat="24.99537706375122" lon="121.6550874710083">
        <ele>106.49</ele>
      </trkpt>
      <trkpt lat="24.99516257084906" lon="121.65504455566406">
        <ele>106.54</ele>
      </trkpt>
      <trkpt lat="24.99488353729248" lon="121.6549801826477">
        <ele>106.63</ele>
      </trkpt>
      <trkpt lat="24.994819164276123" lon="121.6549801826477">
        <ele>106.77</ele>
      </trkpt>
      <trkpt lat="24.99462604522705" lon="121.65502309799194">
        <ele>106.87</ele>
      </trkpt>
      <trkpt lat="24.994475841522217" lon="121.6550874710083">
        <ele>106.96</ele>
      </trkpt>
      <trkpt lat="24.994272496551275" lon="121.65521579794586">
        <ele>106.96</ele>
      </trkpt>
      <trkpt lat="24.994068145751953" lon="121.65534496307373">
        <ele>106.89</ele>
      </trkpt>
      <trkpt lat="24.993896484375" lon="121.65538787841797">
        <ele>106.83</ele>
      </trkpt>
      <trkpt lat="24.993746280670166" lon="121.65538787841797">
        <ele>106.77</ele>
      </trkpt>
      <trkpt lat="24.993521813303232" lon="121.65533440187573">
        <ele>106.73</ele>
      </trkpt>
      <trkpt lat="24.993295669555664" lon="121.65528059005737">
        <ele>106.71</ele>
      </trkpt>
      <trkpt lat="24.99312400817871" lon="121.65528059005737">
        <ele>106.64</ele>
      </trkpt>
      <trkpt lat="24.99296366237104" lon="121.65531260892749">
        <ele>106.53</ele>
      </trkpt>
      <trkpt lat="24.992802143096924" lon="121.65534496307373">
        <ele>106.44</ele>
      </trkpt>
      <trkpt lat="24.992587650194764" lon="121.65536642074585">
        <ele>106.38</ele>
      </trkpt>
      <trkpt lat="24.992416575551033" lon="121.65534504689276">
        <ele>106.24</ele>
      </trkpt>
      <trkpt lat="24.992244243621826" lon="121.65532350540161">
        <ele>106.08</ele>
      </trkpt>
      <trkpt lat="24.99211549758911" lon="121.65534496307373">
        <ele>106.0</ele>
      </trkpt>
      <trkpt lat="24.991986751556396" lon="121.6554307937622">
        <ele>105.94</ele>
      </trkpt>
      <trkpt lat="24.991943836212158" lon="121.65547370910645">
        <ele>105.86</ele>
      </trkpt>
      <trkpt lat="24.99185800552368" lon="121.65562391281128">
        <ele>105.72</ele>
      </trkpt>
      <trkpt lat="24.991772174835205" lon="121.65579557418823">
        <ele>105.63</ele>
      </trkpt>
      <trkpt lat="24.991707801818848" lon="121.6559886932373">
        <ele>105.54</ele>
      </trkpt>
      <trkpt lat="24.991654073819518" lon="121.65620343759656">
        <ele>105.42</ele>
      </trkpt>
      <trkpt lat="24.991600513458252" lon="121.65641784667969">
        <ele>105.34</ele>
      </trkpt>
      <trkpt lat="24.991546785458922" lon="121.6567400470376">
        <ele>105.5</ele>
      </trkpt>
      <trkpt lat="24.991493225097656" lon="121.65706157684326">
        <ele>105.57</ele>
      </trkpt>
      <trkpt lat="24.99146455898881" lon="121.65735519491136">
        <ele>105.44</ele>
      </trkpt>
      <trkpt lat="24.991435976698995" lon="121.65764881297946">
        <ele>105.25</ele>
      </trkpt>
      <trkpt lat="24.99140747822821" lon="121.65794134140015">
        <ele>105.22</ele>
      </trkpt>
      <trkpt lat="24.991375207901" lon="121.65816689841449">
        <ele>105.29</ele>
      </trkpt>
      <trkpt lat="24.991343021392822" lon="121.65839195251465">
        <ele>105.39</ele>
      </trkpt>
      <trkpt lat="24.991343105211854" lon="121.65869235992432">
        <ele>105.58</ele>
      </trkpt>
      <trkpt lat="24.991386020556092" lon="121.65899310261011">
        <ele>105.83</ele>
      </trkpt>
      <trkpt lat="24.9914288520813" lon="121.65929317474365">
        <ele>106.1</ele>
      </trkpt>
      <trkpt lat="24.9912681709975" lon="121.65944304317236">
        <ele>106.3</ele>
      </trkpt>
      <trkpt lat="24.99110698699951" lon="121.65959358215332">
        <ele>106.65</ele>
      </trkpt>
      <trkpt lat="24.990999698638916" lon="121.6596794128418">
        <ele>107.15</ele>
      </trkpt>
      <trkpt lat="24.990849494934082" lon="121.6596794128418">
        <ele>107.7</ele>
      </trkpt>
      <trkpt lat="24.9907208327204" lon="121.65963649749756">
        <ele>108.26</ele>
      </trkpt>
      <trkpt lat="24.990720748901367" lon="121.65963649749756">
        <ele>108.8</ele>
      </trkpt>
      <trkpt lat="24.990592086687684" lon="121.65959358215332">
        <ele>109.42</ele>
      </trkpt>
      <trkpt lat="24.990592002868652" lon="121.65959358215332">
        <ele>110.03</ele>
      </trkpt>
      <trkpt lat="24.990388825535774" lon="121.65950800292194">
        <ele>110.74</ele>
      </trkpt>
      <trkpt lat="24.99018430709839" lon="121.65942192077637">
        <ele>111.53</ele>
      </trkpt>
      <trkpt lat="24.989948272705078" lon="121.65927171707153">
        <ele>112.34</ele>
      </trkpt>
      <trkpt lat="24.989776695147157" lon="121.65918588638306">
        <ele>113.11</ele>
      </trkpt>
      <trkpt lat="24.989530770108104" lon="121.65911103598773">
        <ele>113.88</ele>
      </trkpt>
      <trkpt lat="24.989283168688416" lon="121.65903568267822">
        <ele>114.6</ele>
      </trkpt>
      <trkpt lat="24.989037243649364" lon="121.65896619670093">
        <ele>115.18</ele>
      </trkpt>
      <trkpt lat="24.988791402429342" lon="121.65889671072364">
        <ele>115.98</ele>
      </trkpt>
      <trkpt lat="24.98854556120932" lon="121.65882722474635">
        <ele>116.84</ele>
      </trkpt>
      <trkpt lat="24.988296031951904" lon="121.65875673294067">
        <ele>117.46</ele>
      </trkpt>
      <trkpt lat="24.987995624542236" lon="121.65869235992432">
        <ele>118.21</ele>
      </trkpt>
      <trkpt lat="24.987835278734565" lon="121.65867098607123">
        <ele>119.09</ele>
      </trkpt>
      <trkpt lat="24.98767375946045" lon="121.65864944458008">
        <ele>120.04</ele>
      </trkpt>
      <trkpt lat="24.987545013427734" lon="121.6586709022522">
        <ele>120.72</ele>
      </trkpt>
      <trkpt lat="24.987244606018066" lon="121.65873527526855">
        <ele>121.28</ele>
      </trkpt>
      <trkpt lat="24.987072944641113" lon="121.6587781906128">
        <ele>121.99</ele>
      </trkpt>
      <trkpt lat="24.986873203888535" lon="121.65888514369726">
        <ele>122.86</ele>
      </trkpt>
      <trkpt lat="24.98667354695499" lon="121.65899209678173">
        <ele>123.42</ele>
      </trkpt>
      <trkpt lat="24.986472129821777" lon="121.65910005569458">
        <ele>123.92</ele>
      </trkpt>
      <trkpt lat="24.986279429867864" lon="121.65922846645117">
        <ele>124.68</ele>
      </trkpt>
      <trkpt lat="24.98608681373298" lon="121.65935687720776">
        <ele>125.57</ele>
      </trkpt>
      <trkpt lat="24.98589277267456" lon="121.65948629379272">
        <ele>126.01</ele>
      </trkpt>
      <trkpt lat="24.985678950324655" lon="121.65955041535199">
        <ele>126.61</ele>
      </trkpt>
      <trkpt lat="24.98546370305121" lon="121.65961503982544">
        <ele>127.01</ele>
      </trkpt>
      <trkpt lat="24.985463619232178" lon="121.65961503982544">
        <ele>127.44</ele>
      </trkpt>
      <trkpt lat="24.985227584838867" lon="121.65961503982544">
        <ele>127.84</ele>
      </trkpt>
      <trkpt lat="24.98497017659247" lon="121.65959358215332">
        <ele>128.25</ele>
      </trkpt>
      <trkpt lat="24.984970092773438" lon="121.65959358215332">
        <ele>128.59</ele>
      </trkpt>
      <trkpt lat="24.98470287770033" lon="121.65950800292194">
        <ele>128.78</ele>
      </trkpt>
      <trkpt lat="24.98443373478949" lon="121.65942192077637">
        <ele>128.95</ele>
      </trkpt>
      <trkpt lat="24.98443365097046" lon="121.65942192077637">
        <ele>129.21</ele>
      </trkpt>
      <trkpt lat="24.9843692779541" lon="121.65944337844849">
        <ele>129.42</ele>
      </trkpt>
      <trkpt lat="24.984326362609863" lon="121.6594648361206">
        <ele>129.63</ele>
      </trkpt>
      <trkpt lat="24.984283447265625" lon="121.65950775146484">
        <ele>129.86</ele>
      </trkpt>
      <trkpt lat="24.984240531921387" lon="121.65965795516968">
        <ele>130.24</ele>
      </trkpt>
      <trkpt lat="24.984229719266295" lon="121.65984059683979">
        <ele>130.57</ele>
      </trkpt>
      <trkpt lat="24.984219074249268" lon="121.6600227355957">
        <ele>130.91</ele>
      </trkpt>
      <trkpt lat="24.98417615890503" lon="121.66010856628418">
        <ele>131.09</ele>
      </trkpt>
      <trkpt lat="24.984047496691346" lon="121.66028022766113">
        <ele>131.15</ele>
      </trkpt>
      <trkpt lat="24.98391875065863" lon="121.66038751602173">
        <ele>131.29</ele>
      </trkpt>
      <trkpt lat="24.98369386419654" lon="121.66058021597564">
        <ele>131.42</ele>
      </trkpt>
      <trkpt lat="24.983468977734447" lon="121.66077291592956">
        <ele>131.52</ele>
      </trkpt>
      <trkpt lat="24.983244091272354" lon="121.6609656997025">
        <ele>131.79</ele>
      </trkpt>
      <trkpt lat="24.983017444610596" lon="121.66115999221802">
        <ele>132.03</ele>
      </trkpt>
      <trkpt lat="24.982824828475714" lon="121.66129904799163">
        <ele>132.4</ele>
      </trkpt>
      <trkpt lat="24.982631290331483" lon="121.66143894195557">
        <ele>132.59</ele>
      </trkpt>
      <trkpt lat="24.98263120651245" lon="121.66143894195557">
        <ele>132.87</ele>
      </trkpt>
      <trkpt lat="24.982459545135498" lon="121.66154623031616">
        <ele>133.26</ele>
      </trkpt>
      <trkpt lat="24.982309341430664" lon="121.66163206100464">
        <ele>133.54</ele>
      </trkpt>
      <trkpt lat="24.98218059539795" lon="121.66165351867676">
        <ele>133.9</ele>
      </trkpt>
      <trkpt lat="24.982073307037354" lon="121.66163206100464">
        <ele>134.21</ele>
      </trkpt>
      <trkpt lat="24.982008934020996" lon="121.66163206100464">
        <ele>134.62</ele>
      </trkpt>
      <trkpt lat="24.9819016456604" lon="121.66152477264404">
        <ele>135.0</ele>
      </trkpt>
      <trkpt lat="24.981698049232364" lon="121.66128898970783">
        <ele>135.31</ele>
      </trkpt>
      <trkpt lat="24.98149403370917" lon="121.66105270385742">
        <ele>135.61</ele>
      </trkpt>
      <trkpt lat="24.981493949890137" lon="121.66105270385742">
        <ele>135.97</ele>
      </trkpt>
      <trkpt lat="24.98142957687378" lon="121.66094541549683">
        <ele>136.34</ele>
      </trkpt>
      <trkpt lat="24.98130309395492" lon="121.66069236584008">
        <ele>136.74</ele>
      </trkpt>
      <trkpt lat="24.981300830841064" lon="121.6606879234314">
        <ele>137.09</ele>
      </trkpt>
      <trkpt lat="24.981200667098165" lon="121.66044459678233">
        <ele>137.59</ele>
      </trkpt>
      <trkpt lat="24.981100503355265" lon="121.66020127013326">
        <ele>138.08</ele>
      </trkpt>
      <trkpt lat="24.981000507250428" lon="121.65995836257935">
        <ele>138.44</ele>
      </trkpt>
      <trkpt lat="24.981000423431396" lon="121.65995836257935">
        <ele>138.71</ele>
      </trkpt>
      <trkpt lat="24.98088232241571" lon="121.65964697487652">
        <ele>138.91</ele>
      </trkpt>
      <trkpt lat="24.980764472857118" lon="121.65933609008789">
        <ele>138.99</ele>
      </trkpt>
      <trkpt lat="24.980764389038086" lon="121.65933609008789">
        <ele>139.17</ele>
      </trkpt>
      <trkpt lat="24.98067855834961" lon="121.65907859802246">
        <ele>139.21</ele>
      </trkpt>
      <trkpt lat="24.980614185333252" lon="121.65897130966187">
        <ele>139.37</ele>
      </trkpt>
      <trkpt lat="24.980549812316895" lon="121.65886402130127">
        <ele>139.49</ele>
      </trkpt>
      <trkpt lat="24.98037815093994" lon="121.65869235992432">
        <ele>139.66</ele>
      </trkpt>
      <trkpt lat="24.98014211654663" lon="121.65852069854736">
        <ele>139.71</ele>
      </trkpt>
      <trkpt lat="24.97993885539472" lon="121.65841366164386">
        <ele>139.72</ele>
      </trkpt>
      <trkpt lat="24.9797345045954" lon="121.65830612182617">
        <ele>139.78</ele>
      </trkpt>
      <trkpt lat="24.979541385546327" lon="121.65826320648193">
        <ele>139.86</ele>
      </trkpt>
      <trkpt lat="24.97939109802246" lon="121.65824174880981">
        <ele>139.76</ele>
      </trkpt>
      <trkpt lat="24.979240894317627" lon="121.65828466415405">
        <ele>139.55</ele>
      </trkpt>
      <trkpt lat="24.978962866589427" lon="121.65841299109161">
        <ele>139.15</ele>
      </trkpt>
      <trkpt lat="24.97868307866156" lon="121.65854215621948">
        <ele>138.95</ele>
      </trkpt>
      <trkpt lat="24.978468418121338" lon="121.65862798690796">
        <ele>138.67</ele>
      </trkpt>
      <trkpt lat="24.978339672088623" lon="121.65862798690796">
        <ele>138.53</ele>
      </trkpt>
      <trkpt lat="24.978232383728027" lon="121.65860652923584">
        <ele>138.4</ele>
      </trkpt>
      <trkpt lat="24.978093160316348" lon="121.65848867967725">
        <ele>138.29</ele>
      </trkpt>
      <trkpt lat="24.97795351780951" lon="121.65837049484253">
        <ele>138.23</ele>
      </trkpt>
      <trkpt lat="24.977725194767118" lon="121.65822062641382">
        <ele>138.21</ele>
      </trkpt>
      <trkpt lat="24.977496955543756" lon="121.65807084180415">
        <ele>138.14</ele>
      </trkpt>
      <trkpt lat="24.977266872301698" lon="121.65791988372803">
        <ele>138.09</ele>
      </trkpt>
      <trkpt lat="24.97712773270905" lon="121.65783422067761">
        <ele>138.14</ele>
      </trkpt>
      <trkpt lat="24.976987838745117" lon="121.65774822235107">
        <ele>138.19</ele>
      </trkpt>
      <trkpt lat="24.976773262023926" lon="121.6576623916626">
        <ele>138.33</ele>
      </trkpt>
      <trkpt lat="24.976580142974854" lon="121.65761947631836">
        <ele>138.52</ele>
      </trkpt>
      <trkpt lat="24.976322734728456" lon="121.65759801864624">
        <ele>138.84</ele>
      </trkpt>
      <trkpt lat="24.976322650909424" lon="121.65759801864624">
        <ele>138.99</ele>
      </trkpt>
      <trkpt lat="24.976043701171875" lon="121.657555103302">
        <ele>139.28</ele>
      </trkpt>
      <trkpt lat="24.975872039794922" lon="121.65751218795776">
        <ele>139.49</ele>
      </trkpt>
      <trkpt lat="24.975829124450684" lon="121.6572117805481">
        <ele>139.44</ele>
      </trkpt>
      <trkpt lat="24.975807666778564" lon="121.6571044921875">
        <ele>139.7</ele>
      </trkpt>
      <trkpt lat="24.975743293762207" lon="121.65706157684326">
        <ele>140.02</ele>
      </trkpt>
      <trkpt lat="24.975550174713135" lon="121.65695428848267">
        <ele>140.41</ele>
      </trkpt>
      <trkpt lat="24.97542142868042" lon="121.65686845779419">
        <ele>140.84</ele>
      </trkpt>
      <trkpt lat="24.9753999710083" lon="121.65682554244995">
        <ele>141.29</ele>
      </trkpt>
      <trkpt lat="24.975357139483094" lon="121.65669679641724">
        <ele>141.8</ele>
      </trkpt>
      <trkpt lat="24.97537851333618" lon="121.65646076202393">
        <ele>142.31</ele>
      </trkpt>
      <trkpt lat="24.97544288635254" lon="121.65622472763062">
        <ele>142.81</ele>
      </trkpt>
      <trkpt lat="24.975421344861388" lon="121.65594535879791">
        <ele>143.38</ele>
      </trkpt>
      <trkpt lat="24.9753999710083" lon="121.65566682815552">
        <ele>144.09</ele>
      </trkpt>
      <trkpt lat="24.975550174713135" lon="121.65555953979492">
        <ele>144.89</ele>
      </trkpt>
      <trkpt lat="24.97569995932281" lon="121.65546323172748">
        <ele>145.79</ele>
      </trkpt>
      <trkpt lat="24.975850665941834" lon="121.65536642074585">
        <ele>146.71</ele>
      </trkpt>
      <trkpt lat="24.97612953186035" lon="121.65523767471313">
        <ele>147.81</ele>
      </trkpt>
      <trkpt lat="24.976236820220947" lon="121.65513038635254">
        <ele>148.41</ele>
      </trkpt>
      <trkpt lat="24.976236820220947" lon="121.65506601333618">
        <ele>149.18</ele>
      </trkpt>
      <trkpt lat="24.976236820220947" lon="121.65493726730347">
        <ele>150.02</ele>
      </trkpt>
      <trkpt lat="24.976183092221618" lon="121.65476543828845">
        <ele>151.01</ele>
      </trkpt>
      <trkpt lat="24.97612953186035" lon="121.65459394454956">
        <ele>151.88</ele>
      </trkpt>
      <trkpt lat="24.976086700335145" lon="121.65431499481201">
        <ele>152.68</ele>
      </trkpt>
      <trkpt lat="24.976075887680054" lon="121.65397116914392">
        <ele>153.4</ele>
      </trkpt>
      <trkpt lat="24.976065158843994" lon="121.6536283493042">
        <ele>153.88</ele>
      </trkpt>
      <trkpt lat="24.976000785827637" lon="121.6535210609436">
        <ele>154.62</ele>
      </trkpt>
      <trkpt lat="24.97593641281128" lon="121.65343523025513">
        <ele>155.4</ele>
      </trkpt>
      <trkpt lat="24.97589349746704" lon="121.65341377258301">
        <ele>156.23</ele>
      </trkpt>
      <trkpt lat="24.975786209106445" lon="121.65339231491089">
        <ele>157.13</ele>
      </trkpt>
      <trkpt lat="24.9755225982517" lon="121.65339231491089">
        <ele>158.14</ele>
      </trkpt>
      <trkpt lat="24.975259071215987" lon="121.65339231491089">
        <ele>159.07</ele>
      </trkpt>
      <trkpt lat="24.974992275238037" lon="121.65339231491089">
        <ele>160.1</ele>
      </trkpt>
      <trkpt lat="24.97488498687744" lon="121.65337085723877">
        <ele>161.03</ele>
      </trkpt>
      <trkpt lat="24.974777698516846" lon="121.65330648422241">
        <ele>161.81</ele>
      </trkpt>
      <trkpt lat="24.97467041015625" lon="121.65319919586182">
        <ele>162.49</ele>
      </trkpt>
      <trkpt lat="24.974606120958924" lon="121.65311336517334">
        <ele>163.16</ele>
      </trkpt>
      <trkpt lat="24.974606037139893" lon="121.65311336517334">
        <ele>163.93</ele>
      </trkpt>
      <trkpt lat="24.974477291107178" lon="121.65287733078003">
        <ele>164.52</ele>
      </trkpt>
      <trkpt lat="24.97441291809082" lon="121.65279150009155">
        <ele>165.31</ele>
      </trkpt>
      <trkpt lat="24.974348545074463" lon="121.65274858474731">
        <ele>166.18</ele>
      </trkpt>
      <trkpt lat="24.974112510681152" lon="121.65264129638672">
        <ele>167.41</ele>
      </trkpt>
      <trkpt lat="24.97396230697632" lon="121.65253400802612">
        <ele>168.4</ele>
      </trkpt>
      <trkpt lat="24.973833560943604" lon="121.65240526199341">
        <ele>169.07</ele>
      </trkpt>
      <trkpt lat="24.97372635640204" lon="121.65226587094367">
        <ele>169.67</ele>
      </trkpt>
      <trkpt lat="24.973618984222412" lon="121.65212631225586">
        <ele>170.41</ele>
      </trkpt>
      <trkpt lat="24.973479509353638" lon="121.65190100669861">
        <ele>171.1</ele>
      </trkpt>
      <trkpt lat="24.973340034484863" lon="121.65167570114136">
        <ele>171.8</ele>
      </trkpt>
      <trkpt lat="24.973157895728946" lon="121.65148283354938">
        <ele>172.57</ele>
      </trkpt>
      <trkpt lat="24.972975254058838" lon="121.65128946304321">
        <ele>173.42</ele>
      </trkpt>
      <trkpt lat="24.97288942337036" lon="121.6511607170105">
        <ele>174.2</ele>
      </trkpt>
      <trkpt lat="24.972782135009766" lon="121.65092468261719">
        <ele>175.08</ele>
      </trkpt>
      <trkpt lat="24.972760677337646" lon="121.65079593658447">
        <ele>175.87</ele>
      </trkpt>
      <trkpt lat="24.972739135846496" lon="121.6504735685885">
        <ele>176.6</ele>
      </trkpt>
      <trkpt lat="24.972717761993408" lon="121.6501522064209">
        <ele>177.31</ele>
      </trkpt>
      <trkpt lat="24.97269630432129" lon="121.6500449180603">
        <ele>178.13</ele>
      </trkpt>
      <trkpt lat="24.97265338897705" lon="121.65000200271606">
        <ele>178.96</ele>
      </trkpt>
      <trkpt lat="24.972567558288574" lon="121.64991617202759">
        <ele>179.81</ele>
      </trkpt>
      <trkpt lat="24.972342839464545" lon="121.64977703243494">
        <ele>180.82</ele>
      </trkpt>
      <trkpt lat="24.972116947174072" lon="121.64963722229004">
        <ele>181.85</ele>
      </trkpt>
      <trkpt lat="24.971923828125" lon="121.64942264556885">
        <ele>182.64</ele>
      </trkpt>
      <trkpt lat="24.971859455108643" lon="121.64937973022461">
        <ele>183.49</ele>
      </trkpt>
      <trkpt lat="24.971816539764404" lon="121.64935827255249">
        <ele>184.31</ele>
      </trkpt>
      <trkpt lat="24.971656193956733" lon="121.6493368986994">
        <ele>185.27</ele>
      </trkpt>
      <trkpt lat="24.971494674682617" lon="121.64931535720825">
        <ele>186.32</ele>
      </trkpt>
      <trkpt lat="24.97140884399414" lon="121.64929389953613">
        <ele>187.18</ele>
      </trkpt>
      <trkpt lat="24.971258640289307" lon="121.64918661117554">
        <ele>187.95</ele>
      </trkpt>
      <trkpt lat="24.971086978912354" lon="121.64901494979858">
        <ele>188.75</ele>
      </trkpt>
      <trkpt lat="24.9709153175354" lon="121.64875745773315">
        <ele>189.35</ele>
      </trkpt>
      <trkpt lat="24.970850944519043" lon="121.64860725402832">
        <ele>189.87</ele>
      </trkpt>
      <trkpt lat="24.970797216519713" lon="121.64842469617724">
        <ele>190.34</ele>
      </trkpt>
      <trkpt lat="24.970743656158447" lon="121.6482424736023">
        <ele>190.76</ele>
      </trkpt>
      <trkpt lat="24.97070074081421" lon="121.64819955825806">
        <ele>191.39</ele>
      </trkpt>
      <trkpt lat="24.97065782546997" lon="121.6481351852417">
        <ele>191.93</ele>
      </trkpt>
      <trkpt lat="24.970593452453613" lon="121.64811372756958">
        <ele>192.56</ele>
      </trkpt>
      <trkpt lat="24.9704647064209" lon="121.64809226989746">
        <ele>193.22</ele>
      </trkpt>
      <trkpt lat="24.970314502716064" lon="121.64809226989746">
        <ele>193.89</ele>
      </trkpt>
      <trkpt lat="24.970228672027588" lon="121.64809226989746">
        <ele>194.54</ele>
      </trkpt>
      <trkpt lat="24.97014284133911" lon="121.64815664291382">
        <ele>195.27</ele>
      </trkpt>
      <trkpt lat="24.970035552978516" lon="121.64832830429077">
        <ele>196.13</ele>
      </trkpt>
      <trkpt lat="24.96997126378119" lon="121.64839267730713">
        <ele>196.91</ele>
      </trkpt>
      <trkpt lat="24.969971179962158" lon="121.64839267730713">
        <ele>197.6</ele>
      </trkpt>
      <trkpt lat="24.969842433929443" lon="121.64845705032349">
        <ele>198.46</ele>
      </trkpt>
      <trkpt lat="24.969735145568848" lon="121.64845705032349">
        <ele>199.19</ele>
      </trkpt>
      <trkpt lat="24.969499949365854" lon="121.64840357378125">
        <ele>199.86</ele>
      </trkpt>
      <trkpt lat="24.969263076782227" lon="121.64834976196289">
        <ele>200.53</ele>
      </trkpt>
      <trkpt lat="24.96917724609375" lon="121.64837121963501">
        <ele>201.41</ele>
      </trkpt>
      <trkpt lat="24.969048500061035" lon="121.6484785079956">
        <ele>202.57</ele>
      </trkpt>
      <trkpt lat="24.968984127044678" lon="121.6484785079956">
        <ele>203.42</ele>
      </trkpt>
      <trkpt lat="24.9688982963562" lon="121.6484785079956">
        <ele>204.36</ele>
      </trkpt>
      <trkpt lat="24.968876838684082" lon="121.64843559265137">
        <ele>205.1</ele>
      </trkpt>
      <trkpt lat="24.968812465667725" lon="121.64832830429077">
        <ele>205.85</ele>
      </trkpt>
      <trkpt lat="24.968791007995605" lon="121.64819955825806">
        <ele>206.63</ele>
      </trkpt>
      <trkpt lat="24.968769550323486" lon="121.64794206619263">
        <ele>207.16</ele>
      </trkpt>
      <trkpt lat="24.96870517730713" lon="121.64781332015991">
        <ele>208.01</ele>
      </trkpt>
      <trkpt lat="24.96851222589612" lon="121.64759899489582">
        <ele>209.15</ele>
      </trkpt>
      <trkpt lat="24.968319358304143" lon="121.64738466963172">
        <ele>209.97</ele>
      </trkpt>
      <trkpt lat="24.968125820159912" lon="121.64716958999634">
        <ele>210.68</ele>
      </trkpt>
      <trkpt lat="24.967997074127197" lon="121.64706230163574">
        <ele>211.53</ele>
      </trkpt>
      <trkpt lat="24.967846870422363" lon="121.64697647094727">
        <ele>212.48</ele>
      </trkpt>
      <trkpt lat="24.96767520904541" lon="121.64691209793091">
        <ele>213.54</ele>
      </trkpt>
      <trkpt lat="24.967408077791333" lon="121.64691201411188">
        <ele>214.8</ele>
      </trkpt>
      <trkpt lat="24.96713876724243" lon="121.64691209793091">
        <ele>216.08</ele>
      </trkpt>
      <trkpt lat="24.967010021209717" lon="121.64689064025879">
        <ele>217.23</ele>
      </trkpt>
      <trkpt lat="24.96686023660004" lon="121.64680497720838">
        <ele>218.27</ele>
      </trkpt>
      <trkpt lat="24.96670969761908" lon="121.64671897888184">
        <ele>219.39</ele>
      </trkpt>
      <trkpt lat="24.966623783111572" lon="121.64669752120972">
        <ele>220.72</ele>
      </trkpt>
      <trkpt lat="24.966495037078857" lon="121.64669752120972">
        <ele>222.2</ele>
      </trkpt>
      <trkpt lat="24.966274173930287" lon="121.64674018509686">
        <ele>223.88</ele>
      </trkpt>
      <trkpt lat="24.966053310781717" lon="121.64678293280303">
        <ele>225.54</ele>
      </trkpt>
      <trkpt lat="24.965829849243164" lon="121.64682626724243">
        <ele>227.13</ele>
      </trkpt>
      <trkpt lat="24.96567964553833" lon="121.64686918258667">
        <ele>228.72</ele>
      </trkpt>
      <trkpt lat="24.965615272521973" lon="121.64693355560303">
        <ele>230.5</ele>
      </trkpt>
      <trkpt lat="24.965486526489258" lon="121.64704084396362">
        <ele>232.28</ele>
      </trkpt>
      <trkpt lat="24.965379238128662" lon="121.64721250534058">
        <ele>234.29</ele>
      </trkpt>
      <trkpt lat="24.965336322784424" lon="121.64736270904541">
        <ele>236.31</ele>
      </trkpt>
      <trkpt lat="24.965282594785094" lon="121.64754518307745">
        <ele>238.34</ele>
      </trkpt>
      <trkpt lat="24.965229034423828" lon="121.64772748947144">
        <ele>240.25</ele>
      </trkpt>
      <trkpt lat="24.96515384875238" lon="121.64788842201233">
        <ele>242.08</ele>
      </trkpt>
      <trkpt lat="24.965078830718994" lon="121.64804935455322">
        <ele>244.07</ele>
      </trkpt>
      <trkpt lat="24.965014457702637" lon="121.64815664291382">
        <ele>246.12</ele>
      </trkpt>
      <trkpt lat="24.964885711669922" lon="121.64830684661865">
        <ele>248.23</ele>
      </trkpt>
      <trkpt lat="24.96469309553504" lon="121.64844238199294">
        <ele>250.4</ele>
      </trkpt>
      <trkpt lat="24.964500479400158" lon="121.64857791736722">
        <ele>252.57</ele>
      </trkpt>
      <trkpt lat="24.964306438341737" lon="121.64871454238892">
        <ele>254.56</ele>
      </trkpt>
      <trkpt lat="24.964306354522705" lon="121.64871454238892">
        <ele>256.52</ele>
      </trkpt>
      <trkpt lat="24.9641028419137" lon="121.64888578467071">
        <ele>258.7</ele>
      </trkpt>
      <trkpt lat="24.96389865875244" lon="121.64905786514282">
        <ele>260.91</ele>
      </trkpt>
      <trkpt lat="24.963812828063965" lon="121.64910078048706">
        <ele>262.9</ele>
      </trkpt>
      <trkpt lat="24.96372699737549" lon="121.64910078048706">
        <ele>264.85</ele>
      </trkpt>
      <trkpt lat="24.96366262435913" lon="121.64905786514282">
        <ele>266.88</ele>
      </trkpt>
      <trkpt lat="24.963598251342773" lon="121.64897203445435">
        <ele>268.8</ele>
      </trkpt>
      <trkpt lat="24.963598251342773" lon="121.64886474609375">
        <ele>270.39</ele>
      </trkpt>
      <trkpt lat="24.96366262435913" lon="121.64865016937256">
        <ele>271.71</ele>
      </trkpt>
      <trkpt lat="24.963791286572814" lon="121.64844632148743">
        <ele>273.15</ele>
      </trkpt>
      <trkpt lat="24.96392011642456" lon="121.6482424736023">
        <ele>274.45</ele>
      </trkpt>
      <trkpt lat="24.963984489440918" lon="121.64815664291382">
        <ele>275.59</ele>
      </trkpt>
      <trkpt lat="24.964048862457275" lon="121.64797408506274">
        <ele>277.03</ele>
      </trkpt>
      <trkpt lat="24.964113235473633" lon="121.6477918624878">
        <ele>278.31</ele>
      </trkpt>
      <trkpt lat="24.96415615081787" lon="121.6475772857666">
        <ele>279.33</ele>
      </trkpt>
      <trkpt lat="24.96416687965393" lon="121.64730864576995">
        <ele>280.66</ele>
      </trkpt>
      <trkpt lat="24.96417760848999" lon="121.64704084396362">
        <ele>282.1</ele>
      </trkpt>
      <trkpt lat="24.964187247678638" lon="121.64698770269752">
        <ele>283.13</ele>
      </trkpt>
      <trkpt lat="24.96422052383423" lon="121.64680480957031">
        <ele>284.2</ele>
      </trkpt>
      <trkpt lat="24.964306354522705" lon="121.64653633721173">
        <ele>285.02</ele>
      </trkpt>
      <trkpt lat="24.96439218521118" lon="121.64626836776733">
        <ele>285.65</ele>
      </trkpt>
      <trkpt lat="24.964499389752746" lon="121.64610743522644">
        <ele>286.1</ele>
      </trkpt>
      <trkpt lat="24.964606761932373" lon="121.64594650268555">
        <ele>286.25</ele>
      </trkpt>
      <trkpt lat="24.964628219604492" lon="121.64588212966919">
        <ele>286.78</ele>
      </trkpt>
      <trkpt lat="24.964606761932373" lon="121.64581775665283">
        <ele>287.4</ele>
      </trkpt>
      <trkpt lat="24.964585304260254" lon="121.64575338363647">
        <ele>288.01</ele>
      </trkpt>
      <trkpt lat="24.96444582939148" lon="121.64553889073431">
        <ele>288.92</ele>
      </trkpt>
      <trkpt lat="24.964306354522705" lon="121.64532423019409">
        <ele>289.61</ele>
      </trkpt>
      <trkpt lat="24.96417760848999" lon="121.64525985717773">
        <ele>290.17</ele>
      </trkpt>
      <trkpt lat="24.96398515999317" lon="121.64519565179944">
        <ele>290.75</ele>
      </trkpt>
      <trkpt lat="24.963791370391846" lon="121.64513111114502">
        <ele>291.3</ele>
      </trkpt>
      <trkpt lat="24.96368408203125" lon="121.64504528045654">
        <ele>291.75</ele>
      </trkpt>
      <trkpt lat="24.96364116668701" lon="121.6450023651123">
        <ele>292.2</ele>
      </trkpt>
      <trkpt lat="24.963598251342773" lon="121.64493799209595">
        <ele>292.61</ele>
      </trkpt>
      <trkpt lat="24.963512420654297" lon="121.64470195770264">
        <ele>292.93</ele>
      </trkpt>
      <trkpt lat="24.96342658996582" lon="121.64453029632568">
        <ele>293.39</ele>
      </trkpt>
      <trkpt lat="24.963283594697714" lon="121.64433726109564">
        <ele>293.89</ele>
      </trkpt>
      <trkpt lat="24.96314068324864" lon="121.64414430968463">
        <ele>294.3</ele>
      </trkpt>
      <trkpt lat="24.962997436523438" lon="121.64395093917847">
        <ele>294.58</ele>
      </trkpt>
      <trkpt lat="24.962890148162842" lon="121.64384365081787">
        <ele>294.96</ele>
      </trkpt>
      <trkpt lat="24.962825775146484" lon="121.64382219314575">
        <ele>295.4</ele>
      </trkpt>
      <trkpt lat="24.962761402130127" lon="121.64380073547363">
        <ele>295.89</ele>
      </trkpt>
      <trkpt lat="24.962632656097412" lon="121.64382219314575">
        <ele>296.49</ele>
      </trkpt>
      <trkpt lat="24.962503910064697" lon="121.64386510848999">
        <ele>297.11</ele>
      </trkpt>
      <trkpt lat="24.96241807937622" lon="121.64392948150635">
        <ele>297.83</ele>
      </trkpt>
      <trkpt lat="24.962208112701774" lon="121.64412654004991">
        <ele>298.7</ele>
      </trkpt>
      <trkpt lat="24.96199822984636" lon="121.64432359859347">
        <ele>299.67</ele>
      </trkpt>
      <trkpt lat="24.96178826317191" lon="121.64452065713704">
        <ele>300.63</ele>
      </trkpt>
      <trkpt lat="24.961578380316496" lon="121.6447177156806">
        <ele>301.51</ele>
      </trkpt>
      <trkpt lat="24.961366653442383" lon="121.64491653442383">
        <ele>302.41</ele>
      </trkpt>
      <trkpt lat="24.96117395348847" lon="121.64504494518042">
        <ele>303.4</ele>
      </trkpt>
      <trkpt lat="24.960981337353587" lon="121.645173355937">
        <ele>304.48</ele>
      </trkpt>
      <trkpt lat="24.960787296295166" lon="121.64530277252197">
        <ele>305.64</ele>
      </trkpt>
      <trkpt lat="24.960744380950928" lon="121.64534568786621">
        <ele>306.74</ele>
      </trkpt>
      <trkpt lat="24.96072292327881" lon="121.6454529762268">
        <ele>307.98</ele>
      </trkpt>
      <trkpt lat="24.960744380950928" lon="121.64551734924316">
        <ele>309.18</ele>
      </trkpt>
      <trkpt lat="24.960765838623047" lon="121.64553880691528">
        <ele>310.35</ele>
      </trkpt>
      <trkpt lat="24.960830211639404" lon="121.6455602645874">
        <ele>311.56</ele>
      </trkpt>
      <trkpt lat="24.960873126983643" lon="121.64553880691528">
        <ele>312.7</ele>
      </trkpt>
      <trkpt lat="24.9611084908247" lon="121.64539757184684">
        <ele>313.74</ele>
      </trkpt>
      <trkpt lat="24.961343854665756" lon="121.6452563367784">
        <ele>314.75</ele>
      </trkpt>
      <trkpt lat="24.961579218506813" lon="121.64511510170996">
        <ele>315.96</ele>
      </trkpt>
      <trkpt lat="24.96181458234787" lon="121.64497386664152">
        <ele>317.36</ele>
      </trkpt>
      <trkpt lat="24.962053298950195" lon="121.64483070373535">
        <ele>318.73</ele>
      </trkpt>
      <trkpt lat="24.96216058731079" lon="121.644766330719">
        <ele>319.91</ele>
      </trkpt>
      <trkpt lat="24.96222496032715" lon="121.644766330719">
        <ele>321.15</ele>
      </trkpt>
      <trkpt lat="24.962332248687744" lon="121.644766330719">
        <ele>322.4</ele>
      </trkpt>
      <trkpt lat="24.96246099472046" lon="121.64480924606323">
        <ele>323.71</ele>
      </trkpt>
      <trkpt lat="24.962632656097412" lon="121.64493799209595">
        <ele>325.17</ele>
      </trkpt>
      <trkpt lat="24.962825775146484" lon="121.64517402648926">
        <ele>326.55</ele>
      </trkpt>
      <trkpt lat="24.962847232818604" lon="121.64525985717773">
        <ele>327.86</ele>
      </trkpt>
      <trkpt lat="24.962825775146484" lon="121.64530277252197">
        <ele>329.04</ele>
      </trkpt>
      <trkpt lat="24.962804317474365" lon="121.64532423019409">
        <ele>330.18</ele>
      </trkpt>
      <trkpt lat="24.962739944458008" lon="121.64534568786621">
        <ele>331.31</ele>
      </trkpt>
      <trkpt lat="24.96267557144165" lon="121.64532423019409">
        <ele>332.37</ele>
      </trkpt>
      <trkpt lat="24.962568366900086" lon="121.64519556798041">
        <ele>333.25</ele>
      </trkpt>
      <trkpt lat="24.96246099472046" lon="121.64506673812866">
        <ele>334.09</ele>
      </trkpt>
      <trkpt lat="24.962375164031982" lon="121.64498090744019">
        <ele>334.97</ele>
      </trkpt>
      <trkpt lat="24.962289333343506" lon="121.64495944976807">
        <ele>335.92</ele>
      </trkpt>
      <trkpt lat="24.962246417999268" lon="121.64495944976807">
        <ele>336.94</ele>
      </trkpt>
      <trkpt lat="24.96216058731079" lon="121.6450023651123">
        <ele>337.99</ele>
      </trkpt>
      <trkpt lat="24.961982052773237" lon="121.64517369121313">
        <ele>339.08</ele>
      </trkpt>
      <trkpt lat="24.961803518235683" lon="121.64534510113299">
        <ele>340.04</ele>
      </trkpt>
      <trkpt lat="24.961624145507812" lon="121.64551734924316">
        <ele>341.42</ele>
      </trkpt>
      <trkpt lat="24.96145248413086" lon="121.64573192596436">
        <ele>343.0</ele>
      </trkpt>
      <trkpt lat="24.961280822753906" lon="121.64596796035767">
        <ele>344.62</ele>
      </trkpt>
      <trkpt lat="24.96119499206543" lon="121.64609670639038">
        <ele>346.1</ele>
      </trkpt>
      <trkpt lat="24.960970105603337" lon="121.6462733130902">
        <ele>347.55</ele>
      </trkpt>
      <trkpt lat="24.960745302960277" lon="121.64644991979003">
        <ele>349.02</ele>
      </trkpt>
      <trkpt lat="24.960520500317216" lon="121.64662652648985">
        <ele>350.48</ele>
      </trkpt>
      <trkpt lat="24.960293769836426" lon="121.64680480957031">
        <ele>352.04</ele>
      </trkpt>
      <trkpt lat="24.960154462605715" lon="121.64694403298199">
        <ele>353.53</ele>
      </trkpt>
      <trkpt lat="24.960014820098877" lon="121.64708375930786">
        <ele>355.13</ele>
      </trkpt>
      <trkpt lat="24.95984341017902" lon="121.64726229384542">
        <ele>356.75</ele>
      </trkpt>
      <trkpt lat="24.95967200025916" lon="121.64744082838297">
        <ele>358.41</ele>
      </trkpt>
      <trkpt lat="24.95949991978705" lon="121.64762020111084">
        <ele>360.12</ele>
      </trkpt>
      <trkpt lat="24.959392547607422" lon="121.64770603179932">
        <ele>361.68</ele>
      </trkpt>
      <trkpt lat="24.959328174591064" lon="121.64772748947144">
        <ele>363.14</ele>
      </trkpt>
      <trkpt lat="24.95919951237738" lon="121.64772748947144">
        <ele>364.69</ele>
      </trkpt>
      <trkpt lat="24.959049224853516" lon="121.6476845741272">
        <ele>366.31</ele>
      </trkpt>
      <trkpt lat="24.95889944024384" lon="121.64759891107678">
        <ele>367.77</ele>
      </trkpt>
      <trkpt lat="24.958748817443848" lon="121.64751291275024">
        <ele>369.17</ele>
      </trkpt>
      <trkpt lat="24.958641529083252" lon="121.647469997406">
        <ele>370.5</ele>
      </trkpt>
      <trkpt lat="24.958512783050537" lon="121.64749145507812">
        <ele>371.86</ele>
      </trkpt>
      <trkpt lat="24.958298206329346" lon="121.64753437042236">
        <ele>373.32</ele>
      </trkpt>
      <trkpt lat="24.95821237564087" lon="121.64753437042236">
        <ele>374.65</ele>
      </trkpt>
      <trkpt lat="24.95814800262451" lon="121.64749145507812">
        <ele>375.89</ele>
      </trkpt>
      <trkpt lat="24.958062255755067" lon="121.64738416671753">
        <ele>377.07</ele>
      </trkpt>
      <trkpt lat="24.958062171936035" lon="121.64738416671753">
        <ele>378.29</ele>
      </trkpt>
      <trkpt lat="24.95797634124756" lon="121.64731979370117">
        <ele>379.48</ele>
      </trkpt>
      <trkpt lat="24.957890510559082" lon="121.64725542068481">
        <ele>380.65</ele>
      </trkpt>
      <trkpt lat="24.957783222198486" lon="121.6472339630127">
        <ele>381.88</ele>
      </trkpt>
      <trkpt lat="24.95769747532904" lon="121.6472339630127">
        <ele>383.11</ele>
      </trkpt>
      <trkpt lat="24.957405366003513" lon="121.64724100381136">
        <ele>384.44</ele>
      </trkpt>
      <trkpt lat="24.957113256677985" lon="121.64724812842906">
        <ele>385.7</ele>
      </trkpt>
      <trkpt lat="24.956817626953125" lon="121.64725542068481">
        <ele>387.11</ele>
      </trkpt>
      <trkpt lat="24.95671033859253" lon="121.64719104766846">
        <ele>388.38</ele>
      </trkpt>
      <trkpt lat="24.956667507067323" lon="121.64710521697998">
        <ele>389.55</ele>
      </trkpt>
      <trkpt lat="24.956646049395204" lon="121.64695501327515">
        <ele>390.67</ele>
      </trkpt>
      <trkpt lat="24.956645965576172" lon="121.64689064025879">
        <ele>391.78</ele>
      </trkpt>
      <trkpt lat="24.95668888092041" lon="121.6467833518982">
        <ele>392.83</ele>
      </trkpt>
      <trkpt lat="24.95681745931506" lon="121.64662250317633">
        <ele>393.83</ele>
      </trkpt>
      <trkpt lat="24.95694637298584" lon="121.6464614868164">
        <ele>394.87</ele>
      </trkpt>
      <trkpt lat="24.95706799440086" lon="121.64620391093194">
        <ele>396.02</ele>
      </trkpt>
      <trkpt lat="24.957189615815878" lon="121.64594633504748">
        <ele>397.24</ele>
      </trkpt>
      <trkpt lat="24.957311237230897" lon="121.64568901062012">
        <ele>398.26</ele>
      </trkpt>
      <trkpt lat="24.9574077129364" lon="121.64551734924316">
        <ele>399.26</ele>
      </trkpt>
      <trkpt lat="24.957504272460938" lon="121.64534568786621">
        <ele>400.28</ele>
      </trkpt>
      <trkpt lat="24.957504272460938" lon="121.64523839950562">
        <ele>401.44</ele>
      </trkpt>
      <trkpt lat="24.95748281478882" lon="121.64515256881714">
        <ele>402.6</ele>
      </trkpt>
      <trkpt lat="24.957311153411865" lon="121.64491653442383">
        <ele>404.03</ele>
      </trkpt>
      <trkpt lat="24.957246780395508" lon="121.64478778839111">
        <ele>405.19</ele>
      </trkpt>
      <trkpt lat="24.95720386505127" lon="121.64472341537476">
        <ele>406.36</ele>
      </trkpt>
      <trkpt lat="24.95716094970703" lon="121.64446592330933">
        <ele>407.44</ele>
      </trkpt>
      <trkpt lat="24.957118034362793" lon="121.64431571960449">
        <ele>408.6</ele>
      </trkpt>
      <trkpt lat="24.957032203674316" lon="121.6442084312439">
        <ele>409.85</ele>
      </trkpt>
      <trkpt lat="24.9569034576416" lon="121.64407968521118">
        <ele>411.14</ele>
      </trkpt>
      <trkpt lat="24.956646636128426" lon="121.6439299006015">
        <ele>412.56</ele>
      </trkpt>
      <trkpt lat="24.956388473510742" lon="121.64377927780151">
        <ele>413.97</ele>
      </trkpt>
      <trkpt lat="24.956281185150146" lon="121.64362907409668">
        <ele>415.25</ele>
      </trkpt>
      <trkpt lat="24.956238269805908" lon="121.64347887039185">
        <ele>416.52</ele>
      </trkpt>
      <trkpt lat="24.956248998641968" lon="121.64328541606665">
        <ele>417.78</ele>
      </trkpt>
      <trkpt lat="24.956259727478027" lon="121.6430926322937">
        <ele>419.05</ele>
      </trkpt>
      <trkpt lat="24.956259727478027" lon="121.64287805557251">
        <ele>420.29</ele>
      </trkpt>
      <trkpt lat="24.95621681213379" lon="121.64266347885132">
        <ele>421.62</ele>
      </trkpt>
      <trkpt lat="24.95619535446167" lon="121.64257764816284">
        <ele>423.01</ele>
      </trkpt>
      <trkpt lat="24.956130981445312" lon="121.64249181747437">
        <ele>424.45</ele>
      </trkpt>
      <trkpt lat="24.95595932006836" lon="121.64238452911377">
        <ele>425.98</ele>
      </trkpt>
      <trkpt lat="24.955734768882394" lon="121.64228822104633">
        <ele>427.54</ele>
      </trkpt>
      <trkpt lat="24.955508708953857" lon="121.6421914100647">
        <ele>429.1</ele>
      </trkpt>
      <trkpt lat="24.955358505249023" lon="121.6421914100647">
        <ele>430.76</ele>
      </trkpt>
      <trkpt lat="24.955122470855713" lon="121.64221286773682">
        <ele>432.74</ele>
      </trkpt>
      <trkpt lat="24.955036640167236" lon="121.64216995239258">
        <ele>434.4</ele>
      </trkpt>
      <trkpt lat="24.954977547749877" lon="121.6421256121248">
        <ele>435.98</ele>
      </trkpt>
      <trkpt lat="24.95495080947876" lon="121.64210557937622">
        <ele>437.48</ele>
      </trkpt>
      <trkpt lat="24.954864978790283" lon="121.64184808731079">
        <ele>438.74</ele>
      </trkpt>
      <trkpt lat="24.954822063446045" lon="121.64176225662231">
        <ele>440.12</ele>
      </trkpt>
      <trkpt lat="24.954757690429688" lon="121.64167642593384">
        <ele>441.53</ele>
      </trkpt>
      <trkpt lat="24.954628944396973" lon="121.641526222229">
        <ele>443.02</ele>
      </trkpt>
      <trkpt lat="24.954500198364258" lon="121.64144039154053">
        <ele>444.48</ele>
      </trkpt>
      <trkpt lat="24.95419979095459" lon="121.64135456085205">
        <ele>446.17</ele>
      </trkpt>
      <trkpt lat="24.95417833328247" lon="121.64133310317993">
        <ele>447.31</ele>
      </trkpt>
      <trkpt lat="24.954113960266113" lon="121.64124727249146">
        <ele>448.39</ele>
      </trkpt>
      <trkpt lat="24.954049503430724" lon="121.64103244431317">
        <ele>449.2</ele>
      </trkpt>
      <trkpt lat="24.9539852142334" lon="121.64081811904907">
        <ele>450.01</ele>
      </trkpt>
      <trkpt lat="24.95394229888916" lon="121.6407322883606">
        <ele>450.84</ele>
      </trkpt>
      <trkpt lat="24.953835094347596" lon="121.64060362614691">
        <ele>451.71</ele>
      </trkpt>
      <trkpt lat="24.95372772216797" lon="121.64047479629517">
        <ele>452.52</ele>
      </trkpt>
      <trkpt lat="24.95368480682373" lon="121.64038896560669">
        <ele>453.1</ele>
      </trkpt>
      <trkpt lat="24.95366334915161" lon="121.64034605026245">
        <ele>453.58</ele>
      </trkpt>
      <trkpt lat="24.95370626449585" lon="121.64023876190186">
        <ele>453.9</ele>
      </trkpt>
      <trkpt lat="24.953792095184326" lon="121.64011001586914">
        <ele>454.18</ele>
      </trkpt>
      <trkpt lat="24.954092502593994" lon="121.64000272750854">
        <ele>454.03</ele>
      </trkpt>
      <trkpt lat="24.95417833328247" lon="121.63991689682007">
        <ele>454.18</ele>
      </trkpt>
      <trkpt lat="24.95426424778998" lon="121.63970232009888">
        <ele>454.29</ele>
      </trkpt>
      <trkpt lat="24.954328536987305" lon="121.6396164894104">
        <ele>454.49</ele>
      </trkpt>
      <trkpt lat="24.95441436767578" lon="121.63959503173828">
        <ele>454.57</ele>
      </trkpt>
      <trkpt lat="24.954650402069092" lon="121.63968086242676">
        <ele>454.45</ele>
      </trkpt>
      <trkpt lat="24.95471477508545" lon="121.63970232009888">
        <ele>454.46</ele>
      </trkpt>
      <trkpt lat="24.954800605773926" lon="121.63978815078735">
        <ele>454.38</ele>
      </trkpt>
      <trkpt lat="24.95497226715088" lon="121.64000272750854">
        <ele>454.19</ele>
      </trkpt>
      <trkpt lat="24.955015182495117" lon="121.64004564285278">
        <ele>454.2</ele>
      </trkpt>
      <trkpt lat="24.955079555511475" lon="121.6400671005249">
        <ele>454.25</ele>
      </trkpt>
      <trkpt lat="24.95518684387207" lon="121.64002418518066">
        <ele>454.45</ele>
      </trkpt>
      <trkpt lat="24.955347273498774" lon="121.63992787711322">
        <ele>454.77</ele>
      </trkpt>
      <trkpt lat="24.955508708953857" lon="121.63983106613159">
        <ele>455.04</ele>
      </trkpt>
      <trkpt lat="24.955573081970215" lon="121.63976669311523">
        <ele>455.25</ele>
      </trkpt>
      <trkpt lat="24.955594539642334" lon="121.639723777771">
        <ele>455.49</ele>
      </trkpt>
      <trkpt lat="24.955615997314453" lon="121.63959503173828">
        <ele>455.75</ele>
      </trkpt>
      <trkpt lat="24.955594539642334" lon="121.63953065872192">
        <ele>456.03</ele>
      </trkpt>
      <trkpt lat="24.955551624298096" lon="121.63942337036133">
        <ele>456.38</ele>
      </trkpt>
      <trkpt lat="24.9554443359375" lon="121.63927325047553">
        <ele>456.84</ele>
      </trkpt>
      <trkpt lat="24.955337047576904" lon="121.63912296295166">
        <ele>457.33</ele>
      </trkpt>
      <trkpt lat="24.955315589904785" lon="121.6390585899353">
        <ele>457.7</ele>
      </trkpt>
      <trkpt lat="24.955294132232666" lon="121.6389513015747">
        <ele>458.1</ele>
      </trkpt>
      <trkpt lat="24.955294132232666" lon="121.63890838623047">
        <ele>458.45</ele>
      </trkpt>
      <trkpt lat="24.955337131395936" lon="121.63884401321411">
        <ele>458.77</ele>
      </trkpt>
      <trkpt lat="24.955497393384576" lon="121.63877980783582">
        <ele>459.01</ele>
      </trkpt>
      <trkpt lat="24.95565891265869" lon="121.6387152671814">
        <ele>459.33</ele>
      </trkpt>
      <trkpt lat="24.955830574035645" lon="121.63862943649292">
        <ele>459.8</ele>
      </trkpt>
      <trkpt lat="24.95595932006836" lon="121.6386079788208">
        <ele>460.16</ele>
      </trkpt>
      <trkpt lat="24.956109607592225" lon="121.63862943649292">
        <ele>460.5</ele>
      </trkpt>
      <trkpt lat="24.95621681213379" lon="121.63867235183716">
        <ele>460.77</ele>
      </trkpt>
      <trkpt lat="24.95643138885498" lon="121.63886547088623">
        <ele>460.93</ele>
      </trkpt>
      <trkpt lat="24.956560134887695" lon="121.6389513015747">
        <ele>461.11</ele>
      </trkpt>
      <trkpt lat="24.95671033859253" lon="121.63897275924683">
        <ele>461.32</ele>
      </trkpt>
      <trkpt lat="24.956903541460633" lon="121.63897275924683">
        <ele>461.54</ele>
      </trkpt>
      <trkpt lat="24.95694637298584" lon="121.6389513015747">
        <ele>461.8</ele>
      </trkpt>
      <trkpt lat="24.957010746002197" lon="121.63888692855835">
        <ele>462.08</ele>
      </trkpt>
      <trkpt lat="24.957053661346436" lon="121.63877964019775">
        <ele>462.34</ele>
      </trkpt>
      <trkpt lat="24.957032203674316" lon="121.63867235183716">
        <ele>462.65</ele>
      </trkpt>
      <trkpt lat="24.95694645680487" lon="121.63854360580444">
        <ele>463.01</ele>
      </trkpt>
      <trkpt lat="24.956775046885014" lon="121.6383936535567">
        <ele>463.44</ele>
      </trkpt>
      <trkpt lat="24.956603050231934" lon="121.63824319839478">
        <ele>463.96</ele>
      </trkpt>
      <trkpt lat="24.956560134887695" lon="121.63820028305054">
        <ele>464.33</ele>
      </trkpt>
      <trkpt lat="24.956538677215576" lon="121.6381573677063">
        <ele>464.7</ele>
      </trkpt>
      <trkpt lat="24.956538677215576" lon="121.63800716400146">
        <ele>465.02</ele>
      </trkpt>
      <trkpt lat="24.956645965576172" lon="121.63768529891968">
        <ele>465.04</ele>
      </trkpt>
      <trkpt lat="24.956667507067323" lon="121.63762092590332">
        <ele>465.38</ele>
      </trkpt>
      <trkpt lat="24.956624507904053" lon="121.6374921798706">
        <ele>465.76</ele>
      </trkpt>
      <trkpt lat="24.95647438801825" lon="121.63721323013306">
        <ele>466.05</ele>
      </trkpt>
      <trkpt lat="24.95640993118286" lon="121.63712739944458">
        <ele>466.51</ele>
      </trkpt>
      <trkpt lat="24.956324100494385" lon="121.63706302642822">
        <ele>467.06</ele>
      </trkpt>
      <trkpt lat="24.956035343930125" lon="121.63693469949067">
        <ele>467.75</ele>
      </trkpt>
      <trkpt lat="24.955744743347168" lon="121.6368055343628">
        <ele>468.42</ele>
      </trkpt>
      <trkpt lat="24.95555229485035" lon="121.63675205782056">
        <ele>469.22</ele>
      </trkpt>
      <trkpt lat="24.955358505249023" lon="121.6366982460022">
        <ele>470.1</ele>
      </trkpt>
      <trkpt lat="24.95522975921631" lon="121.63663387298584">
        <ele>471.07</ele>
      </trkpt>
      <trkpt lat="24.95516538619995" lon="121.63656949996948">
        <ele>471.98</ele>
      </trkpt>
      <trkpt lat="24.955079555511475" lon="121.63644075393677">
        <ele>472.94</ele>
      </trkpt>
      <trkpt lat="24.954993724822998" lon="121.63625827990472">
        <ele>473.94</ele>
      </trkpt>
      <trkpt lat="24.954907977953553" lon="121.63607597351074">
        <ele>474.93</ele>
      </trkpt>
      <trkpt lat="24.954800605773926" lon="121.63586139678955">
        <ele>476.01</ele>
      </trkpt>
      <trkpt lat="24.95473623275757" lon="121.63577556610107">
        <ele>477.03</ele>
      </trkpt>
      <trkpt lat="24.954521656036377" lon="121.63553953170776">
        <ele>478.3</ele>
      </trkpt>
      <trkpt lat="24.9544358253479" lon="121.63545370101929">
        <ele>479.27</ele>
      </trkpt>
      <trkpt lat="24.95439282618463" lon="121.63526033051312">
        <ele>479.92</ele>
      </trkpt>
      <trkpt lat="24.954349994659424" lon="121.63506746292114">
        <ele>480.56</ele>
      </trkpt>
      <trkpt lat="24.954307079315186" lon="121.63500308990479">
        <ele>481.35</ele>
      </trkpt>
      <trkpt lat="24.954264163970947" lon="121.63496017456055">
        <ele>482.13</ele>
      </trkpt>
      <trkpt lat="24.95417833328247" lon="121.63493871688843">
        <ele>482.95</ele>
      </trkpt>
      <trkpt lat="24.95400734245777" lon="121.63493871688843">
        <ele>483.77</ele>
      </trkpt>
      <trkpt lat="24.953835010528564" lon="121.63493871688843">
        <ele>484.64</ele>
      </trkpt>
      <trkpt lat="24.95372772216797" lon="121.63493871688843">
        <ele>485.37</ele>
      </trkpt>
      <trkpt lat="24.953598976135254" lon="121.63489580154419">
        <ele>486.06</ele>
      </trkpt>
      <trkpt lat="24.953513145446777" lon="121.63480997085571">
        <ele>486.57</ele>
      </trkpt>
      <trkpt lat="24.95344877243042" lon="121.63472414016724">
        <ele>486.98</ele>
      </trkpt>
      <trkpt lat="24.95340585708618" lon="121.6345739364624">
        <ele>487.25</ele>
      </trkpt>
      <trkpt lat="24.953330671414733" lon="121.63430538028479">
        <ele>487.46</ele>
      </trkpt>
      <trkpt lat="24.953255653381348" lon="121.63403749465942">
        <ele>487.59</ele>
      </trkpt>
      <trkpt lat="24.95323419570923" lon="121.63395166397095">
        <ele>487.66</ele>
      </trkpt>
      <trkpt lat="24.95316982269287" lon="121.63390874862671">
        <ele>487.76</ele>
      </trkpt>
      <trkpt lat="24.953084075823426" lon="121.63388729095459">
        <ele>487.7</ele>
      </trkpt>
      <trkpt lat="24.95297083631158" lon="121.63371403701603">
        <ele>487.35</ele>
      </trkpt>
      <trkpt lat="24.952827505767345" lon="121.63349451497197">
        <ele>487.0</ele>
      </trkpt>
      <trkpt lat="24.952684259042144" lon="121.63327507674694">
        <ele>486.59</ele>
      </trkpt>
      <trkpt lat="24.95254092849791" lon="121.63305563852191">
        <ele>486.1</ele>
      </trkpt>
      <trkpt lat="24.952397430315614" lon="121.63283586502075">
        <ele>485.68</ele>
      </trkpt>
      <trkpt lat="24.952261559665203" lon="121.63263562135398">
        <ele>485.25</ele>
      </trkpt>
      <trkpt lat="24.952125772833824" lon="121.63243546150625">
        <ele>484.74</ele>
      </trkpt>
      <trkpt lat="24.95198973454535" lon="121.63223505020142">
        <ele>484.24</ele>
      </trkpt>
      <trkpt lat="24.951893175020814" lon="121.63206338882446">
        <ele>483.79</ele>
      </trkpt>
      <trkpt lat="24.951796615496278" lon="121.63189172744751">
        <ele>483.36</ele>
      </trkpt>
      <trkpt lat="24.951775074005127" lon="121.6317629814148">
        <ele>482.94</ele>
      </trkpt>
      <trkpt lat="24.951796531677246" lon="121.6316556930542">
        <ele>482.47</ele>
      </trkpt>
      <trkpt lat="24.951817989349365" lon="121.6315484046936">
        <ele>482.02</ele>
      </trkpt>
      <trkpt lat="24.951860904693604" lon="121.63146257400513">
        <ele>481.5</ele>
      </trkpt>
      <trkpt lat="24.95196827687323" lon="121.63135528564453">
        <ele>480.95</ele>
      </trkpt>
      <trkpt lat="24.952139854431152" lon="121.63122653961182">
        <ele>480.28</ele>
      </trkpt>
      <trkpt lat="24.952311515808105" lon="121.63114070892334">
        <ele>479.35</ele>
      </trkpt>
      <trkpt lat="24.952525170519948" lon="121.63109796121716">
        <ele>478.39</ele>
      </trkpt>
      <trkpt lat="24.95274066925049" lon="121.63105487823486">
        <ele>477.45</ele>
      </trkpt>
      <trkpt lat="24.95293378829956" lon="121.63096904754639">
        <ele>476.65</ele>
      </trkpt>
      <trkpt lat="24.953105449676514" lon="121.63079738616943">
        <ele>475.85</ele>
      </trkpt>
      <trkpt lat="24.95325573720038" lon="121.630539894104">
        <ele>475.18</ele>
      </trkpt>
      <trkpt lat="24.953341567888856" lon="121.63038969039917">
        <ele>474.33</ele>
      </trkpt>
      <trkpt lat="24.953438127413392" lon="121.63020721636713">
        <ele>473.38</ele>
      </trkpt>
      <trkpt lat="24.953534686937928" lon="121.63002490997314">
        <ele>472.44</ele>
      </trkpt>
      <trkpt lat="24.953641891479492" lon="121.62981745786965">
        <ele>471.51</ele>
      </trkpt>
      <trkpt lat="24.953749179840088" lon="121.62961000576615">
        <ele>470.65</ele>
      </trkpt>
      <trkpt lat="24.953856468200684" lon="121.62940263748169">
        <ele>469.75</ele>
      </trkpt>
      <trkpt lat="24.953856552019715" lon="121.62940263748169">
        <ele>468.85</ele>
      </trkpt>
      <trkpt lat="24.954003151506186" lon="121.62913081236184">
        <ele>467.91</ele>
      </trkpt>
      <trkpt lat="24.954149750992656" lon="121.62885898724198">
        <ele>466.94</ele>
      </trkpt>
      <trkpt lat="24.954296350479126" lon="121.62858724594116">
        <ele>465.9</ele>
      </trkpt>
      <trkpt lat="24.954442949965596" lon="121.62831542082131">
        <ele>465.01</ele>
      </trkpt>
      <trkpt lat="24.954589549452066" lon="121.62804359570146">
        <ele>464.11</ele>
      </trkpt>
      <trkpt lat="24.95473623275757" lon="121.62777185440063">
        <ele>463.26</ele>
      </trkpt>
      <trkpt lat="24.954822147265077" lon="121.62760019302368">
        <ele>462.46</ele>
      </trkpt>
      <trkpt lat="24.954843521118164" lon="121.62742853164673">
        <ele>461.66</ele>
      </trkpt>
      <trkpt lat="24.954843521118164" lon="121.62725687026978">
        <ele>460.86</ele>
      </trkpt>
      <trkpt lat="24.954771855846047" lon="121.62699191831052">
        <ele>460.1</ele>
      </trkpt>
      <trkpt lat="24.954700274392962" lon="121.6267270501703">
        <ele>459.41</ele>
      </trkpt>
      <trkpt lat="24.954628944396973" lon="121.62646293640137">
        <ele>458.72</ele>
      </trkpt>
      <trkpt lat="24.954629028216004" lon="121.62646293640137">
        <ele>458.14</ele>
      </trkpt>
      <trkpt lat="24.954564487561584" lon="121.62623377516866">
        <ele>457.55</ele>
      </trkpt>
      <trkpt lat="24.954500030726194" lon="121.62600469775498">
        <ele>456.93</ele>
      </trkpt>
      <trkpt lat="24.9544358253479" lon="121.62577629089355">
        <ele>456.39</ele>
      </trkpt>
      <trkpt lat="24.954435909166932" lon="121.62577629089355">
        <ele>456.04</ele>
      </trkpt>
      <trkpt lat="24.954392910003662" lon="121.62554025650024">
        <ele>455.66</ele>
      </trkpt>
      <trkpt lat="24.954392910003662" lon="121.62536859512329">
        <ele>455.44</ele>
      </trkpt>
      <trkpt lat="24.954392993822694" lon="121.62536859512329">
        <ele>455.27</ele>
      </trkpt>
      <trkpt lat="24.9544358253479" lon="121.62517547607422">
        <ele>455.2</ele>
      </trkpt>
      <trkpt lat="24.954500198364258" lon="121.62502527236938">
        <ele>455.15</ele>
      </trkpt>
      <trkpt lat="24.954607486724854" lon="121.62482134066522">
        <ele>455.18</ele>
      </trkpt>
      <trkpt lat="24.95471485890448" lon="121.62461757659912">
        <ele>455.36</ele>
      </trkpt>
      <trkpt lat="24.954822063446045" lon="121.62442445755005">
        <ele>455.69</ele>
      </trkpt>
      <trkpt lat="24.95492935180664" lon="121.62423133850098">
        <ele>455.7</ele>
      </trkpt>
      <trkpt lat="24.954993724822998" lon="121.62412405014038">
        <ele>455.79</ele>
      </trkpt>
      <trkpt lat="24.955079555511475" lon="121.62405967712402">
        <ele>455.93</ele>
      </trkpt>
      <trkpt lat="24.95516538619995" lon="121.62399530410767">
        <ele>456.14</ele>
      </trkpt>
      <trkpt lat="24.955294132232666" lon="121.62395238876343">
        <ele>456.35</ele>
      </trkpt>
      <trkpt lat="24.95550787076354" lon="121.62393101491034">
        <ele>456.53</ele>
      </trkpt>
      <trkpt lat="24.95572336949408" lon="121.62390947341919">
        <ele>456.72</ele>
      </trkpt>
      <trkpt lat="24.95593786239624" lon="121.62388801574707">
        <ele>456.89</ele>
      </trkpt>
      <trkpt lat="24.95617389678955" lon="121.62388801574707">
        <ele>456.9</ele>
      </trkpt>
      <trkpt lat="24.956324184313416" lon="121.62384510040283">
        <ele>457.02</ele>
      </trkpt>
      <trkpt lat="24.956602128222585" lon="121.6237274184823">
        <ele>457.14</ele>
      </trkpt>
      <trkpt lat="24.956882083788514" lon="121.62360906600952">
        <ele>457.26</ele>
      </trkpt>
      <trkpt lat="24.957032203674316" lon="121.62354469299316">
        <ele>457.34</ele>
      </trkpt>
      <trkpt lat="24.957267316058278" lon="121.62348048761487">
        <ele>457.4</ele>
      </trkpt>
      <trkpt lat="24.957504272460938" lon="121.62341594696045">
        <ele>457.5</ele>
      </trkpt>
      <trkpt lat="24.95765447616577" lon="121.62335157394409">
        <ele>457.6</ele>
      </trkpt>
      <trkpt lat="24.957783222198486" lon="121.6232442855835">
        <ele>457.61</ele>
      </trkpt>
      <trkpt lat="24.957847595214844" lon="121.62315845489502">
        <ele>457.58</ele>
      </trkpt>
      <trkpt lat="24.957869136705995" lon="121.62307262420654">
        <ele>457.46</ele>
      </trkpt>
      <trkpt lat="24.957890510559082" lon="121.62281513214111">
        <ele>457.21</ele>
      </trkpt>
      <trkpt lat="24.957869136705995" lon="121.62253618240356">
        <ele>456.59</ele>
      </trkpt>
      <trkpt lat="24.957826053723693" lon="121.62228908389807">
        <ele>456.06</ele>
      </trkpt>
      <trkpt lat="24.957783222198486" lon="121.62204265594482">
        <ele>455.56</ele>
      </trkpt>
      <trkpt lat="24.957783222198486" lon="121.62174224853516">
        <ele>454.95</ele>
      </trkpt>
      <trkpt lat="24.957804679870605" lon="121.62163496017456">
        <ele>454.34</ele>
      </trkpt>
      <trkpt lat="24.957847595214844" lon="121.62150621414185">
        <ele>453.63</ele>
      </trkpt>
      <trkpt lat="24.958019256591797" lon="121.62133455276489">
        <ele>452.94</ele>
      </trkpt>
      <trkpt lat="24.95801934041083" lon="121.62133455276489">
        <ele>452.15</ele>
      </trkpt>
      <trkpt lat="24.95816946029663" lon="121.62127017974854">
        <ele>451.33</ele>
      </trkpt>
      <trkpt lat="24.95841521769762" lon="121.62124880589545">
        <ele>450.35</ele>
      </trkpt>
      <trkpt lat="24.95866298675537" lon="121.6212272644043">
        <ele>449.3</ele>
      </trkpt>
      <trkpt lat="24.958813190460205" lon="121.62118434906006">
        <ele>448.24</ele>
      </trkpt>
      <trkpt lat="24.9589204788208" lon="121.62109851837158">
        <ele>447.09</ele>
      </trkpt>
      <trkpt lat="24.958984851837158" lon="121.62103414535522">
        <ele>445.88</ele>
      </trkpt>
      <trkpt lat="24.959049224853516" lon="121.62090539932251">
        <ele>444.54</ele>
      </trkpt>
      <trkpt lat="24.959092224016786" lon="121.62079811096191">
        <ele>443.31</ele>
      </trkpt>
      <trkpt lat="24.959113597869873" lon="121.62051916122437">
        <ele>441.98</ele>
      </trkpt>
      <trkpt lat="24.959127930924296" lon="121.62018966861069">
        <ele>440.46</ele>
      </trkpt>
      <trkpt lat="24.95914226397872" lon="121.61986017599702">
        <ele>438.98</ele>
      </trkpt>
      <trkpt lat="24.959156597033143" lon="121.61953210830688">
        <ele>437.6</ele>
      </trkpt>
      <trkpt lat="24.95916724205017" lon="121.61934938281775">
        <ele>436.2</ele>
      </trkpt>
      <trkpt lat="24.95917797088623" lon="121.61916732788086">
        <ele>434.76</ele>
      </trkpt>
      <trkpt lat="24.95922088623047" lon="121.6189956665039">
        <ele>433.24</ele>
      </trkpt>
      <trkpt lat="24.959285259246826" lon="121.61871638149023">
        <ele>431.58</ele>
      </trkpt>
      <trkpt lat="24.959349632263184" lon="121.61843776702881">
        <ele>429.98</ele>
      </trkpt>
      <trkpt lat="24.95945692062378" lon="121.61824464797974">
        <ele>428.49</ele>
      </trkpt>
      <trkpt lat="24.959499835968018" lon="121.61818027496338">
        <ele>426.99</ele>
      </trkpt>
      <trkpt lat="24.959735870361328" lon="121.6179871559143">
        <ele>425.65</ele>
      </trkpt>
      <trkpt lat="24.959778785705566" lon="121.61792278289795">
        <ele>424.15</ele>
      </trkpt>
      <trkpt lat="24.959843158721924" lon="121.617751121521">
        <ele>422.62</ele>
      </trkpt>
      <trkpt lat="24.959843158721924" lon="121.6176438331604">
        <ele>421.12</ele>
      </trkpt>
      <trkpt lat="24.959778785705566" lon="121.61745071411133">
        <ele>419.53</ele>
      </trkpt>
      <trkpt lat="24.959639310836792" lon="121.61721467971802">
        <ele>417.89</ele>
      </trkpt>
      <trkpt lat="24.959499835968018" lon="121.6169786453247">
        <ele>416.17</ele>
      </trkpt>
      <trkpt lat="24.959392547607422" lon="121.6167426109314">
        <ele>414.55</ele>
      </trkpt>
      <trkpt lat="24.959338819608092" lon="121.61651705391705">
        <ele>413.38</ele>
      </trkpt>
      <trkpt lat="24.959285259246826" lon="121.6162919998169">
        <ele>412.2</ele>
      </trkpt>
      <trkpt lat="24.959220802411437" lon="121.61603417247534">
        <ele>411.05</ele>
      </trkpt>
      <trkpt lat="24.95915651321411" lon="121.61577701568604">
        <ele>409.95</ele>
      </trkpt>
      <trkpt lat="24.959059869870543" lon="121.61551935598254">
        <ele>408.8</ele>
      </trkpt>
      <trkpt lat="24.95896347798407" lon="121.61526203155518">
        <ele>407.67</ele>
      </trkpt>
      <trkpt lat="24.958877563476562" lon="121.61504745483398">
        <ele>406.5</ele>
      </trkpt>
      <trkpt lat="24.958834648132324" lon="121.61485433578491">
        <ele>405.39</ele>
      </trkpt>
      <trkpt lat="24.958834648132324" lon="121.61467161029577">
        <ele>404.44</ele>
      </trkpt>
      <trkpt lat="24.958834731951356" lon="121.61448955535889">
        <ele>403.51</ele>
      </trkpt>
      <trkpt lat="24.958834731951356" lon="121.61423206329346">
        <ele>402.87</ele>
      </trkpt>
      <trkpt lat="24.958845376968384" lon="121.61400642246008">
        <ele>402.28</ele>
      </trkpt>
      <trkpt lat="24.958856105804443" lon="121.61378145217896">
        <ele>401.73</ele>
      </trkpt>
      <trkpt lat="24.958877563476562" lon="121.61356687545776">
        <ele>401.16</ele>
      </trkpt>
      <trkpt lat="24.9589204788208" lon="121.61345958709717">
        <ele>400.62</ele>
      </trkpt>
      <trkpt lat="24.95896339416504" lon="121.61337375640869">
        <ele>400.13</ele>
      </trkpt>
      <trkpt lat="24.959027767181396" lon="121.61328792572021">
        <ele>399.64</ele>
      </trkpt>
      <trkpt lat="24.959113597869873" lon="121.61324501037598">
        <ele>399.21</ele>
      </trkpt>
      <trkpt lat="24.95919942855835" lon="121.61320209503174">
        <ele>398.82</ele>
      </trkpt>
      <trkpt lat="24.959306716918945" lon="121.61320209503174">
        <ele>398.51</ele>
      </trkpt>
      <trkpt lat="24.959392547607422" lon="121.61322355270386">
        <ele>398.13</ele>
      </trkpt>
      <trkpt lat="24.9594783782959" lon="121.6132664680481">
        <ele>397.83</ele>
      </trkpt>
      <trkpt lat="24.959585666656494" lon="121.61333084106445">
        <ele>397.54</ele>
      </trkpt>
      <trkpt lat="24.95976428501308" lon="121.61355949938297">
        <ele>397.54</ele>
      </trkpt>
      <trkpt lat="24.959942903369665" lon="121.61378815770149">
        <ele>397.54</ele>
      </trkpt>
      <trkpt lat="24.960122108459473" lon="121.61401748657227">
        <ele>397.42</ele>
      </trkpt>
      <trkpt lat="24.960122192278504" lon="121.61401748657227">
        <ele>397.08</ele>
      </trkpt>
      <trkpt lat="24.96027239598334" lon="121.6141676902771">
        <ele>396.6</ele>
      </trkpt>
      <trkpt lat="24.96042243205011" lon="121.6143748909235">
        <ele>396.04</ele>
      </trkpt>
      <trkpt lat="24.96057246811688" lon="121.61458217538893">
        <ele>395.33</ele>
      </trkpt>
      <trkpt lat="24.96072292327881" lon="121.61478996276855">
        <ele>394.57</ele>
      </trkpt>
      <trkpt lat="24.960808753967285" lon="121.61485433578491">
        <ele>393.99</ele>
      </trkpt>
      <trkpt lat="24.96091604232788" lon="121.61491870880127">
        <ele>393.36</ele>
      </trkpt>
      <trkpt lat="24.961044872179627" lon="121.61491870880127">
        <ele>392.74</ele>
      </trkpt>
      <trkpt lat="24.96115207672119" lon="121.61487579345703">
        <ele>392.12</ele>
      </trkpt>
      <trkpt lat="24.961259365081787" lon="121.61478996276855">
        <ele>391.45</ele>
      </trkpt>
      <trkpt lat="24.961302280426025" lon="121.61466121673584">
        <ele>390.86</ele>
      </trkpt>
      <trkpt lat="24.961302280426025" lon="121.61459684371948">
        <ele>390.22</ele>
      </trkpt>
      <trkpt lat="24.961280822753906" lon="121.61444664001465">
        <ele>389.58</ele>
      </trkpt>
      <trkpt lat="24.96115207672119" lon="121.61420339718461">
        <ele>388.98</ele>
      </trkpt>
      <trkpt lat="24.961023330688477" lon="121.6139602381736">
        <ele>388.31</ele>
      </trkpt>
      <trkpt lat="24.960894668474793" lon="121.6137170791626">
        <ele>387.53</ele>
      </trkpt>
      <trkpt lat="24.960765838623047" lon="121.61345950327814">
        <ele>386.59</ele>
      </trkpt>
      <trkpt lat="24.960637092590332" lon="121.6132020112127">
        <ele>385.57</ele>
      </trkpt>
      <trkpt lat="24.96050843037665" lon="121.61294460296631">
        <ele>384.58</ele>
      </trkpt>
      <trkpt lat="24.960379600524902" lon="121.61277294158936">
        <ele>383.66</ele>
      </trkpt>
      <trkpt lat="24.960272312164307" lon="121.61264419555664">
        <ele>382.81</ele>
      </trkpt>
      <trkpt lat="24.96027239598334" lon="121.61264419555664">
        <ele>381.88</ele>
      </trkpt>
      <trkpt lat="24.960036277770996" lon="121.6124939918518">
        <ele>381.05</ele>
      </trkpt>
      <trkpt lat="24.959821701049805" lon="121.61242961883545">
        <ele>380.29</ele>
      </trkpt>
      <trkpt lat="24.95959371328354" lon="121.61241536960006">
        <ele>379.44</ele>
      </trkpt>
      <trkpt lat="24.959365725517273" lon="121.61240112036467">
        <ele>378.37</ele>
      </trkpt>
      <trkpt lat="24.959135055541992" lon="121.61238670349121">
        <ele>377.18</ele>
      </trkpt>
      <trkpt lat="24.958857195451856" lon="121.61238661967218">
        <ele>375.82</ele>
      </trkpt>
      <trkpt lat="24.95857941918075" lon="121.61238661967218">
        <ele>374.29</ele>
      </trkpt>
      <trkpt lat="24.958298206329346" lon="121.61238670349121">
        <ele>372.57</ele>
      </trkpt>
      <trkpt lat="24.95821237564087" lon="121.61236524581909">
        <ele>371.17</ele>
      </trkpt>
      <trkpt lat="24.958126544952393" lon="121.61234378814697">
        <ele>369.73</ele>
      </trkpt>
      <trkpt lat="24.957997798919678" lon="121.61221504211426">
        <ele>368.28</ele>
      </trkpt>
      <trkpt lat="24.95793342590332" lon="121.61212921142578">
        <ele>366.87</ele>
      </trkpt>
      <trkpt lat="24.957847595214844" lon="121.61195755004883">
        <ele>365.5</ele>
      </trkpt>
      <trkpt lat="24.957847679033875" lon="121.61195755004883">
        <ele>364.12</ele>
      </trkpt>
      <trkpt lat="24.9577618483454" lon="121.61178588867188">
        <ele>362.75</ele>
      </trkpt>
      <trkpt lat="24.957654559984803" lon="121.61154985427856">
        <ele>361.36</ele>
      </trkpt>
      <trkpt lat="24.957579374313354" lon="121.61136729642749">
        <ele>359.97</ele>
      </trkpt>
      <trkpt lat="24.957504272460938" lon="121.61118507385254">
        <ele>358.58</ele>
      </trkpt>
      <trkpt lat="24.957450544461608" lon="121.61101324483752">
        <ele>357.2</ele>
      </trkpt>
      <trkpt lat="24.957397067919374" lon="121.61084175109863">
        <ele>355.83</ele>
      </trkpt>
      <trkpt lat="24.957311069592834" lon="121.61061627790332">
        <ele>354.36</ele>
      </trkpt>
      <trkpt lat="24.95722532272339" lon="121.61039113998413">
        <ele>352.88</ele>
      </trkpt>
      <trkpt lat="24.9571072217077" lon="121.61013356409967">
        <ele>351.43</ele>
      </trkpt>
      <trkpt lat="24.956989288330078" lon="121.60987615585327">
        <ele>350.0</ele>
      </trkpt>
      <trkpt lat="24.95692483149469" lon="121.60970432683825">
        <ele>348.63</ele>
      </trkpt>
      <trkpt lat="24.956860542297363" lon="121.60953283309937">
        <ele>347.22</ele>
      </trkpt>
      <trkpt lat="24.956796253100038" lon="121.60925388336182">
        <ele>345.79</ele>
      </trkpt>
      <trkpt lat="24.956796169281006" lon="121.60908222198486">
        <ele>344.48</ele>
      </trkpt>
      <trkpt lat="24.956839084625244" lon="121.60891056060791">
        <ele>343.25</ele>
      </trkpt>
      <trkpt lat="24.9569034576416" lon="121.6087818145752">
        <ele>342.13</ele>
      </trkpt>
      <trkpt lat="24.957010746002197" lon="121.6086745262146">
        <ele>340.94</ele>
      </trkpt>
      <trkpt lat="24.957139492034912" lon="121.60861015319824">
        <ele>339.89</ele>
      </trkpt>
      <trkpt lat="24.9573852494359" lon="121.60855667665601">
        <ele>338.97</ele>
      </trkpt>
      <trkpt lat="24.957633018493652" lon="121.60850286483765">
        <ele>337.88</ele>
      </trkpt>
      <trkpt lat="24.957826137542725" lon="121.60839557647705">
        <ele>336.84</ele>
      </trkpt>
      <trkpt lat="24.95795488357544" lon="121.60828828811646">
        <ele>335.86</ele>
      </trkpt>
      <trkpt lat="24.958040714263916" lon="121.60813808441162">
        <ele>334.85</ele>
      </trkpt>
      <trkpt lat="24.958083629608154" lon="121.60798788070679">
        <ele>333.88</ele>
      </trkpt>
      <trkpt lat="24.958105087280273" lon="121.60788059234619">
        <ele>332.93</ele>
      </trkpt>
      <trkpt lat="24.958083629608154" lon="121.6077733039856">
        <ele>331.97</ele>
      </trkpt>
      <trkpt lat="24.958062171936035" lon="121.60768747329712">
        <ele>331.09</ele>
      </trkpt>
      <trkpt lat="24.95801934041083" lon="121.60760164260864">
        <ele>330.18</ele>
      </trkpt>
      <trkpt lat="24.957869220525026" lon="121.60739787854254">
        <ele>329.29</ele>
      </trkpt>
      <trkpt lat="24.95771893300116" lon="121.60719394683838">
        <ele>328.5</ele>
      </trkpt>
      <trkpt lat="24.95756881311536" lon="121.60701172426343">
        <ele>327.66</ele>
      </trkpt>
      <trkpt lat="24.95741844177246" lon="121.60682916641235">
        <ele>326.88</ele>
      </trkpt>
      <trkpt lat="24.957332611083984" lon="121.60674333572388">
        <ele>326.06</ele>
      </trkpt>
      <trkpt lat="24.95718240737915" lon="121.6066575050354">
        <ele>325.2</ele>
      </trkpt>
      <trkpt lat="24.956989288330078" lon="121.60659313201904">
        <ele>324.3</ele>
      </trkpt>
      <trkpt lat="24.95671142823994" lon="121.60657888278365">
        <ele>323.57</ele>
      </trkpt>
      <trkpt lat="24.956433651968837" lon="121.60656463354826">
        <ele>322.55</ele>
      </trkpt>
      <trkpt lat="24.95615243911743" lon="121.6065502166748">
        <ele>321.35</ele>
      </trkpt>
      <trkpt lat="24.95598086155951" lon="121.60652875900269">
        <ele>320.34</ele>
      </trkpt>
      <trkpt lat="24.955873489379883" lon="121.60646438598633">
        <ele>319.4</ele>
      </trkpt>
      <trkpt lat="24.955787742510438" lon="121.60637855529785">
        <ele>318.47</ele>
      </trkpt>
      <trkpt lat="24.95568037033081" lon="121.60627126693726">
        <ele>317.51</ele>
      </trkpt>
      <trkpt lat="24.955637454986572" lon="121.60616397857666">
        <ele>316.6</ele>
      </trkpt>
      <trkpt lat="24.955615997314453" lon="121.6060996055603">
        <ele>315.71</ele>
      </trkpt>
      <trkpt lat="24.955615997314453" lon="121.60601377487183">
        <ele>314.81</ele>
      </trkpt>
      <trkpt lat="24.95565891265869" lon="121.60586357116699">
        <ele>313.92</ele>
      </trkpt>
      <trkpt lat="24.955787491053343" lon="121.60569199360907">
        <ele>313.17</ele>
      </trkpt>
      <trkpt lat="24.95591640472412" lon="121.60552024841309">
        <ele>312.47</ele>
      </trkpt>
      <trkpt lat="24.95598077774048" lon="121.60539150238037">
        <ele>311.61</ele>
      </trkpt>
      <trkpt lat="24.956012964248657" lon="121.60521958954632">
        <ele>310.67</ele>
      </trkpt>
      <trkpt lat="24.956045150756836" lon="121.60504817962646">
        <ele>309.77</ele>
      </trkpt>
      <trkpt lat="24.956066608428955" lon="121.60473654046655">
        <ele>308.81</ele>
      </trkpt>
      <trkpt lat="24.956088066101074" lon="121.60442590713501">
        <ele>308.16</ele>
      </trkpt>
      <trkpt lat="24.956066608428955" lon="121.60434007644653">
        <ele>307.41</ele>
      </trkpt>
      <trkpt lat="24.956002235412598" lon="121.6041898727417">
        <ele>306.61</ele>
      </trkpt>
      <trkpt lat="24.955894947052002" lon="121.60410404205322">
        <ele>305.76</ele>
      </trkpt>
      <trkpt lat="24.955637538805604" lon="121.60399675369263">
        <ele>304.8</ele>
      </trkpt>
      <trkpt lat="24.95548775419593" lon="121.60393254831433">
        <ele>303.98</ele>
      </trkpt>
      <trkpt lat="24.955337047576904" lon="121.60386800765991">
        <ele>303.12</ele>
      </trkpt>
      <trkpt lat="24.95518684387207" lon="121.60378217697144">
        <ele>302.29</ele>
      </trkpt>
      <trkpt lat="24.955101013183594" lon="121.60365343093872">
        <ele>301.52</ele>
      </trkpt>
      <trkpt lat="24.955058097839355" lon="121.60356760025024">
        <ele>300.78</ele>
      </trkpt>
      <trkpt lat="24.955058097839355" lon="121.60339593887329">
        <ele>300.07</ele>
      </trkpt>
      <trkpt lat="24.955101013183594" lon="121.60324573516846">
        <ele>299.43</ele>
      </trkpt>
      <trkpt lat="24.955294132232666" lon="121.60305261611938">
        <ele>298.91</ele>
      </trkpt>
      <trkpt lat="24.955379962921143" lon="121.60294532775879">
        <ele>298.39</ele>
      </trkpt>
      <trkpt lat="24.95542287826538" lon="121.60288095474243">
        <ele>297.86</ele>
      </trkpt>
      <trkpt lat="24.95544441975653" lon="121.60277366638184">
        <ele>297.31</ele>
      </trkpt>
      <trkpt lat="24.95546579360962" lon="121.60260200500488">
        <ele>296.81</ele>
      </trkpt>
      <trkpt lat="24.9554443359375" lon="121.60236597061157">
        <ele>296.29</ele>
      </trkpt>
      <trkpt lat="24.95542287826538" lon="121.60225868225098">
        <ele>295.77</ele>
      </trkpt>
      <trkpt lat="24.955358589068055" lon="121.60212993621826">
        <ele>295.32</ele>
      </trkpt>
      <trkpt lat="24.95520830154419" lon="121.60202264785767">
        <ele>294.77</ele>
      </trkpt>
      <trkpt lat="24.95501585304737" lon="121.60195844247937">
        <ele>294.08</ele>
      </trkpt>
      <trkpt lat="24.954822063446045" lon="121.60189390182495">
        <ele>293.37</ele>
      </trkpt>
      <trkpt lat="24.95471477508545" lon="121.60178661346436">
        <ele>292.76</ele>
      </trkpt>
      <trkpt lat="24.954650402069092" lon="121.60170078277588">
        <ele>292.19</ele>
      </trkpt>
      <trkpt lat="24.954543029889464" lon="121.60145385190845">
        <ele>291.67</ele>
      </trkpt>
      <trkpt lat="24.954435909166932" lon="121.60120725631714">
        <ele>291.25</ele>
      </trkpt>
      <trkpt lat="24.954299870878458" lon="121.60091388970613">
        <ele>290.72</ele>
      </trkpt>
      <trkpt lat="24.954163916409016" lon="121.60062052309513">
        <ele>289.96</ele>
      </trkpt>
      <trkpt lat="24.954028129577637" lon="121.60032749176025">
        <ele>289.19</ele>
      </trkpt>
      <trkpt lat="24.95389929972589" lon="121.60004124976695">
        <ele>288.71</ele>
      </trkpt>
      <trkpt lat="24.953770469874144" lon="121.59975500777364">
        <ele>288.12</ele>
      </trkpt>
      <trkpt lat="24.953641891479492" lon="121.59946918487549">
        <ele>287.44</ele>
      </trkpt>
      <trkpt lat="24.953555976971984" lon="121.59924371168017">
        <ele>286.59</ele>
      </trkpt>
      <trkpt lat="24.95347031392157" lon="121.59901857376099">
        <ele>285.8</ele>
      </trkpt>
      <trkpt lat="24.953384399414062" lon="121.5986967086792">
        <ele>285.23</ele>
      </trkpt>
      <trkpt lat="24.953320026397705" lon="121.59854650497437">
        <ele>284.34</ele>
      </trkpt>
      <trkpt lat="24.95321282185614" lon="121.59831047058105">
        <ele>283.29</ele>
      </trkpt>
      <trkpt lat="24.953105533495545" lon="121.59811735153198">
        <ele>282.13</ele>
      </trkpt>
      <trkpt lat="24.95299824513495" lon="121.59792423248291">
        <ele>281.07</ele>
      </trkpt>
      <trkpt lat="24.952869415283203" lon="121.59769892692566">
        <ele>279.88</ele>
      </trkpt>
      <trkpt lat="24.95274066925049" lon="121.59747362136841">
        <ele>278.53</ele>
      </trkpt>
      <trkpt lat="24.95267629623413" lon="121.59730195999146">
        <ele>277.26</ele>
      </trkpt>
      <trkpt lat="24.95269775390625" lon="121.59719467163086">
        <ele>276.19</ele>
      </trkpt>
      <trkpt lat="24.95274066925049" lon="121.59702275879681">
        <ele>275.11</ele>
      </trkpt>
      <trkpt lat="24.952783584594727" lon="121.59685134887695">
        <ele>274.0</ele>
      </trkpt>
      <trkpt lat="24.952805042266846" lon="121.59670114517212">
        <ele>272.84</ele>
      </trkpt>
      <trkpt lat="24.952805042266846" lon="121.59661531448364">
        <ele>271.69</ele>
      </trkpt>
      <trkpt lat="24.952762043103576" lon="121.59642194397748">
        <ele>270.46</ele>
      </trkpt>
      <trkpt lat="24.95271921157837" lon="121.5962290763855">
        <ele>268.97</ele>
      </trkpt>
      <trkpt lat="24.95267629623413" lon="121.59595012664795">
        <ele>267.61</ele>
      </trkpt>
      <trkpt lat="24.95268702507019" lon="121.59572448581457">
        <ele>266.47</ele>
      </trkpt>
      <trkpt lat="24.95269775390625" lon="121.59549951553345">
        <ele>265.36</ele>
      </trkpt>
      <trkpt lat="24.95267629623413" lon="121.59530639648438">
        <ele>264.16</ele>
      </trkpt>
      <trkpt lat="24.952604630962014" lon="121.5950773190707">
        <ele>262.84</ele>
      </trkpt>
      <trkpt lat="24.95253304950893" lon="121.59484824165702">
        <ele>261.44</ele>
      </trkpt>
      <trkpt lat="24.95246171951294" lon="121.59461975097656">
        <ele>260.05</ele>
      </trkpt>
      <trkpt lat="24.95246171951294" lon="121.59442663192749">
        <ele>258.86</ele>
      </trkpt>
      <trkpt lat="24.952547550201416" lon="121.5942226164043">
        <ele>257.77</ele>
      </trkpt>
      <trkpt lat="24.952633380889893" lon="121.59401893615723">
        <ele>256.69</ele>
      </trkpt>
      <trkpt lat="24.95266556739807" lon="121.59384702332318">
        <ele>255.5</ele>
      </trkpt>
      <trkpt lat="24.95269783772528" lon="121.59367561340332">
        <ele>254.33</ele>
      </trkpt>
      <trkpt lat="24.95274066925049" lon="121.59350395202637">
        <ele>253.13</ele>
      </trkpt>
      <trkpt lat="24.952762126922607" lon="121.59346103668213">
        <ele>252.07</ele>
      </trkpt>
      <trkpt lat="24.952933872118592" lon="121.59328937530518">
        <ele>251.15</ele>
      </trkpt>
      <trkpt lat="24.953041076660156" lon="121.59316062927246">
        <ele>250.17</ele>
      </trkpt>
      <trkpt lat="24.953126991167665" lon="121.59303188323975">
        <ele>249.34</ele>
      </trkpt>
      <trkpt lat="24.95316982269287" lon="121.59279584884644">
        <ele>248.39</ele>
      </trkpt>
      <trkpt lat="24.953155489638448" lon="121.59255227074027">
        <ele>247.13</ele>
      </trkpt>
      <trkpt lat="24.953141156584024" lon="121.59230877645314">
        <ele>246.0</ele>
      </trkpt>
      <trkpt lat="24.953126991167665" lon="121.59206628799438">
        <ele>245.04</ele>
      </trkpt>
      <trkpt lat="24.953105449676514" lon="121.5918083768338">
        <ele>244.12</ele>
      </trkpt>
      <trkpt lat="24.953083908185363" lon="121.59155054949224">
        <ele>243.26</ele>
      </trkpt>
      <trkpt lat="24.953062534332275" lon="121.5912938117981">
        <ele>242.63</ele>
      </trkpt>
      <trkpt lat="24.953019618988037" lon="121.5911865234375">
        <ele>241.88</ele>
      </trkpt>
      <trkpt lat="24.9529767036438" lon="121.59110069274902">
        <ele>241.14</ele>
      </trkpt>
      <trkpt lat="24.95276221074164" lon="121.59086465835571">
        <ele>240.22</ele>
      </trkpt>
      <trkpt lat="24.952569091692567" lon="121.59065008163452">
        <ele>239.43</ele>
      </trkpt>
      <trkpt lat="24.9524188041687" lon="121.59045696258545">
        <ele>238.73</ele>
      </trkpt>
      <trkpt lat="24.952354431152344" lon="121.59032821655273">
        <ele>238.13</ele>
      </trkpt>
      <trkpt lat="24.952289974316955" lon="121.59014565870166">
        <ele>237.54</ele>
      </trkpt>
      <trkpt lat="24.95222568511963" lon="121.58996343612671">
        <ele>236.98</ele>
      </trkpt>
      <trkpt lat="24.95216122828424" lon="121.58974860794842">
        <ele>236.59</ele>
      </trkpt>
      <trkpt lat="24.952097022905946" lon="121.58953428268433">
        <ele>236.09</ele>
      </trkpt>
      <trkpt lat="24.952053939923644" lon="121.58931937068701">
        <ele>235.57</ele>
      </trkpt>
      <trkpt lat="24.952011108398438" lon="121.58910512924194">
        <ele>235.11</ele>
      </trkpt>
      <trkpt lat="24.95198965072632" lon="121.58886909484863">
        <ele>234.78</ele>
      </trkpt>
      <trkpt lat="24.952011108398438" lon="121.58867597579956">
        <ele>234.36</ele>
      </trkpt>
      <trkpt lat="24.952032566070557" lon="121.58856868743896">
        <ele>233.92</ele>
      </trkpt>
      <trkpt lat="24.95210414752364" lon="121.58832527697086">
        <ele>233.45</ele>
      </trkpt>
      <trkpt lat="24.952175728976727" lon="121.58808186650276">
        <ele>232.94</ele>
      </trkpt>
      <trkpt lat="24.952247142791748" lon="121.58783912658691">
        <ele>232.17</ele>
      </trkpt>
      <trkpt lat="24.952332973480225" lon="121.58766746520996">
        <ele>231.56</ele>
      </trkpt>
      <trkpt lat="24.952515196055174" lon="121.58742086961865">
        <ele>231.22</ele>
      </trkpt>
      <trkpt lat="24.95269775390625" lon="121.58717393875122">
        <ele>230.78</ele>
      </trkpt>
      <trkpt lat="24.95274075306952" lon="121.58708810806274">
        <ele>230.26</ele>
      </trkpt>
      <trkpt lat="24.952762126922607" lon="121.58691644668579">
        <ele>229.53</ele>
      </trkpt>
      <trkpt lat="24.95274066925049" lon="121.58683061599731">
        <ele>228.85</ele>
      </trkpt>
      <trkpt lat="24.95271921157837" lon="121.58676624298096">
        <ele>228.09</ele>
      </trkpt>
      <trkpt lat="24.952611923217773" lon="121.58663749694824">
        <ele>227.25</ele>
      </trkpt>
      <trkpt lat="24.95248317718506" lon="121.58657312393188">
        <ele>226.38</ele>
      </trkpt>
      <trkpt lat="24.95220431126654" lon="121.58653020858765">
        <ele>225.22</ele>
      </trkpt>
      <trkpt lat="24.95192527770996" lon="121.58648729324341">
        <ele>223.98</ele>
      </trkpt>
      <trkpt lat="24.951775074005127" lon="121.58642292022705">
        <ele>222.77</ele>
      </trkpt>
      <trkpt lat="24.95168924331665" lon="121.58638000488281">
        <ele>221.56</ele>
      </trkpt>
      <trkpt lat="24.951624870300293" lon="121.58629417419434">
        <ele>220.4</ele>
      </trkpt>
      <trkpt lat="24.95151766575873" lon="121.58613324165344">
        <ele>219.18</ele>
      </trkpt>
      <trkpt lat="24.951410377398133" lon="121.58597230911255">
        <ele>218.06</ele>
      </trkpt>
      <trkpt lat="24.9514102935791" lon="121.58597230911255">
        <ele>216.83</ele>
      </trkpt>
      <trkpt lat="24.951345920562744" lon="121.58590793609619">
        <ele>215.58</ele>
      </trkpt>
      <trkpt lat="24.951109886169434" lon="121.58582210540771">
        <ele>214.05</ele>
      </trkpt>
      <trkpt lat="24.9509596824646" lon="121.58571481704712">
        <ele>212.64</ele>
      </trkpt>
      <trkpt lat="24.950873851776123" lon="121.5855860710144">
        <ele>211.29</ele>
      </trkpt>
      <trkpt lat="24.950788021087646" lon="121.5853500366211">
        <ele>209.96</ele>
      </trkpt>
      <trkpt lat="24.95070219039917" lon="121.58519983291626">
        <ele>208.66</ele>
      </trkpt>
      <trkpt lat="24.950573444366455" lon="121.5851354598999">
        <ele>207.2</ele>
      </trkpt>
      <trkpt lat="24.950391724705696" lon="121.58510335721076">
        <ele>205.62</ele>
      </trkpt>
      <trkpt lat="24.95020866394043" lon="121.58507108688354">
        <ele>204.09</ele>
      </trkpt>
      <trkpt lat="24.950101375579834" lon="121.58498525619507">
        <ele>202.7</ele>
      </trkpt>
      <trkpt lat="24.950058460235596" lon="121.58489942550659">
        <ele>201.39</ele>
      </trkpt>
      <trkpt lat="24.94999408721924" lon="121.5846848487854">
        <ele>200.11</ele>
      </trkpt>
      <trkpt lat="24.949961816892028" lon="121.5844377502799">
        <ele>199.13</ele>
      </trkpt>
      <trkpt lat="24.94992971420288" lon="121.58419132232666">
        <ele>197.94</ele>
      </trkpt>
      <trkpt lat="24.949951171875" lon="121.58395528793335">
        <ele>196.84</ele>
      </trkpt>
      <trkpt lat="24.95003708638251" lon="121.5836760867387">
        <ele>195.92</ele>
      </trkpt>
      <trkpt lat="24.950122917070985" lon="121.58339738845825">
        <ele>195.09</ele>
      </trkpt>
      <trkpt lat="24.950155103579164" lon="121.58321474678814">
        <ele>194.04</ele>
      </trkpt>
      <trkpt lat="24.950187290087342" lon="121.58303260803223">
        <ele>193.01</ele>
      </trkpt>
      <trkpt lat="24.95018720626831" lon="121.58303260803223">
        <ele>191.97</ele>
      </trkpt>
      <trkpt lat="24.950194330886006" lon="121.58272457309067">
        <ele>190.89</ele>
      </trkpt>
      <trkpt lat="24.950201455503702" lon="121.58241653814912">
        <ele>189.68</ele>
      </trkpt>
      <trkpt lat="24.95020866394043" lon="121.5821099281311">
        <ele>188.39</ele>
      </trkpt>
      <trkpt lat="24.950262308120728" lon="121.58188437111676">
        <ele>187.25</ele>
      </trkpt>
      <trkpt lat="24.950315952301025" lon="121.5816593170166">
        <ele>186.14</ele>
      </trkpt>
      <trkpt lat="24.950337409973145" lon="121.581552028656">
        <ele>185.13</ele>
      </trkpt>
      <trkpt lat="24.95032307691872" lon="121.58131565898657">
        <ele>184.02</ele>
      </trkpt>
      <trkpt lat="24.950308743864298" lon="121.58107928931713">
        <ele>182.85</ele>
      </trkpt>
      <trkpt lat="24.950294494628906" lon="121.58084392547607">
        <ele>181.75</ele>
      </trkpt>
      <trkpt lat="24.950315952301025" lon="121.58067226409912">
        <ele>180.61</ele>
      </trkpt>
      <trkpt lat="24.950348222628236" lon="121.58043589442968">
        <ele>179.44</ele>
      </trkpt>
      <trkpt lat="24.950380409136415" lon="121.5802001953125">
        <ele>178.38</ele>
      </trkpt>
      <trkpt lat="24.950380325317383" lon="121.5802001953125">
        <ele>177.31</ele>
      </trkpt>
      <trkpt lat="24.950391054153442" lon="121.57998528331518">
        <ele>176.2</ele>
      </trkpt>
      <trkpt lat="24.950401782989502" lon="121.57977104187012">
        <ele>175.1</ele>
      </trkpt>
      <trkpt lat="24.95046615600586" lon="121.5796422958374">
        <ele>174.03</ele>
      </trkpt>
      <trkpt lat="24.95058400556445" lon="121.57950290478766">
        <ele>173.02</ele>
      </trkpt>
      <trkpt lat="24.95070219039917" lon="121.57936334609985">
        <ele>171.91</ele>
      </trkpt>
      <trkpt lat="24.950830936431885" lon="121.5790843963623">
        <ele>170.65</ele>
      </trkpt>
      <trkpt lat="24.950895309448242" lon="121.57895565032959">
        <ele>169.6</ele>
      </trkpt>
      <trkpt lat="24.95091676712036" lon="121.578848361969">
        <ele>168.49</ele>
      </trkpt>
      <trkpt lat="24.95098114013672" lon="121.5785264968872">
        <ele>167.29</ele>
      </trkpt>
      <trkpt lat="24.951066970825195" lon="121.57826900482178">
        <ele>166.14</ele>
      </trkpt>
      <trkpt lat="24.951245673000813" lon="121.57801159657538">
        <ele>165.18</ele>
      </trkpt>
      <trkpt lat="24.95142437517643" lon="121.57775427214801">
        <ele>164.19</ele>
      </trkpt>
      <trkpt lat="24.951603412628174" lon="121.57749652862549">
        <ele>162.99</ele>
      </trkpt>
      <trkpt lat="24.95171070098877" lon="121.57730340957642">
        <ele>161.97</ele>
      </trkpt>
      <trkpt lat="24.951753616333008" lon="121.57719612121582">
        <ele>161.08</ele>
      </trkpt>
      <trkpt lat="24.951775074005127" lon="121.57711029052734">
        <ele>160.24</ele>
      </trkpt>
      <trkpt lat="24.951796531677246" lon="121.57693862915039">
        <ele>159.43</ele>
      </trkpt>
      <trkpt lat="24.951764345169067" lon="121.57676671631634">
        <ele>158.6</ele>
      </trkpt>
      <trkpt lat="24.95173224247992" lon="121.57659530639648">
        <ele>157.79</ele>
      </trkpt>
      <trkpt lat="24.95173215866089" lon="121.57659530639648">
        <ele>157.01</ele>
      </trkpt>
      <trkpt lat="24.95168915949762" lon="121.57634460367262">
        <ele>156.22</ele>
      </trkpt>
      <trkpt lat="24.95164624415338" lon="121.5760939847678">
        <ele>155.46</ele>
      </trkpt>
      <trkpt lat="24.951603496447206" lon="121.57584428787231">
        <ele>154.8</ele>
      </trkpt>
      <trkpt lat="24.951539039611816" lon="121.5755757316947">
        <ele>154.06</ele>
      </trkpt>
      <trkpt lat="24.95147475041449" lon="121.57530784606934">
        <ele>153.29</ele>
      </trkpt>
      <trkpt lat="24.95147466659546" lon="121.57530784606934">
        <ele>152.52</ele>
      </trkpt>
      <trkpt lat="24.95138875208795" lon="121.57509310171008">
        <ele>151.59</ele>
      </trkpt>
      <trkpt lat="24.951303089037538" lon="121.57487869262695">
        <ele>150.66</ele>
      </trkpt>
      <trkpt lat="24.951303005218506" lon="121.57487869262695">
        <ele>149.86</ele>
      </trkpt>
      <trkpt lat="24.951238548383117" lon="121.57469613477588">
        <ele>148.96</ele>
      </trkpt>
      <trkpt lat="24.95117425918579" lon="121.57451391220093">
        <ele>148.08</ele>
      </trkpt>
      <trkpt lat="24.951131343841553" lon="121.57432079315186">
        <ele>147.1</ele>
      </trkpt>
      <trkpt lat="24.951131343841553" lon="121.57423496246338">
        <ele>146.22</ele>
      </trkpt>
      <trkpt lat="24.951152801513672" lon="121.57417058944702">
        <ele>145.36</ele>
      </trkpt>
      <trkpt lat="24.95121717453003" lon="121.57397747039795">
        <ele>144.41</ele>
      </trkpt>
      <trkpt lat="24.951313650235534" lon="121.573805809021">
        <ele>143.52</ele>
      </trkpt>
      <trkpt lat="24.9514102935791" lon="121.57363414764404">
        <ele>142.56</ele>
      </trkpt>
      <trkpt lat="24.95145320892334" lon="121.57348394393921">
        <ele>141.66</ele>
      </trkpt>
      <trkpt lat="24.95145320892334" lon="121.57337665557861">
        <ele>140.66</ele>
      </trkpt>
      <trkpt lat="24.9514102935791" lon="121.57320499420166">
        <ele>139.72</ele>
      </trkpt>
      <trkpt lat="24.951388835906982" lon="121.5731406211853">
        <ele>138.8</ele>
      </trkpt>
      <trkpt lat="24.951260089874268" lon="121.57292604446411">
        <ele>137.85</ele>
      </trkpt>
      <trkpt lat="24.951152885332704" lon="121.5727972984314">
        <ele>136.91</ele>
      </trkpt>
      <trkpt lat="24.951152801513672" lon="121.5727972984314">
        <ele>135.94</ele>
      </trkpt>
      <trkpt lat="24.951066970825195" lon="121.57275438308716">
        <ele>134.9</ele>
      </trkpt>
      <trkpt lat="24.950809478759766" lon="121.57262563705444">
        <ele>133.57</ele>
      </trkpt>
      <trkpt lat="24.95068073272705" lon="121.57251834869385">
        <ele>132.38</ele>
      </trkpt>
      <trkpt lat="24.950637817382812" lon="121.57247543334961">
        <ele>131.29</ele>
      </trkpt>
      <trkpt lat="24.950573444366455" lon="121.57232522964478">
        <ele>130.23</ele>
      </trkpt>
      <trkpt lat="24.950551986694336" lon="121.5722393989563">
        <ele>129.24</ele>
      </trkpt>
      <trkpt lat="24.950594902038574" lon="121.57198190689087">
        <ele>128.51</ele>
      </trkpt>
      <trkpt lat="24.950573444366455" lon="121.57176733016968">
        <ele>127.59</ele>
      </trkpt>
      <trkpt lat="24.950509071350098" lon="121.57161712646484">
        <ele>126.57</ele>
      </trkpt>
      <trkpt lat="24.950369680300355" lon="121.57144563272595">
        <ele>125.46</ele>
      </trkpt>
      <trkpt lat="24.95023012161255" lon="121.57127380371094">
        <ele>124.31</ele>
      </trkpt>
      <trkpt lat="24.95016574859619" lon="121.5711236000061">
        <ele>123.26</ele>
      </trkpt>
      <trkpt lat="24.95016574859619" lon="121.57097339630127">
        <ele>122.22</ele>
      </trkpt>
      <trkpt lat="24.95016574859619" lon="121.57074775546789">
        <ele>121.22</ele>
      </trkpt>
      <trkpt lat="24.95016574859619" lon="121.57052278518677">
        <ele>120.27</ele>
      </trkpt>
      <trkpt lat="24.95016574859619" lon="121.57039403915405">
        <ele>119.31</ele>
      </trkpt>
      <trkpt lat="24.950101375579834" lon="121.57020092010498">
        <ele>118.17</ele>
      </trkpt>
      <trkpt lat="24.950015461072326" lon="121.56999690458179">
        <ele>116.95</ele>
      </trkpt>
      <trkpt lat="24.94992971420288" lon="121.56979322433472">
        <ele>115.66</ele>
      </trkpt>
      <trkpt lat="24.94992971420288" lon="121.56970739364624">
        <ele>114.63</ele>
      </trkpt>
      <trkpt lat="24.94992971420288" lon="121.5695571899414">
        <ele>113.53</ele>
      </trkpt>
      <trkpt lat="24.94997271336615" lon="121.56938552856445">
        <ele>112.48</ele>
      </trkpt>
      <trkpt lat="24.950079917907715" lon="121.56923532485962">
        <ele>111.49</ele>
      </trkpt>
      <trkpt lat="24.950187290087342" lon="121.5691065788269">
        <ele>110.53</ele>
      </trkpt>
      <trkpt lat="24.95033715851605" lon="121.56898881308734">
        <ele>109.77</ele>
      </trkpt>
      <trkpt lat="24.95048769749701" lon="121.5688705444336">
        <ele>108.99</ele>
      </trkpt>
      <trkpt lat="24.950594902038574" lon="121.56874179840088">
        <ele>108.11</ele>
      </trkpt>
      <trkpt lat="24.950745105743408" lon="121.56850576400757">
        <ele>107.14</ele>
      </trkpt>
      <trkpt lat="24.950788021087646" lon="121.56841993331909">
        <ele>106.31</ele>
      </trkpt>
      <trkpt lat="24.95091676712036" lon="121.56833410263062">
        <ele>105.64</ele>
      </trkpt>
      <trkpt lat="24.951174343004823" lon="121.5682053565979">
        <ele>105.08</ele>
      </trkpt>
      <trkpt lat="24.95123863220215" lon="121.56816244125366">
        <ele>104.42</ele>
      </trkpt>
      <trkpt lat="24.951367378234863" lon="121.56803369522095">
        <ele>103.71</ele>
      </trkpt>
      <trkpt lat="24.95151766575873" lon="121.56781911849976">
        <ele>103.03</ele>
      </trkpt>
      <trkpt lat="24.951753616333008" lon="121.56760454177856">
        <ele>102.26</ele>
      </trkpt>
      <trkpt lat="24.95197841897607" lon="121.56742248684168">
        <ele>101.63</ele>
      </trkpt>
      <trkpt lat="24.95220431126654" lon="121.56723976135254">
        <ele>100.95</ele>
      </trkpt>
      <trkpt lat="24.95244026184082" lon="121.5670895576477">
        <ele>100.44</ele>
      </trkpt>
      <trkpt lat="24.952590465545654" lon="121.56704664230347">
        <ele>100.02</ele>
      </trkpt>
      <trkpt lat="24.95274066925049" lon="121.56706809997559">
        <ele>99.56</ele>
      </trkpt>
      <trkpt lat="24.952847957611084" lon="121.56711101531982">
        <ele>99.06</ele>
      </trkpt>
      <trkpt lat="24.953029844909906" lon="121.56723942607641">
        <ele>98.47</ele>
      </trkpt>
      <trkpt lat="24.95321273803711" lon="121.56736850738525">
        <ele>97.91</ele>
      </trkpt>
      <trkpt lat="24.953458746895194" lon="121.5675182081759">
        <ele>97.14</ele>
      </trkpt>
      <trkpt lat="24.95370626449585" lon="121.56766891479492">
        <ele>96.57</ele>
      </trkpt>
      <trkpt lat="24.953792095184326" lon="121.56773328781128">
        <ele>96.07</ele>
      </trkpt>
      <trkpt lat="24.953899383544922" lon="121.56784057617188">
        <ele>95.62</ele>
      </trkpt>
      <trkpt lat="24.954006504267454" lon="121.56797988340259">
        <ele>95.19</ele>
      </trkpt>
      <trkpt lat="24.954113960266113" lon="121.56811952590942">
        <ele>94.7</ele>
      </trkpt>
      <trkpt lat="24.954231809824705" lon="121.56824802048504">
        <ele>94.16</ele>
      </trkpt>
      <trkpt lat="24.954349994659424" lon="121.56837701797485">
        <ele>93.58</ele>
      </trkpt>
      <trkpt lat="24.95447874069214" lon="121.56850576400757">
        <ele>93.0</ele>
      </trkpt>
      <trkpt lat="24.9546498991549" lon="121.56861271709204">
        <ele>92.22</ele>
      </trkpt>
      <trkpt lat="24.954822063446045" lon="121.56872034072876">
        <ele>91.34</ele>
      </trkpt>
      <trkpt lat="24.954929184168577" lon="121.56884891912341">
        <ele>90.69</ele>
      </trkpt>
      <trkpt lat="24.955036640167236" lon="121.56897783279419">
        <ele>90.03</ele>
      </trkpt>
      <trkpt lat="24.955143928527832" lon="121.56912803649902">
        <ele>89.4</ele>
      </trkpt>
      <trkpt lat="24.955288683995605" lon="121.56939617358148">
        <ele>88.94</ele>
      </trkpt>
      <trkpt lat="24.95543352328241" lon="121.56966439448297">
        <ele>88.34</ele>
      </trkpt>
      <trkpt lat="24.955578362569213" lon="121.56993261538446">
        <ele>87.46</ele>
      </trkpt>
      <trkpt lat="24.95572328567505" lon="121.57020092010498">
        <ele>86.58</ele>
      </trkpt>
      <trkpt lat="24.955841219052672" lon="121.57039395533502">
        <ele>85.89</ele>
      </trkpt>
      <trkpt lat="24.95595932006836" lon="121.57058715820312">
        <ele>85.22</ele>
      </trkpt>
      <trkpt lat="24.956066608428955" lon="121.57071590423584">
        <ele>84.61</ele>
      </trkpt>
      <trkpt lat="24.95615243911743" lon="121.57075881958008">
        <ele>83.88</ele>
      </trkpt>
      <trkpt lat="24.956302642822266" lon="121.57075881958008">
        <ele>83.06</ele>
      </trkpt>
      <trkpt lat="24.95643138885498" lon="121.57069444656372">
        <ele>82.27</ele>
      </trkpt>
      <trkpt lat="24.95651730336249" lon="121.57063007354736">
        <ele>81.63</ele>
      </trkpt>
      <trkpt lat="24.956560134887695" lon="121.57050132751465">
        <ele>81.08</ele>
      </trkpt>
      <trkpt lat="24.956560134887695" lon="121.57039403915405">
        <ele>80.54</ele>
      </trkpt>
      <trkpt lat="24.956538677215576" lon="121.5703296661377">
        <ele>79.95</ele>
      </trkpt>
      <trkpt lat="24.956388473510742" lon="121.57005063258111">
        <ele>79.41</ele>
      </trkpt>
      <trkpt lat="24.956238269805908" lon="121.56977168284357">
        <ele>78.67</ele>
      </trkpt>
      <trkpt lat="24.956088066101074" lon="121.56949281692505">
        <ele>78.07</ele>
      </trkpt>
      <trkpt lat="24.956002151593566" lon="121.56929961405694">
        <ele>77.41</ele>
      </trkpt>
      <trkpt lat="24.95591640472412" lon="121.5691065788269">
        <ele>76.8</ele>
      </trkpt>
      <trkpt lat="24.955819761380553" lon="121.56880591996014">
        <ele>76.33</ele>
      </trkpt>
      <trkpt lat="24.95572328567505" lon="121.56850576400757">
        <ele>75.91</ele>
      </trkpt>
      <trkpt lat="24.955594623461366" lon="121.56822681427002">
        <ele>75.32</ele>
      </trkpt>
      <trkpt lat="24.955437295138836" lon="121.56799798831344">
        <ele>74.58</ele>
      </trkpt>
      <trkpt lat="24.955279966816306" lon="121.56776924617589">
        <ele>73.94</ele>
      </trkpt>
      <trkpt lat="24.955122470855713" lon="121.5675401687622">
        <ele>73.28</ele>
      </trkpt>
      <trkpt lat="24.954993724822998" lon="121.56738996505737">
        <ele>72.53</ele>
      </trkpt>
      <trkpt lat="24.954800941050053" lon="121.56721143051982">
        <ele>71.65</ele>
      </trkpt>
      <trkpt lat="24.954608157277107" lon="121.56703289598227">
        <ele>70.79</ele>
      </trkpt>
      <trkpt lat="24.95441436767578" lon="121.5668535232544">
        <ele>70.09</ele>
      </trkpt>
      <trkpt lat="24.954242706298828" lon="121.5666389465332">
        <ele>69.43</ele>
      </trkpt>
      <trkpt lat="24.954081857576966" lon="121.5663815382868">
        <ele>68.73</ele>
      </trkpt>
      <trkpt lat="24.953920925036073" lon="121.56612396240234">
        <ele>67.74</ele>
      </trkpt>
      <trkpt lat="24.953813636675477" lon="121.56595230102539">
        <ele>66.78</ele>
      </trkpt>
      <trkpt lat="24.95371707715094" lon="121.56580209732056">
        <ele>65.86</ele>
      </trkpt>
      <trkpt lat="24.953620517626405" lon="121.56565189361572">
        <ele>65.05</ele>
      </trkpt>
      <trkpt lat="24.953534686937928" lon="121.56550168991089">
        <ele>64.22</ele>
      </trkpt>
      <trkpt lat="24.95344885624945" lon="121.56535148620605">
        <ele>63.36</ele>
      </trkpt>
      <trkpt lat="24.953362941741943" lon="121.56515836715698">
        <ele>62.46</ele>
      </trkpt>
      <trkpt lat="24.953298568725586" lon="121.56496524810791">
        <ele>61.51</ele>
      </trkpt>
      <trkpt lat="24.953298568725586" lon="121.56481504440308">
        <ele>60.67</ele>
      </trkpt>
      <trkpt lat="24.953298568725586" lon="121.56455755233765">
        <ele>59.84</ele>
      </trkpt>
      <trkpt lat="24.953384483233094" lon="121.56423568725586">
        <ele>58.97</ele>
      </trkpt>
      <trkpt lat="24.953427398577332" lon="121.56404256820679">
        <ele>58.09</ele>
      </trkpt>
      <trkpt lat="24.95349713601172" lon="121.56378474086523">
        <ele>57.26</ele>
      </trkpt>
      <trkpt lat="24.95356695726514" lon="121.5635269973427">
        <ele>56.6</ele>
      </trkpt>
      <trkpt lat="24.953636778518558" lon="121.56326925382018">
        <ele>56.04</ele>
      </trkpt>
      <trkpt lat="24.95370634831488" lon="121.56301259994507">
        <ele>55.39</ele>
      </trkpt>
      <trkpt lat="24.95370626449585" lon="121.56301259994507">
        <ele>54.68</ele>
      </trkpt>
      <trkpt lat="24.95377072133124" lon="121.56276198104024">
        <ele>53.93</ele>
      </trkpt>
      <trkpt lat="24.953835178166628" lon="121.56251136213541">
        <ele>53.27</ele>
      </trkpt>
      <trkpt lat="24.953899467363954" lon="121.5622615814209">
        <ele>52.64</ele>
      </trkpt>
      <trkpt lat="24.953978173434734" lon="121.5619608387351">
        <ele>51.92</ele>
      </trkpt>
      <trkpt lat="24.954056963324547" lon="121.56166009604931">
        <ele>51.18</ele>
      </trkpt>
      <trkpt lat="24.954135501757264" lon="121.5613603591919">
        <ele>50.49</ele>
      </trkpt>
      <trkpt lat="24.95419987477362" lon="121.56113119795918">
        <ele>49.82</ele>
      </trkpt>
      <trkpt lat="24.95426433160901" lon="121.5609021205455">
        <ele>49.15</ele>
      </trkpt>
      <trkpt lat="24.954328620806336" lon="121.56067371368408">
        <ele>48.64</ele>
      </trkpt>
      <trkpt lat="24.954328536987305" lon="121.56067371368408">
        <ele>48.14</ele>
      </trkpt>
      <trkpt lat="24.954392993822694" lon="121.56041622161865">
        <ele>47.72</ele>
      </trkpt>
      <trkpt lat="24.954392910003662" lon="121.56041622161865">
        <ele>47.29</ele>
      </trkpt>
      <trkpt lat="24.954435909166932" lon="121.5602445602417">
        <ele>46.95</ele>
      </trkpt>
      <trkpt lat="24.9544358253479" lon="121.5601372718811">
        <ele>46.56</ele>
      </trkpt>
      <trkpt lat="24.95445736683905" lon="121.55992269515991">
        <ele>46.19</ele>
      </trkpt>
      <trkpt lat="24.95445728302002" lon="121.55992269515991">
        <ele>45.91</ele>
      </trkpt>
      <trkpt lat="24.95442509651184" lon="121.55969705432653">
        <ele>45.47</ele>
      </trkpt>
      <trkpt lat="24.954392993822694" lon="121.55947208404541">
        <ele>45.15</ele>
      </trkpt>
      <trkpt lat="24.954307163134217" lon="121.55915021896362">
        <ele>44.83</ele>
      </trkpt>
      <trkpt lat="24.9542354978621" lon="121.5588422678411">
        <ele>44.65</ele>
      </trkpt>
      <trkpt lat="24.954163916409016" lon="121.55853440053761">
        <ele>44.73</ele>
      </trkpt>
      <trkpt lat="24.954092586413026" lon="121.5582275390625">
        <ele>44.85</ele>
      </trkpt>
      <trkpt lat="24.954017400741577" lon="121.55793752521276">
        <ele>44.95</ele>
      </trkpt>
      <trkpt lat="24.953942382708192" lon="121.55764818191528">
        <ele>45.03</ele>
      </trkpt>
      <trkpt lat="24.95391011238098" lon="121.55736881308258">
        <ele>45.21</ele>
      </trkpt>
      <trkpt lat="24.953878009691834" lon="121.55709028244019">
        <ele>45.54</ele>
      </trkpt>
      <trkpt lat="24.953845739364624" lon="121.55686464160681">
        <ele>45.99</ele>
      </trkpt>
      <trkpt lat="24.953813636675477" lon="121.55663967132568">
        <ele>46.38</ele>
      </trkpt>
      <trkpt lat="24.953792179003358" lon="121.55646800994873">
        <ele>46.67</ele>
      </trkpt>
      <trkpt lat="24.953749179840088" lon="121.5561671834439">
        <ele>47.04</ele>
      </trkpt>
      <trkpt lat="24.953706180676818" lon="121.55586635693908">
        <ele>47.53</ele>
      </trkpt>
      <trkpt lat="24.953663432970643" lon="121.55556678771973">
        <ele>47.88</ele>
      </trkpt>
      <trkpt lat="24.953631162643433" lon="121.55529814772308">
        <ele>48.2</ele>
      </trkpt>
      <trkpt lat="24.953599059954286" lon="121.55503034591675">
        <ele>48.57</ele>
      </trkpt>
      <trkpt lat="24.953577602282166" lon="121.55483722686768">
        <ele>49.02</ele>
      </trkpt>
      <trkpt lat="24.953556144610047" lon="121.55468702316284">
        <ele>49.44</ele>
      </trkpt>
      <trkpt lat="24.953523874282837" lon="121.55450438149273">
        <ele>49.9</ele>
      </trkpt>
      <trkpt lat="24.95349177159369" lon="121.55432224273682">
        <ele>50.22</ele>
      </trkpt>
      <trkpt lat="24.95347023010254" lon="121.55409660190344">
        <ele>50.5</ele>
      </trkpt>
      <trkpt lat="24.95344885624945" lon="121.55387163162231">
        <ele>50.71</ele>
      </trkpt>
      <trkpt lat="24.95341658592224" lon="121.5536889899522">
        <ele>50.85</ele>
      </trkpt>
      <trkpt lat="24.953384483233094" lon="121.55350685119629">
        <ele>50.94</ele>
      </trkpt>
      <trkpt lat="24.953346848487854" lon="121.55317911878228">
        <ele>50.92</ele>
      </trkpt>
      <trkpt lat="24.953309213742614" lon="121.5528514701873">
        <ele>50.98</ele>
      </trkpt>
      <trkpt lat="24.953271662816405" lon="121.55252382159233">
        <ele>51.15</ele>
      </trkpt>
      <trkpt lat="24.95323427952826" lon="121.55219793319702">
        <ele>51.34</ele>
      </trkpt>
      <trkpt lat="24.95319128036499" lon="121.55192929320037">
        <ele>51.31</ele>
      </trkpt>
      <trkpt lat="24.953148448839784" lon="121.55166149139404">
        <ele>51.16</ele>
      </trkpt>
      <trkpt lat="24.953116178512573" lon="121.55140358023345">
        <ele>51.17</ele>
      </trkpt>
      <trkpt lat="24.953084075823426" lon="121.55114650726318">
        <ele>51.37</ele>
      </trkpt>
      <trkpt lat="24.953041160479188" lon="121.55091047286987">
        <ele>51.95</ele>
      </trkpt>
      <trkpt lat="24.952998161315918" lon="121.5508246421814">
        <ele>51.96</ele>
      </trkpt>
      <trkpt lat="24.952890956774354" lon="121.55067443847656">
        <ele>51.83</ele>
      </trkpt>
      <trkpt lat="24.95274066925049" lon="121.55054569244385">
        <ele>51.13</ele>
      </trkpt>
      <trkpt lat="24.95251947082579" lon="121.55038869939744">
        <ele>49.97</ele>
      </trkpt>
      <trkpt lat="24.952298356220126" lon="121.55023170635104">
        <ele>49.07</ele>
      </trkpt>
      <trkpt lat="24.952075565233827" lon="121.55007362365723">
        <ele>48.54</ele>
      </trkpt>
      <trkpt lat="24.95189351029694" lon="121.5499451290816">
        <ele>48.06</ele>
      </trkpt>
      <trkpt lat="24.95171070098877" lon="121.5498161315918">
        <ele>47.51</ele>
      </trkpt>
      <trkpt lat="24.951560497283936" lon="121.54966592788696">
        <ele>46.92</ele>
      </trkpt>
      <trkpt lat="24.951517581939697" lon="121.54955863952637">
        <ele>46.39</ele>
      </trkpt>
      <trkpt lat="24.95147466659546" lon="121.54945135116577">
        <ele>45.88</ele>
      </trkpt>
      <trkpt lat="24.95145329274237" lon="121.5492582321167">
        <ele>45.5</ele>
      </trkpt>
      <trkpt lat="24.95145320892334" lon="121.5492582321167">
        <ele>45.03</ele>
      </trkpt>
      <trkpt lat="24.951431835070252" lon="121.54902219772339">
        <ele>44.7</ele>
      </trkpt>
      <trkpt lat="24.95142102241516" lon="121.54881801456213">
        <ele>44.36</ele>
      </trkpt>
      <trkpt lat="24.9514102935791" lon="121.54861450195312">
        <ele>44.01</ele>
      </trkpt>
      <trkpt lat="24.95143175125122" lon="121.54850721359253">
        <ele>43.62</ele>
      </trkpt>
      <trkpt lat="24.95145329274237" lon="121.54839992523193">
        <ele>43.26</ele>
      </trkpt>
      <trkpt lat="24.951539039611816" lon="121.5482497215271">
        <ele>42.94</ele>
      </trkpt>
      <trkpt lat="24.95165697298944" lon="121.54807814396918">
        <ele>42.64</ele>
      </trkpt>
      <trkpt lat="24.95177515782416" lon="121.5479063987732">
        <ele>42.32</ele>
      </trkpt>
      <trkpt lat="24.95190373621881" lon="121.54773482121527">
        <ele>41.92</ele>
      </trkpt>
      <trkpt lat="24.952032566070557" lon="121.54756307601929">
        <ele>41.58</ele>
      </trkpt>
      <trkpt lat="24.952139854431152" lon="121.54747724533081">
        <ele>41.27</ele>
      </trkpt>
      <trkpt lat="24.95233272202313" lon="121.54724137857556">
        <ele>40.93</ele>
      </trkpt>
      <trkpt lat="24.952526092529297" lon="121.54700517654419">
        <ele>40.63</ele>
      </trkpt>
      <trkpt lat="24.952590465545654" lon="121.5468978881836">
        <ele>40.49</ele>
      </trkpt>
      <trkpt lat="24.95267629623413" lon="121.54670476913452">
        <ele>40.56</ele>
      </trkpt>
      <trkpt lat="24.95274066925049" lon="121.54649019241333">
        <ele>40.53</ele>
      </trkpt>
      <trkpt lat="24.95279791764915" lon="121.54620369896293">
        <ele>40.53</ele>
      </trkpt>
      <trkpt lat="24.95285516604781" lon="121.54591728933156">
        <ele>40.67</ele>
      </trkpt>
      <trkpt lat="24.95291233062744" lon="121.54563188552856">
        <ele>41.09</ele>
      </trkpt>
      <trkpt lat="24.95299824513495" lon="121.54530247673392">
        <ele>41.4</ele>
      </trkpt>
      <trkpt lat="24.953084159642458" lon="121.54497315175831">
        <ele>41.55</ele>
      </trkpt>
      <trkpt lat="24.95316982269287" lon="121.54464483261108">
        <ele>41.87</ele>
      </trkpt>
      <trkpt lat="24.95321273803711" lon="121.54449462890625">
        <ele>42.23</ele>
      </trkpt>
      <trkpt lat="24.95323419570923" lon="121.5442156791687">
        <ele>42.73</ele>
      </trkpt>
      <trkpt lat="24.95321273803711" lon="121.54393672943115">
        <ele>43.15</ele>
      </trkpt>
      <trkpt lat="24.95315364561975" lon="121.54363590292633">
        <ele>43.71</ele>
      </trkpt>
      <trkpt lat="24.95309455320239" lon="121.54333516024053">
        <ele>44.36</ele>
      </trkpt>
      <trkpt lat="24.95303546078503" lon="121.54303441755474">
        <ele>44.96</ele>
      </trkpt>
      <trkpt lat="24.9529767036438" lon="121.54273509979248">
        <ele>45.44</ele>
      </trkpt>
      <trkpt lat="24.95295532979071" lon="121.54260635375977">
        <ele>45.81</ele>
      </trkpt>
      <trkpt lat="24.95295532979071" lon="121.5424132347107">
        <ele>46.18</ele>
      </trkpt>
      <trkpt lat="24.95294988155365" lon="121.5420694090426">
        <ele>46.49</ele>
      </trkpt>
      <trkpt lat="24.95294451713562" lon="121.5417255833745">
        <ele>46.75</ele>
      </trkpt>
      <trkpt lat="24.95293915271759" lon="121.5413817577064">
        <ele>47.08</ele>
      </trkpt>
      <trkpt lat="24.95293378829956" lon="121.54103994369507">
        <ele>47.41</ele>
      </trkpt>
      <trkpt lat="24.95293378829956" lon="121.54093265533447">
        <ele>47.73</ele>
      </trkpt>
      <trkpt lat="24.95295524597168" lon="121.54086828231812">
        <ele>48.01</ele>
      </trkpt>
      <trkpt lat="24.952998161315918" lon="121.54080390930176">
        <ele>48.27</ele>
      </trkpt>
      <trkpt lat="24.953105533495545" lon="121.54067516326904">
        <ele>48.56</ele>
      </trkpt>
      <trkpt lat="24.953105449676514" lon="121.54067516326904">
        <ele>48.62</ele>
      </trkpt>
      <trkpt lat="24.953384483233094" lon="121.54054641723633">
        <ele>48.72</ele>
      </trkpt>
      <trkpt lat="24.953641137108207" lon="121.54042521491647">
        <ele>48.67</ele>
      </trkpt>
      <trkpt lat="24.95389779098332" lon="121.54030401259661">
        <ele>48.41</ele>
      </trkpt>
      <trkpt lat="24.954156959429383" lon="121.5401816368103">
        <ele>48.06</ele>
      </trkpt>
      <trkpt lat="24.95441436767578" lon="121.5400743484497">
        <ele>47.69</ele>
      </trkpt>
      <trkpt lat="24.954607570543885" lon="121.53996706008911">
        <ele>47.32</ele>
      </trkpt>
      <trkpt lat="24.954822147265077" lon="121.53979539871216">
        <ele>46.99</ele>
      </trkpt>
      <trkpt lat="24.95495080947876" lon="121.53964519500732">
        <ele>46.65</ele>
      </trkpt>
      <trkpt lat="24.95511157438159" lon="121.5394307859242">
        <ele>46.31</ele>
      </trkpt>
      <trkpt lat="24.95527275837958" lon="121.53921604156494">
        <ele>45.86</ele>
      </trkpt>
      <trkpt lat="24.95539060793817" lon="121.53906592167914">
        <ele>45.35</ele>
      </trkpt>
      <trkpt lat="24.95550879277289" lon="121.53891563415527">
        <ele>44.77</ele>
      </trkpt>
      <trkpt lat="24.95568037033081" lon="121.53876543045044">
        <ele>44.17</ele>
      </trkpt>
      <trkpt lat="24.955895030871034" lon="121.5386152267456">
        <ele>43.5</ele>
      </trkpt>
      <trkpt lat="24.956088066101074" lon="121.53855085372925">
        <ele>42.84</ele>
      </trkpt>
      <trkpt lat="24.956269785761833" lon="121.53849737718701">
        <ele>42.13</ele>
      </trkpt>
      <trkpt lat="24.95645293034613" lon="121.53844356536865">
        <ele>41.39</ele>
      </trkpt>
      <trkpt lat="24.95672006160021" lon="121.53837935999036">
        <ele>40.63</ele>
      </trkpt>
      <trkpt lat="24.95698937214911" lon="121.53831481933594">
        <ele>39.96</ele>
      </trkpt>
      <trkpt lat="24.957118118181825" lon="121.53829336166382">
        <ele>39.36</ele>
      </trkpt>
      <trkpt lat="24.957311237230897" lon="121.53825044631958">
        <ele>38.77</ele>
      </trkpt>
      <trkpt lat="24.957418525591493" lon="121.53825044631958">
        <ele>38.17</ele>
      </trkpt>
      <trkpt lat="24.957578787580132" lon="121.53821834363043">
        <ele>37.56</ele>
      </trkpt>
      <trkpt lat="24.957740306854248" lon="121.53818607330322">
        <ele>36.95</ele>
      </trkpt>
      <trkpt lat="24.957826137542725" lon="121.53831481933594">
        <ele>36.56</ele>
      </trkpt>
      <trkpt lat="24.957890510559082" lon="121.53835773468018">
        <ele>36.15</ele>
      </trkpt>
      <trkpt lat="24.95797642506659" lon="121.53840065002441">
        <ele>35.76</ele>
      </trkpt>
      <trkpt lat="24.958168789744377" lon="121.53846477158368">
        <ele>35.39</ele>
      </trkpt>
      <trkpt lat="24.958362663164735" lon="121.53852939605713">
        <ele>35.19</ele>
      </trkpt>
      <trkpt lat="24.958362579345703" lon="121.53852939605713">
        <ele>34.97</ele>
      </trkpt>
      <trkpt lat="24.95866298675537" lon="121.53863668441772">
        <ele>34.88</ele>
      </trkpt>
      <trkpt lat="24.958856105804443" lon="121.5387225151062">
        <ele>34.8</ele>
      </trkpt>
      <trkpt lat="24.959070766344666" lon="121.53887271881104">
        <ele>34.77</ele>
      </trkpt>
      <trkpt lat="24.959306716918945" lon="121.53904438018799">
        <ele>34.82</ele>
      </trkpt>
      <trkpt lat="24.95949220843613" lon="121.53917991556227">
        <ele>34.84</ele>
      </trkpt>
      <trkpt lat="24.95967778377235" lon="121.53931545093656">
        <ele>34.72</ele>
      </trkpt>
      <trkpt lat="24.959864700213075" lon="121.53945207595825">
        <ele>34.6</ele>
      </trkpt>
      <trkpt lat="24.960003839805722" lon="121.53956984169781">
        <ele>34.71</ele>
      </trkpt>
      <trkpt lat="24.960143566131592" lon="121.53968811035156">
        <ele>34.83</ele>
      </trkpt>
      <trkpt lat="24.960307767614722" lon="121.5398523118347">
        <ele>34.9</ele>
      </trkpt>
      <trkpt lat="24.960472052916884" lon="121.54001659713686">
        <ele>34.95</ele>
      </trkpt>
      <trkpt lat="24.960637092590332" lon="121.5401816368103">
        <ele>35.04</ele>
      </trkpt>
      <trkpt lat="24.960840521380305" lon="121.54034215025604">
        <ele>34.99</ele>
      </trkpt>
      <trkpt lat="24.961044872179627" lon="121.54050350189209">
        <ele>34.87</ele>
      </trkpt>
      <trkpt lat="24.961194656789303" lon="121.54061045497656">
        <ele>34.84</ele>
      </trkpt>
      <trkpt lat="24.961345195770264" lon="121.54071807861328">
        <ele>34.94</ele>
      </trkpt>
      <trkpt lat="24.96158299036324" lon="121.54085394926369">
        <ele>35.09</ele>
      </trkpt>
      <trkpt lat="24.961795890703797" lon="121.54097557067871">
        <ele>35.37</ele>
      </trkpt>
      <trkpt lat="24.961795806884766" lon="121.54097557067871">
        <ele>35.45</ele>
      </trkpt>
      <trkpt lat="24.962074756622314" lon="121.54110431671143">
        <ele>35.73</ele>
      </trkpt>
      <trkpt lat="24.962224457412958" lon="121.54118989594281">
        <ele>35.8</ele>
      </trkpt>
      <trkpt lat="24.962375164031982" lon="121.54127597808838">
        <ele>35.86</ele>
      </trkpt>
      <trkpt lat="24.96261061169207" lon="121.54145576991141">
        <ele>35.88</ele>
      </trkpt>
      <trkpt lat="24.96284614317119" lon="121.54163556173444">
        <ele>35.8</ele>
      </trkpt>
      <trkpt lat="24.96308167465031" lon="121.5418154373765">
        <ele>35.55</ele>
      </trkpt>
      <trkpt lat="24.9633171223104" lon="121.54199522919953">
        <ele>35.44</ele>
      </trkpt>
      <trkpt lat="24.963555419817567" lon="121.54217720031738">
        <ele>35.48</ele>
      </trkpt>
      <trkpt lat="24.963555335998535" lon="121.54217720031738">
        <ele>35.5</ele>
      </trkpt>
      <trkpt lat="24.963785503059626" lon="121.54236453585327">
        <ele>35.45</ele>
      </trkpt>
      <trkpt lat="24.964015670120716" lon="121.54255187138915">
        <ele>35.35</ele>
      </trkpt>
      <trkpt lat="24.96424592100084" lon="121.54273920692503">
        <ele>35.57</ele>
      </trkpt>
      <trkpt lat="24.96447809971869" lon="121.54292821884155">
        <ele>35.86</ele>
      </trkpt>
      <trkpt lat="24.96469644829631" lon="121.54309518635273">
        <ele>36.04</ele>
      </trkpt>
      <trkpt lat="24.964914796873927" lon="121.5432621538639">
        <ele>36.01</ele>
      </trkpt>
      <trkpt lat="24.965133145451546" lon="121.54342912137508">
        <ele>35.76</ele>
      </trkpt>
      <trkpt lat="24.965351494029164" lon="121.54359608888626">
        <ele>35.41</ele>
      </trkpt>
      <trkpt lat="24.965572440996766" lon="121.5437650680542">
        <ele>35.09</ele>
      </trkpt>
      <trkpt lat="24.965572357177734" lon="121.5437650680542">
        <ele>35.0</ele>
      </trkpt>
      <trkpt lat="24.96574410237372" lon="121.54391527175903">
        <ele>34.78</ele>
      </trkpt>
      <trkpt lat="24.965744018554688" lon="121.54391527175903">
        <ele>34.7</ele>
      </trkpt>
      <trkpt lat="24.966001510620117" lon="121.54408693313599">
        <ele>34.62</ele>
      </trkpt>
      <trkpt lat="24.966201251372695" lon="121.54421526007354">
        <ele>34.6</ele>
      </trkpt>
      <trkpt lat="24.966400992125273" lon="121.54434367083013">
        <ele>34.52</ele>
      </trkpt>
      <trkpt lat="24.966602409258485" lon="121.54447317123413">
        <ele>34.44</ele>
      </trkpt>
      <trkpt lat="24.966881358996034" lon="121.54462337493896">
        <ele>34.48</ele>
      </trkpt>
      <trkpt lat="24.96702041476965" lon="121.54470895417035">
        <ele>34.51</ele>
      </trkpt>
      <trkpt lat="24.967160308733582" lon="121.54479503631592">
        <ele>34.47</ele>
      </trkpt>
      <trkpt lat="24.967331970110536" lon="121.5448808670044">
        <ele>34.39</ele>
      </trkpt>
      <trkpt lat="24.967513773590326" lon="121.54498782008886">
        <ele>34.3</ele>
      </trkpt>
      <trkpt lat="24.96769675053656" lon="121.54509544372559">
        <ele>34.22</ele>
      </trkpt>
      <trkpt lat="24.96795424260199" lon="121.54524564743042">
        <ele>34.23</ele>
      </trkpt>
      <trkpt lat="24.968114672228694" lon="121.54534187167883">
        <ele>34.22</ele>
      </trkpt>
      <trkpt lat="24.968276107683778" lon="121.54543876647949">
        <ele>34.21</ele>
      </trkpt>
      <trkpt lat="24.968426311388612" lon="121.54552459716797">
        <ele>34.19</ele>
      </trkpt>
      <trkpt lat="24.968618843704462" lon="121.54564579948783">
        <ele>34.14</ele>
      </trkpt>
      <trkpt lat="24.968811459839344" lon="121.54576708562672">
        <ele>34.04</ele>
      </trkpt>
      <trkpt lat="24.96900566853583" lon="121.545889377594">
        <ele>33.94</ele>
      </trkpt>
      <trkpt lat="24.96922016143799" lon="121.54601812362671">
        <ele>33.91</ele>
      </trkpt>
      <trkpt lat="24.969284534454346" lon="121.5461254119873">
        <ele>33.86</ele>
      </trkpt>
      <trkpt lat="24.969348991289735" lon="121.54618978500366">
        <ele>33.81</ele>
      </trkpt>
      <trkpt lat="24.969348907470703" lon="121.54618978500366">
        <ele>33.7</ele>
      </trkpt>
      <trkpt lat="24.969597095623612" lon="121.54634384438396">
        <ele>33.65</ele>
      </trkpt>
      <trkpt lat="24.96984528377652" lon="121.54649790376425">
        <ele>33.52</ele>
      </trkpt>
      <trkpt lat="24.970093555748463" lon="121.54665196314454">
        <ele>33.28</ele>
      </trkpt>
      <trkpt lat="24.970341743901372" lon="121.54680602252483">
        <ele>32.97</ele>
      </trkpt>
      <trkpt lat="24.970593452453613" lon="121.54696226119995">
        <ele>32.69</ele>
      </trkpt>
      <trkpt lat="24.970850190147758" lon="121.5471119619906">
        <ele>32.57</ele>
      </trkpt>
      <trkpt lat="24.971106927841902" lon="121.54726174660027">
        <ele>32.47</ele>
      </trkpt>
      <trkpt lat="24.971363665536046" lon="121.54741153120995">
        <ele>32.39</ele>
      </trkpt>
      <trkpt lat="24.971623420715332" lon="121.54756307601929">
        <ele>32.33</ele>
      </trkpt>
      <trkpt lat="24.971752166748047" lon="121.5475845336914">
        <ele>32.13</ele>
      </trkpt>
      <trkpt lat="24.971816623583436" lon="121.54762744903564">
        <ele>31.94</ele>
      </trkpt>
      <trkpt lat="24.97205190360546" lon="121.54776114039123">
        <ele>31.72</ele>
      </trkpt>
      <trkpt lat="24.972287267446518" lon="121.54789483174682">
        <ele>31.35</ele>
      </trkpt>
      <trkpt lat="24.972522547468543" lon="121.5480285231024">
        <ele>31.0</ele>
      </trkpt>
      <trkpt lat="24.972760677337646" lon="121.54816389083862">
        <ele>30.69</ele>
      </trkpt>
      <trkpt lat="24.972931668162346" lon="121.54822801239789">
        <ele>30.38</ele>
      </trkpt>
      <trkpt lat="24.973104000091553" lon="121.54829263687134">
        <ele>30.02</ele>
      </trkpt>
      <trkpt lat="24.973361492156982" lon="121.54833555221558">
        <ele>29.6</ele>
      </trkpt>
      <trkpt lat="24.97349032200873" lon="121.5483570098877">
        <ele>29.17</ele>
      </trkpt>
      <trkpt lat="24.973619068041444" lon="121.54837846755981">
        <ele>28.73</ele>
      </trkpt>
      <trkpt lat="24.973726272583008" lon="121.54837846755981">
        <ele>28.27</ele>
      </trkpt>
      <trkpt lat="24.973876476287842" lon="121.5483570098877">
        <ele>27.8</ele>
      </trkpt>
      <trkpt lat="24.97403673827648" lon="121.54833563603461">
        <ele>27.31</ele>
      </trkpt>
      <trkpt lat="24.97419834136963" lon="121.54831409454346">
        <ele>26.78</ele>
      </trkpt>
      <trkpt lat="24.974327087402344" lon="121.54831409454346">
        <ele>26.26</ele>
      </trkpt>
      <trkpt lat="24.97449883259833" lon="121.54827117919922">
        <ele>25.73</ele>
      </trkpt>
      <trkpt lat="24.97465909458697" lon="121.54822834767401">
        <ele>25.22</ele>
      </trkpt>
      <trkpt lat="24.974820613861084" lon="121.54818534851074">
        <ele>24.72</ele>
      </trkpt>
      <trkpt lat="24.97497090138495" lon="121.54809951782227">
        <ele>24.2</ele>
      </trkpt>
      <trkpt lat="24.975206265226007" lon="121.54794964939356">
        <ele>23.72</ele>
      </trkpt>
      <trkpt lat="24.97544297017157" lon="121.5477991104126">
        <ele>23.27</ele>
      </trkpt>
      <trkpt lat="24.9756676889956" lon="121.54763851314783">
        <ele>22.8</ele>
      </trkpt>
      <trkpt lat="24.975893581286073" lon="121.54747724533081">
        <ele>22.36</ele>
      </trkpt>
      <trkpt lat="24.97603263705969" lon="121.54737012460828">
        <ele>22.0</ele>
      </trkpt>
      <trkpt lat="24.97617244720459" lon="121.54726266860962">
        <ele>21.67</ele>
      </trkpt>
      <trkpt lat="24.976215362548828" lon="121.54721975326538">
        <ele>21.4</ele>
      </trkpt>
      <trkpt lat="24.976460030302405" lon="121.54704499058425">
        <ele>21.12</ele>
      </trkpt>
      <trkpt lat="24.976515853777528" lon="121.54700517654419">
        <ele>20.97</ele>
      </trkpt>
      <trkpt lat="24.976515769958496" lon="121.54700517654419">
        <ele>20.9</ele>
      </trkpt>
      <trkpt lat="24.976761946454644" lon="121.54682320542634">
        <ele>20.88</ele>
      </trkpt>
      <trkpt lat="24.977009380236268" lon="121.54664039611816">
        <ele>20.93</ele>
      </trkpt>
      <trkpt lat="24.977009296417236" lon="121.54664039611816">
        <ele>21.04</ele>
      </trkpt>
      <trkpt lat="24.977073753252625" lon="121.54659748077393">
        <ele>21.21</ele>
      </trkpt>
      <trkpt lat="24.9773305747658" lon="121.54640478082001">
        <ele>21.49</ele>
      </trkpt>
      <trkpt lat="24.97758748009801" lon="121.5462120808661">
        <ele>21.78</ele>
      </trkpt>
      <trkpt lat="24.977846145629883" lon="121.54601812362671">
        <ele>22.1</ele>
      </trkpt>
      <trkpt lat="24.977996349334717" lon="121.54586791992188">
        <ele>22.49</ele>
      </trkpt>
      <trkpt lat="24.978174716234207" lon="121.54573942534626">
        <ele>22.98</ele>
      </trkpt>
      <trkpt lat="24.978353083133698" lon="121.54561101458967">
        <ele>23.51</ele>
      </trkpt>
      <trkpt lat="24.978532874956727" lon="121.54548168182373">
        <ele>24.07</ele>
      </trkpt>
      <trkpt lat="24.978532791137695" lon="121.54548168182373">
        <ele>24.62</ele>
      </trkpt>
      <trkpt lat="24.978732531890273" lon="121.54533893801272">
        <ele>25.24</ele>
      </trkpt>
      <trkpt lat="24.97893227264285" lon="121.54519627802074">
        <ele>25.79</ele>
      </trkpt>
      <trkpt lat="24.97913360595703" lon="121.54505252838135">
        <ele>26.49</ele>
      </trkpt>
      <trkpt lat="24.979262351989746" lon="121.54494524002075">
        <ele>27.16</ele>
      </trkpt>
      <trkpt lat="24.979519927874207" lon="121.54481649398804">
        <ele>27.79</ele>
      </trkpt>
      <trkpt lat="24.97977649793029" lon="121.54470954090357">
        <ele>27.7</ele>
      </trkpt>
      <trkpt lat="24.9800331518054" lon="121.5446025878191">
        <ele>27.45</ele>
      </trkpt>
      <trkpt lat="24.98028972186148" lon="121.54449571855366">
        <ele>27.21</ele>
      </trkpt>
      <trkpt lat="24.980549896135926" lon="121.54438734054565">
        <ele>26.81</ele>
      </trkpt>
      <trkpt lat="24.980549812316895" lon="121.54438734054565">
        <ele>26.87</ele>
      </trkpt>
      <trkpt lat="24.980807388201356" lon="121.54428005218506">
        <ele>26.75</ele>
      </trkpt>
      <trkpt lat="24.980807304382324" lon="121.54428005218506">
        <ele>26.8</ele>
      </trkpt>
      <trkpt lat="24.981042500585318" lon="121.54418374411762">
        <ele>26.79</ele>
      </trkpt>
      <trkpt lat="24.981279456987977" lon="121.54408693313599">
        <ele>26.82</ele>
      </trkpt>
      <trkpt lat="24.98151465319097" lon="121.5440013539046">
        <ele>26.79</ele>
      </trkpt>
      <trkpt lat="24.981751525774598" lon="121.54391527175903">
        <ele>26.74</ele>
      </trkpt>
      <trkpt lat="24.98199736699462" lon="121.54381896369159">
        <ele>26.61</ele>
      </trkpt>
      <trkpt lat="24.98224505223334" lon="121.54372215270996">
        <ele>26.26</ele>
      </trkpt>
      <trkpt lat="24.982448145747185" lon="121.54363657347858">
        <ele>25.7</ele>
      </trkpt>
      <trkpt lat="24.982652748003602" lon="121.54355049133301">
        <ele>25.02</ele>
      </trkpt>
      <trkpt lat="24.98288869857788" lon="121.54346466064453">
        <ele>24.39</ele>
      </trkpt>
      <trkpt lat="24.983049044385552" lon="121.54340045526624">
        <ele>23.86</ele>
      </trkpt>
      <trkpt lat="24.9832106474787" lon="121.54333591461182">
        <ele>23.4</ele>
      </trkpt>
      <trkpt lat="24.98340309597552" lon="121.54323608614504">
        <ele>22.87</ele>
      </trkpt>
      <trkpt lat="24.98359562829137" lon="121.54313625767827">
        <ele>22.24</ele>
      </trkpt>
      <trkpt lat="24.983790004625916" lon="121.54303550720215">
        <ele>21.67</ele>
      </trkpt>
      <trkpt lat="24.983789920806885" lon="121.54303550720215">
        <ele>21.26</ele>
      </trkpt>
      <trkpt lat="24.983961582183838" lon="121.54292821884155">
        <ele>20.78</ele>
      </trkpt>
      <trkpt lat="24.98396166600287" lon="121.54292821884155">
        <ele>20.51</ele>
      </trkpt>
      <trkpt lat="24.983961582183838" lon="121.54292821884155">
        <ele>20.78</ele>
      </trkpt>
      <trkpt lat="24.984154114499688" lon="121.54283191077411">
        <ele>20.03</ele>
      </trkpt>
      <trkpt lat="24.984347904101014" lon="121.54273509979248">
        <ele>20.01</ele>
      </trkpt>
      <trkpt lat="24.984347820281982" lon="121.54273509979248">
        <ele>19.99</ele>
      </trkpt>
      <trkpt lat="24.984572371467948" lon="121.54263342730701">
        <ele>20.11</ele>
      </trkpt>
      <trkpt lat="24.984796922653913" lon="121.54253183864057">
        <ele>20.12</ele>
      </trkpt>
      <trkpt lat="24.98502155765891" lon="121.54243024997413">
        <ele>20.14</ele>
      </trkpt>
      <trkpt lat="24.985249126330018" lon="121.54232740402222">
        <ele>20.25</ele>
      </trkpt>
      <trkpt lat="24.985452136024833" lon="121.5422525536269">
        <ele>20.22</ele>
      </trkpt>
      <trkpt lat="24.98565673828125" lon="121.54217720031738">
        <ele>20.02</ele>
      </trkpt>
      <trkpt lat="24.98591431416571" lon="121.54211282730103">
        <ele>19.72</ele>
      </trkpt>
      <trkpt lat="24.98617071658373" lon="121.54208072461188">
        <ele>19.6</ele>
      </trkpt>
      <trkpt lat="24.98642921447754" lon="121.54204845428467">
        <ele>19.7</ele>
      </trkpt>
      <trkpt lat="24.98662233352661" lon="121.54198408126831">
        <ele>19.88</ele>
      </trkpt>
      <trkpt lat="24.986708164215088" lon="121.54198408126831">
        <ele>19.88</ele>
      </trkpt>
      <trkpt lat="24.98692181892693" lon="121.54200537130237">
        <ele>19.79</ele>
      </trkpt>
      <trkpt lat="24.98713731765747" lon="121.54202699661255">
        <ele>19.57</ele>
      </trkpt>
      <trkpt lat="24.987248545512557" lon="121.54203353449702">
        <ele>19.38</ele>
      </trkpt>
    </trkseg>
  </trk>
</gpx>
