<?xml version="1.0" encoding="UTF-8"?>
<gpx creator="Garmin Connect" version="1.1"
  xsi:schemaLocation="http://www.topografix.com/GPX/1/1 http://www.topografix.com/GPX/11.xsd"
  xmlns:ns3="http://www.garmin.com/xmlschemas/TrackPointExtension/v1"
  xmlns="http://www.topografix.com/GPX/1/1"
  xmlns:xsi="http://www.w3.org/2001/XMLSchema-instance" xmlns:ns2="http://www.garmin.com/xmlschemas/GpxExtensions/v3">
  <metadata>
    <name>中部大三元</name>
    <link href="connect.garmin.com">
      <text>Garmin Connect</text>
    </link>
    <time>2023-01-19T22:01:02.000Z</time>
  </metadata>
  <trk>
    <name>中部大三元</name>
    <trkseg>
      <trkpt lat="24.153954181820154" lon="120.66770958714187">
        <ele>98.0</ele>
      </trkpt>
      <trkpt lat="24.153807247057557" lon="120.66756248474121">
        <ele>99.0</ele>
      </trkpt>
      <trkpt lat="24.1537428740412" lon="120.66747665405273">
        <ele>99.0</ele>
      </trkpt>
      <trkpt lat="24.15320634841919" lon="120.66694021224976">
        <ele>100.0</ele>
      </trkpt>
      <trkpt lat="24.153163516893983" lon="120.6668758392334">
        <ele>100.0</ele>
      </trkpt>
      <trkpt lat="24.153056228533387" lon="120.66679000854492">
        <ele>101.0</ele>
      </trkpt>
      <trkpt lat="24.15301331318915" lon="120.66672563552856">
        <ele>101.0</ele>
      </trkpt>
      <trkpt lat="24.152369583025575" lon="120.66769123077393">
        <ele>98.0</ele>
      </trkpt>
      <trkpt lat="24.151811683550477" lon="120.66852807998657">
        <ele>97.0</ele>
      </trkpt>
      <trkpt lat="24.151082122698426" lon="120.66938638687134">
        <ele>96.0</ele>
      </trkpt>
      <trkpt lat="24.151039123535156" lon="120.6694507598877">
        <ele>96.0</ele>
      </trkpt>
      <trkpt lat="24.150760173797607" lon="120.66957950592041">
        <ele>95.0</ele>
      </trkpt>
      <trkpt lat="24.1504168510437" lon="120.66977262496948">
        <ele>92.0</ele>
      </trkpt>
      <trkpt lat="24.15024527348578" lon="120.66977262496948">
        <ele>90.0</ele>
      </trkpt>
      <trkpt lat="24.14968729019165" lon="120.66977262496948">
        <ele>88.0</ele>
      </trkpt>
      <trkpt lat="24.149558544158936" lon="120.66981554031372">
        <ele>87.0</ele>
      </trkpt>
      <trkpt lat="24.149043643847108" lon="120.66981554031372">
        <ele>85.0</ele>
      </trkpt>
      <trkpt lat="24.148421371355653" lon="120.66981554031372">
        <ele>84.0</ele>
      </trkpt>
      <trkpt lat="24.14842128753662" lon="120.66981554031372">
        <ele>82.0</ele>
      </trkpt>
      <trkpt lat="24.147884929552674" lon="120.66981554031372">
        <ele>82.0</ele>
      </trkpt>
      <trkpt lat="24.147327030077577" lon="120.66981554031372">
        <ele>82.0</ele>
      </trkpt>
      <trkpt lat="24.147326946258545" lon="120.66981554031372">
        <ele>81.0</ele>
      </trkpt>
      <trkpt lat="24.14670467376709" lon="120.66981554031372">
        <ele>81.0</ele>
      </trkpt>
      <trkpt lat="24.146576011553407" lon="120.66996574401855">
        <ele>81.0</ele>
      </trkpt>
      <trkpt lat="24.146318519487977" lon="120.67026615142822">
        <ele>80.0</ele>
      </trkpt>
      <trkpt lat="24.146146858111024" lon="120.6704592704773">
        <ele>80.0</ele>
      </trkpt>
      <trkpt lat="24.145824993029237" lon="120.67082405090332">
        <ele>80.0</ele>
      </trkpt>
      <trkpt lat="24.14550312794745" lon="120.67118883132935">
        <ele>80.0</ele>
      </trkpt>
      <trkpt lat="24.14541721343994" lon="120.67129611968994">
        <ele>80.0</ele>
      </trkpt>
      <trkpt lat="24.145288467407227" lon="120.67138195037842">
        <ele>80.0</ele>
      </trkpt>
      <trkpt lat="24.144923770800233" lon="120.67178964614868">
        <ele>81.0</ele>
      </trkpt>
      <trkpt lat="24.14449461735785" lon="120.67228317260742">
        <ele>81.0</ele>
      </trkpt>
      <trkpt lat="24.143335903063416" lon="120.67361354827881">
        <ele>81.0</ele>
      </trkpt>
      <trkpt lat="24.143335819244385" lon="120.67361354827881">
        <ele>82.0</ele>
      </trkpt>
      <trkpt lat="24.14325007237494" lon="120.6737208366394">
        <ele>82.0</ele>
      </trkpt>
      <trkpt lat="24.143121326342225" lon="120.67387104034424">
        <ele>83.0</ele>
      </trkpt>
      <trkpt lat="24.142799461260438" lon="120.67423582077026">
        <ele>83.0</ele>
      </trkpt>
      <trkpt lat="24.142112815752625" lon="120.67502975463867">
        <ele>84.0</ele>
      </trkpt>
      <trkpt lat="24.14168357849121" lon="120.67552328109741">
        <ele>83.0</ele>
      </trkpt>
      <trkpt lat="24.141318798065186" lon="120.67593097686768">
        <ele>84.0</ele>
      </trkpt>
      <trkpt lat="24.14046057499945" lon="120.67689657211304">
        <ele>85.0</ele>
      </trkpt>
      <trkpt lat="24.14046049118042" lon="120.67689657211304">
        <ele>85.0</ele>
      </trkpt>
      <trkpt lat="24.140203082934022" lon="120.67721843719482">
        <ele>85.0</ele>
      </trkpt>
      <trkpt lat="24.13970955647528" lon="120.67777633666992">
        <ele>84.0</ele>
      </trkpt>
      <trkpt lat="24.13947352208197" lon="120.67805528640747">
        <ele>84.0</ele>
      </trkpt>
      <trkpt lat="24.13947343826294" lon="120.67805528640747">
        <ele>84.0</ele>
      </trkpt>
      <trkpt lat="24.13925894536078" lon="120.67829132080078">
        <ele>84.0</ele>
      </trkpt>
      <trkpt lat="24.138829791918397" lon="120.67878484725952">
        <ele>83.0</ele>
      </trkpt>
      <trkpt lat="24.138572299852967" lon="120.67908525466919">
        <ele>83.0</ele>
      </trkpt>
      <trkpt lat="24.13822897709906" lon="120.67947149276733">
        <ele>82.0</ele>
      </trkpt>
      <trkpt lat="24.137864196673036" lon="120.67990064620972">
        <ele>82.0</ele>
      </trkpt>
      <trkpt lat="24.13747795857489" lon="120.6803297996521">
        <ele>81.0</ele>
      </trkpt>
      <trkpt lat="24.137156093493104" lon="120.68071603775024">
        <ele>81.0</ele>
      </trkpt>
      <trkpt lat="24.13679131306708" lon="120.68110227584839">
        <ele>80.0</ele>
      </trkpt>
      <trkpt lat="24.13646944798529" lon="120.68148851394653">
        <ele>80.0</ele>
      </trkpt>
      <trkpt lat="24.13627632893622" lon="120.68172454833984">
        <ele>79.0</ele>
      </trkpt>
      <trkpt lat="24.136040210723877" lon="120.68198204040527">
        <ele>79.0</ele>
      </trkpt>
      <trkpt lat="24.135868549346924" lon="120.68215370178223">
        <ele>78.0</ele>
      </trkpt>
      <trkpt lat="24.13578280247748" lon="120.68221807479858">
        <ele>78.0</ele>
      </trkpt>
      <trkpt lat="24.135568141937256" lon="120.6823468208313">
        <ele>77.0</ele>
      </trkpt>
      <trkpt lat="24.135332191362977" lon="120.6824541091919">
        <ele>77.0</ele>
      </trkpt>
      <trkpt lat="24.135332107543945" lon="120.6824541091919">
        <ele>77.0</ele>
      </trkpt>
      <trkpt lat="24.13477429188788" lon="120.68273305892944">
        <ele>77.0</ele>
      </trkpt>
      <trkpt lat="24.134774208068848" lon="120.68273305892944">
        <ele>76.0</ele>
      </trkpt>
      <trkpt lat="24.13447388447821" lon="120.68288326263428">
        <ele>76.0</ele>
      </trkpt>
      <trkpt lat="24.134366512298584" lon="120.68292617797852">
        <ele>76.0</ele>
      </trkpt>
      <trkpt lat="24.134409511461854" lon="120.68303346633911">
        <ele>76.0</ele>
      </trkpt>
      <trkpt lat="24.134624088183045" lon="120.68348407745361">
        <ele>76.0</ele>
      </trkpt>
      <trkpt lat="24.134624004364014" lon="120.68348407745361">
        <ele>76.0</ele>
      </trkpt>
      <trkpt lat="24.134817207232118" lon="120.68397760391235">
        <ele>77.0</ele>
      </trkpt>
      <trkpt lat="24.134817123413086" lon="120.68397760391235">
        <ele>77.0</ele>
      </trkpt>
      <trkpt lat="24.13503178395331" lon="120.6844711303711">
        <ele>77.0</ele>
      </trkpt>
      <trkpt lat="24.135031700134277" lon="120.6844711303711">
        <ele>77.0</ele>
      </trkpt>
      <trkpt lat="24.1352463606745" lon="120.68496465682983">
        <ele>77.0</ele>
      </trkpt>
      <trkpt lat="24.135654056444764" lon="120.6859302520752">
        <ele>77.0</ele>
      </trkpt>
      <trkpt lat="24.13573988713324" lon="120.68614482879639">
        <ele>77.0</ele>
      </trkpt>
      <trkpt lat="24.135847175493836" lon="120.68640232086182">
        <ele>77.0</ele>
      </trkpt>
      <trkpt lat="24.136061752215028" lon="120.68689584732056">
        <ele>77.0</ele>
      </trkpt>
      <trkpt lat="24.13649090565741" lon="120.68792581558228">
        <ele>78.0</ele>
      </trkpt>
      <trkpt lat="24.13674839772284" lon="120.68856954574585">
        <ele>78.0</ele>
      </trkpt>
      <trkpt lat="24.136898601427674" lon="120.68893432617188">
        <ele>77.0</ele>
      </trkpt>
      <trkpt lat="24.137027263641357" lon="120.68917036056519">
        <ele>78.0</ele>
      </trkpt>
      <trkpt lat="24.137091720476747" lon="120.68925619125366">
        <ele>78.0</ele>
      </trkpt>
      <trkpt lat="24.137563789263368" lon="120.68972826004028">
        <ele>78.0</ele>
      </trkpt>
      <trkpt lat="24.137821197509766" lon="120.68998575210571">
        <ele>78.0</ele>
      </trkpt>
      <trkpt lat="24.137885570526123" lon="120.69000720977783">
        <ele>78.0</ele>
      </trkpt>
      <trkpt lat="24.13794994354248" lon="120.69002866744995">
        <ele>78.0</ele>
      </trkpt>
      <trkpt lat="24.13822889328003" lon="120.69022178649902">
        <ele>78.0</ele>
      </trkpt>
      <trkpt lat="24.138357639312744" lon="120.69032907485962">
        <ele>78.0</ele>
      </trkpt>
      <trkpt lat="24.13870096206665" lon="120.69071531295776">
        <ele>78.0</ele>
      </trkpt>
      <trkpt lat="24.138786792755127" lon="120.69092988967896">
        <ele>78.0</ele>
      </trkpt>
      <trkpt lat="24.13872241973877" lon="120.69123029708862">
        <ele>79.0</ele>
      </trkpt>
      <trkpt lat="24.1387225035578" lon="120.69144487380981">
        <ele>79.0</ele>
      </trkpt>
      <trkpt lat="24.13874396122992" lon="120.69253921508789">
        <ele>79.0</ele>
      </trkpt>
      <trkpt lat="24.13876541890204" lon="120.69337606430054">
        <ele>80.0</ele>
      </trkpt>
      <trkpt lat="24.138765335083008" lon="120.69337606430054">
        <ele>80.0</ele>
      </trkpt>
      <trkpt lat="24.13878687657416" lon="120.6941270828247">
        <ele>80.0</ele>
      </trkpt>
      <trkpt lat="24.138808334246278" lon="120.69438457489014">
        <ele>81.0</ele>
      </trkpt>
      <trkpt lat="24.138808334246278" lon="120.69466352462769">
        <ele>81.0</ele>
      </trkpt>
      <trkpt lat="24.138829791918397" lon="120.69507122039795">
        <ele>82.0</ele>
      </trkpt>
      <trkpt lat="24.138829791918397" lon="120.69526433944702">
        <ele>82.0</ele>
      </trkpt>
      <trkpt lat="24.138872707262635" lon="120.69612264633179">
        <ele>83.0</ele>
      </trkpt>
      <trkpt lat="24.138872623443604" lon="120.69650888442993">
        <ele>83.0</ele>
      </trkpt>
      <trkpt lat="24.138872707262635" lon="120.69663763046265">
        <ele>84.0</ele>
      </trkpt>
      <trkpt lat="24.138872707262635" lon="120.69704532623291">
        <ele>84.0</ele>
      </trkpt>
      <trkpt lat="24.138872707262635" lon="120.6971526145935">
        <ele>84.0</ele>
      </trkpt>
      <trkpt lat="24.138872707262635" lon="120.69732427597046">
        <ele>85.0</ele>
      </trkpt>
      <trkpt lat="24.138872707262635" lon="120.69760322570801">
        <ele>85.0</ele>
      </trkpt>
      <trkpt lat="24.138872707262635" lon="120.69775342941284">
        <ele>85.0</ele>
      </trkpt>
      <trkpt lat="24.138872707262635" lon="120.69805383682251">
        <ele>85.0</ele>
      </trkpt>
      <trkpt lat="24.138872623443604" lon="120.69805383682251">
        <ele>86.0</ele>
      </trkpt>
      <trkpt lat="24.138872707262635" lon="120.69921255111694">
        <ele>86.0</ele>
      </trkpt>
      <trkpt lat="24.138872623443604" lon="120.69921255111694">
        <ele>86.0</ele>
      </trkpt>
      <trkpt lat="24.138872623443604" lon="120.70011377334595">
        <ele>86.0</ele>
      </trkpt>
      <trkpt lat="24.138894164934754" lon="120.70137977600098">
        <ele>86.0</ele>
      </trkpt>
      <trkpt lat="24.138894081115723" lon="120.70137977600098">
        <ele>86.0</ele>
      </trkpt>
      <trkpt lat="24.138894081115723" lon="120.70144414901733">
        <ele>85.0</ele>
      </trkpt>
      <trkpt lat="24.138894164934754" lon="120.70217370986938">
        <ele>85.0</ele>
      </trkpt>
      <trkpt lat="24.138894164934754" lon="120.70258140563965">
        <ele>85.0</ele>
      </trkpt>
      <trkpt lat="24.138851165771484" lon="120.70288181304932">
        <ele>85.0</ele>
      </trkpt>
      <trkpt lat="24.138765335083008" lon="120.70322513580322">
        <ele>84.0</ele>
      </trkpt>
      <trkpt lat="24.138550842180848" lon="120.70378303527832">
        <ele>84.0</ele>
      </trkpt>
      <trkpt lat="24.138336265459657" lon="120.70429801940918">
        <ele>83.0</ele>
      </trkpt>
      <trkpt lat="24.13794994354248" lon="120.70492029190063">
        <ele>83.0</ele>
      </trkpt>
      <trkpt lat="24.137628162279725" lon="120.70534944534302">
        <ele>82.0</ele>
      </trkpt>
      <trkpt lat="24.137113178148866" lon="120.70586442947388">
        <ele>82.0</ele>
      </trkpt>
      <trkpt lat="24.136834144592285" lon="120.70616483688354">
        <ele>81.0</ele>
      </trkpt>
      <trkpt lat="24.136705482378602" lon="120.7063364982605">
        <ele>81.0</ele>
      </trkpt>
      <trkpt lat="24.136598194018006" lon="120.70655107498169">
        <ele>80.0</ele>
      </trkpt>
      <trkpt lat="24.13646944798529" lon="120.70683002471924">
        <ele>80.0</ele>
      </trkpt>
      <trkpt lat="24.136383617296815" lon="120.70702314376831">
        <ele>80.0</ele>
      </trkpt>
      <trkpt lat="24.136147582903504" lon="120.70751667022705">
        <ele>79.0</ele>
      </trkpt>
      <trkpt lat="24.135804260149598" lon="120.70822477340698">
        <ele>79.0</ele>
      </trkpt>
      <trkpt lat="24.135417938232422" lon="120.70901870727539">
        <ele>79.0</ele>
      </trkpt>
      <trkpt lat="24.135310649871826" lon="120.70927619934082">
        <ele>78.0</ele>
      </trkpt>
      <trkpt lat="24.134902954101562" lon="120.71000576019287">
        <ele>78.0</ele>
      </trkpt>
      <trkpt lat="24.134903037920594" lon="120.71000576019287">
        <ele>78.0</ele>
      </trkpt>
      <trkpt lat="24.134838664904237" lon="120.71013450622559">
        <ele>78.0</ele>
      </trkpt>
      <trkpt lat="24.134409427642822" lon="120.71084260940552">
        <ele>79.0</ele>
      </trkpt>
      <trkpt lat="24.13425922393799" lon="120.71114301681519">
        <ele>79.0</ele>
      </trkpt>
      <trkpt lat="24.13419485092163" lon="120.71129322052002">
        <ele>79.0</ele>
      </trkpt>
      <trkpt lat="24.133851611986756" lon="120.71223735809326">
        <ele>80.0</ele>
      </trkpt>
      <trkpt lat="24.133808696642518" lon="120.71236610412598">
        <ele>80.0</ele>
      </trkpt>
      <trkpt lat="24.13346529006958" lon="120.7132887840271">
        <ele>81.0</ele>
      </trkpt>
      <trkpt lat="24.13344383239746" lon="120.7133960723877">
        <ele>82.0</ele>
      </trkpt>
      <trkpt lat="24.133401000872254" lon="120.71367502212524">
        <ele>83.0</ele>
      </trkpt>
      <trkpt lat="24.133379459381104" lon="120.71421146392822">
        <ele>84.0</ele>
      </trkpt>
      <trkpt lat="24.133379459381104" lon="120.71444749832153">
        <ele>85.0</ele>
      </trkpt>
      <trkpt lat="24.133465373888612" lon="120.7162070274353">
        <ele>86.0</ele>
      </trkpt>
      <trkpt lat="24.13348683156073" lon="120.71682929992676">
        <ele>87.0</ele>
      </trkpt>
      <trkpt lat="24.13350828923285" lon="120.7173228263855">
        <ele>87.0</ele>
      </trkpt>
      <trkpt lat="24.13352974690497" lon="120.7178807258606">
        <ele>88.0</ele>
      </trkpt>
      <trkpt lat="24.133572662249207" lon="120.71846008300781">
        <ele>90.0</ele>
      </trkpt>
      <trkpt lat="24.133637035265565" lon="120.71991920471191">
        <ele>91.0</ele>
      </trkpt>
      <trkpt lat="24.133679950609803" lon="120.72039127349854">
        <ele>92.0</ele>
      </trkpt>
      <trkpt lat="24.13370132446289" lon="120.72088479995728">
        <ele>93.0</ele>
      </trkpt>
      <trkpt lat="24.133701408281922" lon="120.72088479995728">
        <ele>94.0</ele>
      </trkpt>
      <trkpt lat="24.13372286595404" lon="120.72112083435059">
        <ele>95.0</ele>
      </trkpt>
      <trkpt lat="24.13374432362616" lon="120.72144269943237">
        <ele>96.0</ele>
      </trkpt>
      <trkpt lat="24.13374432362616" lon="120.7215929031372">
        <ele>96.0</ele>
      </trkpt>
      <trkpt lat="24.1337872389704" lon="120.72210788726807">
        <ele>97.0</ele>
      </trkpt>
      <trkpt lat="24.133808696642518" lon="120.72251558303833">
        <ele>98.0</ele>
      </trkpt>
      <trkpt lat="24.133830154314637" lon="120.722815990448">
        <ele>99.0</ele>
      </trkpt>
      <trkpt lat="24.133851611986756" lon="120.72309494018555">
        <ele>99.0</ele>
      </trkpt>
      <trkpt lat="24.133873069658875" lon="120.72369575500488">
        <ele>100.0</ele>
      </trkpt>
      <trkpt lat="24.133958900347352" lon="120.72487592697144">
        <ele>101.0</ele>
      </trkpt>
      <trkpt lat="24.13398035801947" lon="120.72521924972534">
        <ele>102.0</ele>
      </trkpt>
      <trkpt lat="24.134044647216797" lon="120.72592735290527">
        <ele>102.0</ele>
      </trkpt>
      <trkpt lat="24.13404473103583" lon="120.72592735290527">
        <ele>102.0</ele>
      </trkpt>
      <trkpt lat="24.13419485092163" lon="120.7267427444458">
        <ele>102.0</ele>
      </trkpt>
      <trkpt lat="24.134323596954346" lon="120.7271933555603">
        <ele>103.0</ele>
      </trkpt>
      <trkpt lat="24.134452426806092" lon="120.72766542434692">
        <ele>103.0</ele>
      </trkpt>
      <trkpt lat="24.13449534215033" lon="120.72777271270752">
        <ele>103.0</ele>
      </trkpt>
      <trkpt lat="24.134559715166688" lon="120.72805166244507">
        <ele>103.0</ele>
      </trkpt>
      <trkpt lat="24.13473137654364" lon="120.7286524772644">
        <ele>103.0</ele>
      </trkpt>
      <trkpt lat="24.1349458694458" lon="120.72940349578857">
        <ele>104.0</ele>
      </trkpt>
      <trkpt lat="24.13498886860907" lon="120.72968244552612">
        <ele>104.0</ele>
      </trkpt>
      <trkpt lat="24.13498878479004" lon="120.72996139526367">
        <ele>104.0</ele>
      </trkpt>
      <trkpt lat="24.134881580248475" lon="120.73084115982056">
        <ele>104.0</ele>
      </trkpt>
      <trkpt lat="24.134860122576356" lon="120.73107719421387">
        <ele>104.0</ele>
      </trkpt>
      <trkpt lat="24.134709918871522" lon="120.73238611221313">
        <ele>105.0</ele>
      </trkpt>
      <trkpt lat="24.13468837738037" lon="120.73272943496704">
        <ele>105.0</ele>
      </trkpt>
      <trkpt lat="24.134624004364014" lon="120.7332444190979">
        <ele>105.0</ele>
      </trkpt>
      <trkpt lat="24.134559715166688" lon="120.73356628417969">
        <ele>105.0</ele>
      </trkpt>
      <trkpt lat="24.13447388447821" lon="120.73388814926147">
        <ele>105.0</ele>
      </trkpt>
      <trkpt lat="24.13430222310126" lon="120.73442459106445">
        <ele>105.0</ele>
      </trkpt>
      <trkpt lat="24.134194934740663" lon="120.73476791381836">
        <ele>106.0</ele>
      </trkpt>
      <trkpt lat="24.134066104888916" lon="120.73506832122803">
        <ele>106.0</ele>
      </trkpt>
      <trkpt lat="24.1339373588562" lon="120.73528289794922">
        <ele>106.0</ele>
      </trkpt>
      <trkpt lat="24.133937442675233" lon="120.73528289794922">
        <ele>106.0</ele>
      </trkpt>
      <trkpt lat="24.133808696642518" lon="120.73543310165405">
        <ele>107.0</ele>
      </trkpt>
      <trkpt lat="24.13372278213501" lon="120.73551893234253">
        <ele>107.0</ele>
      </trkpt>
      <trkpt lat="24.13372286595404" lon="120.73551893234253">
        <ele>107.0</ele>
      </trkpt>
      <trkpt lat="24.133358001708984" lon="120.73590517044067">
        <ele>108.0</ele>
      </trkpt>
      <trkpt lat="24.133358085528016" lon="120.73590517044067">
        <ele>108.0</ele>
      </trkpt>
      <trkpt lat="24.133121967315674" lon="120.73614120483398">
        <ele>109.0</ele>
      </trkpt>
      <trkpt lat="24.131619930267334" lon="120.73770761489868">
        <ele>110.0</ele>
      </trkpt>
      <trkpt lat="24.131534099578857" lon="120.73781490325928">
        <ele>111.0</ele>
      </trkpt>
      <trkpt lat="24.131405437365174" lon="120.73802947998047">
        <ele>112.0</ele>
      </trkpt>
      <trkpt lat="24.13119077682495" lon="120.73856592178345">
        <ele>113.0</ele>
      </trkpt>
      <trkpt lat="24.131104946136475" lon="120.73886632919312">
        <ele>114.0</ele>
      </trkpt>
      <trkpt lat="24.131062030792236" lon="120.73905944824219">
        <ele>115.0</ele>
      </trkpt>
      <trkpt lat="24.13104065693915" lon="120.73944568634033">
        <ele>116.0</ele>
      </trkpt>
      <trkpt lat="24.13104065693915" lon="120.74092626571655">
        <ele>117.0</ele>
      </trkpt>
      <trkpt lat="24.13104065693915" lon="120.7410979270935">
        <ele>118.0</ele>
      </trkpt>
      <trkpt lat="24.13104065693915" lon="120.74124813079834">
        <ele>119.0</ele>
      </trkpt>
      <trkpt lat="24.13101919926703" lon="120.74204206466675">
        <ele>120.0</ele>
      </trkpt>
      <trkpt lat="24.131019115447998" lon="120.74283599853516">
        <ele>120.0</ele>
      </trkpt>
      <trkpt lat="24.13101919926703" lon="120.74283599853516">
        <ele>121.0</ele>
      </trkpt>
      <trkpt lat="24.13099765777588" lon="120.7432222366333">
        <ele>122.0</ele>
      </trkpt>
      <trkpt lat="24.130933368578553" lon="120.74375867843628">
        <ele>123.0</ele>
      </trkpt>
      <trkpt lat="24.130868995562196" lon="120.74425220489502">
        <ele>124.0</ele>
      </trkpt>
      <trkpt lat="24.130804538726807" lon="120.74444532394409">
        <ele>124.0</ele>
      </trkpt>
      <trkpt lat="24.13074016571045" lon="120.74463844299316">
        <ele>125.0</ele>
      </trkpt>
      <trkpt lat="24.130675792694092" lon="120.74474573135376">
        <ele>126.0</ele>
      </trkpt>
      <trkpt lat="24.130568504333496" lon="120.7448959350586">
        <ele>126.0</ele>
      </trkpt>
      <trkpt lat="24.13048267364502" lon="120.74498176574707">
        <ele>127.0</ele>
      </trkpt>
      <trkpt lat="24.130096519365907" lon="120.74515342712402">
        <ele>127.0</ele>
      </trkpt>
      <trkpt lat="24.129624366760254" lon="120.74530363082886">
        <ele>128.0</ele>
      </trkpt>
      <trkpt lat="24.129538536071777" lon="120.7453465461731">
        <ele>129.0</ele>
      </trkpt>
      <trkpt lat="24.1294527053833" lon="120.74538946151733">
        <ele>129.0</ele>
      </trkpt>
      <trkpt lat="24.129195297136903" lon="120.74560403823853">
        <ele>130.0</ele>
      </trkpt>
      <trkpt lat="24.129130924120545" lon="120.745689868927">
        <ele>130.0</ele>
      </trkpt>
      <trkpt lat="24.127929210662842" lon="120.74676275253296">
        <ele>131.0</ele>
      </trkpt>
      <trkpt lat="24.126405715942383" lon="120.74794292449951">
        <ele>132.0</ele>
      </trkpt>
      <trkpt lat="24.126405799761415" lon="120.74794292449951">
        <ele>132.0</ele>
      </trkpt>
      <trkpt lat="24.125654697418213" lon="120.74850082397461">
        <ele>133.0</ele>
      </trkpt>
      <trkpt lat="24.125332832336426" lon="120.74869394302368">
        <ele>133.0</ele>
      </trkpt>
      <trkpt lat="24.12498959340155" lon="120.74886560440063">
        <ele>134.0</ele>
      </trkpt>
      <trkpt lat="24.124302864074707" lon="120.74914455413818">
        <ele>135.0</ele>
      </trkpt>
      <trkpt lat="24.12421703338623" lon="120.74918746948242">
        <ele>136.0</ele>
      </trkpt>
      <trkpt lat="24.12372350692749" lon="120.74976682662964">
        <ele>136.0</ele>
      </trkpt>
      <trkpt lat="24.12348755635321" lon="120.75004577636719">
        <ele>137.0</ele>
      </trkpt>
      <trkpt lat="24.12331589497626" lon="120.75026035308838">
        <ele>138.0</ele>
      </trkpt>
      <trkpt lat="24.123058319091797" lon="120.75060367584229">
        <ele>139.0</ele>
      </trkpt>
      <trkpt lat="24.122908199205995" lon="120.750732421875">
        <ele>140.0</ele>
      </trkpt>
      <trkpt lat="24.122715080156922" lon="120.75090408325195">
        <ele>140.0</ele>
      </trkpt>
      <trkpt lat="24.122135723009706" lon="120.7513976097107">
        <ele>141.0</ele>
      </trkpt>
      <trkpt lat="24.121728027239442" lon="120.75178384780884">
        <ele>142.0</ele>
      </trkpt>
      <trkpt lat="24.12155636586249" lon="120.75195550918579">
        <ele>143.0</ele>
      </trkpt>
      <trkpt lat="24.121320247650146" lon="120.75225591659546">
        <ele>144.0</ele>
      </trkpt>
      <trkpt lat="24.12121295928955" lon="120.75242757797241">
        <ele>145.0</ele>
      </trkpt>
      <trkpt lat="24.121062755584717" lon="120.75279235839844">
        <ele>147.0</ele>
      </trkpt>
      <trkpt lat="24.12099846638739" lon="120.75298547744751">
        <ele>148.0</ele>
      </trkpt>
      <trkpt lat="24.120869636535645" lon="120.75388669967651">
        <ele>150.0</ele>
      </trkpt>
      <trkpt lat="24.120848178863525" lon="120.75397253036499">
        <ele>151.0</ele>
      </trkpt>
      <trkpt lat="24.120869636535645" lon="120.75412273406982">
        <ele>152.0</ele>
      </trkpt>
      <trkpt lat="24.120934009552002" lon="120.7543158531189">
        <ele>153.0</ele>
      </trkpt>
      <trkpt lat="24.12097692489624" lon="120.75440168380737">
        <ele>154.0</ele>
      </trkpt>
      <trkpt lat="24.12101984024048" lon="120.75446605682373">
        <ele>155.0</ele>
      </trkpt>
      <trkpt lat="24.121341705322266" lon="120.75480937957764">
        <ele>156.0</ele>
      </trkpt>
      <trkpt lat="24.121427536010742" lon="120.75491666793823">
        <ele>156.0</ele>
      </trkpt>
      <trkpt lat="24.12147045135498" lon="120.75500249862671">
        <ele>157.0</ele>
      </trkpt>
      <trkpt lat="24.1214919090271" lon="120.75508832931519">
        <ele>157.0</ele>
      </trkpt>
      <trkpt lat="24.1214919090271" lon="120.75525999069214">
        <ele>157.0</ele>
      </trkpt>
      <trkpt lat="24.12144899368286" lon="120.75538873672485">
        <ele>157.0</ele>
      </trkpt>
      <trkpt lat="24.12125595845282" lon="120.7558822631836">
        <ele>157.0</ele>
      </trkpt>
      <trkpt lat="24.121213043108582" lon="120.75598955154419">
        <ele>157.0</ele>
      </trkpt>
      <trkpt lat="24.121127128601074" lon="120.75616121292114">
        <ele>158.0</ele>
      </trkpt>
      <trkpt lat="24.121041297912598" lon="120.75626850128174">
        <ele>157.0</ele>
      </trkpt>
      <trkpt lat="24.120655059814453" lon="120.75663328170776">
        <ele>157.0</ele>
      </trkpt>
      <trkpt lat="24.12052631378174" lon="120.75674057006836">
        <ele>157.0</ele>
      </trkpt>
      <trkpt lat="24.120311737060547" lon="120.75686931610107">
        <ele>157.0</ele>
      </trkpt>
      <trkpt lat="24.120032787322998" lon="120.75695514678955">
        <ele>156.0</ele>
      </trkpt>
      <trkpt lat="24.11923885345459" lon="120.7571268081665">
        <ele>156.0</ele>
      </trkpt>
      <trkpt lat="24.119088649749756" lon="120.75714826583862">
        <ele>156.0</ele>
      </trkpt>
      <trkpt lat="24.11880978383124" lon="120.75714826583862">
        <ele>156.0</ele>
      </trkpt>
      <trkpt lat="24.118659580126405" lon="120.7571268081665">
        <ele>156.0</ele>
      </trkpt>
      <trkpt lat="24.118445003405213" lon="120.75708389282227">
        <ele>156.0</ele>
      </trkpt>
      <trkpt lat="24.11827325820923" lon="120.75704097747803">
        <ele>156.0</ele>
      </trkpt>
      <trkpt lat="24.118080139160156" lon="120.75704097747803">
        <ele>156.0</ele>
      </trkpt>
      <trkpt lat="24.11799430847168" lon="120.75706243515015">
        <ele>156.0</ele>
      </trkpt>
      <trkpt lat="24.117887020111084" lon="120.7571268081665">
        <ele>156.0</ele>
      </trkpt>
      <trkpt lat="24.117844104766846" lon="120.75719118118286">
        <ele>156.0</ele>
      </trkpt>
      <trkpt lat="24.11777981556952" lon="120.75727701187134">
        <ele>156.0</ele>
      </trkpt>
      <trkpt lat="24.11773681640625" lon="120.75738430023193">
        <ele>156.0</ele>
      </trkpt>
      <trkpt lat="24.11769390106201" lon="120.75762033462524">
        <ele>156.0</ele>
      </trkpt>
      <trkpt lat="24.11771535873413" lon="120.75828552246094">
        <ele>156.0</ele>
      </trkpt>
      <trkpt lat="24.11769390106201" lon="120.75843572616577">
        <ele>156.0</ele>
      </trkpt>
      <trkpt lat="24.117608070373535" lon="120.75860738754272">
        <ele>156.0</ele>
      </trkpt>
      <trkpt lat="24.117329204455018" lon="120.75901508331299">
        <ele>156.0</ele>
      </trkpt>
      <trkpt lat="24.117157543078065" lon="120.75929403305054">
        <ele>156.0</ele>
      </trkpt>
      <trkpt lat="24.11621332168579" lon="120.7607102394104">
        <ele>156.0</ele>
      </trkpt>
      <trkpt lat="24.116213405504823" lon="120.7607102394104">
        <ele>157.0</ele>
      </trkpt>
      <trkpt lat="24.115119064226747" lon="120.76236248016357">
        <ele>158.0</ele>
      </trkpt>
      <trkpt lat="24.114840030670166" lon="120.76270580291748">
        <ele>158.0</ele>
      </trkpt>
      <trkpt lat="24.114732826128602" lon="120.76281309127808">
        <ele>158.0</ele>
      </trkpt>
      <trkpt lat="24.114668369293213" lon="120.7628345489502">
        <ele>158.0</ele>
      </trkpt>
      <trkpt lat="24.11451816558838" lon="120.7628345489502">
        <ele>159.0</ele>
      </trkpt>
      <trkpt lat="24.114303588867188" lon="120.7627272605896">
        <ele>159.0</ele>
      </trkpt>
      <trkpt lat="24.11370277404785" lon="120.7623839378357">
        <ele>159.0</ele>
      </trkpt>
      <trkpt lat="24.113552570343018" lon="120.76234102249146">
        <ele>160.0</ele>
      </trkpt>
      <trkpt lat="24.113423824310303" lon="120.76236248016357">
        <ele>161.0</ele>
      </trkpt>
      <trkpt lat="24.113380908966064" lon="120.76242685317993">
        <ele>161.0</ele>
      </trkpt>
      <trkpt lat="24.113187873736024" lon="120.762619972229">
        <ele>162.0</ele>
      </trkpt>
      <trkpt lat="24.112844467163086" lon="120.76304912567139">
        <ele>163.0</ele>
      </trkpt>
      <trkpt lat="24.112844550982118" lon="120.76304912567139">
        <ele>164.0</ele>
      </trkpt>
      <trkpt lat="24.112372398376465" lon="120.76360702514648">
        <ele>165.0</ele>
      </trkpt>
      <trkpt lat="24.11224365234375" lon="120.7637357711792">
        <ele>165.0</ele>
      </trkpt>
      <trkpt lat="24.112179279327393" lon="120.76377868652344">
        <ele>166.0</ele>
      </trkpt>
      <trkpt lat="24.111642921343446" lon="120.76397180557251">
        <ele>167.0</ele>
      </trkpt>
      <trkpt lat="24.11155709065497" lon="120.76401472091675">
        <ele>168.0</ele>
      </trkpt>
      <trkpt lat="24.110870361328125" lon="120.76425075531006">
        <ele>169.0</ele>
      </trkpt>
      <trkpt lat="24.110612869262695" lon="120.76435804367065">
        <ele>170.0</ele>
      </trkpt>
      <trkpt lat="24.109926307573915" lon="120.76491594314575">
        <ele>171.0</ele>
      </trkpt>
      <trkpt lat="24.10973310470581" lon="120.76504468917847">
        <ele>171.0</ele>
      </trkpt>
      <trkpt lat="24.109089374542236" lon="120.76547384262085">
        <ele>172.0</ele>
      </trkpt>
      <trkpt lat="24.108445644378662" lon="120.76583862304688">
        <ele>172.0</ele>
      </trkpt>
      <trkpt lat="24.108359897509217" lon="120.76588153839111">
        <ele>173.0</ele>
      </trkpt>
      <trkpt lat="24.108102321624756" lon="120.76594591140747">
        <ele>174.0</ele>
      </trkpt>
      <trkpt lat="24.10745859146118" lon="120.76594591140747">
        <ele>174.0</ele>
      </trkpt>
      <trkpt lat="24.107136810198426" lon="120.76601028442383">
        <ele>175.0</ele>
      </trkpt>
      <trkpt lat="24.10702952183783" lon="120.76603174209595">
        <ele>176.0</ele>
      </trkpt>
      <trkpt lat="24.106857776641846" lon="120.76607465744019">
        <ele>177.0</ele>
      </trkpt>
      <trkpt lat="24.106664741411805" lon="120.76618194580078">
        <ele>178.0</ele>
      </trkpt>
      <trkpt lat="24.105870807543397" lon="120.76671838760376">
        <ele>179.0</ele>
      </trkpt>
      <trkpt lat="24.10580643452704" lon="120.766761302948">
        <ele>179.0</ele>
      </trkpt>
      <trkpt lat="24.105548858642578" lon="120.76695442199707">
        <ele>180.0</ele>
      </trkpt>
      <trkpt lat="24.105420112609863" lon="120.76712608337402">
        <ele>181.0</ele>
      </trkpt>
      <trkpt lat="24.105312824249268" lon="120.76727628707886">
        <ele>181.0</ele>
      </trkpt>
      <trkpt lat="24.10526990890503" lon="120.76744794845581">
        <ele>182.0</ele>
      </trkpt>
      <trkpt lat="24.105184078216553" lon="120.76792001724243">
        <ele>182.0</ele>
      </trkpt>
      <trkpt lat="24.105119705200195" lon="120.7681131362915">
        <ele>183.0</ele>
      </trkpt>
      <trkpt lat="24.104926669970155" lon="120.76847791671753">
        <ele>184.0</ele>
      </trkpt>
      <trkpt lat="24.104883670806885" lon="120.768563747406">
        <ele>184.0</ele>
      </trkpt>
      <trkpt lat="24.104883754625916" lon="120.768563747406">
        <ele>185.0</ele>
      </trkpt>
      <trkpt lat="24.104626178741455" lon="120.76905727386475">
        <ele>186.0</ele>
      </trkpt>
      <trkpt lat="24.104626262560487" lon="120.76905727386475">
        <ele>186.0</ele>
      </trkpt>
      <trkpt lat="24.103896617889404" lon="120.77055931091309">
        <ele>187.0</ele>
      </trkpt>
      <trkpt lat="24.103896701708436" lon="120.77055931091309">
        <ele>188.0</ele>
      </trkpt>
      <trkpt lat="24.103489005938172" lon="120.77133178710938">
        <ele>189.0</ele>
      </trkpt>
      <trkpt lat="24.10333880223334" lon="120.77161073684692">
        <ele>189.0</ele>
      </trkpt>
      <trkpt lat="24.103210056200624" lon="120.77188968658447">
        <ele>190.0</ele>
      </trkpt>
      <trkpt lat="24.103081226348877" lon="120.77212572097778">
        <ele>190.0</ele>
      </trkpt>
      <trkpt lat="24.10303831100464" lon="120.7722544670105">
        <ele>191.0</ele>
      </trkpt>
      <trkpt lat="24.10301685333252" lon="120.77251195907593">
        <ele>191.0</ele>
      </trkpt>
      <trkpt lat="24.10301693715155" lon="120.77276945114136">
        <ele>191.0</ele>
      </trkpt>
      <trkpt lat="24.10303839482367" lon="120.77300548553467">
        <ele>191.0</ele>
      </trkpt>
      <trkpt lat="24.103124141693115" lon="120.77343463897705">
        <ele>191.0</ele>
      </trkpt>
      <trkpt lat="24.103102684020996" lon="120.7740569114685">
        <ele>190.0</ele>
      </trkpt>
      <trkpt lat="24.103102684020996" lon="120.77429294586182">
        <ele>190.0</ele>
      </trkpt>
      <trkpt lat="24.103145599365234" lon="120.77440023422241">
        <ele>189.0</ele>
      </trkpt>
      <trkpt lat="24.103167057037354" lon="120.77448606491089">
        <ele>189.0</ele>
      </trkpt>
      <trkpt lat="24.10329580307007" lon="120.77467918395996">
        <ele>188.0</ele>
      </trkpt>
      <trkpt lat="24.103381717577577" lon="120.7747220993042">
        <ele>187.0</ele>
      </trkpt>
      <trkpt lat="24.103596210479736" lon="120.77478647232056">
        <ele>187.0</ele>
      </trkpt>
      <trkpt lat="24.103703498840332" lon="120.77480792999268">
        <ele>186.0</ele>
      </trkpt>
      <trkpt lat="24.103875160217285" lon="120.7748293876648">
        <ele>186.0</ele>
      </trkpt>
      <trkpt lat="24.10404690541327" lon="120.77480792999268">
        <ele>185.0</ele>
      </trkpt>
      <trkpt lat="24.104561805725098" lon="120.77465772628784">
        <ele>184.0</ele>
      </trkpt>
      <trkpt lat="24.10481938160956" lon="120.7746148109436">
        <ele>184.0</ele>
      </trkpt>
      <trkpt lat="24.105098331347108" lon="120.7746148109436">
        <ele>183.0</ele>
      </trkpt>
      <trkpt lat="24.105184078216553" lon="120.77463626861572">
        <ele>183.0</ele>
      </trkpt>
      <trkpt lat="24.10524845123291" lon="120.77467918395996">
        <ele>183.0</ele>
      </trkpt>
      <trkpt lat="24.10526990890503" lon="120.77470064163208">
        <ele>182.0</ele>
      </trkpt>
      <trkpt lat="24.10529136657715" lon="120.77476501464844">
        <ele>183.0</ele>
      </trkpt>
      <trkpt lat="24.105312824249268" lon="120.7748293876648">
        <ele>183.0</ele>
      </trkpt>
      <trkpt lat="24.10526990890503" lon="120.77510833740234">
        <ele>183.0</ele>
      </trkpt>
      <trkpt lat="24.10526990890503" lon="120.77523708343506">
        <ele>184.0</ele>
      </trkpt>
      <trkpt lat="24.10529136657715" lon="120.77530145645142">
        <ele>184.0</ele>
      </trkpt>
      <trkpt lat="24.105334281921387" lon="120.77536582946777">
        <ele>185.0</ele>
      </trkpt>
      <trkpt lat="24.105699062347412" lon="120.77579498291016">
        <ele>186.0</ele>
      </trkpt>
      <trkpt lat="24.10572052001953" lon="120.77596664428711">
        <ele>187.0</ele>
      </trkpt>
      <trkpt lat="24.105699062347412" lon="120.77637434005737">
        <ele>188.0</ele>
      </trkpt>
      <trkpt lat="24.105742061510682" lon="120.7765245437622">
        <ele>188.0</ele>
      </trkpt>
      <trkpt lat="24.105849266052246" lon="120.77665328979492">
        <ele>189.0</ele>
      </trkpt>
      <trkpt lat="24.106643283739686" lon="120.77757596969604">
        <ele>191.0</ele>
      </trkpt>
      <trkpt lat="24.106900775805116" lon="120.77787637710571">
        <ele>192.0</ele>
      </trkpt>
      <trkpt lat="24.107093894854188" lon="120.7781982421875">
        <ele>193.0</ele>
      </trkpt>
      <trkpt lat="24.10730847157538" lon="120.77871322631836">
        <ele>194.0</ele>
      </trkpt>
      <trkpt lat="24.107372760772705" lon="120.77890634536743">
        <ele>195.0</ele>
      </trkpt>
      <trkpt lat="24.10745859146118" lon="120.77901363372803">
        <ele>196.0</ele>
      </trkpt>
      <trkpt lat="24.10773754119873" lon="120.77929258346558">
        <ele>197.0</ele>
      </trkpt>
      <trkpt lat="24.108145320788026" lon="120.77974319458008">
        <ele>198.0</ele>
      </trkpt>
      <trkpt lat="24.10831698216498" lon="120.77995777130127">
        <ele>199.0</ele>
      </trkpt>
      <trkpt lat="24.108445644378662" lon="120.78004360198975">
        <ele>199.0</ele>
      </trkpt>
      <trkpt lat="24.1084885597229" lon="120.78006505966187">
        <ele>200.0</ele>
      </trkpt>
      <trkpt lat="24.108831882476807" lon="120.78006505966187">
        <ele>201.0</ele>
      </trkpt>
      <trkpt lat="24.10896062850952" lon="120.78008651733398">
        <ele>201.0</ele>
      </trkpt>
      <trkpt lat="24.10900354385376" lon="120.78012943267822">
        <ele>202.0</ele>
      </trkpt>
      <trkpt lat="24.109046459197998" lon="120.78019380569458">
        <ele>203.0</ele>
      </trkpt>
      <trkpt lat="24.109067916870117" lon="120.78025817871094">
        <ele>204.0</ele>
      </trkpt>
      <trkpt lat="24.109067916870117" lon="120.78038692474365">
        <ele>204.0</ele>
      </trkpt>
      <trkpt lat="24.10898208618164" lon="120.78062295913696">
        <ele>205.0</ele>
      </trkpt>
      <trkpt lat="24.108874797821045" lon="120.7807731628418">
        <ele>206.0</ele>
      </trkpt>
      <trkpt lat="24.10874605178833" lon="120.78092336654663">
        <ele>207.0</ele>
      </trkpt>
      <trkpt lat="24.108488643541932" lon="120.78120231628418">
        <ele>208.0</ele>
      </trkpt>
      <trkpt lat="24.108402812853456" lon="120.78128814697266">
        <ele>209.0</ele>
      </trkpt>
      <trkpt lat="24.108123863115907" lon="120.78154563903809">
        <ele>210.0</ele>
      </trkpt>
      <trkpt lat="24.107887744903564" lon="120.78171730041504">
        <ele>211.0</ele>
      </trkpt>
      <trkpt lat="24.1074800491333" lon="120.78193187713623">
        <ele>213.0</ele>
      </trkpt>
      <trkpt lat="24.107415676116943" lon="120.78199625015259">
        <ele>213.0</ele>
      </trkpt>
      <trkpt lat="24.107329845428467" lon="120.78208208084106">
        <ele>214.0</ele>
      </trkpt>
      <trkpt lat="24.10726547241211" lon="120.78221082687378">
        <ele>215.0</ele>
      </trkpt>
      <trkpt lat="24.1070294380188" lon="120.78270435333252">
        <ele>216.0</ele>
      </trkpt>
      <trkpt lat="24.10696506500244" lon="120.78281164169312">
        <ele>217.0</ele>
      </trkpt>
      <trkpt lat="24.106814861297607" lon="120.78341245651245">
        <ele>217.0</ele>
      </trkpt>
      <trkpt lat="24.1064715385437" lon="120.78412055969238">
        <ele>218.0</ele>
      </trkpt>
      <trkpt lat="24.106342792510986" lon="120.78429222106934">
        <ele>219.0</ele>
      </trkpt>
      <trkpt lat="24.10625696182251" lon="120.7843565940857">
        <ele>220.0</ele>
      </trkpt>
      <trkpt lat="24.105699062347412" lon="120.78465700149536">
        <ele>222.0</ele>
      </trkpt>
      <trkpt lat="24.105548858642578" lon="120.78478574752808">
        <ele>223.0</ele>
      </trkpt>
      <trkpt lat="24.105334281921387" lon="120.7851505279541">
        <ele>224.0</ele>
      </trkpt>
      <trkpt lat="24.105248535051942" lon="120.78534364700317">
        <ele>224.0</ele>
      </trkpt>
      <trkpt lat="24.105141162872314" lon="120.7858157157898">
        <ele>225.0</ele>
      </trkpt>
      <trkpt lat="24.105076789855957" lon="120.78596591949463">
        <ele>226.0</ele>
      </trkpt>
      <trkpt lat="24.10499095916748" lon="120.78620195388794">
        <ele>227.0</ele>
      </trkpt>
      <trkpt lat="24.104905212298036" lon="120.78635215759277">
        <ele>227.0</ele>
      </trkpt>
      <trkpt lat="24.104797840118408" lon="120.78645944595337">
        <ele>228.0</ele>
      </trkpt>
      <trkpt lat="24.104604721069336" lon="120.78658819198608">
        <ele>228.0</ele>
      </trkpt>
      <trkpt lat="24.10421848297119" lon="120.78673839569092">
        <ele>229.0</ele>
      </trkpt>
      <trkpt lat="24.103853786364198" lon="120.78678131103516">
        <ele>230.0</ele>
      </trkpt>
      <trkpt lat="24.10353183746338" lon="120.78680276870728">
        <ele>231.0</ele>
      </trkpt>
      <trkpt lat="24.10301693715155" lon="120.78691005706787">
        <ele>232.0</ele>
      </trkpt>
      <trkpt lat="24.102845275774598" lon="120.78695297241211">
        <ele>233.0</ele>
      </trkpt>
      <trkpt lat="24.102845191955566" lon="120.78695297241211">
        <ele>233.0</ele>
      </trkpt>
      <trkpt lat="24.10271644592285" lon="120.78699588775635">
        <ele>234.0</ele>
      </trkpt>
      <trkpt lat="24.102609157562256" lon="120.78708171844482">
        <ele>235.0</ele>
      </trkpt>
      <trkpt lat="24.102416038513184" lon="120.78731775283813">
        <ele>236.0</ele>
      </trkpt>
      <trkpt lat="24.102373123168945" lon="120.78742504119873">
        <ele>237.0</ele>
      </trkpt>
      <trkpt lat="24.102351665496826" lon="120.78748941421509">
        <ele>237.0</ele>
      </trkpt>
      <trkpt lat="24.102373123168945" lon="120.7876181602478">
        <ele>238.0</ele>
      </trkpt>
      <trkpt lat="24.10248041152954" lon="120.78802585601807">
        <ele>239.0</ele>
      </trkpt>
      <trkpt lat="24.10252332687378" lon="120.78819751739502">
        <ele>239.0</ele>
      </trkpt>
      <trkpt lat="24.10250186920166" lon="120.78839063644409">
        <ele>240.0</ele>
      </trkpt>
      <trkpt lat="24.102416038513184" lon="120.78860521316528">
        <ele>241.0</ele>
      </trkpt>
      <trkpt lat="24.102351665496826" lon="120.78866958618164">
        <ele>243.0</ele>
      </trkpt>
      <trkpt lat="24.102201461791992" lon="120.78875541687012">
        <ele>244.0</ele>
      </trkpt>
      <trkpt lat="24.101707935333252" lon="120.78899145126343">
        <ele>245.0</ele>
      </trkpt>
      <trkpt lat="24.101665019989014" lon="120.78903436660767">
        <ele>246.0</ele>
      </trkpt>
      <trkpt lat="24.101622104644775" lon="120.7890772819519">
        <ele>247.0</ele>
      </trkpt>
      <trkpt lat="24.101600646972656" lon="120.78914165496826">
        <ele>248.0</ele>
      </trkpt>
      <trkpt lat="24.10157927311957" lon="120.78922748565674">
        <ele>249.0</ele>
      </trkpt>
      <trkpt lat="24.101579189300537" lon="120.78922748565674">
        <ele>250.0</ele>
      </trkpt>
      <trkpt lat="24.101579189300537" lon="120.78933477401733">
        <ele>251.0</ele>
      </trkpt>
      <trkpt lat="24.1015362739563" lon="120.78942060470581">
        <ele>252.0</ele>
      </trkpt>
      <trkpt lat="24.10149335861206" lon="120.78944206237793">
        <ele>253.0</ele>
      </trkpt>
      <trkpt lat="24.101429069414735" lon="120.78948497772217">
        <ele>254.0</ele>
      </trkpt>
      <trkpt lat="24.101428985595703" lon="120.78948497772217">
        <ele>256.0</ele>
      </trkpt>
      <trkpt lat="24.100592136383057" lon="120.78972101211548">
        <ele>258.0</ele>
      </trkpt>
      <trkpt lat="24.100463390350342" lon="120.78978538513184">
        <ele>259.0</ele>
      </trkpt>
      <trkpt lat="24.100399017333984" lon="120.78982830047607">
        <ele>260.0</ele>
      </trkpt>
      <trkpt lat="24.100205898284912" lon="120.79006433486938">
        <ele>261.0</ele>
      </trkpt>
      <trkpt lat="24.100141525268555" lon="120.79010725021362">
        <ele>262.0</ele>
      </trkpt>
      <trkpt lat="24.10001286305487" lon="120.79015016555786">
        <ele>263.0</ele>
      </trkpt>
      <trkpt lat="24.099927032366395" lon="120.79017162322998">
        <ele>263.0</ele>
      </trkpt>
      <trkpt lat="24.0995192527771" lon="120.79023599624634">
        <ele>264.0</ele>
      </trkpt>
      <trkpt lat="24.099433422088623" lon="120.79025745391846">
        <ele>265.0</ele>
      </trkpt>
      <trkpt lat="24.09924030303955" lon="120.79038619995117">
        <ele>265.0</ele>
      </trkpt>
      <trkpt lat="24.099133014678955" lon="120.79047203063965">
        <ele>266.0</ele>
      </trkpt>
      <trkpt lat="24.099068641662598" lon="120.7906436920166">
        <ele>266.0</ele>
      </trkpt>
      <trkpt lat="24.09898281097412" lon="120.79096555709839">
        <ele>267.0</ele>
      </trkpt>
      <trkpt lat="24.098896980285645" lon="120.79124450683594">
        <ele>267.0</ele>
      </trkpt>
      <trkpt lat="24.09872531890869" lon="120.7916522026062">
        <ele>267.0</ele>
      </trkpt>
      <trkpt lat="24.098661029711366" lon="120.79197406768799">
        <ele>267.0</ele>
      </trkpt>
      <trkpt lat="24.098682403564453" lon="120.79208135604858">
        <ele>267.0</ele>
      </trkpt>
      <trkpt lat="24.098703861236572" lon="120.79216718673706">
        <ele>268.0</ele>
      </trkpt>
      <trkpt lat="24.09874677658081" lon="120.79225301742554">
        <ele>268.0</ele>
      </trkpt>
      <trkpt lat="24.09951933659613" lon="120.7930040359497">
        <ele>268.0</ele>
      </trkpt>
      <trkpt lat="24.0995192527771" lon="120.7930040359497">
        <ele>268.0</ele>
      </trkpt>
      <trkpt lat="24.099626541137695" lon="120.79315423965454">
        <ele>269.0</ele>
      </trkpt>
      <trkpt lat="24.099669456481934" lon="120.79330444335938">
        <ele>269.0</ele>
      </trkpt>
      <trkpt lat="24.09977674484253" lon="120.79407691955566">
        <ele>269.0</ele>
      </trkpt>
      <trkpt lat="24.0999698638916" lon="120.79491376876831">
        <ele>270.0</ele>
      </trkpt>
      <trkpt lat="24.0999698638916" lon="120.79499959945679">
        <ele>271.0</ele>
      </trkpt>
      <trkpt lat="24.099948406219482" lon="120.79506397247314">
        <ele>272.0</ele>
      </trkpt>
      <trkpt lat="24.09984120167792" lon="120.7953429222107">
        <ele>274.0</ele>
      </trkpt>
      <trkpt lat="24.099819660186768" lon="120.79549312591553">
        <ele>276.0</ele>
      </trkpt>
      <trkpt lat="24.099862659350038" lon="120.79590082168579">
        <ele>278.0</ele>
      </trkpt>
      <trkpt lat="24.099905490875244" lon="120.79617977142334">
        <ele>280.0</ele>
      </trkpt>
      <trkpt lat="24.099926948547363" lon="120.79626560211182">
        <ele>282.0</ele>
      </trkpt>
      <trkpt lat="24.10001277923584" lon="120.79639434814453">
        <ele>285.0</ele>
      </trkpt>
      <trkpt lat="24.100077152252197" lon="120.79643726348877">
        <ele>287.0</ele>
      </trkpt>
      <trkpt lat="24.10054922103882" lon="120.79656600952148">
        <ele>291.0</ele>
      </trkpt>
      <trkpt lat="24.100699424743652" lon="120.79654455184937">
        <ele>294.0</ele>
      </trkpt>
      <trkpt lat="24.100914001464844" lon="120.79648017883301">
        <ele>297.0</ele>
      </trkpt>
      <trkpt lat="24.10104274749756" lon="120.79648017883301">
        <ele>300.0</ele>
      </trkpt>
      <trkpt lat="24.101107120513916" lon="120.79650163650513">
        <ele>303.0</ele>
      </trkpt>
      <trkpt lat="24.1015362739563" lon="120.79675912857056">
        <ele>306.0</ele>
      </trkpt>
      <trkpt lat="24.10196542739868" lon="120.79708099365234">
        <ele>310.0</ele>
      </trkpt>
      <trkpt lat="24.102244460955262" lon="120.79720973968506">
        <ele>313.0</ele>
      </trkpt>
      <trkpt lat="24.10224437713623" lon="120.79720973968506">
        <ele>316.0</ele>
      </trkpt>
      <trkpt lat="24.102501953020692" lon="120.79729557037354">
        <ele>319.0</ele>
      </trkpt>
      <trkpt lat="24.102630615234375" lon="120.79735994338989">
        <ele>322.0</ele>
      </trkpt>
      <trkpt lat="24.102694988250732" lon="120.79738140106201">
        <ele>325.0</ele>
      </trkpt>
      <trkpt lat="24.10301685333252" lon="120.79768180847168">
        <ele>327.0</ele>
      </trkpt>
      <trkpt lat="24.103360176086426" lon="120.79789638519287">
        <ele>329.0</ele>
      </trkpt>
      <trkpt lat="24.103403091430664" lon="120.79793930053711">
        <ele>332.0</ele>
      </trkpt>
      <trkpt lat="24.103553295135498" lon="120.79808950424194">
        <ele>334.0</ele>
      </trkpt>
      <trkpt lat="24.103617668151855" lon="120.79823970794678">
        <ele>336.0</ele>
      </trkpt>
      <trkpt lat="24.103617668151855" lon="120.79832553863525">
        <ele>338.0</ele>
      </trkpt>
      <trkpt lat="24.103596210479736" lon="120.79841136932373">
        <ele>340.0</ele>
      </trkpt>
      <trkpt lat="24.10351037979126" lon="120.79886198043823">
        <ele>342.0</ele>
      </trkpt>
      <trkpt lat="24.10346746444702" lon="120.79903364181519">
        <ele>344.0</ele>
      </trkpt>
      <trkpt lat="24.10348892211914" lon="120.7991623878479">
        <ele>346.0</ele>
      </trkpt>
      <trkpt lat="24.103617668151855" lon="120.79946279525757">
        <ele>348.0</ele>
      </trkpt>
      <trkpt lat="24.103639125823975" lon="120.79954862594604">
        <ele>350.0</ele>
      </trkpt>
      <trkpt lat="24.103660583496094" lon="120.79974174499512">
        <ele>351.0</ele>
      </trkpt>
      <trkpt lat="24.103639125823975" lon="120.79984903335571">
        <ele>353.0</ele>
      </trkpt>
      <trkpt lat="24.103617668151855" lon="120.79993486404419">
        <ele>354.0</ele>
      </trkpt>
      <trkpt lat="24.103596210479736" lon="120.80002069473267">
        <ele>355.0</ele>
      </trkpt>
      <trkpt lat="24.103381633758545" lon="120.80036401748657">
        <ele>356.0</ele>
      </trkpt>
      <trkpt lat="24.103188514709473" lon="120.80070734024048">
        <ele>358.0</ele>
      </trkpt>
      <trkpt lat="24.103124141693115" lon="120.80090045928955">
        <ele>359.0</ele>
      </trkpt>
      <trkpt lat="24.10308131016791" lon="120.80109357833862">
        <ele>360.0</ele>
      </trkpt>
      <trkpt lat="24.103081226348877" lon="120.80109357833862">
        <ele>361.0</ele>
      </trkpt>
      <trkpt lat="24.103081226348877" lon="120.80135107040405">
        <ele>363.0</ele>
      </trkpt>
      <trkpt lat="24.103059768676758" lon="120.80143690109253">
        <ele>364.0</ele>
      </trkpt>
      <trkpt lat="24.10301693715155" lon="120.80150127410889">
        <ele>364.0</ele>
      </trkpt>
      <trkpt lat="24.10301685333252" lon="120.80150127410889">
        <ele>365.0</ele>
      </trkpt>
      <trkpt lat="24.102952480316162" lon="120.80154418945312">
        <ele>366.0</ele>
      </trkpt>
      <trkpt lat="24.102888107299805" lon="120.80156564712524">
        <ele>366.0</ele>
      </trkpt>
      <trkpt lat="24.102823734283447" lon="120.80158710479736">
        <ele>367.0</ele>
      </trkpt>
      <trkpt lat="24.102587699890137" lon="120.80156564712524">
        <ele>367.0</ele>
      </trkpt>
      <trkpt lat="24.10248041152954" lon="120.80158710479736">
        <ele>367.0</ele>
      </trkpt>
      <trkpt lat="24.102437496185303" lon="120.80160856246948">
        <ele>367.0</ele>
      </trkpt>
      <trkpt lat="24.102330207824707" lon="120.8017373085022">
        <ele>367.0</ele>
      </trkpt>
      <trkpt lat="24.10228729248047" lon="120.80180168151855">
        <ele>366.0</ele>
      </trkpt>
      <trkpt lat="24.1022873762995" lon="120.80193042755127">
        <ele>366.0</ele>
      </trkpt>
      <trkpt lat="24.10228729248047" lon="120.80193042755127">
        <ele>365.0</ele>
      </trkpt>
      <trkpt lat="24.1022873762995" lon="120.80225229263306">
        <ele>364.0</ele>
      </trkpt>
      <trkpt lat="24.10224437713623" lon="120.80250978469849">
        <ele>363.0</ele>
      </trkpt>
      <trkpt lat="24.102158546447754" lon="120.8027458190918">
        <ele>362.0</ele>
      </trkpt>
      <trkpt lat="24.10196542739868" lon="120.80326080322266">
        <ele>360.0</ele>
      </trkpt>
      <trkpt lat="24.101943969726562" lon="120.80336809158325">
        <ele>359.0</ele>
      </trkpt>
      <trkpt lat="24.101943969726562" lon="120.80343246459961">
        <ele>357.0</ele>
      </trkpt>
      <trkpt lat="24.1019868850708" lon="120.80356121063232">
        <ele>355.0</ele>
      </trkpt>
      <trkpt lat="24.102180004119873" lon="120.80394744873047">
        <ele>354.0</ele>
      </trkpt>
      <trkpt lat="24.102330207824707" lon="120.80444097518921">
        <ele>352.0</ele>
      </trkpt>
      <trkpt lat="24.102351665496826" lon="120.80461263656616">
        <ele>350.0</ele>
      </trkpt>
      <trkpt lat="24.102373206987977" lon="120.80491304397583">
        <ele>348.0</ele>
      </trkpt>
      <trkpt lat="24.10256632603705" lon="120.80536365509033">
        <ele>346.0</ele>
      </trkpt>
      <trkpt lat="24.102587699890137" lon="120.80549240112305">
        <ele>344.0</ele>
      </trkpt>
      <trkpt lat="24.102587699890137" lon="120.8055567741394">
        <ele>343.0</ele>
      </trkpt>
      <trkpt lat="24.102566242218018" lon="120.80562114715576">
        <ele>341.0</ele>
      </trkpt>
      <trkpt lat="24.10250186920166" lon="120.80568552017212">
        <ele>340.0</ele>
      </trkpt>
      <trkpt lat="24.102437496185303" lon="120.80570697784424">
        <ele>338.0</ele>
      </trkpt>
      <trkpt lat="24.10228729248047" lon="120.80570697784424">
        <ele>337.0</ele>
      </trkpt>
      <trkpt lat="24.10196542739868" lon="120.80564260482788">
        <ele>335.0</ele>
      </trkpt>
      <trkpt lat="24.101836681365967" lon="120.80557823181152">
        <ele>334.0</ele>
      </trkpt>
      <trkpt lat="24.101600646972656" lon="120.80538511276245">
        <ele>332.0</ele>
      </trkpt>
      <trkpt lat="24.101557731628418" lon="120.80536365509033">
        <ele>331.0</ele>
      </trkpt>
      <trkpt lat="24.10149335861206" lon="120.80534219741821">
        <ele>330.0</ele>
      </trkpt>
      <trkpt lat="24.101407527923584" lon="120.80536365509033">
        <ele>329.0</ele>
      </trkpt>
      <trkpt lat="24.101150035858154" lon="120.80551385879517">
        <ele>328.0</ele>
      </trkpt>
      <trkpt lat="24.10102128982544" lon="120.8055567741394">
        <ele>328.0</ele>
      </trkpt>
      <trkpt lat="24.100463390350342" lon="120.80553531646729">
        <ele>327.0</ele>
      </trkpt>
      <trkpt lat="24.100356101989746" lon="120.8055567741394">
        <ele>327.0</ele>
      </trkpt>
      <trkpt lat="24.100313186645508" lon="120.80557823181152">
        <ele>326.0</ele>
      </trkpt>
      <trkpt lat="24.10003423690796" lon="120.80581426620483">
        <ele>327.0</ele>
      </trkpt>
      <trkpt lat="24.09999132156372" lon="120.80590009689331">
        <ele>327.0</ele>
      </trkpt>
      <trkpt lat="24.09999132156372" lon="120.80596446990967">
        <ele>328.0</ele>
      </trkpt>
      <trkpt lat="24.10001277923584" lon="120.80605030059814">
        <ele>329.0</ele>
      </trkpt>
      <trkpt lat="24.100205982103944" lon="120.80628633499146">
        <ele>330.0</ele>
      </trkpt>
      <trkpt lat="24.100205898284912" lon="120.80628633499146">
        <ele>331.0</ele>
      </trkpt>
      <trkpt lat="24.10022735595703" lon="120.80639362335205">
        <ele>332.0</ele>
      </trkpt>
      <trkpt lat="24.100205898284912" lon="120.80673694610596">
        <ele>334.0</ele>
      </trkpt>
      <trkpt lat="24.100141525268555" lon="120.80695152282715">
        <ele>336.0</ele>
      </trkpt>
      <trkpt lat="24.099991405382752" lon="120.8073377609253">
        <ele>338.0</ele>
      </trkpt>
      <trkpt lat="24.099884033203125" lon="120.80748796463013">
        <ele>341.0</ele>
      </trkpt>
      <trkpt lat="24.099712371826172" lon="120.8076810836792">
        <ele>343.0</ele>
      </trkpt>
      <trkpt lat="24.099690914154053" lon="120.80774545669556">
        <ele>346.0</ele>
      </trkpt>
      <trkpt lat="24.099669456481934" lon="120.80783128738403">
        <ele>348.0</ele>
      </trkpt>
      <trkpt lat="24.099626624956727" lon="120.80804586410522">
        <ele>351.0</ele>
      </trkpt>
      <trkpt lat="24.099583625793457" lon="120.80836772918701">
        <ele>353.0</ele>
      </trkpt>
      <trkpt lat="24.09954071044922" lon="120.80862522125244">
        <ele>356.0</ele>
      </trkpt>
      <trkpt lat="24.099476421251893" lon="120.80871105194092">
        <ele>359.0</ele>
      </trkpt>
      <trkpt lat="24.099390506744385" lon="120.80871105194092">
        <ele>362.0</ele>
      </trkpt>
      <trkpt lat="24.099347591400146" lon="120.80871105194092">
        <ele>365.0</ele>
      </trkpt>
      <trkpt lat="24.09928321838379" lon="120.80860376358032">
        <ele>368.0</ele>
      </trkpt>
      <trkpt lat="24.09909018315375" lon="120.80800294876099">
        <ele>371.0</ele>
      </trkpt>
      <trkpt lat="24.09902581013739" lon="120.8077883720398">
        <ele>374.0</ele>
      </trkpt>
      <trkpt lat="24.098896980285645" lon="120.8073377609253">
        <ele>377.0</ele>
      </trkpt>
      <trkpt lat="24.098854064941406" lon="120.80725193023682">
        <ele>380.0</ele>
      </trkpt>
      <trkpt lat="24.098811149597168" lon="120.80718755722046">
        <ele>383.0</ele>
      </trkpt>
      <trkpt lat="24.098639488220215" lon="120.80710172653198">
        <ele>386.0</ele>
      </trkpt>
      <trkpt lat="24.097716892138124" lon="120.80684423446655">
        <ele>389.0</ele>
      </trkpt>
      <trkpt lat="24.097631061449647" lon="120.80682277679443">
        <ele>391.0</ele>
      </trkpt>
      <trkpt lat="24.097630977630615" lon="120.80682277679443">
        <ele>393.0</ele>
      </trkpt>
      <trkpt lat="24.097588062286377" lon="120.80680131912231">
        <ele>395.0</ele>
      </trkpt>
      <trkpt lat="24.09752368927002" lon="120.80682277679443">
        <ele>396.0</ele>
      </trkpt>
      <trkpt lat="24.0975022315979" lon="120.80686569213867">
        <ele>398.0</ele>
      </trkpt>
      <trkpt lat="24.0975022315979" lon="120.80690860748291">
        <ele>398.0</ele>
      </trkpt>
      <trkpt lat="24.0975022315979" lon="120.80697298049927">
        <ele>399.0</ele>
      </trkpt>
      <trkpt lat="24.09754514694214" lon="120.8070158958435">
        <ele>399.0</ele>
      </trkpt>
      <trkpt lat="24.097566604614258" lon="120.80703735351562">
        <ele>400.0</ele>
      </trkpt>
      <trkpt lat="24.09797430038452" lon="120.80720901489258">
        <ele>399.0</ele>
      </trkpt>
      <trkpt lat="24.098145961761475" lon="120.80735921859741">
        <ele>399.0</ele>
      </trkpt>
      <trkpt lat="24.098188877105713" lon="120.80744504928589">
        <ele>399.0</ele>
      </trkpt>
      <trkpt lat="24.098210334777832" lon="120.8075737953186">
        <ele>399.0</ele>
      </trkpt>
      <trkpt lat="24.098210334777832" lon="120.80776691436768">
        <ele>399.0</ele>
      </trkpt>
      <trkpt lat="24.098188877105713" lon="120.80783128738403">
        <ele>399.0</ele>
      </trkpt>
      <trkpt lat="24.098167419433594" lon="120.80789566040039">
        <ele>399.0</ele>
      </trkpt>
      <trkpt lat="24.098124504089355" lon="120.80791711807251">
        <ele>399.0</ele>
      </trkpt>
      <trkpt lat="24.098081588745117" lon="120.80793857574463">
        <ele>399.0</ele>
      </trkpt>
      <trkpt lat="24.09801721572876" lon="120.80793857574463">
        <ele>400.0</ele>
      </trkpt>
      <trkpt lat="24.09797430038452" lon="120.80791711807251">
        <ele>400.0</ele>
      </trkpt>
      <trkpt lat="24.097952842712402" lon="120.80787420272827">
        <ele>400.0</ele>
      </trkpt>
      <trkpt lat="24.097888469696045" lon="120.80763816833496">
        <ele>401.0</ele>
      </trkpt>
      <trkpt lat="24.097867012023926" lon="120.80759525299072">
        <ele>401.0</ele>
      </trkpt>
      <trkpt lat="24.097824096679688" lon="120.8075737953186">
        <ele>402.0</ele>
      </trkpt>
      <trkpt lat="24.09775972366333" lon="120.8075737953186">
        <ele>403.0</ele>
      </trkpt>
      <trkpt lat="24.097695350646973" lon="120.80759525299072">
        <ele>404.0</ele>
      </trkpt>
      <trkpt lat="24.097652435302734" lon="120.80763816833496">
        <ele>405.0</ele>
      </trkpt>
      <trkpt lat="24.097630977630615" lon="120.80772399902344">
        <ele>406.0</ele>
      </trkpt>
      <trkpt lat="24.097652435302734" lon="120.80783128738403">
        <ele>407.0</ele>
      </trkpt>
      <trkpt lat="24.09773826599121" lon="120.80811023712158">
        <ele>408.0</ele>
      </trkpt>
      <trkpt lat="24.09773826599121" lon="120.80821752548218">
        <ele>409.0</ele>
      </trkpt>
      <trkpt lat="24.097716808319092" lon="120.80826044082642">
        <ele>410.0</ele>
      </trkpt>
      <trkpt lat="24.097673892974854" lon="120.80830335617065">
        <ele>411.0</ele>
      </trkpt>
      <trkpt lat="24.097630977630615" lon="120.80830335617065">
        <ele>412.0</ele>
      </trkpt>
      <trkpt lat="24.09754514694214" lon="120.80826044082642">
        <ele>413.0</ele>
      </trkpt>
      <trkpt lat="24.0975022315979" lon="120.80821752548218">
        <ele>414.0</ele>
      </trkpt>
      <trkpt lat="24.09724473953247" lon="120.80783128738403">
        <ele>415.0</ele>
      </trkpt>
      <trkpt lat="24.097201824188232" lon="120.8077883720398">
        <ele>416.0</ele>
      </trkpt>
      <trkpt lat="24.097158908843994" lon="120.80776691436768">
        <ele>418.0</ele>
      </trkpt>
      <trkpt lat="24.097115993499756" lon="120.80776691436768">
        <ele>419.0</ele>
      </trkpt>
      <trkpt lat="24.097073078155518" lon="120.8077883720398">
        <ele>420.0</ele>
      </trkpt>
      <trkpt lat="24.09703016281128" lon="120.80780982971191">
        <ele>421.0</ele>
      </trkpt>
      <trkpt lat="24.09703016281128" lon="120.80785274505615">
        <ele>422.0</ele>
      </trkpt>
      <trkpt lat="24.0970516204834" lon="120.80796003341675">
        <ele>423.0</ele>
      </trkpt>
      <trkpt lat="24.097094535827637" lon="120.8080244064331">
        <ele>425.0</ele>
      </trkpt>
      <trkpt lat="24.097309112548828" lon="120.80826044082642">
        <ele>426.0</ele>
      </trkpt>
      <trkpt lat="24.097437858581543" lon="120.80843210220337">
        <ele>427.0</ele>
      </trkpt>
      <trkpt lat="24.097459316253662" lon="120.80849647521973">
        <ele>428.0</ele>
      </trkpt>
      <trkpt lat="24.09748077392578" lon="120.8085823059082">
        <ele>430.0</ele>
      </trkpt>
      <trkpt lat="24.09748077392578" lon="120.8086895942688">
        <ele>431.0</ele>
      </trkpt>
      <trkpt lat="24.097459316253662" lon="120.80877542495728">
        <ele>433.0</ele>
      </trkpt>
      <trkpt lat="24.09726619720459" lon="120.80931186676025">
        <ele>435.0</ele>
      </trkpt>
      <trkpt lat="24.09724473953247" lon="120.80944061279297">
        <ele>436.0</ele>
      </trkpt>
      <trkpt lat="24.09728765487671" lon="120.80974102020264">
        <ele>438.0</ele>
      </trkpt>
      <trkpt lat="24.09726619720459" lon="120.809805393219">
        <ele>439.0</ele>
      </trkpt>
      <trkpt lat="24.097180366516113" lon="120.80986976623535">
        <ele>441.0</ele>
      </trkpt>
      <trkpt lat="24.097137451171875" lon="120.80986976623535">
        <ele>442.0</ele>
      </trkpt>
      <trkpt lat="24.097073078155518" lon="120.80986976623535">
        <ele>443.0</ele>
      </trkpt>
      <trkpt lat="24.09703016281128" lon="120.80982685089111">
        <ele>444.0</ele>
      </trkpt>
      <trkpt lat="24.09698724746704" lon="120.80971956253052">
        <ele>445.0</ele>
      </trkpt>
      <trkpt lat="24.096922958269715" lon="120.8094835281372">
        <ele>446.0</ele>
      </trkpt>
      <trkpt lat="24.096922874450684" lon="120.8094835281372">
        <ele>447.0</ele>
      </trkpt>
      <trkpt lat="24.096901500597596" lon="120.80937623977661">
        <ele>448.0</ele>
      </trkpt>
      <trkpt lat="24.096901416778564" lon="120.80937623977661">
        <ele>449.0</ele>
      </trkpt>
      <trkpt lat="24.096879959106445" lon="120.80896854400635">
        <ele>449.0</ele>
      </trkpt>
      <trkpt lat="24.096815586090088" lon="120.80883979797363">
        <ele>450.0</ele>
      </trkpt>
      <trkpt lat="24.09677267074585" lon="120.80877542495728">
        <ele>451.0</ele>
      </trkpt>
      <trkpt lat="24.096429347991943" lon="120.80860376358032">
        <ele>452.0</ele>
      </trkpt>
      <trkpt lat="24.09627914428711" lon="120.80847501754761">
        <ele>453.0</ele>
      </trkpt>
      <trkpt lat="24.096128940582275" lon="120.80834627151489">
        <ele>454.0</ele>
      </trkpt>
      <trkpt lat="24.0960431098938" lon="120.80826044082642">
        <ele>455.0</ele>
      </trkpt>
      <trkpt lat="24.095935821533203" lon="120.80808877944946">
        <ele>456.0</ele>
      </trkpt>
      <trkpt lat="24.095871448516846" lon="120.80806732177734">
        <ele>458.0</ele>
      </trkpt>
      <trkpt lat="24.09580715931952" lon="120.80804586410522">
        <ele>459.0</ele>
      </trkpt>
      <trkpt lat="24.09580707550049" lon="120.80804586410522">
        <ele>461.0</ele>
      </trkpt>
      <trkpt lat="24.09576416015625" lon="120.80808877944946">
        <ele>462.0</ele>
      </trkpt>
      <trkpt lat="24.09572124481201" lon="120.8081316947937">
        <ele>464.0</ele>
      </trkpt>
      <trkpt lat="24.095699787139893" lon="120.80821752548218">
        <ele>466.0</ele>
      </trkpt>
      <trkpt lat="24.095699787139893" lon="120.80832481384277">
        <ele>467.0</ele>
      </trkpt>
      <trkpt lat="24.09576424397528" lon="120.80862522125244">
        <ele>469.0</ele>
      </trkpt>
      <trkpt lat="24.09576416015625" lon="120.80862522125244">
        <ele>471.0</ele>
      </trkpt>
      <trkpt lat="24.095892990007997" lon="120.80920457839966">
        <ele>474.0</ele>
      </trkpt>
      <trkpt lat="24.095935821533203" lon="120.80931186676025">
        <ele>476.0</ele>
      </trkpt>
      <trkpt lat="24.096107482910156" lon="120.80967664718628">
        <ele>478.0</ele>
      </trkpt>
      <trkpt lat="24.09625768661499" lon="120.80999851226807">
        <ele>480.0</ele>
      </trkpt>
      <trkpt lat="24.096386432647705" lon="120.8102560043335">
        <ele>482.0</ele>
      </trkpt>
      <trkpt lat="24.096429347991943" lon="120.81040620803833">
        <ele>485.0</ele>
      </trkpt>
      <trkpt lat="24.0964937210083" lon="120.81137180328369">
        <ele>489.0</ele>
      </trkpt>
      <trkpt lat="24.0964937210083" lon="120.81145763397217">
        <ele>491.0</ele>
      </trkpt>
      <trkpt lat="24.096386432647705" lon="120.81177949905396">
        <ele>494.0</ele>
      </trkpt>
      <trkpt lat="24.096364974975586" lon="120.81186532974243">
        <ele>497.0</ele>
      </trkpt>
      <trkpt lat="24.096386432647705" lon="120.81192970275879">
        <ele>499.0</ele>
      </trkpt>
      <trkpt lat="24.096407890319824" lon="120.81197261810303">
        <ele>501.0</ele>
      </trkpt>
      <trkpt lat="24.096450805664062" lon="120.81203699111938">
        <ele>503.0</ele>
      </trkpt>
      <trkpt lat="24.096579551696777" lon="120.81212282180786">
        <ele>504.0</ele>
      </trkpt>
      <trkpt lat="24.096665382385254" lon="120.81220865249634">
        <ele>505.0</ele>
      </trkpt>
      <trkpt lat="24.096686840057373" lon="120.81233739852905">
        <ele>507.0</ele>
      </trkpt>
      <trkpt lat="24.096665382385254" lon="120.81259489059448">
        <ele>509.0</ele>
      </trkpt>
      <trkpt lat="24.096665382385254" lon="120.81268072128296">
        <ele>510.0</ele>
      </trkpt>
      <trkpt lat="24.096601009368896" lon="120.8128309249878">
        <ele>512.0</ele>
      </trkpt>
      <trkpt lat="24.09653663635254" lon="120.81287384033203">
        <ele>514.0</ele>
      </trkpt>
      <trkpt lat="24.09647226333618" lon="120.81291675567627">
        <ele>516.0</ele>
      </trkpt>
      <trkpt lat="24.096386432647705" lon="120.81293821334839">
        <ele>518.0</ele>
      </trkpt>
      <trkpt lat="24.096064567565918" lon="120.81293821334839">
        <ele>520.0</ele>
      </trkpt>
      <trkpt lat="24.095656955614686" lon="120.81289529800415">
        <ele>522.0</ele>
      </trkpt>
      <trkpt lat="24.095378005877137" lon="120.81285238265991">
        <ele>523.0</ele>
      </trkpt>
      <trkpt lat="24.095141971483827" lon="120.81287384033203">
        <ele>524.0</ele>
      </trkpt>
      <trkpt lat="24.09505605697632" lon="120.81289529800415">
        <ele>526.0</ele>
      </trkpt>
      <trkpt lat="24.094970226287842" lon="120.81295967102051">
        <ele>527.0</ele>
      </trkpt>
      <trkpt lat="24.09482010640204" lon="120.81308841705322">
        <ele>529.0</ele>
      </trkpt>
      <trkpt lat="24.094498241320252" lon="120.81332445144653">
        <ele>530.0</ele>
      </trkpt>
      <trkpt lat="24.094412326812744" lon="120.81343173980713">
        <ele>532.0</ele>
      </trkpt>
      <trkpt lat="24.094390869140625" lon="120.8135175704956">
        <ele>533.0</ele>
      </trkpt>
      <trkpt lat="24.094369411468506" lon="120.8136248588562">
        <ele>535.0</ele>
      </trkpt>
      <trkpt lat="24.09430503845215" lon="120.81411838531494">
        <ele>536.0</ele>
      </trkpt>
      <trkpt lat="24.09428358078003" lon="120.8141827583313">
        <ele>538.0</ele>
      </trkpt>
      <trkpt lat="24.09426212310791" lon="120.81422567367554">
        <ele>539.0</ele>
      </trkpt>
      <trkpt lat="24.094176292419434" lon="120.81426858901978">
        <ele>541.0</ele>
      </trkpt>
      <trkpt lat="24.094133377075195" lon="120.81426858901978">
        <ele>543.0</ele>
      </trkpt>
      <trkpt lat="24.09404754638672" lon="120.81420421600342">
        <ele>545.0</ele>
      </trkpt>
      <trkpt lat="24.0940260887146" lon="120.81413984298706">
        <ele>546.0</ele>
      </trkpt>
      <trkpt lat="24.093897426500916" lon="120.81377506256104">
        <ele>547.0</ele>
      </trkpt>
      <trkpt lat="24.09376859664917" lon="120.81336736679077">
        <ele>549.0</ele>
      </trkpt>
      <trkpt lat="24.09372568130493" lon="120.81330299377441">
        <ele>551.0</ele>
      </trkpt>
      <trkpt lat="24.093704307451844" lon="120.81330299377441">
        <ele>552.0</ele>
      </trkpt>
      <trkpt lat="24.093639850616455" lon="120.81332445144653">
        <ele>554.0</ele>
      </trkpt>
      <trkpt lat="24.093618392944336" lon="120.81338882446289">
        <ele>556.0</ele>
      </trkpt>
      <trkpt lat="24.093618392944336" lon="120.81383943557739">
        <ele>557.0</ele>
      </trkpt>
      <trkpt lat="24.093661392107606" lon="120.81413984298706">
        <ele>559.0</ele>
      </trkpt>
      <trkpt lat="24.093682765960693" lon="120.81424713134766">
        <ele>561.0</ele>
      </trkpt>
      <trkpt lat="24.09374713897705" lon="120.81441879272461">
        <ele>563.0</ele>
      </trkpt>
      <trkpt lat="24.093961715698242" lon="120.81471920013428">
        <ele>565.0</ele>
      </trkpt>
      <trkpt lat="24.093961715698242" lon="120.81482648849487">
        <ele>567.0</ele>
      </trkpt>
      <trkpt lat="24.093918800354004" lon="120.81491231918335">
        <ele>569.0</ele>
      </trkpt>
      <trkpt lat="24.093854427337646" lon="120.8149766921997">
        <ele>571.0</ele>
      </trkpt>
      <trkpt lat="24.093575477600098" lon="120.81516981124878">
        <ele>573.0</ele>
      </trkpt>
      <trkpt lat="24.093339443206787" lon="120.8152985572815">
        <ele>575.0</ele>
      </trkpt>
      <trkpt lat="24.09325361251831" lon="120.81540584564209">
        <ele>578.0</ele>
      </trkpt>
      <trkpt lat="24.093146324157715" lon="120.81559896469116">
        <ele>580.0</ele>
      </trkpt>
      <trkpt lat="24.09301766194403" lon="120.81572771072388">
        <ele>582.0</ele>
      </trkpt>
      <trkpt lat="24.092888832092285" lon="120.81581354141235">
        <ele>584.0</ele>
      </trkpt>
      <trkpt lat="24.092674255371094" lon="120.81587791442871">
        <ele>587.0</ele>
      </trkpt>
      <trkpt lat="24.092373847961426" lon="120.81583499908447">
        <ele>590.0</ele>
      </trkpt>
      <trkpt lat="24.091966152191162" lon="120.81585645675659">
        <ele>592.0</ele>
      </trkpt>
      <trkpt lat="24.091708660125732" lon="120.81581354141235">
        <ele>595.0</ele>
      </trkpt>
      <trkpt lat="24.0915584564209" lon="120.81583499908447">
        <ele>597.0</ele>
      </trkpt>
      <trkpt lat="24.09127950668335" lon="120.81589937210083">
        <ele>599.0</ele>
      </trkpt>
      <trkpt lat="24.090893268585205" lon="120.81585645675659">
        <ele>602.0</ele>
      </trkpt>
      <trkpt lat="24.09080743789673" lon="120.81587791442871">
        <ele>604.0</ele>
      </trkpt>
      <trkpt lat="24.09074306488037" lon="120.81587791442871">
        <ele>606.0</ele>
      </trkpt>
      <trkpt lat="24.090571403503418" lon="120.81596374511719">
        <ele>609.0</ele>
      </trkpt>
      <trkpt lat="24.09050703048706" lon="120.81602811813354">
        <ele>611.0</ele>
      </trkpt>
      <trkpt lat="24.090421283617616" lon="120.81615686416626">
        <ele>613.0</ele>
      </trkpt>
      <trkpt lat="24.090421199798584" lon="120.81615686416626">
        <ele>615.0</ele>
      </trkpt>
      <trkpt lat="24.09031391143799" lon="120.81645727157593">
        <ele>616.0</ele>
      </trkpt>
      <trkpt lat="24.09024953842163" lon="120.8165431022644">
        <ele>619.0</ele>
      </trkpt>
      <trkpt lat="24.089863300323486" lon="120.81673622131348">
        <ele>621.0</ele>
      </trkpt>
      <trkpt lat="24.08956289291382" lon="120.81695079803467">
        <ele>623.0</ele>
      </trkpt>
      <trkpt lat="24.0892840269953" lon="120.81707954406738">
        <ele>625.0</ele>
      </trkpt>
      <trkpt lat="24.08904790878296" lon="120.81718683242798">
        <ele>627.0</ele>
      </trkpt>
      <trkpt lat="24.08900499343872" lon="120.8172082901001">
        <ele>629.0</ele>
      </trkpt>
      <trkpt lat="24.0889835357666" lon="120.81727266311646">
        <ele>630.0</ele>
      </trkpt>
      <trkpt lat="24.0889835357666" lon="120.81733703613281">
        <ele>631.0</ele>
      </trkpt>
      <trkpt lat="24.08900499343872" lon="120.81740140914917">
        <ele>632.0</ele>
      </trkpt>
      <trkpt lat="24.089090824127197" lon="120.81761598587036">
        <ele>633.0</ele>
      </trkpt>
      <trkpt lat="24.08909090794623" lon="120.81774473190308">
        <ele>634.0</ele>
      </trkpt>
      <trkpt lat="24.089090824127197" lon="120.81780910491943">
        <ele>635.0</ele>
      </trkpt>
      <trkpt lat="24.08904790878296" lon="120.81785202026367">
        <ele>637.0</ele>
      </trkpt>
      <trkpt lat="24.08900499343872" lon="120.81787347793579">
        <ele>638.0</ele>
      </trkpt>
      <trkpt lat="24.088940620422363" lon="120.81787347793579">
        <ele>639.0</ele>
      </trkpt>
      <trkpt lat="24.088876247406006" lon="120.81783056259155">
        <ele>641.0</ele>
      </trkpt>
      <trkpt lat="24.08879041671753" lon="120.81772327423096">
        <ele>642.0</ele>
      </trkpt>
      <trkpt lat="24.088704669848084" lon="120.817551612854">
        <ele>644.0</ele>
      </trkpt>
      <trkpt lat="24.088575839996338" lon="120.81703662872314">
        <ele>645.0</ele>
      </trkpt>
      <trkpt lat="24.08851146697998" lon="120.81686496734619">
        <ele>647.0</ele>
      </trkpt>
      <trkpt lat="24.088468551635742" lon="120.81677913665771">
        <ele>647.0</ele>
      </trkpt>
      <trkpt lat="24.088361263275146" lon="120.81667184829712">
        <ele>648.0</ele>
      </trkpt>
      <trkpt lat="24.088168144226074" lon="120.81650018692017">
        <ele>648.0</ele>
      </trkpt>
      <trkpt lat="24.08801794052124" lon="120.81641435623169">
        <ele>649.0</ele>
      </trkpt>
      <trkpt lat="24.087910735979676" lon="120.81637144088745">
        <ele>650.0</ele>
      </trkpt>
      <trkpt lat="24.08778190612793" lon="120.81639289855957">
        <ele>651.0</ele>
      </trkpt>
      <trkpt lat="24.087417125701904" lon="120.81656455993652">
        <ele>653.0</ele>
      </trkpt>
      <trkpt lat="24.087116718292236" lon="120.81662893295288">
        <ele>656.0</ele>
      </trkpt>
      <trkpt lat="24.08698797225952" lon="120.81669330596924">
        <ele>659.0</ele>
      </trkpt>
      <trkpt lat="24.086859226226807" lon="120.81684350967407">
        <ele>663.0</ele>
      </trkpt>
      <trkpt lat="24.08677339553833" lon="120.8169937133789">
        <ele>667.0</ele>
      </trkpt>
      <trkpt lat="24.086580276489258" lon="120.81778764724731">
        <ele>672.0</ele>
      </trkpt>
      <trkpt lat="24.08649444580078" lon="120.81793785095215">
        <ele>674.0</ele>
      </trkpt>
      <trkpt lat="24.086387157440186" lon="120.81804513931274">
        <ele>676.0</ele>
      </trkpt>
      <trkpt lat="24.0863829664886" lon="120.81804748624563">
        <ele>677.0</ele>
      </trkpt>
      <trkpt lat="24.086383134126663" lon="120.8180474024266">
        <ele>690.0</ele>
      </trkpt>
      <trkpt lat="24.085893630981445" lon="120.8183240890503">
        <ele>691.0</ele>
      </trkpt>
      <trkpt lat="24.085721969604492" lon="120.81845283508301">
        <ele>692.0</ele>
      </trkpt>
      <trkpt lat="24.085335731506348" lon="120.81888198852539">
        <ele>694.0</ele>
      </trkpt>
      <trkpt lat="24.085142612457275" lon="120.81913948059082">
        <ele>697.0</ele>
      </trkpt>
      <trkpt lat="24.08501386642456" lon="120.81924676895142">
        <ele>699.0</ele>
      </trkpt>
      <trkpt lat="24.08479928970337" lon="120.81939697265625">
        <ele>702.0</ele>
      </trkpt>
      <trkpt lat="24.084434509277344" lon="120.8195686340332">
        <ele>705.0</ele>
      </trkpt>
      <trkpt lat="24.08430584706366" lon="120.81971883773804">
        <ele>707.0</ele>
      </trkpt>
      <trkpt lat="24.084177101030946" lon="120.81986904144287">
        <ele>708.0</ele>
      </trkpt>
      <trkpt lat="24.083919525146484" lon="120.82014799118042">
        <ele>710.0</ele>
      </trkpt>
      <trkpt lat="24.08383377827704" lon="120.82021236419678">
        <ele>711.0</ele>
      </trkpt>
      <trkpt lat="24.083704948425293" lon="120.8202338218689">
        <ele>712.0</ele>
      </trkpt>
      <trkpt lat="24.083597660064697" lon="120.82019090652466">
        <ele>712.0</ele>
      </trkpt>
      <trkpt lat="24.08353328704834" lon="120.8201265335083">
        <ele>712.0</ele>
      </trkpt>
      <trkpt lat="24.083361625671387" lon="120.81984758377075">
        <ele>710.0</ele>
      </trkpt>
      <trkpt lat="24.083168506622314" lon="120.81965446472168">
        <ele>709.0</ele>
      </trkpt>
      <trkpt lat="24.082481861114502" lon="120.81916093826294">
        <ele>708.0</ele>
      </trkpt>
      <trkpt lat="24.08228874206543" lon="120.81903219223022">
        <ele>706.0</ele>
      </trkpt>
      <trkpt lat="24.082095623016357" lon="120.81894636154175">
        <ele>705.0</ele>
      </trkpt>
      <trkpt lat="24.081451976671815" lon="120.81875324249268">
        <ele>702.0</ele>
      </trkpt>
      <trkpt lat="24.08125877380371" lon="120.81873178482056">
        <ele>700.0</ele>
      </trkpt>
      <trkpt lat="24.081151485443115" lon="120.81873178482056">
        <ele>699.0</ele>
      </trkpt>
      <trkpt lat="24.080121517181396" lon="120.81890344619751">
        <ele>696.0</ele>
      </trkpt>
      <trkpt lat="24.08005714416504" lon="120.81892490386963">
        <ele>695.0</ele>
      </trkpt>
      <trkpt lat="24.079864025115967" lon="120.81905364990234">
        <ele>693.0</ele>
      </trkpt>
      <trkpt lat="24.079735279083252" lon="120.81918239593506">
        <ele>692.0</ele>
      </trkpt>
      <trkpt lat="24.079606533050537" lon="120.81933259963989">
        <ele>691.0</ele>
      </trkpt>
      <trkpt lat="24.07954216003418" lon="120.81937551498413">
        <ele>690.0</ele>
      </trkpt>
      <trkpt lat="24.079477787017822" lon="120.81939697265625">
        <ele>689.0</ele>
      </trkpt>
      <trkpt lat="24.07932758331299" lon="120.81941843032837">
        <ele>688.0</ele>
      </trkpt>
      <trkpt lat="24.079113006591797" lon="120.81937551498413">
        <ele>687.0</ele>
      </trkpt>
      <trkpt lat="24.07861956395209" lon="120.81941843032837">
        <ele>686.0</ele>
      </trkpt>
      <trkpt lat="24.078469276428223" lon="120.81943988800049">
        <ele>686.0</ele>
      </trkpt>
      <trkpt lat="24.07831907272339" lon="120.81943988800049">
        <ele>684.0</ele>
      </trkpt>
      <trkpt lat="24.078168869018555" lon="120.81939697265625">
        <ele>683.0</ele>
      </trkpt>
      <trkpt lat="24.078125953674316" lon="120.81933259963989">
        <ele>682.0</ele>
      </trkpt>
      <trkpt lat="24.078083038330078" lon="120.81926822662354">
        <ele>680.0</ele>
      </trkpt>
      <trkpt lat="24.07804012298584" lon="120.81916093826294">
        <ele>678.0</ele>
      </trkpt>
      <trkpt lat="24.077975749969482" lon="120.81886053085327">
        <ele>676.0</ele>
      </trkpt>
      <trkpt lat="24.077911376953125" lon="120.8186674118042">
        <ele>674.0</ele>
      </trkpt>
      <trkpt lat="24.07778263092041" lon="120.81834554672241">
        <ele>672.0</ele>
      </trkpt>
      <trkpt lat="24.077739715576172" lon="120.81813097000122">
        <ele>669.0</ele>
      </trkpt>
      <trkpt lat="24.077739715576172" lon="120.81793785095215">
        <ele>667.0</ele>
      </trkpt>
      <trkpt lat="24.077911376953125" lon="120.8172082901001">
        <ele>664.0</ele>
      </trkpt>
      <trkpt lat="24.077932834625244" lon="120.81701517105103">
        <ele>661.0</ele>
      </trkpt>
      <trkpt lat="24.077932834625244" lon="120.81671476364136">
        <ele>658.0</ele>
      </trkpt>
      <trkpt lat="24.077911376953125" lon="120.81656455993652">
        <ele>655.0</ele>
      </trkpt>
      <trkpt lat="24.077868461608887" lon="120.81647872924805">
        <ele>652.0</ele>
      </trkpt>
      <trkpt lat="24.07776117324829" lon="120.81632852554321">
        <ele>649.0</ele>
      </trkpt>
      <trkpt lat="24.077696884050965" lon="120.81626415252686">
        <ele>646.0</ele>
      </trkpt>
      <trkpt lat="24.0775465965271" lon="120.81615686416626">
        <ele>644.0</ele>
      </trkpt>
      <trkpt lat="24.07726764678955" lon="120.81600666046143">
        <ele>641.0</ele>
      </trkpt>
      <trkpt lat="24.076838493347168" lon="120.81585645675659">
        <ele>639.0</ele>
      </trkpt>
      <trkpt lat="24.076731204986572" lon="120.81581354141235">
        <ele>637.0</ele>
      </trkpt>
      <trkpt lat="24.076623916625977" lon="120.81572771072388">
        <ele>635.0</ele>
      </trkpt>
      <trkpt lat="24.076452255249023" lon="120.8155345916748">
        <ele>632.0</ele>
      </trkpt>
      <trkpt lat="24.076173389330506" lon="120.81510543823242">
        <ele>630.0</ele>
      </trkpt>
      <trkpt lat="24.07606610096991" lon="120.81501960754395">
        <ele>628.0</ele>
      </trkpt>
      <trkpt lat="24.075915813446045" lon="120.81491231918335">
        <ele>625.0</ele>
      </trkpt>
      <trkpt lat="24.07576560974121" lon="120.81486940383911">
        <ele>623.0</ele>
      </trkpt>
      <trkpt lat="24.075701236724854" lon="120.81486940383911">
        <ele>622.0</ele>
      </trkpt>
      <trkpt lat="24.075593948364258" lon="120.81493377685547">
        <ele>620.0</ele>
      </trkpt>
      <trkpt lat="24.075400829315186" lon="120.81514835357666">
        <ele>618.0</ele>
      </trkpt>
      <trkpt lat="24.074993133544922" lon="120.81572771072388">
        <ele>616.0</ele>
      </trkpt>
      <trkpt lat="24.074950218200684" lon="120.81587791442871">
        <ele>615.0</ele>
      </trkpt>
      <trkpt lat="24.074950302019715" lon="120.8160924911499">
        <ele>613.0</ele>
      </trkpt>
      <trkpt lat="24.074950302019715" lon="120.81622123718262">
        <ele>612.0</ele>
      </trkpt>
      <trkpt lat="24.074864387512207" lon="120.81667184829712">
        <ele>611.0</ele>
      </trkpt>
      <trkpt lat="24.074585437774658" lon="120.81742286682129">
        <ele>609.0</ele>
      </trkpt>
      <trkpt lat="24.07449960708618" lon="120.81761598587036">
        <ele>608.0</ele>
      </trkpt>
      <trkpt lat="24.074134826660156" lon="120.81836700439453">
        <ele>607.0</ele>
      </trkpt>
      <trkpt lat="24.073920249938965" lon="120.81868886947632">
        <ele>606.0</ele>
      </trkpt>
      <trkpt lat="24.07381296157837" lon="120.81879615783691">
        <ele>605.0</ele>
      </trkpt>
      <trkpt lat="24.073705673217773" lon="120.81881761550903">
        <ele>605.0</ele>
      </trkpt>
      <trkpt lat="24.0728045348078" lon="120.81888198852539">
        <ele>605.0</ele>
      </trkpt>
      <trkpt lat="24.072697162628174" lon="120.81883907318115">
        <ele>604.0</ele>
      </trkpt>
      <trkpt lat="24.072654247283936" lon="120.81879615783691">
        <ele>604.0</ele>
      </trkpt>
      <trkpt lat="24.072482585906982" lon="120.81845283508301">
        <ele>604.0</ele>
      </trkpt>
      <trkpt lat="24.072396755218506" lon="120.81834554672241">
        <ele>604.0</ele>
      </trkpt>
      <trkpt lat="24.07226800918579" lon="120.81825971603394">
        <ele>605.0</ele>
      </trkpt>
      <trkpt lat="24.0720534324646" lon="120.81817388534546">
        <ele>606.0</ele>
      </trkpt>
      <trkpt lat="24.071924686431885" lon="120.81808805465698">
        <ele>607.0</ele>
      </trkpt>
      <trkpt lat="24.071860313415527" lon="120.8180022239685">
        <ele>608.0</ele>
      </trkpt>
      <trkpt lat="24.07177448272705" lon="120.81785202026367">
        <ele>609.0</ele>
      </trkpt>
      <trkpt lat="24.071710193529725" lon="120.81748723983765">
        <ele>610.0</ele>
      </trkpt>
      <trkpt lat="24.071667194366455" lon="120.81740140914917">
        <ele>612.0</ele>
      </trkpt>
      <trkpt lat="24.071624279022217" lon="120.81733703613281">
        <ele>613.0</ele>
      </trkpt>
      <trkpt lat="24.07155990600586" lon="120.81729412078857">
        <ele>615.0</ele>
      </trkpt>
      <trkpt lat="24.07128095626831" lon="120.81716537475586">
        <ele>617.0</ele>
      </trkpt>
      <trkpt lat="24.071195125579834" lon="120.81716537475586">
        <ele>619.0</ele>
      </trkpt>
      <trkpt lat="24.071130752563477" lon="120.81716537475586">
        <ele>621.0</ele>
      </trkpt>
      <trkpt lat="24.070916259661317" lon="120.81722974777222">
        <ele>623.0</ele>
      </trkpt>
      <trkpt lat="24.070873260498047" lon="120.81725120544434">
        <ele>625.0</ele>
      </trkpt>
      <trkpt lat="24.070787513628602" lon="120.81727266311646">
        <ele>628.0</ele>
      </trkpt>
      <trkpt lat="24.070723056793213" lon="120.81725120544434">
        <ele>630.0</ele>
      </trkpt>
      <trkpt lat="24.070615768432617" lon="120.81716537475586">
        <ele>632.0</ele>
      </trkpt>
      <trkpt lat="24.07029390335083" lon="120.81673622131348">
        <ele>635.0</ele>
      </trkpt>
      <trkpt lat="24.070208072662354" lon="120.8165431022644">
        <ele>637.0</ele>
      </trkpt>
      <trkpt lat="24.070208072662354" lon="120.81643581390381">
        <ele>639.0</ele>
      </trkpt>
      <trkpt lat="24.070250988006592" lon="120.81634998321533">
        <ele>641.0</ele>
      </trkpt>
      <trkpt lat="24.07031536102295" lon="120.81628561019897">
        <ele>643.0</ele>
      </trkpt>
      <trkpt lat="24.070637226104736" lon="120.81617832183838">
        <ele>645.0</ele>
      </trkpt>
      <trkpt lat="24.070744514465332" lon="120.81613540649414">
        <ele>647.0</ele>
      </trkpt>
      <trkpt lat="24.07080888748169" lon="120.81604957580566">
        <ele>649.0</ele>
      </trkpt>
      <trkpt lat="24.070873260498047" lon="120.81596374511719">
        <ele>650.0</ele>
      </trkpt>
      <trkpt lat="24.070873260498047" lon="120.81589937210083">
        <ele>652.0</ele>
      </trkpt>
      <trkpt lat="24.070873260498047" lon="120.81581354141235">
        <ele>654.0</ele>
      </trkpt>
      <trkpt lat="24.07083034515381" lon="120.81577062606812">
        <ele>656.0</ele>
      </trkpt>
      <trkpt lat="24.07076597213745" lon="120.81572771072388">
        <ele>657.0</ele>
      </trkpt>
      <trkpt lat="24.070680141448975" lon="120.81572771072388">
        <ele>659.0</ele>
      </trkpt>
      <trkpt lat="24.070615768432617" lon="120.815749168396">
        <ele>660.0</ele>
      </trkpt>
      <trkpt lat="24.070165157318115" lon="120.8159852027893">
        <ele>661.0</ele>
      </trkpt>
      <trkpt lat="24.06977891921997" lon="120.8160924911499">
        <ele>662.0</ele>
      </trkpt>
      <trkpt lat="24.069714546203613" lon="120.81613540649414">
        <ele>663.0</ele>
      </trkpt>
      <trkpt lat="24.069650173187256" lon="120.8161997795105">
        <ele>664.0</ele>
      </trkpt>
      <trkpt lat="24.06960734166205" lon="120.81628561019897">
        <ele>664.0</ele>
      </trkpt>
      <trkpt lat="24.06958588398993" lon="120.81647872924805">
        <ele>665.0</ele>
      </trkpt>
      <trkpt lat="24.0695858001709" lon="120.81677913665771">
        <ele>665.0</ele>
      </trkpt>
      <trkpt lat="24.0695858001709" lon="120.81686496734619">
        <ele>665.0</ele>
      </trkpt>
      <trkpt lat="24.06956434249878" lon="120.81692934036255">
        <ele>665.0</ele>
      </trkpt>
      <trkpt lat="24.06952142715454" lon="120.81697225570679">
        <ele>665.0</ele>
      </trkpt>
      <trkpt lat="24.069457054138184" lon="120.8169937133789">
        <ele>665.0</ele>
      </trkpt>
      <trkpt lat="24.069371223449707" lon="120.81697225570679">
        <ele>665.0</ele>
      </trkpt>
      <trkpt lat="24.069242477416992" lon="120.81690788269043">
        <ele>665.0</ele>
      </trkpt>
      <trkpt lat="24.06859883107245" lon="120.81645727157593">
        <ele>664.0</ele>
      </trkpt>
      <trkpt lat="24.068513000383973" lon="120.81641435623169">
        <ele>664.0</ele>
      </trkpt>
      <trkpt lat="24.067611694335938" lon="120.81589937210083">
        <ele>662.0</ele>
      </trkpt>
      <trkpt lat="24.067482948303223" lon="120.81583499908447">
        <ele>661.0</ele>
      </trkpt>
      <trkpt lat="24.06731128692627" lon="120.81583499908447">
        <ele>659.0</ele>
      </trkpt>
      <trkpt lat="24.066646099090576" lon="120.81585645675659">
        <ele>658.0</ele>
      </trkpt>
      <trkpt lat="24.066174030303955" lon="120.81581354141235">
        <ele>656.0</ele>
      </trkpt>
      <trkpt lat="24.06608819961548" lon="120.81583499908447">
        <ele>654.0</ele>
      </trkpt>
      <trkpt lat="24.065895080566406" lon="120.81589937210083">
        <ele>652.0</ele>
      </trkpt>
      <trkpt lat="24.065852165222168" lon="120.81596374511719">
        <ele>650.0</ele>
      </trkpt>
      <trkpt lat="24.06580924987793" lon="120.81607103347778">
        <ele>648.0</ele>
      </trkpt>
      <trkpt lat="24.06580924987793" lon="120.81615686416626">
        <ele>646.0</ele>
      </trkpt>
      <trkpt lat="24.06583070755005" lon="120.81622123718262">
        <ele>644.0</ele>
      </trkpt>
      <trkpt lat="24.065895080566406" lon="120.81626415252686">
        <ele>642.0</ele>
      </trkpt>
      <trkpt lat="24.066152572631836" lon="120.81637144088745">
        <ele>640.0</ele>
      </trkpt>
      <trkpt lat="24.066216945648193" lon="120.81643581390381">
        <ele>638.0</ele>
      </trkpt>
      <trkpt lat="24.06625986099243" lon="120.81652164459229">
        <ele>636.0</ele>
      </trkpt>
      <trkpt lat="24.06630277633667" lon="120.81660747528076">
        <ele>633.0</ele>
      </trkpt>
      <trkpt lat="24.06630277633667" lon="120.81669330596924">
        <ele>631.0</ele>
      </trkpt>
      <trkpt lat="24.06630277633667" lon="120.8167576789856">
        <ele>629.0</ele>
      </trkpt>
      <trkpt lat="24.06628131866455" lon="120.81684350967407">
        <ele>626.0</ele>
      </trkpt>
      <trkpt lat="24.066238403320312" lon="120.81688642501831">
        <ele>624.0</ele>
      </trkpt>
      <trkpt lat="24.066109657287598" lon="120.81695079803467">
        <ele>622.0</ele>
      </trkpt>
      <trkpt lat="24.06553030014038" lon="120.81707954406738">
        <ele>619.0</ele>
      </trkpt>
      <trkpt lat="24.065423011779785" lon="120.81712245941162">
        <ele>616.0</ele>
      </trkpt>
      <trkpt lat="24.06533718109131" lon="120.81716537475586">
        <ele>614.0</ele>
      </trkpt>
      <trkpt lat="24.064865112304688" lon="120.81753015518188">
        <ele>612.0</ele>
      </trkpt>
      <trkpt lat="24.06486519612372" lon="120.81753015518188">
        <ele>610.0</ele>
      </trkpt>
      <trkpt lat="24.064693450927734" lon="120.81763744354248">
        <ele>607.0</ele>
      </trkpt>
      <trkpt lat="24.0645432472229" lon="120.81768035888672">
        <ele>605.0</ele>
      </trkpt>
      <trkpt lat="24.064393043518066" lon="120.8176589012146">
        <ele>603.0</ele>
      </trkpt>
      <trkpt lat="24.064114093780518" lon="120.817551612854">
        <ele>601.0</ele>
      </trkpt>
      <trkpt lat="24.06404972076416" lon="120.817551612854">
        <ele>600.0</ele>
      </trkpt>
      <trkpt lat="24.063212871551514" lon="120.81750869750977">
        <ele>598.0</ele>
      </trkpt>
      <trkpt lat="24.0630841255188" lon="120.81753015518188">
        <ele>597.0</ele>
      </trkpt>
      <trkpt lat="24.06304121017456" lon="120.81757307052612">
        <ele>596.0</ele>
      </trkpt>
      <trkpt lat="24.06301975250244" lon="120.81763744354248">
        <ele>596.0</ele>
      </trkpt>
      <trkpt lat="24.06304121017456" lon="120.81770181655884">
        <ele>595.0</ele>
      </trkpt>
      <trkpt lat="24.06306266784668" lon="120.81778764724731">
        <ele>595.0</ele>
      </trkpt>
      <trkpt lat="24.063105583190918" lon="120.81783056259155">
        <ele>595.0</ele>
      </trkpt>
      <trkpt lat="24.063255786895752" lon="120.81787347793579">
        <ele>595.0</ele>
      </trkpt>
      <trkpt lat="24.063727855682373" lon="120.81789493560791">
        <ele>596.0</ele>
      </trkpt>
      <trkpt lat="24.063899517059326" lon="120.81793785095215">
        <ele>596.0</ele>
      </trkpt>
      <trkpt lat="24.064006805419922" lon="120.81795930862427">
        <ele>597.0</ele>
      </trkpt>
      <trkpt lat="24.06404972076416" lon="120.8180022239685">
        <ele>597.0</ele>
      </trkpt>
      <trkpt lat="24.064114093780518" lon="120.81808805465698">
        <ele>597.0</ele>
      </trkpt>
      <trkpt lat="24.064135551452637" lon="120.81813097000122">
        <ele>597.0</ele>
      </trkpt>
      <trkpt lat="24.064114093780518" lon="120.81817388534546">
        <ele>598.0</ele>
      </trkpt>
      <trkpt lat="24.0640926361084" lon="120.8182168006897">
        <ele>598.0</ele>
      </trkpt>
      <trkpt lat="24.063856601715088" lon="120.81843137741089">
        <ele>597.0</ele>
      </trkpt>
      <trkpt lat="24.06379222869873" lon="120.81851720809937">
        <ele>597.0</ele>
      </trkpt>
      <trkpt lat="24.063727855682373" lon="120.81864595413208">
        <ele>597.0</ele>
      </trkpt>
      <trkpt lat="24.063706398010254" lon="120.81879615783691">
        <ele>597.0</ele>
      </trkpt>
      <trkpt lat="24.063684940338135" lon="120.81894636154175">
        <ele>596.0</ele>
      </trkpt>
      <trkpt lat="24.06381368637085" lon="120.81982612609863">
        <ele>596.0</ele>
      </trkpt>
      <trkpt lat="24.06377077102661" lon="120.8200192451477">
        <ele>595.0</ele>
      </trkpt>
      <trkpt lat="24.063727855682373" lon="120.82010507583618">
        <ele>594.0</ele>
      </trkpt>
      <trkpt lat="24.063684940338135" lon="120.82014799118042">
        <ele>593.0</ele>
      </trkpt>
      <trkpt lat="24.06334161758423" lon="120.82031965255737">
        <ele>591.0</ele>
      </trkpt>
      <trkpt lat="24.06329870223999" lon="120.82031965255737">
        <ele>589.0</ele>
      </trkpt>
      <trkpt lat="24.063234329223633" lon="120.82029819488525">
        <ele>587.0</ele>
      </trkpt>
      <trkpt lat="24.06306266784668" lon="120.82016944885254">
        <ele>586.0</ele>
      </trkpt>
      <trkpt lat="24.06306275166571" lon="120.82016944885254">
        <ele>584.0</ele>
      </trkpt>
      <trkpt lat="24.062676429748535" lon="120.81984758377075">
        <ele>581.0</ele>
      </trkpt>
      <trkpt lat="24.06259068287909" lon="120.81976175308228">
        <ele>579.0</ele>
      </trkpt>
      <trkpt lat="24.062504852190614" lon="120.81965446472168">
        <ele>577.0</ele>
      </trkpt>
      <trkpt lat="24.06229019165039" lon="120.81941843032837">
        <ele>574.0</ele>
      </trkpt>
      <trkpt lat="24.062290275469422" lon="120.81941843032837">
        <ele>571.0</ele>
      </trkpt>
      <trkpt lat="24.0620756149292" lon="120.81913948059082">
        <ele>569.0</ele>
      </trkpt>
      <trkpt lat="24.062011241912842" lon="120.81907510757446">
        <ele>566.0</ele>
      </trkpt>
      <trkpt lat="24.061946868896484" lon="120.81903219223022">
        <ele>564.0</ele>
      </trkpt>
      <trkpt lat="24.061861038208008" lon="120.81903219223022">
        <ele>561.0</ele>
      </trkpt>
      <trkpt lat="24.061667919158936" lon="120.8190107345581">
        <ele>559.0</ele>
      </trkpt>
      <trkpt lat="24.06158208847046" lon="120.81898927688599">
        <ele>556.0</ele>
      </trkpt>
      <trkpt lat="24.06153917312622" lon="120.81894636154175">
        <ele>554.0</ele>
      </trkpt>
      <trkpt lat="24.061367511749268" lon="120.8187747001648">
        <ele>551.0</ele>
      </trkpt>
      <trkpt lat="24.06130313873291" lon="120.81871032714844">
        <ele>548.0</ele>
      </trkpt>
      <trkpt lat="24.060873985290527" lon="120.81858158111572">
        <ele>546.0</ele>
      </trkpt>
      <trkpt lat="24.06083106994629" lon="120.81851720809937">
        <ele>543.0</ele>
      </trkpt>
      <trkpt lat="24.06078815460205" lon="120.81845283508301">
        <ele>540.0</ele>
      </trkpt>
      <trkpt lat="24.060745239257812" lon="120.81828117370605">
        <ele>537.0</ele>
      </trkpt>
      <trkpt lat="24.060702323913574" lon="120.81819534301758">
        <ele>534.0</ele>
      </trkpt>
      <trkpt lat="24.060659408569336" lon="120.81813097000122">
        <ele>532.0</ele>
      </trkpt>
      <trkpt lat="24.060444831848145" lon="120.8180022239685">
        <ele>529.0</ele>
      </trkpt>
      <trkpt lat="24.060380458831787" lon="120.81793785095215">
        <ele>526.0</ele>
      </trkpt>
      <trkpt lat="24.06033754348755" lon="120.81787347793579">
        <ele>523.0</ele>
      </trkpt>
      <trkpt lat="24.060208797454834" lon="120.81761598587036">
        <ele>520.0</ele>
      </trkpt>
      <trkpt lat="24.06008005142212" lon="120.81750869750977">
        <ele>517.0</ele>
      </trkpt>
      <trkpt lat="24.059736728668213" lon="120.81733703613281">
        <ele>514.0</ele>
      </trkpt>
      <trkpt lat="24.059736812487245" lon="120.81733703613281">
        <ele>511.0</ele>
      </trkpt>
      <trkpt lat="24.05954360961914" lon="120.81718683242798">
        <ele>508.0</ele>
      </trkpt>
      <trkpt lat="24.05928611755371" lon="120.81684350967407">
        <ele>504.0</ele>
      </trkpt>
      <trkpt lat="24.059243202209473" lon="120.81669330596924">
        <ele>501.0</ele>
      </trkpt>
      <trkpt lat="24.059114456176758" lon="120.81611394882202">
        <ele>498.0</ele>
      </trkpt>
      <trkpt lat="24.0590500831604" lon="120.81596374511719">
        <ele>495.0</ele>
      </trkpt>
      <trkpt lat="24.058964252471924" lon="120.81587791442871">
        <ele>492.0</ele>
      </trkpt>
      <trkpt lat="24.058728218078613" lon="120.81581354141235">
        <ele>489.0</ele>
      </trkpt>
      <trkpt lat="24.05859955586493" lon="120.81579208374023">
        <ele>487.0</ele>
      </trkpt>
      <trkpt lat="24.058191776275635" lon="120.81572771072388">
        <ele>484.0</ele>
      </trkpt>
      <trkpt lat="24.057376384735107" lon="120.81551313400269">
        <ele>481.0</ele>
      </trkpt>
      <trkpt lat="24.056882858276367" lon="120.81544876098633">
        <ele>478.0</ele>
      </trkpt>
      <trkpt lat="24.05679702758789" lon="120.81542730331421">
        <ele>476.0</ele>
      </trkpt>
      <trkpt lat="24.056646823883057" lon="120.81534147262573">
        <ele>473.0</ele>
      </trkpt>
      <trkpt lat="24.056260585784912" lon="120.81501960754395">
        <ele>471.0</ele>
      </trkpt>
      <trkpt lat="24.05583143234253" lon="120.81489086151123">
        <ele>469.0</ele>
      </trkpt>
      <trkpt lat="24.055745601654053" lon="120.81482648849487">
        <ele>467.0</ele>
      </trkpt>
      <trkpt lat="24.05555248260498" lon="120.81467628479004">
        <ele>464.0</ele>
      </trkpt>
      <trkpt lat="24.05527353286743" lon="120.81435441970825">
        <ele>462.0</ele>
      </trkpt>
      <trkpt lat="24.055123329162598" lon="120.81424713134766">
        <ele>461.0</ele>
      </trkpt>
      <trkpt lat="24.05512341298163" lon="120.81424713134766">
        <ele>459.0</ele>
      </trkpt>
      <trkpt lat="24.05460834503174" lon="120.81398963928223">
        <ele>458.0</ele>
      </trkpt>
      <trkpt lat="24.05452251434326" lon="120.81392526626587">
        <ele>456.0</ele>
      </trkpt>
      <trkpt lat="24.054458141326904" lon="120.81383943557739">
        <ele>455.0</ele>
      </trkpt>
      <trkpt lat="24.054415225982666" lon="120.81375360488892">
        <ele>453.0</ele>
      </trkpt>
      <trkpt lat="24.05432939529419" lon="120.81347465515137">
        <ele>452.0</ele>
      </trkpt>
      <trkpt lat="24.05428647994995" lon="120.81315279006958">
        <ele>450.0</ele>
      </trkpt>
      <trkpt lat="24.054243564605713" lon="120.81308841705322">
        <ele>449.0</ele>
      </trkpt>
      <trkpt lat="24.054136276245117" lon="120.81298112869263">
        <ele>448.0</ele>
      </trkpt>
      <trkpt lat="24.05407190322876" lon="120.81295967102051">
        <ele>447.0</ele>
      </trkpt>
      <trkpt lat="24.05381441116333" lon="120.81291675567627">
        <ele>445.0</ele>
      </trkpt>
      <trkpt lat="24.053685665130615" lon="120.81287384033203">
        <ele>444.0</ele>
      </trkpt>
      <trkpt lat="24.05359983444214" lon="120.8128309249878">
        <ele>443.0</ele>
      </trkpt>
      <trkpt lat="24.053514003753662" lon="120.81274509429932">
        <ele>441.0</ele>
      </trkpt>
      <trkpt lat="24.053428173065186" lon="120.81259489059448">
        <ele>440.0</ele>
      </trkpt>
      <trkpt lat="24.053385257720947" lon="120.81246614456177">
        <ele>439.0</ele>
      </trkpt>
      <trkpt lat="24.05336388386786" lon="120.81238031387329">
        <ele>437.0</ele>
      </trkpt>
      <trkpt lat="24.053428173065186" lon="120.81225156784058">
        <ele>436.0</ele>
      </trkpt>
      <trkpt lat="24.05353546142578" lon="120.81203699111938">
        <ele>435.0</ele>
      </trkpt>
      <trkpt lat="24.05359983444214" lon="120.81195116043091">
        <ele>434.0</ele>
      </trkpt>
      <trkpt lat="24.053664207458496" lon="120.81190824508667">
        <ele>433.0</ele>
      </trkpt>
      <trkpt lat="24.053728580474854" lon="120.81188678741455">
        <ele>431.0</ele>
      </trkpt>
      <trkpt lat="24.05379295349121" lon="120.81188678741455">
        <ele>430.0</ele>
      </trkpt>
      <trkpt lat="24.054651260375977" lon="120.81218719482422">
        <ele>429.0</ele>
      </trkpt>
      <trkpt lat="24.05482292175293" lon="120.81218719482422">
        <ele>428.0</ele>
      </trkpt>
      <trkpt lat="24.05482300557196" lon="120.81218719482422">
        <ele>427.0</ele>
      </trkpt>
      <trkpt lat="24.054930210113525" lon="120.81214427947998">
        <ele>426.0</ele>
      </trkpt>
      <trkpt lat="24.054951667785645" lon="120.81207990646362">
        <ele>425.0</ele>
      </trkpt>
      <trkpt lat="24.054973125457764" lon="120.81201553344727">
        <ele>424.0</ele>
      </trkpt>
      <trkpt lat="24.054973125457764" lon="120.81192970275879">
        <ele>424.0</ele>
      </trkpt>
      <trkpt lat="24.054951667785645" lon="120.81186532974243">
        <ele>423.0</ele>
      </trkpt>
      <trkpt lat="24.054908752441406" lon="120.8118224143982">
        <ele>422.0</ele>
      </trkpt>
      <trkpt lat="24.054629802703857" lon="120.811607837677">
        <ele>422.0</ele>
      </trkpt>
      <trkpt lat="24.05462988652289" lon="120.811607837677">
        <ele>421.0</ele>
      </trkpt>
      <trkpt lat="24.05435093678534" lon="120.81139326095581">
        <ele>420.0</ele>
      </trkpt>
      <trkpt lat="24.054222190752625" lon="120.81128597259521">
        <ele>420.0</ele>
      </trkpt>
      <trkpt lat="24.054157817736268" lon="120.81120014190674">
        <ele>419.0</ele>
      </trkpt>
      <trkpt lat="24.05385732650757" lon="120.81083536148071">
        <ele>418.0</ele>
      </trkpt>
      <trkpt lat="24.05379295349121" lon="120.81079244613647">
        <ele>417.0</ele>
      </trkpt>
      <trkpt lat="24.053642749786377" lon="120.81074953079224">
        <ele>417.0</ele>
      </trkpt>
      <trkpt lat="24.0535569190979" lon="120.81074953079224">
        <ele>416.0</ele>
      </trkpt>
      <trkpt lat="24.053492546081543" lon="120.81079244613647">
        <ele>416.0</ele>
      </trkpt>
      <trkpt lat="24.053192222490907" lon="120.81113576889038">
        <ele>415.0</ele>
      </trkpt>
      <trkpt lat="24.052870273590088" lon="120.81147909164429">
        <ele>415.0</ele>
      </trkpt>
      <trkpt lat="24.052762985229492" lon="120.81156492233276">
        <ele>414.0</ele>
      </trkpt>
      <trkpt lat="24.0525484085083" lon="120.81162929534912">
        <ele>413.0</ele>
      </trkpt>
      <trkpt lat="24.052226543426514" lon="120.81169366836548">
        <ele>412.0</ele>
      </trkpt>
      <trkpt lat="24.05160427093506" lon="120.81177949905396">
        <ele>411.0</ele>
      </trkpt>
      <trkpt lat="24.05134677886963" lon="120.81175804138184">
        <ele>410.0</ele>
      </trkpt>
      <trkpt lat="24.05113228596747" lon="120.81169366836548">
        <ele>409.0</ele>
      </trkpt>
      <trkpt lat="24.051067912951112" lon="120.81165075302124">
        <ele>408.0</ele>
      </trkpt>
      <trkpt lat="24.051024913787842" lon="120.81158638000488">
        <ele>407.0</ele>
      </trkpt>
      <trkpt lat="24.051003456115723" lon="120.81152200698853">
        <ele>406.0</ele>
      </trkpt>
      <trkpt lat="24.051003456115723" lon="120.81143617630005">
        <ele>405.0</ele>
      </trkpt>
      <trkpt lat="24.05111074447632" lon="120.81132888793945">
        <ele>404.0</ele>
      </trkpt>
      <trkpt lat="24.051175117492676" lon="120.8112645149231">
        <ele>404.0</ele>
      </trkpt>
      <trkpt lat="24.051260948181152" lon="120.81122159957886">
        <ele>403.0</ele>
      </trkpt>
      <trkpt lat="24.052162170410156" lon="120.81100702285767">
        <ele>403.0</ele>
      </trkpt>
      <trkpt lat="24.052205085754395" lon="120.81098556518555">
        <ele>402.0</ele>
      </trkpt>
      <trkpt lat="24.052226543426514" lon="120.81094264984131">
        <ele>401.0</ele>
      </trkpt>
      <trkpt lat="24.052248001098633" lon="120.81083536148071">
        <ele>400.0</ele>
      </trkpt>
      <trkpt lat="24.052205085754395" lon="120.81074953079224">
        <ele>398.0</ele>
      </trkpt>
      <trkpt lat="24.052162170410156" lon="120.810706615448">
        <ele>397.0</ele>
      </trkpt>
      <trkpt lat="24.052119255065918" lon="120.81066370010376">
        <ele>395.0</ele>
      </trkpt>
      <trkpt lat="24.05207633972168" lon="120.81066370010376">
        <ele>394.0</ele>
      </trkpt>
      <trkpt lat="24.051926219835877" lon="120.81068515777588">
        <ele>392.0</ele>
      </trkpt>
      <trkpt lat="24.0518403891474" lon="120.810706615448">
        <ele>390.0</ele>
      </trkpt>
      <trkpt lat="24.05130386352539" lon="120.81085681915283">
        <ele>387.0</ele>
      </trkpt>
      <trkpt lat="24.050767505541444" lon="120.81096410751343">
        <ele>385.0</ele>
      </trkpt>
      <trkpt lat="24.050424098968506" lon="120.81109285354614">
        <ele>383.0</ele>
      </trkpt>
      <trkpt lat="24.05031681060791" lon="120.8111572265625">
        <ele>381.0</ele>
      </trkpt>
      <trkpt lat="24.050252437591553" lon="120.81124305725098">
        <ele>379.0</ele>
      </trkpt>
      <trkpt lat="24.050123691558838" lon="120.81141471862793">
        <ele>376.0</ele>
      </trkpt>
      <trkpt lat="24.05005931854248" lon="120.81145763397217">
        <ele>374.0</ele>
      </trkpt>
      <trkpt lat="24.049909114837646" lon="120.8115005493164">
        <ele>372.0</ele>
      </trkpt>
      <trkpt lat="24.04982328414917" lon="120.81147909164429">
        <ele>370.0</ele>
      </trkpt>
      <trkpt lat="24.049737453460693" lon="120.81143617630005">
        <ele>368.0</ele>
      </trkpt>
      <trkpt lat="24.049651622772217" lon="120.81137180328369">
        <ele>366.0</ele>
      </trkpt>
      <trkpt lat="24.04956579208374" lon="120.8112645149231">
        <ele>364.0</ele>
      </trkpt>
      <trkpt lat="24.049479961395264" lon="120.81111431121826">
        <ele>362.0</ele>
      </trkpt>
      <trkpt lat="24.049437046051025" lon="120.81100702285767">
        <ele>361.0</ele>
      </trkpt>
      <trkpt lat="24.049458503723145" lon="120.81064224243164">
        <ele>359.0</ele>
      </trkpt>
      <trkpt lat="24.049437046051025" lon="120.81053495407104">
        <ele>357.0</ele>
      </trkpt>
      <trkpt lat="24.049415588378906" lon="120.81047058105469">
        <ele>356.0</ele>
      </trkpt>
      <trkpt lat="24.049243927001953" lon="120.81023454666138">
        <ele>354.0</ele>
      </trkpt>
      <trkpt lat="24.04909372329712" lon="120.8100414276123">
        <ele>352.0</ele>
      </trkpt>
      <trkpt lat="24.049007892608643" lon="120.80995559692383">
        <ele>351.0</ele>
      </trkpt>
      <trkpt lat="24.04883623123169" lon="120.80986976623535">
        <ele>350.0</ele>
      </trkpt>
      <trkpt lat="24.04860019683838" lon="120.80984830856323">
        <ele>349.0</ele>
      </trkpt>
      <trkpt lat="24.04860028065741" lon="120.80984830856323">
        <ele>348.0</ele>
      </trkpt>
      <trkpt lat="24.048471534624696" lon="120.80982685089111">
        <ele>347.0</ele>
      </trkpt>
      <trkpt lat="24.04834270477295" lon="120.80978393554688">
        <ele>346.0</ele>
      </trkpt>
      <trkpt lat="24.04812821187079" lon="120.8096981048584">
        <ele>345.0</ele>
      </trkpt>
      <trkpt lat="24.047741889953613" lon="120.80952644348145">
        <ele>343.0</ele>
      </trkpt>
      <trkpt lat="24.047656059265137" lon="120.80950498580933">
        <ele>342.0</ele>
      </trkpt>
      <trkpt lat="24.047205448150635" lon="120.80950498580933">
        <ele>342.0</ele>
      </trkpt>
      <trkpt lat="24.04709815979004" lon="120.8094835281372">
        <ele>341.0</ele>
      </trkpt>
      <trkpt lat="24.04684066772461" lon="120.80937623977661">
        <ele>340.0</ele>
      </trkpt>
      <trkpt lat="24.046711921691895" lon="120.80935478210449">
        <ele>339.0</ele>
      </trkpt>
      <trkpt lat="24.046497428789735" lon="120.80931186676025">
        <ele>337.0</ele>
      </trkpt>
      <trkpt lat="24.04628276824951" lon="120.80935478210449">
        <ele>336.0</ele>
      </trkpt>
      <trkpt lat="24.046175563707948" lon="120.80939769744873">
        <ele>335.0</ele>
      </trkpt>
      <trkpt lat="24.045510292053223" lon="120.80978393554688">
        <ele>333.0</ele>
      </trkpt>
      <trkpt lat="24.045252883806825" lon="120.80989122390747">
        <ele>332.0</ele>
      </trkpt>
      <trkpt lat="24.04486664570868" lon="120.8100414276123">
        <ele>331.0</ele>
      </trkpt>
      <trkpt lat="24.04456615447998" lon="120.81019163131714">
        <ele>330.0</ele>
      </trkpt>
      <trkpt lat="24.044458866119385" lon="120.8102560043335">
        <ele>329.0</ele>
      </trkpt>
      <trkpt lat="24.044308746233582" lon="120.81040620803833">
        <ele>328.0</ele>
      </trkpt>
      <trkpt lat="24.044201374053955" lon="120.81047058105469">
        <ele>327.0</ele>
      </trkpt>
      <trkpt lat="24.04411554336548" lon="120.81051349639893">
        <ele>326.0</ele>
      </trkpt>
      <trkpt lat="24.043922424316406" lon="120.81053495407104">
        <ele>324.0</ele>
      </trkpt>
      <trkpt lat="24.043707847595215" lon="120.81051349639893">
        <ele>323.0</ele>
      </trkpt>
      <trkpt lat="24.043514728546143" lon="120.81042766571045">
        <ele>321.0</ele>
      </trkpt>
      <trkpt lat="24.043514812365174" lon="120.81042766571045">
        <ele>320.0</ele>
      </trkpt>
      <trkpt lat="24.042892456054688" lon="120.81017017364502">
        <ele>319.0</ele>
      </trkpt>
      <trkpt lat="24.042742252349854" lon="120.81008434295654">
        <ele>317.0</ele>
      </trkpt>
      <trkpt lat="24.04235601425171" lon="120.80976247787476">
        <ele>316.0</ele>
      </trkpt>
      <trkpt lat="24.042270267382264" lon="120.8096981048584">
        <ele>314.0</ele>
      </trkpt>
      <trkpt lat="24.04205560684204" lon="120.80961227416992">
        <ele>313.0</ele>
      </trkpt>
      <trkpt lat="24.041283130645752" lon="120.8094835281372">
        <ele>311.0</ele>
      </trkpt>
      <trkpt lat="24.041154384613037" lon="120.8094835281372">
        <ele>310.0</ele>
      </trkpt>
      <trkpt lat="24.041004180908203" lon="120.8094835281372">
        <ele>309.0</ele>
      </trkpt>
      <trkpt lat="24.04083251953125" lon="120.80952644348145">
        <ele>307.0</ele>
      </trkpt>
      <trkpt lat="24.040532195940614" lon="120.80961227416992">
        <ele>306.0</ele>
      </trkpt>
      <trkpt lat="24.040424907580018" lon="120.80965518951416">
        <ele>305.0</ele>
      </trkpt>
      <trkpt lat="24.040274620056152" lon="120.8096981048584">
        <ele>304.0</ele>
      </trkpt>
      <trkpt lat="24.039523685351014" lon="120.80974102020264">
        <ele>302.0</ele>
      </trkpt>
      <trkpt lat="24.03935194015503" lon="120.809805393219">
        <ele>301.0</ele>
      </trkpt>
      <trkpt lat="24.039244651794434" lon="120.80984830856323">
        <ele>300.0</ele>
      </trkpt>
      <trkpt lat="24.039158821105957" lon="120.80993413925171">
        <ele>299.0</ele>
      </trkpt>
      <trkpt lat="24.038729667663574" lon="120.81042766571045">
        <ele>298.0</ele>
      </trkpt>
      <trkpt lat="24.03862246312201" lon="120.81053495407104">
        <ele>297.0</ele>
      </trkpt>
      <trkpt lat="24.038493633270264" lon="120.8105993270874">
        <ele>296.0</ele>
      </trkpt>
      <trkpt lat="24.03834351338446" lon="120.81064224243164">
        <ele>296.0</ele>
      </trkpt>
      <trkpt lat="24.037742614746094" lon="120.81074953079224">
        <ele>295.0</ele>
      </trkpt>
      <trkpt lat="24.037206172943115" lon="120.81089973449707">
        <ele>294.0</ele>
      </trkpt>
      <trkpt lat="24.03709888458252" lon="120.81092119216919">
        <ele>293.0</ele>
      </trkpt>
      <trkpt lat="24.03684139251709" lon="120.81092119216919">
        <ele>293.0</ele>
      </trkpt>
      <trkpt lat="24.036691188812256" lon="120.81094264984131">
        <ele>292.0</ele>
      </trkpt>
      <trkpt lat="24.03660535812378" lon="120.81098556518555">
        <ele>292.0</ele>
      </trkpt>
      <trkpt lat="24.036197746172547" lon="120.81128597259521">
        <ele>291.0</ele>
      </trkpt>
      <trkpt lat="24.036026000976562" lon="120.81139326095581">
        <ele>291.0</ele>
      </trkpt>
      <trkpt lat="24.035918712615967" lon="120.81143617630005">
        <ele>290.0</ele>
      </trkpt>
      <trkpt lat="24.03559693135321" lon="120.81152200698853">
        <ele>290.0</ele>
      </trkpt>
      <trkpt lat="24.03510340489447" lon="120.81165075302124">
        <ele>289.0</ele>
      </trkpt>
      <trkpt lat="24.035017490386963" lon="120.81165075302124">
        <ele>289.0</ele>
      </trkpt>
      <trkpt lat="24.034931659698486" lon="120.81162929534912">
        <ele>289.0</ele>
      </trkpt>
      <trkpt lat="24.034759998321533" lon="120.81154346466064">
        <ele>288.0</ele>
      </trkpt>
      <trkpt lat="24.0346097946167" lon="120.81152200698853">
        <ele>288.0</ele>
      </trkpt>
      <trkpt lat="24.034523963928223" lon="120.81152200698853">
        <ele>288.0</ele>
      </trkpt>
      <trkpt lat="24.034202098846436" lon="120.81165075302124">
        <ele>288.0</ele>
      </trkpt>
      <trkpt lat="24.03411626815796" lon="120.81165075302124">
        <ele>288.0</ele>
      </trkpt>
      <trkpt lat="24.034073436632752" lon="120.81165075302124">
        <ele>288.0</ele>
      </trkpt>
      <trkpt lat="24.03388023376465" lon="120.81152200698853">
        <ele>288.0</ele>
      </trkpt>
      <trkpt lat="24.033772945404053" lon="120.81147909164429">
        <ele>288.0</ele>
      </trkpt>
      <trkpt lat="24.033687114715576" lon="120.81145763397217">
        <ele>288.0</ele>
      </trkpt>
      <trkpt lat="24.03357982635498" lon="120.81145763397217">
        <ele>288.0</ele>
      </trkpt>
      <trkpt lat="24.033279418945312" lon="120.81152200698853">
        <ele>288.0</ele>
      </trkpt>
      <trkpt lat="24.033279502764344" lon="120.81152200698853">
        <ele>288.0</ele>
      </trkpt>
      <trkpt lat="24.032979011535645" lon="120.81158638000488">
        <ele>288.0</ele>
      </trkpt>
      <trkpt lat="24.03257131576538" lon="120.81175804138184">
        <ele>287.0</ele>
      </trkpt>
      <trkpt lat="24.032485485076904" lon="120.8118224143982">
        <ele>287.0</ele>
      </trkpt>
      <trkpt lat="24.032292366027832" lon="120.8120584487915">
        <ele>288.0</ele>
      </trkpt>
      <trkpt lat="24.032185077667236" lon="120.81214427947998">
        <ele>288.0</ele>
      </trkpt>
      <trkpt lat="24.031927585601807" lon="120.81223011016846">
        <ele>287.0</ele>
      </trkpt>
      <trkpt lat="24.031434059143066" lon="120.81235885620117">
        <ele>287.0</ele>
      </trkpt>
      <trkpt lat="24.031198024749756" lon="120.81235885620117">
        <ele>287.0</ele>
      </trkpt>
      <trkpt lat="24.03109073638916" lon="120.81233739852905">
        <ele>287.0</ele>
      </trkpt>
      <trkpt lat="24.030747413635254" lon="120.81220865249634">
        <ele>286.0</ele>
      </trkpt>
      <trkpt lat="24.03061875142157" lon="120.81220865249634">
        <ele>286.0</ele>
      </trkpt>
      <trkpt lat="24.0305757522583" lon="120.81223011016846">
        <ele>286.0</ele>
      </trkpt>
      <trkpt lat="24.030511379241943" lon="120.8122730255127">
        <ele>286.0</ele>
      </trkpt>
      <trkpt lat="24.030489921569824" lon="120.81233739852905">
        <ele>286.0</ele>
      </trkpt>
      <trkpt lat="24.030468463897705" lon="120.81242322921753">
        <ele>286.0</ele>
      </trkpt>
      <trkpt lat="24.030511379241943" lon="120.81276655197144">
        <ele>286.0</ele>
      </trkpt>
      <trkpt lat="24.030511379241943" lon="120.81285238265991">
        <ele>286.0</ele>
      </trkpt>
      <trkpt lat="24.030511463060975" lon="120.81285238265991">
        <ele>286.0</ele>
      </trkpt>
      <trkpt lat="24.030404090881348" lon="120.81345319747925">
        <ele>285.0</ele>
      </trkpt>
      <trkpt lat="24.03038263320923" lon="120.81360340118408">
        <ele>285.0</ele>
      </trkpt>
      <trkpt lat="24.03038263320923" lon="120.81377506256104">
        <ele>285.0</ele>
      </trkpt>
      <trkpt lat="24.030425548553467" lon="120.81422567367554">
        <ele>284.0</ele>
      </trkpt>
      <trkpt lat="24.030404090881348" lon="120.81431150436401">
        <ele>284.0</ele>
      </trkpt>
      <trkpt lat="24.03031826019287" lon="120.81486940383911">
        <ele>283.0</ele>
      </trkpt>
      <trkpt lat="24.030275344848633" lon="120.81499814987183">
        <ele>283.0</ele>
      </trkpt>
      <trkpt lat="24.030210971832275" lon="120.81512689590454">
        <ele>282.0</ele>
      </trkpt>
      <trkpt lat="24.0301251411438" lon="120.81525564193726">
        <ele>281.0</ele>
      </trkpt>
      <trkpt lat="24.02986764907837" lon="120.81549167633057">
        <ele>280.0</ele>
      </trkpt>
      <trkpt lat="24.029760360717773" lon="120.81559896469116">
        <ele>280.0</ele>
      </trkpt>
      <trkpt lat="24.029524326324463" lon="120.81594228744507">
        <ele>279.0</ele>
      </trkpt>
      <trkpt lat="24.029417037963867" lon="120.81611394882202">
        <ele>278.0</ele>
      </trkpt>
      <trkpt lat="24.02935266494751" lon="120.8161997795105">
        <ele>277.0</ele>
      </trkpt>
      <trkpt lat="24.02930974960327" lon="120.81624269485474">
        <ele>277.0</ele>
      </trkpt>
      <trkpt lat="24.029202461242676" lon="120.81626415252686">
        <ele>276.0</ele>
      </trkpt>
      <trkpt lat="24.029030799865723" lon="120.81628561019897">
        <ele>276.0</ele>
      </trkpt>
      <trkpt lat="24.028944969177246" lon="120.8163070678711">
        <ele>275.0</ele>
      </trkpt>
      <trkpt lat="24.02885913848877" lon="120.81637144088745">
        <ele>275.0</ele>
      </trkpt>
      <trkpt lat="24.028794765472412" lon="120.81645727157593">
        <ele>275.0</ele>
      </trkpt>
      <trkpt lat="24.028708934783936" lon="120.81658601760864">
        <ele>275.0</ele>
      </trkpt>
      <trkpt lat="24.028666019439697" lon="120.8167576789856">
        <ele>275.0</ele>
      </trkpt>
      <trkpt lat="24.02862310409546" lon="120.81692934036255">
        <ele>275.0</ele>
      </trkpt>
      <trkpt lat="24.02862318791449" lon="120.81692934036255">
        <ele>275.0</ele>
      </trkpt>
      <trkpt lat="24.02862310409546" lon="120.81714391708374">
        <ele>275.0</ele>
      </trkpt>
      <trkpt lat="24.02862310409546" lon="120.8173155784607">
        <ele>275.0</ele>
      </trkpt>
      <trkpt lat="24.028794765472412" lon="120.81851720809937">
        <ele>274.0</ele>
      </trkpt>
      <trkpt lat="24.02883768081665" lon="120.81905364990234">
        <ele>274.0</ele>
      </trkpt>
      <trkpt lat="24.028837764635682" lon="120.81931114196777">
        <ele>274.0</ele>
      </trkpt>
      <trkpt lat="24.028923511505127" lon="120.82006216049194">
        <ele>274.0</ele>
      </trkpt>
      <trkpt lat="24.02907371520996" lon="120.82074880599976">
        <ele>274.0</ele>
      </trkpt>
      <trkpt lat="24.0291166305542" lon="120.82107067108154">
        <ele>273.0</ele>
      </trkpt>
      <trkpt lat="24.02909517288208" lon="120.82173585891724">
        <ele>272.0</ele>
      </trkpt>
      <trkpt lat="24.02907371520996" lon="120.82190752029419">
        <ele>271.0</ele>
      </trkpt>
      <trkpt lat="24.028923511505127" lon="120.822594165802">
        <ele>270.0</ele>
      </trkpt>
      <trkpt lat="24.02888059616089" lon="120.82276582717896">
        <ele>269.0</ele>
      </trkpt>
      <trkpt lat="24.028837764635682" lon="120.82289457321167">
        <ele>268.0</ele>
      </trkpt>
      <trkpt lat="24.028730392456055" lon="120.82310914993286">
        <ele>267.0</ele>
      </trkpt>
      <trkpt lat="24.02862310409546" lon="120.82338809967041">
        <ele>265.0</ele>
      </trkpt>
      <trkpt lat="24.02860164642334" lon="120.82353830337524">
        <ele>264.0</ele>
      </trkpt>
      <trkpt lat="24.02858018875122" lon="120.8237099647522">
        <ele>263.0</ele>
      </trkpt>
      <trkpt lat="24.028580272570252" lon="120.8241605758667">
        <ele>261.0</ele>
      </trkpt>
      <trkpt lat="24.02862310409546" lon="120.82489013671875">
        <ele>260.0</ele>
      </trkpt>
      <trkpt lat="24.028537273406982" lon="120.82559823989868">
        <ele>259.0</ele>
      </trkpt>
      <trkpt lat="24.028537357226014" lon="120.82600593566895">
        <ele>257.0</ele>
      </trkpt>
      <trkpt lat="24.028537357226014" lon="120.82634925842285">
        <ele>256.0</ele>
      </trkpt>
      <trkpt lat="24.0285587310791" lon="120.826735496521">
        <ele>254.0</ele>
      </trkpt>
      <trkpt lat="24.028537357226014" lon="120.82695007324219">
        <ele>253.0</ele>
      </trkpt>
      <trkpt lat="24.028494441881776" lon="120.8271861076355">
        <ele>252.0</ele>
      </trkpt>
      <trkpt lat="24.028451442718506" lon="120.82727193832397">
        <ele>250.0</ele>
      </trkpt>
      <trkpt lat="24.02838706970215" lon="120.82731485366821">
        <ele>249.0</ele>
      </trkpt>
      <trkpt lat="24.028258323669434" lon="120.82733631134033">
        <ele>248.0</ele>
      </trkpt>
      <trkpt lat="24.028193950653076" lon="120.82731485366821">
        <ele>246.0</ele>
      </trkpt>
      <trkpt lat="24.02812957763672" lon="120.82727193832397">
        <ele>245.0</ele>
      </trkpt>
      <trkpt lat="24.02806520462036" lon="120.82720756530762">
        <ele>244.0</ele>
      </trkpt>
      <trkpt lat="24.02782917022705" lon="120.82684278488159">
        <ele>243.0</ele>
      </trkpt>
      <trkpt lat="24.027764797210693" lon="120.82677841186523">
        <ele>242.0</ele>
      </trkpt>
      <trkpt lat="24.027700424194336" lon="120.82669258117676">
        <ele>242.0</ele>
      </trkpt>
      <trkpt lat="24.02759313583374" lon="120.82664966583252">
        <ele>241.0</ele>
      </trkpt>
      <trkpt lat="24.027507388964295" lon="120.8266282081604">
        <ele>240.0</ele>
      </trkpt>
      <trkpt lat="24.027400016784668" lon="120.82660675048828">
        <ele>240.0</ele>
      </trkpt>
      <trkpt lat="24.02581214904785" lon="120.82684278488159">
        <ele>240.0</ele>
      </trkpt>
      <trkpt lat="24.025661945343018" lon="120.82682132720947">
        <ele>240.0</ele>
      </trkpt>
      <trkpt lat="24.025533199310303" lon="120.82677841186523">
        <ele>241.0</ele>
      </trkpt>
      <trkpt lat="24.02538299560547" lon="120.82664966583252">
        <ele>242.0</ele>
      </trkpt>
      <trkpt lat="24.024996757507324" lon="120.82611322402954">
        <ele>243.0</ele>
      </trkpt>
      <trkpt lat="24.024910926818848" lon="120.82622051239014">
        <ele>244.0</ele>
      </trkpt>
      <trkpt lat="24.0246319770813" lon="120.8262848854065">
        <ele>245.0</ele>
      </trkpt>
      <trkpt lat="24.024546146392822" lon="120.82632780075073">
        <ele>246.0</ele>
      </trkpt>
      <trkpt lat="24.024503314867616" lon="120.82634925842285">
        <ele>247.0</ele>
      </trkpt>
      <trkpt lat="24.024438858032227" lon="120.82660675048828">
        <ele>249.0</ele>
      </trkpt>
      <trkpt lat="24.02439602650702" lon="120.82677841186523">
        <ele>250.0</ele>
      </trkpt>
      <trkpt lat="24.02435302734375" lon="120.82695007324219">
        <ele>252.0</ele>
      </trkpt>
      <trkpt lat="24.02433156967163" lon="120.82701444625854">
        <ele>253.0</ele>
      </trkpt>
      <trkpt lat="24.024245738983154" lon="120.82710027694702">
        <ele>254.0</ele>
      </trkpt>
      <trkpt lat="24.0240740776062" lon="120.82722902297974">
        <ele>256.0</ele>
      </trkpt>
      <trkpt lat="24.024031246080995" lon="120.82727193832397">
        <ele>257.0</ele>
      </trkpt>
      <trkpt lat="24.024267280474305" lon="120.82776546478271">
        <ele>259.0</ele>
      </trkpt>
      <trkpt lat="24.02439602650702" lon="120.82806587219238">
        <ele>260.0</ele>
      </trkpt>
      <trkpt lat="24.024546230211854" lon="120.82838773727417">
        <ele>262.0</ele>
      </trkpt>
      <trkpt lat="24.02488946914673" lon="120.82928895950317">
        <ele>264.0</ele>
      </trkpt>
      <trkpt lat="24.02510404586792" lon="120.82991123199463">
        <ele>265.0</ele>
      </trkpt>
      <trkpt lat="24.025447368621826" lon="120.83085536956787">
        <ele>268.0</ele>
      </trkpt>
      <trkpt lat="24.025747776031494" lon="120.83141326904297">
        <ele>269.0</ele>
      </trkpt>
      <trkpt lat="24.02587652206421" lon="120.83171367645264">
        <ele>270.0</ele>
      </trkpt>
      <trkpt lat="24.025983810424805" lon="120.83199262619019">
        <ele>271.0</ele>
      </trkpt>
      <trkpt lat="24.026048183441162" lon="120.83225011825562">
        <ele>272.0</ele>
      </trkpt>
      <trkpt lat="24.02613401412964" lon="120.83276510238647">
        <ele>273.0</ele>
      </trkpt>
      <trkpt lat="24.026198387145996" lon="120.83362340927124">
        <ele>274.0</ele>
      </trkpt>
      <trkpt lat="24.026219844818115" lon="120.8345890045166">
        <ele>276.0</ele>
      </trkpt>
      <trkpt lat="24.026241302490234" lon="120.83553314208984">
        <ele>278.0</ele>
      </trkpt>
      <trkpt lat="24.026262760162354" lon="120.83581209182739">
        <ele>279.0</ele>
      </trkpt>
      <trkpt lat="24.02632713317871" lon="120.83613395690918">
        <ele>279.0</ele>
      </trkpt>
      <trkpt lat="24.026477336883545" lon="120.8367133140564">
        <ele>278.0</ele>
      </trkpt>
      <trkpt lat="24.026648998260498" lon="120.83714246749878">
        <ele>276.0</ele>
      </trkpt>
      <trkpt lat="24.026756286621094" lon="120.83742141723633">
        <ele>275.0</ele>
      </trkpt>
      <trkpt lat="24.026906490325928" lon="120.83802223205566">
        <ele>275.0</ele>
      </trkpt>
      <trkpt lat="24.0274001006037" lon="120.84072589874268">
        <ele>274.0</ele>
      </trkpt>
      <trkpt lat="24.027400016784668" lon="120.84072589874268">
        <ele>274.0</ele>
      </trkpt>
      <trkpt lat="24.027464473620057" lon="120.84115505218506">
        <ele>273.0</ele>
      </trkpt>
      <trkpt lat="24.027485931292176" lon="120.84167003631592">
        <ele>272.0</ele>
      </trkpt>
      <trkpt lat="24.02742155827582" lon="120.8422064781189">
        <ele>271.0</ele>
      </trkpt>
      <trkpt lat="24.027421474456787" lon="120.8422064781189">
        <ele>271.0</ele>
      </trkpt>
      <trkpt lat="24.02737855911255" lon="120.84237813949585">
        <ele>270.0</ele>
      </trkpt>
      <trkpt lat="24.02733564376831" lon="120.84257125854492">
        <ele>269.0</ele>
      </trkpt>
      <trkpt lat="24.027249813079834" lon="120.842764377594">
        <ele>269.0</ele>
      </trkpt>
      <trkpt lat="24.02705669403076" lon="120.84317207336426">
        <ele>268.0</ele>
      </trkpt>
      <trkpt lat="24.02686365880072" lon="120.84347248077393">
        <ele>267.0</ele>
      </trkpt>
      <trkpt lat="24.02686357498169" lon="120.84347248077393">
        <ele>267.0</ele>
      </trkpt>
      <trkpt lat="24.026648998260498" lon="120.84372997283936">
        <ele>266.0</ele>
      </trkpt>
      <trkpt lat="24.026541709899902" lon="120.84385871887207">
        <ele>265.0</ele>
      </trkpt>
      <trkpt lat="24.026069724932313" lon="120.84420204162598">
        <ele>265.0</ele>
      </trkpt>
      <trkpt lat="24.025704860687256" lon="120.84441661834717">
        <ele>264.0</ele>
      </trkpt>
      <trkpt lat="24.025704860687256" lon="120.84450244903564">
        <ele>262.0</ele>
      </trkpt>
      <trkpt lat="24.025704944506288" lon="120.84450244903564">
        <ele>261.0</ele>
      </trkpt>
      <trkpt lat="24.02559757232666" lon="120.84514617919922">
        <ele>259.0</ele>
      </trkpt>
      <trkpt lat="24.025533199310303" lon="120.84551095962524">
        <ele>258.0</ele>
      </trkpt>
      <trkpt lat="24.025747776031494" lon="120.84589719772339">
        <ele>256.0</ele>
      </trkpt>
      <trkpt lat="24.02587660588324" lon="120.84600448608398">
        <ele>255.0</ele>
      </trkpt>
      <trkpt lat="24.02587652206421" lon="120.84600448608398">
        <ele>254.0</ele>
      </trkpt>
      <trkpt lat="24.026198387145996" lon="120.84621906280518">
        <ele>253.0</ele>
      </trkpt>
      <trkpt lat="24.02632713317871" lon="120.84628343582153">
        <ele>251.0</ele>
      </trkpt>
      <trkpt lat="24.026477336883545" lon="120.84634780883789">
        <ele>250.0</ele>
      </trkpt>
      <trkpt lat="24.027700424194336" lon="120.84664821624756">
        <ele>250.0</ele>
      </trkpt>
      <trkpt lat="24.02789362706244" lon="120.84673404693604">
        <ele>249.0</ele>
      </trkpt>
      <trkpt lat="24.028000831604004" lon="120.84679841995239">
        <ele>249.0</ele>
      </trkpt>
      <trkpt lat="24.028151035308838" lon="120.84694862365723">
        <ele>249.0</ele>
      </trkpt>
      <trkpt lat="24.028215408325195" lon="120.8470344543457">
        <ele>249.0</ele>
      </trkpt>
      <trkpt lat="24.028322780504823" lon="120.84720611572266">
        <ele>249.0</ele>
      </trkpt>
      <trkpt lat="24.028429985046387" lon="120.84744215011597">
        <ele>249.0</ele>
      </trkpt>
      <trkpt lat="24.028494358062744" lon="120.84752798080444">
        <ele>250.0</ele>
      </trkpt>
      <trkpt lat="24.02858018875122" lon="120.84761381149292">
        <ele>250.0</ele>
      </trkpt>
      <trkpt lat="24.028644561767578" lon="120.84765672683716">
        <ele>250.0</ele>
      </trkpt>
      <trkpt lat="24.028794765472412" lon="120.8476996421814">
        <ele>251.0</ele>
      </trkpt>
      <trkpt lat="24.0294171217829" lon="120.84772109985352">
        <ele>252.0</ele>
      </trkpt>
      <trkpt lat="24.030876243487" lon="120.84780693054199">
        <ele>253.0</ele>
      </trkpt>
      <trkpt lat="24.031541431322694" lon="120.84797859191895">
        <ele>254.0</ele>
      </trkpt>
      <trkpt lat="24.032485568895936" lon="120.8482575416565">
        <ele>256.0</ele>
      </trkpt>
      <trkpt lat="24.032657146453857" lon="120.84832191467285">
        <ele>258.0</ele>
      </trkpt>
      <trkpt lat="24.032721519470215" lon="120.84836483001709">
        <ele>259.0</ele>
      </trkpt>
      <trkpt lat="24.032914638519287" lon="120.84864377975464">
        <ele>261.0</ele>
      </trkpt>
      <trkpt lat="24.033193588256836" lon="120.84909439086914">
        <ele>263.0</ele>
      </trkpt>
      <trkpt lat="24.03334379196167" lon="120.84935188293457">
        <ele>265.0</ele>
      </trkpt>
      <trkpt lat="24.033579910174012" lon="120.84969520568848">
        <ele>268.0</ele>
      </trkpt>
      <trkpt lat="24.033966148272157" lon="120.85014581680298">
        <ele>270.0</ele>
      </trkpt>
      <trkpt lat="24.0349102858454" lon="120.8511757850647">
        <ele>273.0</ele>
      </trkpt>
      <trkpt lat="24.035253608599305" lon="120.85156202316284">
        <ele>275.0</ele>
      </trkpt>
      <trkpt lat="24.03561838902533" lon="120.85194826126099">
        <ele>277.0</ele>
      </trkpt>
      <trkpt lat="24.0356183052063" lon="120.85194826126099">
        <ele>279.0</ele>
      </trkpt>
      <trkpt lat="24.035768592730165" lon="120.85209846496582">
        <ele>281.0</ele>
      </trkpt>
      <trkpt lat="24.0363694075495" lon="120.85276365280151">
        <ele>283.0</ele>
      </trkpt>
      <trkpt lat="24.03636932373047" lon="120.85276365280151">
        <ele>284.0</ele>
      </trkpt>
      <trkpt lat="24.036798560991883" lon="120.85323572158813">
        <ele>286.0</ele>
      </trkpt>
      <trkpt lat="24.036970222368836" lon="120.85340738296509">
        <ele>288.0</ele>
      </trkpt>
      <trkpt lat="24.03709888458252" lon="120.85355758666992">
        <ele>289.0</ele>
      </trkpt>
      <trkpt lat="24.03733491897583" lon="120.853750705719">
        <ele>290.0</ele>
      </trkpt>
      <trkpt lat="24.037485122680664" lon="120.85385799407959">
        <ele>291.0</ele>
      </trkpt>
      <trkpt lat="24.03759241104126" lon="120.85387945175171">
        <ele>292.0</ele>
      </trkpt>
      <trkpt lat="24.038193309679627" lon="120.8542013168335">
        <ele>293.0</ele>
      </trkpt>
      <trkpt lat="24.038643836975098" lon="120.85441589355469">
        <ele>294.0</ele>
      </trkpt>
      <trkpt lat="24.039008701220155" lon="120.85467338562012">
        <ele>295.0</ele>
      </trkpt>
      <trkpt lat="24.039008617401123" lon="120.85467338562012">
        <ele>295.0</ele>
      </trkpt>
      <trkpt lat="24.039008701220155" lon="120.85467338562012">
        <ele>295.0</ele>
      </trkpt>
      <trkpt lat="24.03930902481079" lon="120.85495233535767">
        <ele>295.0</ele>
      </trkpt>
      <trkpt lat="24.039309108629823" lon="120.85495233535767">
        <ele>295.0</ele>
      </trkpt>
      <trkpt lat="24.040274620056152" lon="120.85583209991455">
        <ele>294.0</ele>
      </trkpt>
      <trkpt lat="24.040274703875184" lon="120.85583209991455">
        <ele>294.0</ele>
      </trkpt>
      <trkpt lat="24.04132604598999" lon="120.8567762374878">
        <ele>294.0</ele>
      </trkpt>
      <trkpt lat="24.041326129809022" lon="120.8567762374878">
        <ele>294.0</ele>
      </trkpt>
      <trkpt lat="24.04214152134955" lon="120.85752725601196">
        <ele>294.0</ele>
      </trkpt>
      <trkpt lat="24.04229164123535" lon="120.85765600204468">
        <ele>294.0</ele>
      </trkpt>
      <trkpt lat="24.042441844940186" lon="120.85774183273315">
        <ele>294.0</ele>
      </trkpt>
      <trkpt lat="24.04259204864502" lon="120.85782766342163">
        <ele>293.0</ele>
      </trkpt>
      <trkpt lat="24.042892456054688" lon="120.85795640945435">
        <ele>292.0</ele>
      </trkpt>
      <trkpt lat="24.044630527496338" lon="120.85840702056885">
        <ele>289.0</ele>
      </trkpt>
      <trkpt lat="24.044780731201172" lon="120.8584713935852">
        <ele>287.0</ele>
      </trkpt>
      <trkpt lat="24.044952392578125" lon="120.85855722427368">
        <ele>285.0</ele>
      </trkpt>
      <trkpt lat="24.045231342315674" lon="120.85877180099487">
        <ele>283.0</ele>
      </trkpt>
      <trkpt lat="24.045381546020508" lon="120.85896492004395">
        <ele>282.0</ele>
      </trkpt>
      <trkpt lat="24.045510292053223" lon="120.85917949676514">
        <ele>280.0</ele>
      </trkpt>
      <trkpt lat="24.04557466506958" lon="120.85939407348633">
        <ele>278.0</ele>
      </trkpt>
      <trkpt lat="24.04581069946289" lon="120.86042404174805">
        <ele>276.0</ele>
      </trkpt>
      <trkpt lat="24.045896530151367" lon="120.86074590682983">
        <ele>275.0</ele>
      </trkpt>
      <trkpt lat="24.046025276184082" lon="120.86100339889526">
        <ele>274.0</ele>
      </trkpt>
      <trkpt lat="24.046025360003114" lon="120.86100339889526">
        <ele>273.0</ele>
      </trkpt>
      <trkpt lat="24.046497344970703" lon="120.86179733276367">
        <ele>272.0</ele>
      </trkpt>
      <trkpt lat="24.046947956085205" lon="120.86254835128784">
        <ele>271.0</ele>
      </trkpt>
      <trkpt lat="24.047119617462158" lon="120.86278438568115">
        <ele>271.0</ele>
      </trkpt>
      <trkpt lat="24.047248363494873" lon="120.8629560470581">
        <ele>271.0</ele>
      </trkpt>
      <trkpt lat="24.047527397051454" lon="120.86319208145142">
        <ele>272.0</ele>
      </trkpt>
      <trkpt lat="24.047720432281494" lon="120.86342811584473">
        <ele>273.0</ele>
      </trkpt>
      <trkpt lat="24.04789217747748" lon="120.86370706558228">
        <ele>274.0</ele>
      </trkpt>
      <trkpt lat="24.047892093658447" lon="120.86370706558228">
        <ele>275.0</ele>
      </trkpt>
      <trkpt lat="24.049394130706787" lon="120.86628198623657">
        <ele>277.0</ele>
      </trkpt>
      <trkpt lat="24.05063875950873" lon="120.86829900741577">
        <ele>279.0</ele>
      </trkpt>
      <trkpt lat="24.050638675689697" lon="120.86829900741577">
        <ele>282.0</ele>
      </trkpt>
      <trkpt lat="24.051475608721375" lon="120.86960792541504">
        <ele>284.0</ele>
      </trkpt>
      <trkpt lat="24.051475524902344" lon="120.86960792541504">
        <ele>287.0</ele>
      </trkpt>
      <trkpt lat="24.051668643951416" lon="120.86992979049683">
        <ele>290.0</ele>
      </trkpt>
      <trkpt lat="24.05184030532837" lon="120.8701229095459">
        <ele>292.0</ele>
      </trkpt>
      <trkpt lat="24.052398204803467" lon="120.87076663970947">
        <ele>296.0</ele>
      </trkpt>
      <trkpt lat="24.052677154541016" lon="120.87110996246338">
        <ele>298.0</ele>
      </trkpt>
      <trkpt lat="24.05359991826117" lon="120.872483253479">
        <ele>302.0</ele>
      </trkpt>
      <trkpt lat="24.05359983444214" lon="120.872483253479">
        <ele>305.0</ele>
      </trkpt>
      <trkpt lat="24.053750038146973" lon="120.87265491485596">
        <ele>308.0</ele>
      </trkpt>
      <trkpt lat="24.054458225145936" lon="120.8732557296753">
        <ele>311.0</ele>
      </trkpt>
      <trkpt lat="24.05505895614624" lon="120.87372779846191">
        <ele>314.0</ele>
      </trkpt>
      <trkpt lat="24.057805621996522" lon="120.87565898895264">
        <ele>317.0</ele>
      </trkpt>
      <trkpt lat="24.057998657226562" lon="120.87578773498535">
        <ele>319.0</ele>
      </trkpt>
      <trkpt lat="24.058234775438905" lon="120.87589502334595">
        <ele>322.0</ele>
      </trkpt>
      <trkpt lat="24.05902862548828" lon="120.87615251541138">
        <ele>324.0</ele>
      </trkpt>
      <trkpt lat="24.06008013524115" lon="120.87653875350952">
        <ele>326.0</ele>
      </trkpt>
      <trkpt lat="24.060616493225098" lon="120.87666749954224">
        <ele>327.0</ele>
      </trkpt>
      <trkpt lat="24.060916984453797" lon="120.87671041488647">
        <ele>329.0</ele>
      </trkpt>
      <trkpt lat="24.06158217228949" lon="120.8767318725586">
        <ele>331.0</ele>
      </trkpt>
      <trkpt lat="24.061903953552246" lon="120.8767318725586">
        <ele>332.0</ele>
      </trkpt>
      <trkpt lat="24.062268817797303" lon="120.87666749954224">
        <ele>333.0</ele>
      </trkpt>
      <trkpt lat="24.063127040863037" lon="120.87645292282104">
        <ele>334.0</ele>
      </trkpt>
      <trkpt lat="24.063406074419618" lon="120.8764100074768">
        <ele>335.0</ele>
      </trkpt>
      <trkpt lat="24.06407126225531" lon="120.87634563446045">
        <ele>335.0</ele>
      </trkpt>
      <trkpt lat="24.06435021199286" lon="120.87630271911621">
        <ele>336.0</ele>
      </trkpt>
      <trkpt lat="24.06458624638617" lon="120.87628126144409">
        <ele>336.0</ele>
      </trkpt>
      <trkpt lat="24.065015399828553" lon="120.87621688842773">
        <ele>336.0</ele>
      </trkpt>
      <trkpt lat="24.065423011779785" lon="120.87619543075562">
        <ele>336.0</ele>
      </trkpt>
      <trkpt lat="24.06555184163153" lon="120.8761739730835">
        <ele>336.0</ele>
      </trkpt>
      <trkpt lat="24.06608828343451" lon="120.8760666847229">
        <ele>335.0</ele>
      </trkpt>
      <trkpt lat="24.066667640581727" lon="120.8759593963623">
        <ele>334.0</ele>
      </trkpt>
      <trkpt lat="24.06688221730292" lon="120.87593793869019">
        <ele>333.0</ele>
      </trkpt>
      <trkpt lat="24.067676151171327" lon="120.87583065032959">
        <ele>331.0</ele>
      </trkpt>
      <trkpt lat="24.068040931597352" lon="120.87578773498535">
        <ele>330.0</ele>
      </trkpt>
      <trkpt lat="24.068169677630067" lon="120.87576627731323">
        <ele>329.0</ele>
      </trkpt>
      <trkpt lat="24.068513000383973" lon="120.875723361969">
        <ele>328.0</ele>
      </trkpt>
      <trkpt lat="24.068877696990967" lon="120.87568044662476">
        <ele>327.0</ele>
      </trkpt>
      <trkpt lat="24.069178188219666" lon="120.87570190429688">
        <ele>326.0</ele>
      </trkpt>
      <trkpt lat="24.069907749071717" lon="120.87587356567383">
        <ele>325.0</ele>
      </trkpt>
      <trkpt lat="24.07037981785834" lon="120.87598085403442">
        <ele>324.0</ele>
      </trkpt>
      <trkpt lat="24.071452617645264" lon="120.87619543075562">
        <ele>324.0</ele>
      </trkpt>
      <trkpt lat="24.072096347808838" lon="120.87636709213257">
        <ele>323.0</ele>
      </trkpt>
      <trkpt lat="24.072246551513672" lon="120.87638854980469">
        <ele>322.0</ele>
      </trkpt>
      <trkpt lat="24.072504127398133" lon="120.87638854980469">
        <ele>321.0</ele>
      </trkpt>
      <trkpt lat="24.0730619430542" lon="120.87638854980469">
        <ele>321.0</ele>
      </trkpt>
      <trkpt lat="24.073340892791748" lon="120.87638854980469">
        <ele>321.0</ele>
      </trkpt>
      <trkpt lat="24.073491096496582" lon="120.87645292282104">
        <ele>320.0</ele>
      </trkpt>
      <trkpt lat="24.07379158772528" lon="120.87671041488647">
        <ele>320.0</ele>
      </trkpt>
      <trkpt lat="24.074242115020752" lon="120.87705373764038">
        <ele>320.0</ele>
      </trkpt>
      <trkpt lat="24.074349403381348" lon="120.87713956832886">
        <ele>320.0</ele>
      </trkpt>
      <trkpt lat="24.074456691741943" lon="120.8771824836731">
        <ele>320.0</ele>
      </trkpt>
      <trkpt lat="24.074585437774658" lon="120.87720394134521">
        <ele>320.0</ele>
      </trkpt>
      <trkpt lat="24.074842929840088" lon="120.87720394134521">
        <ele>320.0</ele>
      </trkpt>
      <trkpt lat="24.07529354095459" lon="120.87713956832886">
        <ele>320.0</ele>
      </trkpt>
      <trkpt lat="24.07550811767578" lon="120.87705373764038">
        <ele>321.0</ele>
      </trkpt>
      <trkpt lat="24.075894439592957" lon="120.87686061859131">
        <ele>322.0</ele>
      </trkpt>
      <trkpt lat="24.07604464329779" lon="120.87681770324707">
        <ele>323.0</ele>
      </trkpt>
      <trkpt lat="24.076259220018983" lon="120.87681770324707">
        <ele>324.0</ele>
      </trkpt>
      <trkpt lat="24.07731064595282" lon="120.87713956832886">
        <ele>324.0</ele>
      </trkpt>
      <trkpt lat="24.077632427215576" lon="120.87731122970581">
        <ele>325.0</ele>
      </trkpt>
      <trkpt lat="24.077761257067323" lon="120.87735414505005">
        <ele>326.0</ele>
      </trkpt>
      <trkpt lat="24.077889919281006" lon="120.87735414505005">
        <ele>327.0</ele>
      </trkpt>
      <trkpt lat="24.078383445739746" lon="120.87728977203369">
        <ele>328.0</ele>
      </trkpt>
      <trkpt lat="24.07857656478882" lon="120.87728977203369">
        <ele>329.0</ele>
      </trkpt>
      <trkpt lat="24.078726852312684" lon="120.87731122970581">
        <ele>330.0</ele>
      </trkpt>
      <trkpt lat="24.079735279083252" lon="120.87746143341064">
        <ele>330.0</ele>
      </trkpt>
      <trkpt lat="24.079906940460205" lon="120.87754726409912">
        <ele>331.0</ele>
      </trkpt>
      <trkpt lat="24.08003568649292" lon="120.87769746780396">
        <ele>331.0</ele>
      </trkpt>
      <trkpt lat="24.080400466918945" lon="120.87834119796753">
        <ele>331.0</ele>
      </trkpt>
      <trkpt lat="24.08050775527954" lon="120.8785343170166">
        <ele>332.0</ele>
      </trkpt>
      <trkpt lat="24.08052921295166" lon="120.87866306304932">
        <ele>333.0</ele>
      </trkpt>
      <trkpt lat="24.08052921295166" lon="120.87879180908203">
        <ele>334.0</ele>
      </trkpt>
      <trkpt lat="24.08050775527954" lon="120.87892055511475">
        <ele>335.0</ele>
      </trkpt>
      <trkpt lat="24.080121601000428" lon="120.8804440498352">
        <ele>337.0</ele>
      </trkpt>
      <trkpt lat="24.08007868565619" lon="120.88052988052368">
        <ele>338.0</ele>
      </trkpt>
      <trkpt lat="24.08005714416504" lon="120.88072299957275">
        <ele>340.0</ele>
      </trkpt>
      <trkpt lat="24.08003568649292" lon="120.88098049163818">
        <ele>341.0</ele>
      </trkpt>
      <trkpt lat="24.080078601837158" lon="120.88125944137573">
        <ele>343.0</ele>
      </trkpt>
      <trkpt lat="24.080121601000428" lon="120.88136672973633">
        <ele>344.0</ele>
      </trkpt>
      <trkpt lat="24.08027172088623" lon="120.88151693344116">
        <ele>346.0</ele>
      </trkpt>
      <trkpt lat="24.08059366978705" lon="120.88171005249023">
        <ele>347.0</ele>
      </trkpt>
      <trkpt lat="24.080679500475526" lon="120.88175296783447">
        <ele>348.0</ele>
      </trkpt>
      <trkpt lat="24.080958450213075" lon="120.88188171386719">
        <ele>349.0</ele>
      </trkpt>
      <trkpt lat="24.081688011065125" lon="120.88228940963745">
        <ele>351.0</ele>
      </trkpt>
      <trkpt lat="24.081687927246094" lon="120.88228940963745">
        <ele>352.0</ele>
      </trkpt>
      <trkpt lat="24.08325433731079" lon="120.8831262588501">
        <ele>353.0</ele>
      </trkpt>
      <trkpt lat="24.084327220916748" lon="120.88361978530884">
        <ele>355.0</ele>
      </trkpt>
      <trkpt lat="24.084434509277344" lon="120.8836841583252">
        <ele>357.0</ele>
      </trkpt>
      <trkpt lat="24.084670543670654" lon="120.88387727737427">
        <ele>358.0</ele>
      </trkpt>
      <trkpt lat="24.084842205047607" lon="120.88400602340698">
        <ele>360.0</ele>
      </trkpt>
      <trkpt lat="24.085335731506348" lon="120.88437080383301">
        <ele>362.0</ele>
      </trkpt>
      <trkpt lat="24.085593223571777" lon="120.88449954986572">
        <ele>363.0</ele>
      </trkpt>
      <trkpt lat="24.08853300847113" lon="120.88557243347168">
        <ele>366.0</ele>
      </trkpt>
      <trkpt lat="24.088897788897157" lon="120.8857011795044">
        <ele>367.0</ele>
      </trkpt>
      <trkpt lat="24.088897705078125" lon="120.8857011795044">
        <ele>369.0</ele>
      </trkpt>
      <trkpt lat="24.08979901112616" lon="120.8860445022583">
        <ele>370.0</ele>
      </trkpt>
      <trkpt lat="24.08979892730713" lon="120.8860445022583">
        <ele>371.0</ele>
      </trkpt>
      <trkpt lat="24.09033545292914" lon="120.88625907897949">
        <ele>372.0</ele>
      </trkpt>
      <trkpt lat="24.090635776519775" lon="120.88636636734009">
        <ele>372.0</ele>
      </trkpt>
      <trkpt lat="24.091150760650635" lon="120.88664531707764">
        <ele>373.0</ele>
      </trkpt>
      <trkpt lat="24.09127959050238" lon="120.88668823242188">
        <ele>373.0</ele>
      </trkpt>
      <trkpt lat="24.091429794207215" lon="120.88673114776611">
        <ele>373.0</ele>
      </trkpt>
      <trkpt lat="24.091429710388184" lon="120.88673114776611">
        <ele>373.0</ele>
      </trkpt>
      <trkpt lat="24.092180728912354" lon="120.88690280914307">
        <ele>374.0</ele>
      </trkpt>
      <trkpt lat="24.092395389452577" lon="120.88696718215942">
        <ele>374.0</ele>
      </trkpt>
      <trkpt lat="24.092395305633545" lon="120.88696718215942">
        <ele>375.0</ele>
      </trkpt>
      <trkpt lat="24.09306057728827" lon="120.88722467422485">
        <ele>375.0</ele>
      </trkpt>
      <trkpt lat="24.09406908787787" lon="120.88758945465088">
        <ele>376.0</ele>
      </trkpt>
      <trkpt lat="24.094197833910584" lon="120.88763236999512">
        <ele>376.0</ele>
      </trkpt>
      <trkpt lat="24.09451969899237" lon="120.88776111602783">
        <ele>375.0</ele>
      </trkpt>
      <trkpt lat="24.094948768615723" lon="120.88793277740479">
        <ele>374.0</ele>
      </trkpt>
      <trkpt lat="24.095313549041748" lon="120.88814735412598">
        <ele>374.0</ele>
      </trkpt>
      <trkpt lat="24.095324194058776" lon="120.88819529861212">
        <ele>374.0</ele>
      </trkpt>
      <trkpt lat="24.095324194058776" lon="120.88819513097405">
        <ele>372.0</ele>
      </trkpt>
      <trkpt lat="24.095313549041748" lon="120.88814735412598">
        <ele>372.0</ele>
      </trkpt>
      <trkpt lat="24.09550666809082" lon="120.8881688117981">
        <ele>373.0</ele>
      </trkpt>
      <trkpt lat="24.09623622894287" lon="120.88808298110962">
        <ele>374.0</ele>
      </trkpt>
      <trkpt lat="24.09679412841797" lon="120.88808298110962">
        <ele>375.0</ele>
      </trkpt>
      <trkpt lat="24.096794212237" lon="120.88808298110962">
        <ele>377.0</ele>
      </trkpt>
      <trkpt lat="24.09724473953247" lon="120.88814735412598">
        <ele>379.0</ele>
      </trkpt>
      <trkpt lat="24.097416400909424" lon="120.88819026947021">
        <ele>380.0</ele>
      </trkpt>
      <trkpt lat="24.097588062286377" lon="120.88827610015869">
        <ele>382.0</ele>
      </trkpt>
      <trkpt lat="24.097716808319092" lon="120.88836193084717">
        <ele>383.0</ele>
      </trkpt>
      <trkpt lat="24.098639488220215" lon="120.88909149169922">
        <ele>386.0</ele>
      </trkpt>
      <trkpt lat="24.098639572039247" lon="120.88909149169922">
        <ele>388.0</ele>
      </trkpt>
      <trkpt lat="24.09878969192505" lon="120.88919878005981">
        <ele>390.0</ele>
      </trkpt>
      <trkpt lat="24.098939895629883" lon="120.88926315307617">
        <ele>391.0</ele>
      </trkpt>
      <trkpt lat="24.09904726780951" lon="120.88926315307617">
        <ele>393.0</ele>
      </trkpt>
      <trkpt lat="24.099111557006836" lon="120.88924169540405">
        <ele>395.0</ele>
      </trkpt>
      <trkpt lat="24.09926176071167" lon="120.88915586471558">
        <ele>396.0</ele>
      </trkpt>
      <trkpt lat="24.099411964416504" lon="120.88911294937134">
        <ele>398.0</ele>
      </trkpt>
      <trkpt lat="24.099647998809814" lon="120.88911294937134">
        <ele>400.0</ele>
      </trkpt>
      <trkpt lat="24.09973382949829" lon="120.88913440704346">
        <ele>401.0</ele>
      </trkpt>
      <trkpt lat="24.099884117022157" lon="120.88922023773193">
        <ele>403.0</ele>
      </trkpt>
      <trkpt lat="24.100141525268555" lon="120.88947772979736">
        <ele>404.0</ele>
      </trkpt>
      <trkpt lat="24.10027027130127" lon="120.88958501815796">
        <ele>406.0</ele>
      </trkpt>
      <trkpt lat="24.100828170776367" lon="120.88977813720703">
        <ele>408.0</ele>
      </trkpt>
      <trkpt lat="24.101128662005067" lon="120.88986396789551">
        <ele>410.0</ele>
      </trkpt>
      <trkpt lat="24.10121440887451" lon="120.88988542556763">
        <ele>411.0</ele>
      </trkpt>
      <trkpt lat="24.101214492693543" lon="120.88988542556763">
        <ele>413.0</ele>
      </trkpt>
      <trkpt lat="24.10172939300537" lon="120.88994979858398">
        <ele>415.0</ele>
      </trkpt>
      <trkpt lat="24.10226583480835" lon="120.88992834091187">
        <ele>417.0</ele>
      </trkpt>
      <trkpt lat="24.102652072906494" lon="120.89005708694458">
        <ele>418.0</ele>
      </trkpt>
      <trkpt lat="24.10271644592285" lon="120.89005708694458">
        <ele>419.0</ele>
      </trkpt>
      <trkpt lat="24.10278081893921" lon="120.89003562927246">
        <ele>419.0</ele>
      </trkpt>
      <trkpt lat="24.102823734283447" lon="120.88999271392822">
        <ele>420.0</ele>
      </trkpt>
      <trkpt lat="24.102866649627686" lon="120.88992834091187">
        <ele>421.0</ele>
      </trkpt>
      <trkpt lat="24.103145599365234" lon="120.8890700340271">
        <ele>422.0</ele>
      </trkpt>
      <trkpt lat="24.103167057037354" lon="120.88900566101074">
        <ele>423.0</ele>
      </trkpt>
      <trkpt lat="24.103209972381592" lon="120.88898420333862">
        <ele>424.0</ele>
      </trkpt>
      <trkpt lat="24.10325288772583" lon="120.8889627456665">
        <ele>425.0</ele>
      </trkpt>
      <trkpt lat="24.103317260742188" lon="120.88898420333862">
        <ele>425.0</ele>
      </trkpt>
      <trkpt lat="24.103381633758545" lon="120.88904857635498">
        <ele>426.0</ele>
      </trkpt>
      <trkpt lat="24.103553295135498" lon="120.88947772979736">
        <ele>425.0</ele>
      </trkpt>
      <trkpt lat="24.103596210479736" lon="120.8895206451416">
        <ele>425.0</ele>
      </trkpt>
      <trkpt lat="24.10374641418457" lon="120.8896279335022">
        <ele>426.0</ele>
      </trkpt>
      <trkpt lat="24.10376787185669" lon="120.88969230651855">
        <ele>426.0</ele>
      </trkpt>
      <trkpt lat="24.103810787200928" lon="120.8897352218628">
        <ele>426.0</ele>
      </trkpt>
      <trkpt lat="24.103875160217285" lon="120.89025020599365">
        <ele>426.0</ele>
      </trkpt>
      <trkpt lat="24.103918075561523" lon="120.89035749435425">
        <ele>426.0</ele>
      </trkpt>
      <trkpt lat="24.10398244857788" lon="120.8904218673706">
        <ele>426.0</ele>
      </trkpt>
      <trkpt lat="24.104068279266357" lon="120.89044332504272">
        <ele>426.0</ele>
      </trkpt>
      <trkpt lat="24.10426139831543" lon="120.89048624038696">
        <ele>426.0</ele>
      </trkpt>
      <trkpt lat="24.10426148213446" lon="120.89048624038696">
        <ele>426.0</ele>
      </trkpt>
      <trkpt lat="24.104647636413574" lon="120.89048624038696">
        <ele>427.0</ele>
      </trkpt>
      <trkpt lat="24.10499095916748" lon="120.89061498641968">
        <ele>428.0</ele>
      </trkpt>
      <trkpt lat="24.105184162035584" lon="120.89065790176392">
        <ele>428.0</ele>
      </trkpt>
      <trkpt lat="24.105420112609863" lon="120.89072227478027">
        <ele>429.0</ele>
      </trkpt>
      <trkpt lat="24.10572052001953" lon="120.89091539382935">
        <ele>429.0</ele>
      </trkpt>
      <trkpt lat="24.105849266052246" lon="120.8909797668457">
        <ele>430.0</ele>
      </trkpt>
      <trkpt lat="24.106643283739686" lon="120.8911943435669">
        <ele>431.0</ele>
      </trkpt>
      <trkpt lat="24.10700798034668" lon="120.89132308959961">
        <ele>431.0</ele>
      </trkpt>
      <trkpt lat="24.107437217608094" lon="120.89138746261597">
        <ele>432.0</ele>
      </trkpt>
      <trkpt lat="24.107694709673524" lon="120.89138746261597">
        <ele>433.0</ele>
      </trkpt>
      <trkpt lat="24.10825252532959" lon="120.89132308959961">
        <ele>434.0</ele>
      </trkpt>
      <trkpt lat="24.108381271362305" lon="120.89130163192749">
        <ele>435.0</ele>
      </trkpt>
      <trkpt lat="24.10853147506714" lon="120.89121580123901">
        <ele>435.0</ele>
      </trkpt>
      <trkpt lat="24.108660221099854" lon="120.89121580123901">
        <ele>436.0</ele>
      </trkpt>
      <trkpt lat="24.10921812057495" lon="120.89125871658325">
        <ele>437.0</ele>
      </trkpt>
      <trkpt lat="24.109432697296143" lon="120.89130163192749">
        <ele>437.0</ele>
      </trkpt>
      <trkpt lat="24.109797477722168" lon="120.8914303779602">
        <ele>438.0</ele>
      </trkpt>
      <trkpt lat="24.11007651127875" lon="120.89149475097656">
        <ele>438.0</ele>
      </trkpt>
      <trkpt lat="24.110162258148193" lon="120.89151620864868">
        <ele>438.0</ele>
      </trkpt>
      <trkpt lat="24.110376834869385" lon="120.89162349700928">
        <ele>438.0</ele>
      </trkpt>
      <trkpt lat="24.11052703857422" lon="120.89166641235352">
        <ele>438.0</ele>
      </trkpt>
      <trkpt lat="24.110591411590576" lon="120.8916449546814">
        <ele>438.0</ele>
      </trkpt>
      <trkpt lat="24.110655784606934" lon="120.89162349700928">
        <ele>438.0</ele>
      </trkpt>
      <trkpt lat="24.11072015762329" lon="120.89158058166504">
        <ele>438.0</ele>
      </trkpt>
      <trkpt lat="24.11074161529541" lon="120.89151620864868">
        <ele>437.0</ele>
      </trkpt>
      <trkpt lat="24.110827445983887" lon="120.89110851287842">
        <ele>438.0</ele>
      </trkpt>
      <trkpt lat="24.111342430114746" lon="120.88988542556763">
        <ele>437.0</ele>
      </trkpt>
      <trkpt lat="24.111449718475342" lon="120.8897352218628">
        <ele>437.0</ele>
      </trkpt>
      <trkpt lat="24.11149263381958" lon="120.88967084884644">
        <ele>437.0</ele>
      </trkpt>
      <trkpt lat="24.11177166737616" lon="120.889413356781">
        <ele>437.0</ele>
      </trkpt>
      <trkpt lat="24.111943244934082" lon="120.88928461074829">
        <ele>438.0</ele>
      </trkpt>
      <trkpt lat="24.112050533294678" lon="120.88924169540405">
        <ele>438.0</ele>
      </trkpt>
      <trkpt lat="24.112372398376465" lon="120.88926315307617">
        <ele>438.0</ele>
      </trkpt>
      <trkpt lat="24.112672805786133" lon="120.88937044143677">
        <ele>437.0</ele>
      </trkpt>
      <trkpt lat="24.112801551818848" lon="120.88934898376465">
        <ele>437.0</ele>
      </trkpt>
      <trkpt lat="24.113037586212158" lon="120.88930606842041">
        <ele>437.0</ele>
      </trkpt>
      <trkpt lat="24.113230789080262" lon="120.88930606842041">
        <ele>438.0</ele>
      </trkpt>
      <trkpt lat="24.113316535949707" lon="120.88930606842041">
        <ele>438.0</ele>
      </trkpt>
      <trkpt lat="24.11346673965454" lon="120.88930606842041">
        <ele>439.0</ele>
      </trkpt>
      <trkpt lat="24.11372423171997" lon="120.8891773223877">
        <ele>439.0</ele>
      </trkpt>
      <trkpt lat="24.113788604736328" lon="120.88915586471558">
        <ele>440.0</ele>
      </trkpt>
      <trkpt lat="24.114196300506592" lon="120.88919878005981">
        <ele>441.0</ele>
      </trkpt>
      <trkpt lat="24.11471128463745" lon="120.88924169540405">
        <ele>442.0</ele>
      </trkpt>
      <trkpt lat="24.114840030670166" lon="120.88922023773193">
        <ele>443.0</ele>
      </trkpt>
      <trkpt lat="24.114904403686523" lon="120.88919878005981">
        <ele>444.0</ele>
      </trkpt>
      <trkpt lat="24.114990234375" lon="120.88913440704346">
        <ele>445.0</ele>
      </trkpt>
      <trkpt lat="24.115097522735596" lon="120.8889627456665">
        <ele>446.0</ele>
      </trkpt>
      <trkpt lat="24.11522626876831" lon="120.88846921920776">
        <ele>448.0</ele>
      </trkpt>
      <trkpt lat="24.11526918411255" lon="120.8884048461914">
        <ele>449.0</ele>
      </trkpt>
      <trkpt lat="24.115312099456787" lon="120.88838338851929">
        <ele>451.0</ele>
      </trkpt>
      <trkpt lat="24.115376472473145" lon="120.88838338851929">
        <ele>452.0</ele>
      </trkpt>
      <trkpt lat="24.115440845489502" lon="120.88842630386353">
        <ele>454.0</ele>
      </trkpt>
      <trkpt lat="24.11546230316162" lon="120.88846921920776">
        <ele>455.0</ele>
      </trkpt>
      <trkpt lat="24.11552675999701" lon="120.88868379592896">
        <ele>457.0</ele>
      </trkpt>
      <trkpt lat="24.115591049194336" lon="120.88900566101074">
        <ele>458.0</ele>
      </trkpt>
      <trkpt lat="24.115655506029725" lon="120.8891773223877">
        <ele>460.0</ele>
      </trkpt>
      <trkpt lat="24.115934371948242" lon="120.88949918746948">
        <ele>462.0</ele>
      </trkpt>
      <trkpt lat="24.11606320179999" lon="120.8897352218628">
        <ele>463.0</ele>
      </trkpt>
      <trkpt lat="24.116191864013672" lon="120.89001417160034">
        <ele>465.0</ele>
      </trkpt>
      <trkpt lat="24.11623477935791" lon="120.89010000228882">
        <ele>466.0</ele>
      </trkpt>
      <trkpt lat="24.11651372909546" lon="120.89033603668213">
        <ele>468.0</ele>
      </trkpt>
      <trkpt lat="24.116685390472412" lon="120.89057207107544">
        <ele>470.0</ele>
      </trkpt>
      <trkpt lat="24.11672830581665" lon="120.89065790176392">
        <ele>471.0</ele>
      </trkpt>
      <trkpt lat="24.11677122116089" lon="120.89089393615723">
        <ele>472.0</ele>
      </trkpt>
      <trkpt lat="24.116814136505127" lon="120.8909797668457">
        <ele>474.0</ele>
      </trkpt>
      <trkpt lat="24.116899967193604" lon="120.89110851287842">
        <ele>475.0</ele>
      </trkpt>
      <trkpt lat="24.11696434020996" lon="120.89117288589478">
        <ele>476.0</ele>
      </trkpt>
      <trkpt lat="24.117050170898438" lon="120.89121580123901">
        <ele>477.0</ele>
      </trkpt>
      <trkpt lat="24.117136001586914" lon="120.89123725891113">
        <ele>479.0</ele>
      </trkpt>
      <trkpt lat="24.11724328994751" lon="120.89123725891113">
        <ele>480.0</ele>
      </trkpt>
      <trkpt lat="24.1174578666687" lon="120.89117288589478">
        <ele>481.0</ele>
      </trkpt>
      <trkpt lat="24.117887020111084" lon="120.89117288589478">
        <ele>482.0</ele>
      </trkpt>
      <trkpt lat="24.11795139312744" lon="120.89115142822266">
        <ele>484.0</ele>
      </trkpt>
      <trkpt lat="24.1180157661438" lon="120.8910870552063">
        <ele>485.0</ele>
      </trkpt>
      <trkpt lat="24.118337631225586" lon="120.89061498641968">
        <ele>485.0</ele>
      </trkpt>
      <trkpt lat="24.118423461914062" lon="120.8904218673706">
        <ele>486.0</ele>
      </trkpt>
      <trkpt lat="24.118530750274658" lon="120.8897352218628">
        <ele>488.0</ele>
      </trkpt>
      <trkpt lat="24.118552207946777" lon="120.88964939117432">
        <ele>489.0</ele>
      </trkpt>
      <trkpt lat="24.118595123291016" lon="120.88956356048584">
        <ele>490.0</ele>
      </trkpt>
      <trkpt lat="24.118680953979492" lon="120.8895206451416">
        <ele>491.0</ele>
      </trkpt>
      <trkpt lat="24.119110107421875" lon="120.88939189910889">
        <ele>492.0</ele>
      </trkpt>
      <trkpt lat="24.11921739578247" lon="120.88934898376465">
        <ele>493.0</ele>
      </trkpt>
      <trkpt lat="24.119603633880615" lon="120.88913440704346">
        <ele>494.0</ele>
      </trkpt>
      <trkpt lat="24.11975383758545" lon="120.88911294937134">
        <ele>495.0</ele>
      </trkpt>
      <trkpt lat="24.11994695663452" lon="120.88913440704346">
        <ele>496.0</ele>
      </trkpt>
      <trkpt lat="24.120097160339355" lon="120.88911294937134">
        <ele>496.0</ele>
      </trkpt>
      <trkpt lat="24.120225990191102" lon="120.88904857635498">
        <ele>497.0</ele>
      </trkpt>
      <trkpt lat="24.12026882171631" lon="120.88900566101074">
        <ele>497.0</ele>
      </trkpt>
      <trkpt lat="24.120311737060547" lon="120.88894128799438">
        <ele>498.0</ele>
      </trkpt>
      <trkpt lat="24.120311737060547" lon="120.88887691497803">
        <ele>499.0</ele>
      </trkpt>
      <trkpt lat="24.120311737060547" lon="120.88876962661743">
        <ele>500.0</ele>
      </trkpt>
      <trkpt lat="24.120140075683594" lon="120.8880615234375">
        <ele>501.0</ele>
      </trkpt>
      <trkpt lat="24.120118618011475" lon="120.88786840438843">
        <ele>502.0</ele>
      </trkpt>
      <trkpt lat="24.120140075683594" lon="120.88778257369995">
        <ele>503.0</ele>
      </trkpt>
      <trkpt lat="24.12024736404419" lon="120.88728904724121">
        <ele>504.0</ele>
      </trkpt>
      <trkpt lat="24.12026882171631" lon="120.88724613189697">
        <ele>505.0</ele>
      </trkpt>
      <trkpt lat="24.120311737060547" lon="120.88720321655273">
        <ele>506.0</ele>
      </trkpt>
      <trkpt lat="24.120376110076904" lon="120.88718175888062">
        <ele>507.0</ele>
      </trkpt>
      <trkpt lat="24.120590686798096" lon="120.88722467422485">
        <ele>507.0</ele>
      </trkpt>
      <trkpt lat="24.12069797515869" lon="120.88722467422485">
        <ele>508.0</ele>
      </trkpt>
      <trkpt lat="24.120869636535645" lon="120.8871603012085">
        <ele>508.0</ele>
      </trkpt>
      <trkpt lat="24.12119150161743" lon="120.88711738586426">
        <ele>509.0</ele>
      </trkpt>
      <trkpt lat="24.12125587463379" lon="120.88707447052002">
        <ele>509.0</ele>
      </trkpt>
      <trkpt lat="24.121320247650146" lon="120.88703155517578">
        <ele>509.0</ele>
      </trkpt>
      <trkpt lat="24.121341705322266" lon="120.88698863983154">
        <ele>510.0</ele>
      </trkpt>
      <trkpt lat="24.121406078338623" lon="120.88668823242188">
        <ele>511.0</ele>
      </trkpt>
      <trkpt lat="24.12144899368286" lon="120.88662385940552">
        <ele>511.0</ele>
      </trkpt>
      <trkpt lat="24.12151336669922" lon="120.88658094406128">
        <ele>511.0</ele>
      </trkpt>
      <trkpt lat="24.121577739715576" lon="120.88658094406128">
        <ele>511.0</ele>
      </trkpt>
      <trkpt lat="24.121642112731934" lon="120.88658094406128">
        <ele>511.0</ele>
      </trkpt>
      <trkpt lat="24.121899604797363" lon="120.886709690094">
        <ele>511.0</ele>
      </trkpt>
      <trkpt lat="24.12196397781372" lon="120.88673114776611">
        <ele>511.0</ele>
      </trkpt>
      <trkpt lat="24.122049808502197" lon="120.88673114776611">
        <ele>510.0</ele>
      </trkpt>
      <trkpt lat="24.122135639190674" lon="120.886709690094">
        <ele>510.0</ele>
      </trkpt>
      <trkpt lat="24.122607707977295" lon="120.88643074035645">
        <ele>510.0</ele>
      </trkpt>
      <trkpt lat="24.122929656878114" lon="120.88634490966797">
        <ele>509.0</ele>
      </trkpt>
      <trkpt lat="24.12299394607544" lon="120.88628053665161">
        <ele>509.0</ele>
      </trkpt>
      <trkpt lat="24.123036861419678" lon="120.88621616363525">
        <ele>508.0</ele>
      </trkpt>
      <trkpt lat="24.123036861419678" lon="120.88613033294678">
        <ele>508.0</ele>
      </trkpt>
      <trkpt lat="24.12299394607544" lon="120.88565826416016">
        <ele>508.0</ele>
      </trkpt>
      <trkpt lat="24.123036861419678" lon="120.88542222976685">
        <ele>508.0</ele>
      </trkpt>
      <trkpt lat="24.123079776763916" lon="120.88533639907837">
        <ele>507.0</ele>
      </trkpt>
      <trkpt lat="24.123401641845703" lon="120.88486433029175">
        <ele>507.0</ele>
      </trkpt>
      <trkpt lat="24.123594760894775" lon="120.88471412658691">
        <ele>506.0</ele>
      </trkpt>
      <trkpt lat="24.123659133911133" lon="120.88467121124268">
        <ele>506.0</ele>
      </trkpt>
      <trkpt lat="24.12370204925537" lon="120.88460683822632">
        <ele>505.0</ele>
      </trkpt>
      <trkpt lat="24.12372350692749" lon="120.88454246520996">
        <ele>505.0</ele>
      </trkpt>
      <trkpt lat="24.12374496459961" lon="120.88432788848877">
        <ele>505.0</ele>
      </trkpt>
      <trkpt lat="24.12376642227173" lon="120.8842420578003">
        <ele>505.0</ele>
      </trkpt>
      <trkpt lat="24.123873710632324" lon="120.88409185409546">
        <ele>505.0</ele>
      </trkpt>
      <trkpt lat="24.123895168304443" lon="120.88400602340698">
        <ele>505.0</ele>
      </trkpt>
      <trkpt lat="24.123895168304443" lon="120.8839201927185">
        <ele>505.0</ele>
      </trkpt>
      <trkpt lat="24.123873710632324" lon="120.88385581970215">
        <ele>505.0</ele>
      </trkpt>
      <trkpt lat="24.123830795288086" lon="120.88376998901367">
        <ele>505.0</ele>
      </trkpt>
      <trkpt lat="24.123594760894775" lon="120.88351249694824">
        <ele>506.0</ele>
      </trkpt>
      <trkpt lat="24.123530387878418" lon="120.88344812393188">
        <ele>507.0</ele>
      </trkpt>
      <trkpt lat="24.12350901402533" lon="120.88334083557129">
        <ele>507.0</ele>
      </trkpt>
      <trkpt lat="24.12346601486206" lon="120.88314771652222">
        <ele>508.0</ele>
      </trkpt>
      <trkpt lat="24.123401641845703" lon="120.88297605514526">
        <ele>509.0</ele>
      </trkpt>
      <trkpt lat="24.123144149780273" lon="120.88254690170288">
        <ele>510.0</ele>
      </trkpt>
      <trkpt lat="24.123058319091797" lon="120.88239669799805">
        <ele>511.0</ele>
      </trkpt>
      <trkpt lat="24.122929573059082" lon="120.88196754455566">
        <ele>512.0</ele>
      </trkpt>
      <trkpt lat="24.122908115386963" lon="120.88183879852295">
        <ele>514.0</ele>
      </trkpt>
      <trkpt lat="24.1229510307312" lon="120.88171005249023">
        <ele>515.0</ele>
      </trkpt>
      <trkpt lat="24.123036861419678" lon="120.88151693344116">
        <ele>516.0</ele>
      </trkpt>
      <trkpt lat="24.12327289581299" lon="120.88125944137573">
        <ele>518.0</ele>
      </trkpt>
      <trkpt lat="24.123380184173584" lon="120.88113069534302">
        <ele>519.0</ele>
      </trkpt>
      <trkpt lat="24.12374504841864" lon="120.88040113449097">
        <ele>521.0</ele>
      </trkpt>
      <trkpt lat="24.123809337615967" lon="120.88025093078613">
        <ele>523.0</ele>
      </trkpt>
      <trkpt lat="24.123809421435" lon="120.88025093078613">
        <ele>525.0</ele>
      </trkpt>
      <trkpt lat="24.12393808364868" lon="120.88001489639282">
        <ele>526.0</ele>
      </trkpt>
      <trkpt lat="24.12398099899292" lon="120.87980031967163">
        <ele>528.0</ele>
      </trkpt>
      <trkpt lat="24.1239595413208" lon="120.87857723236084">
        <ele>531.0</ele>
      </trkpt>
      <trkpt lat="24.123959625139832" lon="120.87857723236084">
        <ele>533.0</ele>
      </trkpt>
      <trkpt lat="24.12393808364868" lon="120.87816953659058">
        <ele>535.0</ele>
      </trkpt>
      <trkpt lat="24.1239595413208" lon="120.8780837059021">
        <ele>538.0</ele>
      </trkpt>
      <trkpt lat="24.12398099899292" lon="120.8779764175415">
        <ele>540.0</ele>
      </trkpt>
      <trkpt lat="24.12419557571411" lon="120.87748289108276">
        <ele>542.0</ele>
      </trkpt>
      <trkpt lat="24.12423849105835" lon="120.87735414505005">
        <ele>544.0</ele>
      </trkpt>
      <trkpt lat="24.124109745025635" lon="120.87679624557495">
        <ele>547.0</ele>
      </trkpt>
      <trkpt lat="24.124088287353516" lon="120.87658166885376">
        <ele>550.0</ele>
      </trkpt>
      <trkpt lat="24.124109745025635" lon="120.8765172958374">
        <ele>552.0</ele>
      </trkpt>
      <trkpt lat="24.124152660369873" lon="120.87647438049316">
        <ele>554.0</ele>
      </trkpt>
      <trkpt lat="24.12449598312378" lon="120.87621688842773">
        <ele>557.0</ele>
      </trkpt>
      <trkpt lat="24.124603271484375" lon="120.87619543075562">
        <ele>559.0</ele>
      </trkpt>
      <trkpt lat="24.12468910217285" lon="120.87619543075562">
        <ele>562.0</ele>
      </trkpt>
      <trkpt lat="24.124689185991883" lon="120.87619543075562">
        <ele>564.0</ele>
      </trkpt>
      <trkpt lat="24.12473201751709" lon="120.87623834609985">
        <ele>566.0</ele>
      </trkpt>
      <trkpt lat="24.124860763549805" lon="120.87647438049316">
        <ele>568.0</ele>
      </trkpt>
      <trkpt lat="24.125032424926758" lon="120.87668895721436">
        <ele>571.0</ele>
      </trkpt>
      <trkpt lat="24.12544012069702" lon="120.87716102600098">
        <ele>573.0</ele>
      </trkpt>
      <trkpt lat="24.125525951385498" lon="120.87733268737793">
        <ele>575.0</ele>
      </trkpt>
      <trkpt lat="24.125611782073975" lon="120.87759017944336">
        <ele>577.0</ele>
      </trkpt>
      <trkpt lat="24.125611865893006" lon="120.87759017944336">
        <ele>579.0</ele>
      </trkpt>
      <trkpt lat="24.12576198577881" lon="120.87793350219727">
        <ele>581.0</ele>
      </trkpt>
      <trkpt lat="24.126126766204834" lon="120.87831974029541">
        <ele>583.0</ele>
      </trkpt>
      <trkpt lat="24.126341342926025" lon="120.8786416053772">
        <ele>585.0</ele>
      </trkpt>
      <trkpt lat="24.126427173614502" lon="120.87870597839355">
        <ele>587.0</ele>
      </trkpt>
      <trkpt lat="24.12644863128662" lon="120.87870597839355">
        <ele>589.0</ele>
      </trkpt>
      <trkpt lat="24.12649154663086" lon="120.87868452072144">
        <ele>590.0</ele>
      </trkpt>
      <trkpt lat="24.12651300430298" lon="120.87862014770508">
        <ele>592.0</ele>
      </trkpt>
      <trkpt lat="24.12649154663086" lon="120.87851285934448">
        <ele>594.0</ele>
      </trkpt>
      <trkpt lat="24.126405715942383" lon="120.87825536727905">
        <ele>595.0</ele>
      </trkpt>
      <trkpt lat="24.126384258270264" lon="120.8780837059021">
        <ele>597.0</ele>
      </trkpt>
      <trkpt lat="24.12644863128662" lon="120.87771892547607">
        <ele>599.0</ele>
      </trkpt>
      <trkpt lat="24.12649154663086" lon="120.87767601013184">
        <ele>600.0</ele>
      </trkpt>
      <trkpt lat="24.126534461975098" lon="120.87765455245972">
        <ele>602.0</ele>
      </trkpt>
      <trkpt lat="24.126577377319336" lon="120.8776330947876">
        <ele>603.0</ele>
      </trkpt>
      <trkpt lat="24.126641750335693" lon="120.87765455245972">
        <ele>605.0</ele>
      </trkpt>
      <trkpt lat="24.12668466567993" lon="120.87769746780396">
        <ele>606.0</ele>
      </trkpt>
      <trkpt lat="24.12670612335205" lon="120.8777403831482">
        <ele>607.0</ele>
      </trkpt>
      <trkpt lat="24.12672758102417" lon="120.8779764175415">
        <ele>608.0</ele>
      </trkpt>
      <trkpt lat="24.12672758102417" lon="120.87823390960693">
        <ele>609.0</ele>
      </trkpt>
      <trkpt lat="24.126770496368408" lon="120.87840557098389">
        <ele>610.0</ele>
      </trkpt>
      <trkpt lat="24.12700653076172" lon="120.8787488937378">
        <ele>612.0</ele>
      </trkpt>
      <trkpt lat="24.127070903778076" lon="120.87879180908203">
        <ele>613.0</ele>
      </trkpt>
      <trkpt lat="24.127178192138672" lon="120.87881326675415">
        <ele>614.0</ele>
      </trkpt>
      <trkpt lat="24.12745714187622" lon="120.87862014770508">
        <ele>616.0</ele>
      </trkpt>
      <trkpt lat="24.12769317626953" lon="120.87851285934448">
        <ele>617.0</ele>
      </trkpt>
      <trkpt lat="24.12797212600708" lon="120.87834119796753">
        <ele>619.0</ele>
      </trkpt>
      <trkpt lat="24.128079414367676" lon="120.87834119796753">
        <ele>621.0</ele>
      </trkpt>
      <trkpt lat="24.128122329711914" lon="120.87836265563965">
        <ele>622.0</ele>
      </trkpt>
      <trkpt lat="24.128165245056152" lon="120.87846994400024">
        <ele>623.0</ele>
      </trkpt>
      <trkpt lat="24.128358364105225" lon="120.87896347045898">
        <ele>624.0</ele>
      </trkpt>
      <trkpt lat="24.12848711013794" lon="120.8791995048523">
        <ele>626.0</ele>
      </trkpt>
      <trkpt lat="24.12876605987549" lon="120.87960720062256">
        <ele>627.0</ele>
      </trkpt>
      <trkpt lat="24.128851890563965" lon="120.87969303131104">
        <ele>628.0</ele>
      </trkpt>
      <trkpt lat="24.12895917892456" lon="120.87975740432739">
        <ele>630.0</ele>
      </trkpt>
      <trkpt lat="24.129281044006348" lon="120.87982177734375">
        <ele>631.0</ele>
      </trkpt>
      <trkpt lat="24.129388332366943" lon="120.87986469268799">
        <ele>633.0</ele>
      </trkpt>
      <trkpt lat="24.129602909088135" lon="120.88001489639282">
        <ele>634.0</ele>
      </trkpt>
      <trkpt lat="24.129903316497803" lon="120.88007926940918">
        <ele>636.0</ele>
      </trkpt>
      <trkpt lat="24.12994623184204" lon="120.88012218475342">
        <ele>638.0</ele>
      </trkpt>
      <trkpt lat="24.12996768951416" lon="120.88018655776978">
        <ele>639.0</ele>
      </trkpt>
      <trkpt lat="24.12994623184204" lon="120.88027238845825">
        <ele>640.0</ele>
      </trkpt>
      <trkpt lat="24.12975311279297" lon="120.88061571121216">
        <ele>641.0</ele>
      </trkpt>
      <trkpt lat="24.129602909088135" lon="120.88076591491699">
        <ele>643.0</ele>
      </trkpt>
      <trkpt lat="24.129517078399658" lon="120.88083028793335">
        <ele>644.0</ele>
      </trkpt>
      <trkpt lat="24.128851890563965" lon="120.88115215301514">
        <ele>645.0</ele>
      </trkpt>
      <trkpt lat="24.12876605987549" lon="120.8812165260315">
        <ele>647.0</ele>
      </trkpt>
      <trkpt lat="24.128615856170654" lon="120.88134527206421">
        <ele>648.0</ele>
      </trkpt>
      <trkpt lat="24.128572940826416" lon="120.88147401809692">
        <ele>649.0</ele>
      </trkpt>
      <trkpt lat="24.128551483154297" lon="120.88162422180176">
        <ele>651.0</ele>
      </trkpt>
      <trkpt lat="24.128594398498535" lon="120.88173151016235">
        <ele>653.0</ele>
      </trkpt>
      <trkpt lat="24.128637313842773" lon="120.88177442550659">
        <ele>654.0</ele>
      </trkpt>
      <trkpt lat="24.12868022918701" lon="120.88177442550659">
        <ele>656.0</ele>
      </trkpt>
      <trkpt lat="24.128680313006043" lon="120.88177442550659">
        <ele>658.0</ele>
      </trkpt>
      <trkpt lat="24.128787517547607" lon="120.88173151016235">
        <ele>659.0</ele>
      </trkpt>
      <trkpt lat="24.129109382629395" lon="120.88130235671997">
        <ele>661.0</ele>
      </trkpt>
      <trkpt lat="24.12925958633423" lon="120.88123798370361">
        <ele>662.0</ele>
      </trkpt>
      <trkpt lat="24.129559993743896" lon="120.88115215301514">
        <ele>664.0</ele>
      </trkpt>
      <trkpt lat="24.12971019744873" lon="120.88108777999878">
        <ele>666.0</ele>
      </trkpt>
      <trkpt lat="24.13076162338257" lon="120.88016510009766">
        <ele>668.0</ele>
      </trkpt>
      <trkpt lat="24.130804538726807" lon="120.8801007270813">
        <ele>670.0</ele>
      </trkpt>
      <trkpt lat="24.130847454071045" lon="120.88003635406494">
        <ele>671.0</ele>
      </trkpt>
      <trkpt lat="24.130868911743164" lon="120.87992906570435">
        <ele>673.0</ele>
      </trkpt>
      <trkpt lat="24.130868911743164" lon="120.87984323501587">
        <ele>674.0</ele>
      </trkpt>
      <trkpt lat="24.130825996398926" lon="120.87977886199951">
        <ele>676.0</ele>
      </trkpt>
      <trkpt lat="24.130783081054688" lon="120.87969303131104">
        <ele>677.0</ele>
      </trkpt>
      <trkpt lat="24.130289554595947" lon="120.87917804718018">
        <ele>678.0</ele>
      </trkpt>
      <trkpt lat="24.13028963841498" lon="120.87917804718018">
        <ele>679.0</ele>
      </trkpt>
      <trkpt lat="24.130268096923828" lon="120.87911367416382">
        <ele>681.0</ele>
      </trkpt>
      <trkpt lat="24.130268096923828" lon="120.87904930114746">
        <ele>682.0</ele>
      </trkpt>
      <trkpt lat="24.130311012268066" lon="120.8789849281311">
        <ele>683.0</ele>
      </trkpt>
      <trkpt lat="24.130353927612305" lon="120.8789849281311">
        <ele>684.0</ele>
      </trkpt>
      <trkpt lat="24.130396842956543" lon="120.8789849281311">
        <ele>684.0</ele>
      </trkpt>
      <trkpt lat="24.13043975830078" lon="120.87900638580322">
        <ele>685.0</ele>
      </trkpt>
      <trkpt lat="24.13071870803833" lon="120.87934970855713">
        <ele>685.0</ele>
      </trkpt>
      <trkpt lat="24.130718791857362" lon="120.87934970855713">
        <ele>686.0</ele>
      </trkpt>
      <trkpt lat="24.131104946136475" lon="120.87967157363892">
        <ele>687.0</ele>
      </trkpt>
      <trkpt lat="24.131169319152832" lon="120.87982177734375">
        <ele>687.0</ele>
      </trkpt>
      <trkpt lat="24.13119077682495" lon="120.87997198104858">
        <ele>687.0</ele>
      </trkpt>
      <trkpt lat="24.13119077682495" lon="120.88007926940918">
        <ele>687.0</ele>
      </trkpt>
      <trkpt lat="24.131190860643983" lon="120.88007926940918">
        <ele>688.0</ele>
      </trkpt>
      <trkpt lat="24.13121223449707" lon="120.88035821914673">
        <ele>688.0</ele>
      </trkpt>
      <trkpt lat="24.13125514984131" lon="120.8804440498352">
        <ele>688.0</ele>
      </trkpt>
      <trkpt lat="24.131340980529785" lon="120.88057279586792">
        <ele>688.0</ele>
      </trkpt>
      <trkpt lat="24.131405353546143" lon="120.88059425354004">
        <ele>688.0</ele>
      </trkpt>
      <trkpt lat="24.1314697265625" lon="120.88061571121216">
        <ele>689.0</ele>
      </trkpt>
      <trkpt lat="24.13146981038153" lon="120.88061571121216">
        <ele>689.0</ele>
      </trkpt>
      <trkpt lat="24.131555557250977" lon="120.88059425354004">
        <ele>689.0</ele>
      </trkpt>
      <trkpt lat="24.131619930267334" lon="120.8805513381958">
        <ele>690.0</ele>
      </trkpt>
      <trkpt lat="24.131662845611572" lon="120.88048696517944">
        <ele>690.0</ele>
      </trkpt>
      <trkpt lat="24.13172721862793" lon="120.88040113449097">
        <ele>691.0</ele>
      </trkpt>
      <trkpt lat="24.131770133972168" lon="120.88029384613037">
        <ele>692.0</ele>
      </trkpt>
      <trkpt lat="24.131920337677002" lon="120.8796501159668">
        <ele>693.0</ele>
      </trkpt>
      <trkpt lat="24.13198471069336" lon="120.87949991226196">
        <ele>694.0</ele>
      </trkpt>
      <trkpt lat="24.13198479451239" lon="120.87949991226196">
        <ele>695.0</ele>
      </trkpt>
      <trkpt lat="24.132091999053955" lon="120.87928533554077">
        <ele>696.0</ele>
      </trkpt>
      <trkpt lat="24.132134914398193" lon="120.87922096252441">
        <ele>696.0</ele>
      </trkpt>
      <trkpt lat="24.13219928741455" lon="120.87870597839355">
        <ele>698.0</ele>
      </trkpt>
      <trkpt lat="24.132328033447266" lon="120.87844848632812">
        <ele>699.0</ele>
      </trkpt>
      <trkpt lat="24.132328033447266" lon="120.87838411331177">
        <ele>700.0</ele>
      </trkpt>
      <trkpt lat="24.132306575775146" lon="120.87831974029541">
        <ele>701.0</ele>
      </trkpt>
      <trkpt lat="24.132263660430908" lon="120.87829828262329">
        <ele>702.0</ele>
      </trkpt>
      <trkpt lat="24.13222074508667" lon="120.87829828262329">
        <ele>704.0</ele>
      </trkpt>
      <trkpt lat="24.132156372070312" lon="120.87831974029541">
        <ele>705.0</ele>
      </trkpt>
      <trkpt lat="24.132049083709717" lon="120.87846994400024">
        <ele>706.0</ele>
      </trkpt>
      <trkpt lat="24.13204916752875" lon="120.87846994400024">
        <ele>707.0</ele>
      </trkpt>
      <trkpt lat="24.131920337677002" lon="120.87859869003296">
        <ele>708.0</ele>
      </trkpt>
      <trkpt lat="24.131920421496034" lon="120.87859869003296">
        <ele>710.0</ele>
      </trkpt>
      <trkpt lat="24.131877422332764" lon="120.87868452072144">
        <ele>711.0</ele>
      </trkpt>
      <trkpt lat="24.13174867630005" lon="120.87894201278687">
        <ele>712.0</ele>
      </trkpt>
      <trkpt lat="24.13170576095581" lon="120.8789849281311">
        <ele>714.0</ele>
      </trkpt>
      <trkpt lat="24.131641387939453" lon="120.87900638580322">
        <ele>715.0</ele>
      </trkpt>
      <trkpt lat="24.131598472595215" lon="120.87900638580322">
        <ele>717.0</ele>
      </trkpt>
      <trkpt lat="24.131555557250977" lon="120.8789849281311">
        <ele>718.0</ele>
      </trkpt>
      <trkpt lat="24.13151264190674" lon="120.87889909744263">
        <ele>720.0</ele>
      </trkpt>
      <trkpt lat="24.131362438201904" lon="120.87846994400024">
        <ele>722.0</ele>
      </trkpt>
      <trkpt lat="24.131276607513428" lon="120.87834119796753">
        <ele>724.0</ele>
      </trkpt>
      <trkpt lat="24.131019115447998" lon="120.87812662124634">
        <ele>726.0</ele>
      </trkpt>
      <trkpt lat="24.130868911743164" lon="120.8780837059021">
        <ele>728.0</ele>
      </trkpt>
      <trkpt lat="24.13043975830078" lon="120.87793350219727">
        <ele>729.0</ele>
      </trkpt>
      <trkpt lat="24.130375385284424" lon="120.87789058685303">
        <ele>731.0</ele>
      </trkpt>
      <trkpt lat="24.130160808563232" lon="120.87765455245972">
        <ele>732.0</ele>
      </trkpt>
      <trkpt lat="24.130139350891113" lon="120.87761163711548">
        <ele>734.0</ele>
      </trkpt>
      <trkpt lat="24.130117893218994" lon="120.87754726409912">
        <ele>736.0</ele>
      </trkpt>
      <trkpt lat="24.130117893218994" lon="120.87746143341064">
        <ele>737.0</ele>
      </trkpt>
      <trkpt lat="24.130139350891113" lon="120.8774185180664">
        <ele>739.0</ele>
      </trkpt>
      <trkpt lat="24.130418300628662" lon="120.87716102600098">
        <ele>741.0</ele>
      </trkpt>
      <trkpt lat="24.130589962005615" lon="120.87692499160767">
        <ele>743.0</ele>
      </trkpt>
      <trkpt lat="24.130589962005615" lon="120.87683916091919">
        <ele>744.0</ele>
      </trkpt>
      <trkpt lat="24.130589962005615" lon="120.87675333023071">
        <ele>746.0</ele>
      </trkpt>
      <trkpt lat="24.130568504333496" lon="120.87668895721436">
        <ele>748.0</ele>
      </trkpt>
      <trkpt lat="24.130418300628662" lon="120.87623834609985">
        <ele>750.0</ele>
      </trkpt>
      <trkpt lat="24.130396842956543" lon="120.87598085403442">
        <ele>752.0</ele>
      </trkpt>
      <trkpt lat="24.130375385284424" lon="120.87591648101807">
        <ele>753.0</ele>
      </trkpt>
      <trkpt lat="24.130332469940186" lon="120.87587356567383">
        <ele>755.0</ele>
      </trkpt>
      <trkpt lat="24.130289554595947" lon="120.87585210800171">
        <ele>756.0</ele>
      </trkpt>
      <trkpt lat="24.129817485809326" lon="120.875723361969">
        <ele>757.0</ele>
      </trkpt>
      <trkpt lat="24.129409790039062" lon="120.87546586990356">
        <ele>758.0</ele>
      </trkpt>
      <trkpt lat="24.129323959350586" lon="120.87544441223145">
        <ele>760.0</ele>
      </trkpt>
      <trkpt lat="24.12868022918701" lon="120.87542295455933">
        <ele>760.0</ele>
      </trkpt>
      <trkpt lat="24.128615856170654" lon="120.87538003921509">
        <ele>761.0</ele>
      </trkpt>
      <trkpt lat="24.128572940826416" lon="120.87529420852661">
        <ele>762.0</ele>
      </trkpt>
      <trkpt lat="24.128551483154297" lon="120.8751654624939">
        <ele>763.0</ele>
      </trkpt>
      <trkpt lat="24.128551483154297" lon="120.87488651275635">
        <ele>764.0</ele>
      </trkpt>
      <trkpt lat="24.12855156697333" lon="120.87488651275635">
        <ele>765.0</ele>
      </trkpt>
      <trkpt lat="24.128615856170654" lon="120.8747148513794">
        <ele>766.0</ele>
      </trkpt>
      <trkpt lat="24.128787517547607" lon="120.87452173233032">
        <ele>768.0</ele>
      </trkpt>
      <trkpt lat="24.12893772125244" lon="120.87422132492065">
        <ele>769.0</ele>
      </trkpt>
      <trkpt lat="24.12895917892456" lon="120.87417840957642">
        <ele>770.0</ele>
      </trkpt>
      <trkpt lat="24.129023551940918" lon="120.8741569519043">
        <ele>771.0</ele>
      </trkpt>
      <trkpt lat="24.129323959350586" lon="120.87411403656006">
        <ele>772.0</ele>
      </trkpt>
      <trkpt lat="24.12943124771118" lon="120.87407112121582">
        <ele>773.0</ele>
      </trkpt>
      <trkpt lat="24.12947416305542" lon="120.87398529052734">
        <ele>774.0</ele>
      </trkpt>
      <trkpt lat="24.129624366760254" lon="120.87351322174072">
        <ele>775.0</ele>
      </trkpt>
      <trkpt lat="24.129645824432373" lon="120.87347030639648">
        <ele>776.0</ele>
      </trkpt>
      <trkpt lat="24.12968873977661" lon="120.87342739105225">
        <ele>777.0</ele>
      </trkpt>
      <trkpt lat="24.129817485809326" lon="120.87342739105225">
        <ele>778.0</ele>
      </trkpt>
      <trkpt lat="24.12994623184204" lon="120.87351322174072">
        <ele>779.0</ele>
      </trkpt>
      <trkpt lat="24.12996768951416" lon="120.8735990524292">
        <ele>780.0</ele>
      </trkpt>
      <trkpt lat="24.12994623184204" lon="120.87364196777344">
        <ele>781.0</ele>
      </trkpt>
      <trkpt lat="24.129796028137207" lon="120.87383508682251">
        <ele>782.0</ele>
      </trkpt>
      <trkpt lat="24.129667282104492" lon="120.87413549423218">
        <ele>782.0</ele>
      </trkpt>
      <trkpt lat="24.12943124771118" lon="120.87437152862549">
        <ele>783.0</ele>
      </trkpt>
      <trkpt lat="24.129323959350586" lon="120.8745002746582">
        <ele>784.0</ele>
      </trkpt>
      <trkpt lat="24.129323959350586" lon="120.87458610534668">
        <ele>785.0</ele>
      </trkpt>
      <trkpt lat="24.129323959350586" lon="120.87480068206787">
        <ele>786.0</ele>
      </trkpt>
      <trkpt lat="24.129323959350586" lon="120.87486505508423">
        <ele>787.0</ele>
      </trkpt>
      <trkpt lat="24.129345417022705" lon="120.87492942810059">
        <ele>788.0</ele>
      </trkpt>
      <trkpt lat="24.129388332366943" lon="120.87497234344482">
        <ele>789.0</ele>
      </trkpt>
      <trkpt lat="24.12947416305542" lon="120.87499380111694">
        <ele>790.0</ele>
      </trkpt>
      <trkpt lat="24.13020372390747" lon="120.87507963180542">
        <ele>791.0</ele>
      </trkpt>
      <trkpt lat="24.130375385284424" lon="120.87512254714966">
        <ele>793.0</ele>
      </trkpt>
      <trkpt lat="24.1304612159729" lon="120.8751654624939">
        <ele>794.0</ele>
      </trkpt>
      <trkpt lat="24.130868911743164" lon="120.87544441223145">
        <ele>795.0</ele>
      </trkpt>
      <trkpt lat="24.13095474243164" lon="120.8755087852478">
        <ele>796.0</ele>
      </trkpt>
      <trkpt lat="24.13125514984131" lon="120.87587356567383">
        <ele>798.0</ele>
      </trkpt>
      <trkpt lat="24.131770133972168" lon="120.87621688842773">
        <ele>799.0</ele>
      </trkpt>
      <trkpt lat="24.131898880004883" lon="120.87628126144409">
        <ele>801.0</ele>
      </trkpt>
      <trkpt lat="24.131898963823915" lon="120.87628126144409">
        <ele>802.0</ele>
      </trkpt>
      <trkpt lat="24.13196325302124" lon="120.87625980377197">
        <ele>804.0</ele>
      </trkpt>
      <trkpt lat="24.13200616836548" lon="120.87621688842773">
        <ele>806.0</ele>
      </trkpt>
      <trkpt lat="24.132628440856934" lon="120.87559461593628">
        <ele>808.0</ele>
      </trkpt>
      <trkpt lat="24.13271427154541" lon="120.87544441223145">
        <ele>809.0</ele>
      </trkpt>
      <trkpt lat="24.13275718688965" lon="120.87529420852661">
        <ele>811.0</ele>
      </trkpt>
      <trkpt lat="24.13275727070868" lon="120.87529420852661">
        <ele>813.0</ele>
      </trkpt>
      <trkpt lat="24.132864475250244" lon="120.87501525878906">
        <ele>816.0</ele>
      </trkpt>
      <trkpt lat="24.132864559069276" lon="120.87501525878906">
        <ele>817.0</ele>
      </trkpt>
      <trkpt lat="24.132907390594482" lon="120.8749508857727">
        <ele>819.0</ele>
      </trkpt>
      <trkpt lat="24.13295030593872" lon="120.87490797042847">
        <ele>821.0</ele>
      </trkpt>
      <trkpt lat="24.133014678955078" lon="120.87488651275635">
        <ele>823.0</ele>
      </trkpt>
      <trkpt lat="24.13318634033203" lon="120.87488651275635">
        <ele>825.0</ele>
      </trkpt>
      <trkpt lat="24.13367986679077" lon="120.87499380111694">
        <ele>827.0</ele>
      </trkpt>
      <trkpt lat="24.133765697479248" lon="120.87499380111694">
        <ele>829.0</ele>
      </trkpt>
      <trkpt lat="24.133872985839844" lon="120.8749508857727">
        <ele>831.0</ele>
      </trkpt>
      <trkpt lat="24.134044647216797" lon="120.87486505508423">
        <ele>833.0</ele>
      </trkpt>
      <trkpt lat="24.13417339324951" lon="120.87475776672363">
        <ele>835.0</ele>
      </trkpt>
      <trkpt lat="24.134366512298584" lon="120.87428569793701">
        <ele>837.0</ele>
      </trkpt>
      <trkpt lat="24.13443088531494" lon="120.87419986724854">
        <ele>839.0</ele>
      </trkpt>
      <trkpt lat="24.1344952583313" lon="120.87413549423218">
        <ele>841.0</ele>
      </trkpt>
      <trkpt lat="24.134602546691895" lon="120.87411403656006">
        <ele>843.0</ele>
      </trkpt>
      <trkpt lat="24.134602630510926" lon="120.87411403656006">
        <ele>844.0</ele>
      </trkpt>
      <trkpt lat="24.134795665740967" lon="120.87409257888794">
        <ele>846.0</ele>
      </trkpt>
      <trkpt lat="24.134881496429443" lon="120.87411403656006">
        <ele>847.0</ele>
      </trkpt>
      <trkpt lat="24.135117530822754" lon="120.87426424026489">
        <ele>848.0</ele>
      </trkpt>
      <trkpt lat="24.13520336151123" lon="120.87432861328125">
        <ele>849.0</ele>
      </trkpt>
      <trkpt lat="24.135890007019043" lon="120.87525129318237">
        <ele>850.0</ele>
      </trkpt>
      <trkpt lat="24.135911464691162" lon="120.87529420852661">
        <ele>851.0</ele>
      </trkpt>
      <trkpt lat="24.13593292236328" lon="120.87538003921509">
        <ele>852.0</ele>
      </trkpt>
      <trkpt lat="24.135825634002686" lon="120.87580919265747">
        <ele>853.0</ele>
      </trkpt>
      <trkpt lat="24.135804176330566" lon="120.87593793869019">
        <ele>854.0</ele>
      </trkpt>
      <trkpt lat="24.135804176330566" lon="120.87604522705078">
        <ele>854.0</ele>
      </trkpt>
      <trkpt lat="24.135847091674805" lon="120.87613105773926">
        <ele>855.0</ele>
      </trkpt>
      <trkpt lat="24.135868549346924" lon="120.87619543075562">
        <ele>856.0</ele>
      </trkpt>
      <trkpt lat="24.135911464691162" lon="120.87623834609985">
        <ele>857.0</ele>
      </trkpt>
      <trkpt lat="24.13597583770752" lon="120.87628126144409">
        <ele>858.0</ele>
      </trkpt>
      <trkpt lat="24.136040210723877" lon="120.87628126144409">
        <ele>859.0</ele>
      </trkpt>
      <trkpt lat="24.136126041412354" lon="120.87628126144409">
        <ele>860.0</ele>
      </trkpt>
      <trkpt lat="24.136297702789307" lon="120.87621688842773">
        <ele>862.0</ele>
      </trkpt>
      <trkpt lat="24.13644790649414" lon="120.87619543075562">
        <ele>863.0</ele>
      </trkpt>
      <trkpt lat="24.136791229248047" lon="120.87636709213257">
        <ele>864.0</ele>
      </trkpt>
      <trkpt lat="24.137113094329834" lon="120.8764100074768">
        <ele>865.0</ele>
      </trkpt>
      <trkpt lat="24.137263298034668" lon="120.87638854980469">
        <ele>866.0</ele>
      </trkpt>
      <trkpt lat="24.137306213378906" lon="120.87636709213257">
        <ele>867.0</ele>
      </trkpt>
      <trkpt lat="24.137349128723145" lon="120.87630271911621">
        <ele>868.0</ele>
      </trkpt>
      <trkpt lat="24.13747787475586" lon="120.8760666847229">
        <ele>869.0</ele>
      </trkpt>
      <trkpt lat="24.137628078460693" lon="120.87587356567383">
        <ele>870.0</ele>
      </trkpt>
      <trkpt lat="24.137756824493408" lon="120.87574481964111">
        <ele>872.0</ele>
      </trkpt>
      <trkpt lat="24.13844347000122" lon="120.87544441223145">
        <ele>874.0</ele>
      </trkpt>
      <trkpt lat="24.138529300689697" lon="120.87544441223145">
        <ele>875.0</ele>
      </trkpt>
      <trkpt lat="24.138593673706055" lon="120.87544441223145">
        <ele>876.0</ele>
      </trkpt>
      <trkpt lat="24.138636589050293" lon="120.8755087852478">
        <ele>876.0</ele>
      </trkpt>
      <trkpt lat="24.138786792755127" lon="120.87580919265747">
        <ele>876.0</ele>
      </trkpt>
      <trkpt lat="24.138851165771484" lon="120.87587356567383">
        <ele>877.0</ele>
      </trkpt>
      <trkpt lat="24.138915538787842" lon="120.87591648101807">
        <ele>877.0</ele>
      </trkpt>
      <trkpt lat="24.139151573181152" lon="120.87600231170654">
        <ele>878.0</ele>
      </trkpt>
      <trkpt lat="24.13921594619751" lon="120.87604522705078">
        <ele>878.0</ele>
      </trkpt>
      <trkpt lat="24.139258861541748" lon="120.87610960006714">
        <ele>878.0</ele>
      </trkpt>
      <trkpt lat="24.139366233721375" lon="120.87638854980469">
        <ele>878.0</ele>
      </trkpt>
      <trkpt lat="24.139409065246582" lon="120.87645292282104">
        <ele>878.0</ele>
      </trkpt>
      <trkpt lat="24.13949489593506" lon="120.87647438049316">
        <ele>877.0</ele>
      </trkpt>
      <trkpt lat="24.139580726623535" lon="120.87649583816528">
        <ele>877.0</ele>
      </trkpt>
      <trkpt lat="24.13968801498413" lon="120.87645292282104">
        <ele>876.0</ele>
      </trkpt>
      <trkpt lat="24.13975238800049" lon="120.8764100074768">
        <ele>876.0</ele>
      </trkpt>
      <trkpt lat="24.139838218688965" lon="120.87632417678833">
        <ele>875.0</ele>
      </trkpt>
      <trkpt lat="24.140117168426514" lon="120.87600231170654">
        <ele>874.0</ele>
      </trkpt>
      <trkpt lat="24.14020299911499" lon="120.87593793869019">
        <ele>873.0</ele>
      </trkpt>
      <trkpt lat="24.140288829803467" lon="120.87587356567383">
        <ele>872.0</ele>
      </trkpt>
      <trkpt lat="24.140374744310975" lon="120.87585210800171">
        <ele>871.0</ele>
      </trkpt>
      <trkpt lat="24.140567779541016" lon="120.87585210800171">
        <ele>870.0</ele>
      </trkpt>
      <trkpt lat="24.140632152557373" lon="120.87587356567383">
        <ele>869.0</ele>
      </trkpt>
      <trkpt lat="24.140782356262207" lon="120.8759593963623">
        <ele>868.0</ele>
      </trkpt>
      <trkpt lat="24.140889644622803" lon="120.87598085403442">
        <ele>866.0</ele>
      </trkpt>
      <trkpt lat="24.140889728441834" lon="120.87598085403442">
        <ele>865.0</ele>
      </trkpt>
      <trkpt lat="24.14093255996704" lon="120.87598085403442">
        <ele>864.0</ele>
      </trkpt>
      <trkpt lat="24.1409969329834" lon="120.87593793869019">
        <ele>863.0</ele>
      </trkpt>
      <trkpt lat="24.141039848327637" lon="120.87583065032959">
        <ele>861.0</ele>
      </trkpt>
      <trkpt lat="24.141061305999756" lon="120.87570190429688">
        <ele>860.0</ele>
      </trkpt>
      <trkpt lat="24.141082763671875" lon="120.87563753128052">
        <ele>859.0</ele>
      </trkpt>
      <trkpt lat="24.141125679016113" lon="120.87557315826416">
        <ele>858.0</ele>
      </trkpt>
      <trkpt lat="24.14149045944214" lon="120.87529420852661">
        <ele>856.0</ele>
      </trkpt>
      <trkpt lat="24.141554832458496" lon="120.87525129318237">
        <ele>855.0</ele>
      </trkpt>
      <trkpt lat="24.141619205474854" lon="120.87527275085449">
        <ele>854.0</ele>
      </trkpt>
      <trkpt lat="24.14168357849121" lon="120.87531566619873">
        <ele>853.0</ele>
      </trkpt>
      <trkpt lat="24.141876697540283" lon="120.87563753128052">
        <ele>851.0</ele>
      </trkpt>
      <trkpt lat="24.14191961288452" lon="120.87565898895264">
        <ele>850.0</ele>
      </trkpt>
      <trkpt lat="24.142005443572998" lon="120.87565898895264">
        <ele>849.0</ele>
      </trkpt>
      <trkpt lat="24.142069816589355" lon="120.87563753128052">
        <ele>848.0</ele>
      </trkpt>
      <trkpt lat="24.142262935638428" lon="120.87548732757568">
        <ele>847.0</ele>
      </trkpt>
      <trkpt lat="24.142520427703857" lon="120.87544441223145">
        <ele>846.0</ele>
      </trkpt>
      <trkpt lat="24.142584800720215" lon="120.87544441223145">
        <ele>845.0</ele>
      </trkpt>
      <trkpt lat="24.14267063140869" lon="120.87548732757568">
        <ele>844.0</ele>
      </trkpt>
      <trkpt lat="24.142820835113525" lon="120.8756160736084">
        <ele>842.0</ele>
      </trkpt>
      <trkpt lat="24.142885208129883" lon="120.87565898895264">
        <ele>841.0</ele>
      </trkpt>
      <trkpt lat="24.14297103881836" lon="120.87565898895264">
        <ele>841.0</ele>
      </trkpt>
      <trkpt lat="24.143056869506836" lon="120.87563753128052">
        <ele>840.0</ele>
      </trkpt>
      <trkpt lat="24.143314361572266" lon="120.87548732757568">
        <ele>839.0</ele>
      </trkpt>
      <trkpt lat="24.143400192260742" lon="120.87544441223145">
        <ele>839.0</ele>
      </trkpt>
      <trkpt lat="24.143400276079774" lon="120.87544441223145">
        <ele>838.0</ele>
      </trkpt>
      <trkpt lat="24.14348602294922" lon="120.87544441223145">
        <ele>837.0</ele>
      </trkpt>
      <trkpt lat="24.143550395965576" lon="120.87546586990356">
        <ele>837.0</ele>
      </trkpt>
      <trkpt lat="24.143593311309814" lon="120.8755087852478">
        <ele>836.0</ele>
      </trkpt>
      <trkpt lat="24.14370059967041" lon="120.875723361969">
        <ele>835.0</ele>
      </trkpt>
      <trkpt lat="24.143764972686768" lon="120.87591648101807">
        <ele>835.0</ele>
      </trkpt>
      <trkpt lat="24.143807888031006" lon="120.87600231170654">
        <ele>834.0</ele>
      </trkpt>
      <trkpt lat="24.143872261047363" lon="120.8760666847229">
        <ele>834.0</ele>
      </trkpt>
      <trkpt lat="24.14395809173584" lon="120.87608814239502">
        <ele>833.0</ele>
      </trkpt>
      <trkpt lat="24.144151210784912" lon="120.87608814239502">
        <ele>833.0</ele>
      </trkpt>
      <trkpt lat="24.144408702850342" lon="120.87602376937866">
        <ele>833.0</ele>
      </trkpt>
      <trkpt lat="24.144537448883057" lon="120.87600231170654">
        <ele>832.0</ele>
      </trkpt>
      <trkpt lat="24.144902229309082" lon="120.87604522705078">
        <ele>832.0</ele>
      </trkpt>
      <trkpt lat="24.144902313128114" lon="120.87604522705078">
        <ele>831.0</ele>
      </trkpt>
      <trkpt lat="24.145116806030273" lon="120.87610960006714">
        <ele>831.0</ele>
      </trkpt>
      <trkpt lat="24.14522409439087" lon="120.87613105773926">
        <ele>830.0</ele>
      </trkpt>
      <trkpt lat="24.145288467407227" lon="120.87613105773926">
        <ele>830.0</ele>
      </trkpt>
      <trkpt lat="24.145567417144775" lon="120.87604522705078">
        <ele>829.0</ele>
      </trkpt>
      <trkpt lat="24.145781993865967" lon="120.87602376937866">
        <ele>829.0</ele>
      </trkpt>
      <trkpt lat="24.145867824554443" lon="120.87604522705078">
        <ele>828.0</ele>
      </trkpt>
      <trkpt lat="24.1459321975708" lon="120.87608814239502">
        <ele>827.0</ele>
      </trkpt>
      <trkpt lat="24.14621114730835" lon="120.87632417678833">
        <ele>827.0</ele>
      </trkpt>
      <trkpt lat="24.146318519487977" lon="120.87647438049316">
        <ele>826.0</ele>
      </trkpt>
      <trkpt lat="24.146404266357422" lon="120.87656021118164">
        <ele>825.0</ele>
      </trkpt>
      <trkpt lat="24.14646863937378" lon="120.87658166885376">
        <ele>824.0</ele>
      </trkpt>
      <trkpt lat="24.14668321609497" lon="120.87664604187012">
        <ele>823.0</ele>
      </trkpt>
      <trkpt lat="24.146747589111328" lon="120.87668895721436">
        <ele>822.0</ele>
      </trkpt>
      <trkpt lat="24.1469407081604" lon="120.87686061859131">
        <ele>820.0</ele>
      </trkpt>
      <trkpt lat="24.14700516499579" lon="120.87690353393555">
        <ele>819.0</ele>
      </trkpt>
      <trkpt lat="24.147090995684266" lon="120.87694644927979">
        <ele>817.0</ele>
      </trkpt>
      <trkpt lat="24.148271083831787" lon="120.8776330947876">
        <ele>815.0</ele>
      </trkpt>
      <trkpt lat="24.148335456848145" lon="120.87769746780396">
        <ele>813.0</ele>
      </trkpt>
      <trkpt lat="24.148571491241455" lon="120.87799787521362">
        <ele>810.0</ele>
      </trkpt>
      <trkpt lat="24.148635864257812" lon="120.87804079055786">
        <ele>808.0</ele>
      </trkpt>
      <trkpt lat="24.14876469410956" lon="120.87804079055786">
        <ele>806.0</ele>
      </trkpt>
      <trkpt lat="24.148807525634766" lon="120.87799787521362">
        <ele>803.0</ele>
      </trkpt>
      <trkpt lat="24.1492582205683" lon="120.87754726409912">
        <ele>801.0</ele>
      </trkpt>
      <trkpt lat="24.149386882781982" lon="120.8774185180664">
        <ele>798.0</ele>
      </trkpt>
      <trkpt lat="24.149515628814697" lon="120.87733268737793">
        <ele>795.0</ele>
      </trkpt>
      <trkpt lat="24.15020235814154" lon="120.87698936462402">
        <ele>793.0</ele>
      </trkpt>
      <trkpt lat="24.15073871612549" lon="120.87688207626343">
        <ele>790.0</ele>
      </trkpt>
      <trkpt lat="24.150824546813965" lon="120.87688207626343">
        <ele>787.0</ele>
      </trkpt>
      <trkpt lat="24.1509747505188" lon="120.87692499160767">
        <ele>784.0</ele>
      </trkpt>
      <trkpt lat="24.151082122698426" lon="120.87698936462402">
        <ele>781.0</ele>
      </trkpt>
      <trkpt lat="24.151360988616943" lon="120.87713956832886">
        <ele>778.0</ele>
      </trkpt>
      <trkpt lat="24.15168285369873" lon="120.87720394134521">
        <ele>775.0</ele>
      </trkpt>
      <trkpt lat="24.152841567993164" lon="120.87761163711548">
        <ele>772.0</ele>
      </trkpt>
      <trkpt lat="24.15290594100952" lon="120.8776330947876">
        <ele>768.0</ele>
      </trkpt>
      <trkpt lat="24.152991771697998" lon="120.8776330947876">
        <ele>765.0</ele>
      </trkpt>
      <trkpt lat="24.153141975402832" lon="120.87754726409912">
        <ele>763.0</ele>
      </trkpt>
      <trkpt lat="24.153399551287293" lon="120.87731122970581">
        <ele>760.0</ele>
      </trkpt>
      <trkpt lat="24.153807163238525" lon="120.87705373764038">
        <ele>757.0</ele>
      </trkpt>
      <trkpt lat="24.154107570648193" lon="120.87686061859131">
        <ele>754.0</ele>
      </trkpt>
      <trkpt lat="24.154236316680908" lon="120.87679624557495">
        <ele>751.0</ele>
      </trkpt>
      <trkpt lat="24.15442943572998" lon="120.87677478790283">
        <ele>748.0</ele>
      </trkpt>
      <trkpt lat="24.15447235107422" lon="120.87675333023071">
        <ele>746.0</ele>
      </trkpt>
      <trkpt lat="24.15468692779541" lon="120.87647438049316">
        <ele>744.0</ele>
      </trkpt>
      <trkpt lat="24.154751300811768" lon="120.87643146514893">
        <ele>741.0</ele>
      </trkpt>
      <trkpt lat="24.15515899658203" lon="120.87630271911621">
        <ele>739.0</ele>
      </trkpt>
      <trkpt lat="24.15550240315497" lon="120.87608814239502">
        <ele>737.0</ele>
      </trkpt>
      <trkpt lat="24.155588150024414" lon="120.87600231170654">
        <ele>735.0</ele>
      </trkpt>
      <trkpt lat="24.155738353729248" lon="120.875723361969">
        <ele>733.0</ele>
      </trkpt>
      <trkpt lat="24.155759811401367" lon="120.87563753128052">
        <ele>731.0</ele>
      </trkpt>
      <trkpt lat="24.155738353729248" lon="120.87557315826416">
        <ele>730.0</ele>
      </trkpt>
      <trkpt lat="24.15569552220404" lon="120.8755087852478">
        <ele>729.0</ele>
      </trkpt>
      <trkpt lat="24.15565252304077" lon="120.87548732757568">
        <ele>727.0</ele>
      </trkpt>
      <trkpt lat="24.155588150024414" lon="120.87546586990356">
        <ele>726.0</ele>
      </trkpt>
      <trkpt lat="24.155502319335938" lon="120.87548732757568">
        <ele>725.0</ele>
      </trkpt>
      <trkpt lat="24.15518045425415" lon="120.87576627731323">
        <ele>724.0</ele>
      </trkpt>
      <trkpt lat="24.155094623565674" lon="120.87580919265747">
        <ele>723.0</ele>
      </trkpt>
      <trkpt lat="24.15468692779541" lon="120.8759593963623">
        <ele>722.0</ele>
      </trkpt>
      <trkpt lat="24.154601097106934" lon="120.87598085403442">
        <ele>721.0</ele>
      </trkpt>
      <trkpt lat="24.154536724090576" lon="120.8759593963623">
        <ele>720.0</ele>
      </trkpt>
      <trkpt lat="24.1544508934021" lon="120.87591648101807">
        <ele>719.0</ele>
      </trkpt>
      <trkpt lat="24.154129028320312" lon="120.87559461593628">
        <ele>718.0</ele>
      </trkpt>
      <trkpt lat="24.154064655303955" lon="120.87546586990356">
        <ele>717.0</ele>
      </trkpt>
      <trkpt lat="24.154000282287598" lon="120.87533712387085">
        <ele>715.0</ele>
      </trkpt>
      <trkpt lat="24.153742790222168" lon="120.87467193603516">
        <ele>714.0</ele>
      </trkpt>
      <trkpt lat="24.15369987487793" lon="120.8746075630188">
        <ele>713.0</ele>
      </trkpt>
      <trkpt lat="24.153635501861572" lon="120.87456464767456">
        <ele>712.0</ele>
      </trkpt>
      <trkpt lat="24.153571212664247" lon="120.87456464767456">
        <ele>711.0</ele>
      </trkpt>
      <trkpt lat="24.15348538197577" lon="120.87456464767456">
        <ele>710.0</ele>
      </trkpt>
      <trkpt lat="24.153356552124023" lon="120.87454319000244">
        <ele>708.0</ele>
      </trkpt>
      <trkpt lat="24.153270721435547" lon="120.87452173233032">
        <ele>707.0</ele>
      </trkpt>
      <trkpt lat="24.15322780609131" lon="120.87447881698608">
        <ele>706.0</ele>
      </trkpt>
      <trkpt lat="24.15320634841919" lon="120.87441444396973">
        <ele>705.0</ele>
      </trkpt>
      <trkpt lat="24.153056144714355" lon="120.87362051010132">
        <ele>703.0</ele>
      </trkpt>
      <trkpt lat="24.15297031402588" lon="120.87334156036377">
        <ele>702.0</ele>
      </trkpt>
      <trkpt lat="24.15292739868164" lon="120.87327718734741">
        <ele>701.0</ele>
      </trkpt>
      <trkpt lat="24.152863025665283" lon="120.87323427200317">
        <ele>699.0</ele>
      </trkpt>
      <trkpt lat="24.152798652648926" lon="120.87323427200317">
        <ele>698.0</ele>
      </trkpt>
      <trkpt lat="24.15273427963257" lon="120.8732557296753">
        <ele>697.0</ele>
      </trkpt>
      <trkpt lat="24.152519702911377" lon="120.87344884872437">
        <ele>696.0</ele>
      </trkpt>
      <trkpt lat="24.152369499206543" lon="120.87355613708496">
        <ele>696.0</ele>
      </trkpt>
      <trkpt lat="24.152004718780518" lon="120.87368488311768">
        <ele>694.0</ele>
      </trkpt>
      <trkpt lat="24.15191888809204" lon="120.8737063407898">
        <ele>693.0</ele>
      </trkpt>
      <trkpt lat="24.151833141222596" lon="120.8737063407898">
        <ele>692.0</ele>
      </trkpt>
      <trkpt lat="24.15172576904297" lon="120.87368488311768">
        <ele>692.0</ele>
      </trkpt>
      <trkpt lat="24.15166139602661" lon="120.87362051010132">
        <ele>691.0</ele>
      </trkpt>
      <trkpt lat="24.151597023010254" lon="120.87353467941284">
        <ele>690.0</ele>
      </trkpt>
      <trkpt lat="24.151554107666016" lon="120.87342739105225">
        <ele>689.0</ele>
      </trkpt>
      <trkpt lat="24.151532649993896" lon="120.87319135665894">
        <ele>687.0</ele>
      </trkpt>
      <trkpt lat="24.151532733812928" lon="120.87289094924927">
        <ele>686.0</ele>
      </trkpt>
      <trkpt lat="24.151532649993896" lon="120.87271928787231">
        <ele>685.0</ele>
      </trkpt>
      <trkpt lat="24.151532733812928" lon="120.87271928787231">
        <ele>685.0</ele>
      </trkpt>
      <trkpt lat="24.151532649993896" lon="120.87244033813477">
        <ele>684.0</ele>
      </trkpt>
      <trkpt lat="24.151511192321777" lon="120.87235450744629">
        <ele>683.0</ele>
      </trkpt>
      <trkpt lat="24.15146827697754" lon="120.87229013442993">
        <ele>682.0</ele>
      </trkpt>
      <trkpt lat="24.15140390396118" lon="120.8722472190857">
        <ele>682.0</ele>
      </trkpt>
      <trkpt lat="24.151339530944824" lon="120.8722472190857">
        <ele>682.0</ele>
      </trkpt>
      <trkpt lat="24.151275157928467" lon="120.87226867675781">
        <ele>681.0</ele>
      </trkpt>
      <trkpt lat="24.15095329284668" lon="120.87252616882324">
        <ele>681.0</ele>
      </trkpt>
      <trkpt lat="24.15073871612549" lon="120.8725905418396">
        <ele>681.0</ele>
      </trkpt>
      <trkpt lat="24.15067434310913" lon="120.87263345718384">
        <ele>681.0</ele>
      </trkpt>
      <trkpt lat="24.150631427764893" lon="120.87267637252808">
        <ele>681.0</ele>
      </trkpt>
      <trkpt lat="24.150588512420654" lon="120.87274074554443">
        <ele>681.0</ele>
      </trkpt>
      <trkpt lat="24.150545597076416" lon="120.87301969528198">
        <ele>681.0</ele>
      </trkpt>
      <trkpt lat="24.150524139404297" lon="120.87308406829834">
        <ele>682.0</ele>
      </trkpt>
      <trkpt lat="24.15048122406006" lon="120.87312698364258">
        <ele>682.0</ele>
      </trkpt>
      <trkpt lat="24.1504168510437" lon="120.87312698364258">
        <ele>681.0</ele>
      </trkpt>
      <trkpt lat="24.150352478027344" lon="120.87312698364258">
        <ele>681.0</ele>
      </trkpt>
      <trkpt lat="24.150309562683105" lon="120.87308406829834">
        <ele>681.0</ele>
      </trkpt>
      <trkpt lat="24.1499662399292" lon="120.87241888046265">
        <ele>681.0</ele>
      </trkpt>
      <trkpt lat="24.14994478225708" lon="120.87226867675781">
        <ele>681.0</ele>
      </trkpt>
      <trkpt lat="24.14998769760132" lon="120.87177515029907">
        <ele>680.0</ele>
      </trkpt>
      <trkpt lat="24.1499662399292" lon="120.87171077728271">
        <ele>680.0</ele>
      </trkpt>
      <trkpt lat="24.14994478225708" lon="120.87164640426636">
        <ele>680.0</ele>
      </trkpt>
      <trkpt lat="24.149901866912842" lon="120.87160348892212">
        <ele>680.0</ele>
      </trkpt>
      <trkpt lat="24.149837493896484" lon="120.87158203125">
        <ele>680.0</ele>
      </trkpt>
      <trkpt lat="24.149773120880127" lon="120.87158203125">
        <ele>680.0</ele>
      </trkpt>
      <trkpt lat="24.14970874786377" lon="120.87160348892212">
        <ele>680.0</ele>
      </trkpt>
      <trkpt lat="24.149365425109863" lon="120.87186098098755">
        <ele>681.0</ele>
      </trkpt>
      <trkpt lat="24.14923667907715" lon="120.87190389633179">
        <ele>681.0</ele>
      </trkpt>
      <trkpt lat="24.14917230606079" lon="120.87190389633179">
        <ele>682.0</ele>
      </trkpt>
      <trkpt lat="24.149107933044434" lon="120.87186098098755">
        <ele>682.0</ele>
      </trkpt>
      <trkpt lat="24.149000644683838" lon="120.87166786193848">
        <ele>682.0</ele>
      </trkpt>
      <trkpt lat="24.14900072850287" lon="120.87166786193848">
        <ele>682.0</ele>
      </trkpt>
      <trkpt lat="24.14893627166748" lon="120.87162494659424">
        <ele>682.0</ele>
      </trkpt>
      <trkpt lat="24.148871898651123" lon="120.87160348892212">
        <ele>682.0</ele>
      </trkpt>
      <trkpt lat="24.148807525634766" lon="120.87160348892212">
        <ele>682.0</ele>
      </trkpt>
      <trkpt lat="24.14872169494629" lon="120.87162494659424">
        <ele>683.0</ele>
      </trkpt>
      <trkpt lat="24.14846420288086" lon="120.87177515029907">
        <ele>683.0</ele>
      </trkpt>
      <trkpt lat="24.14820671081543" lon="120.87190389633179">
        <ele>684.0</ele>
      </trkpt>
      <trkpt lat="24.148120880126953" lon="120.8719253540039">
        <ele>684.0</ele>
      </trkpt>
      <trkpt lat="24.148035049438477" lon="120.87190389633179">
        <ele>684.0</ele>
      </trkpt>
      <trkpt lat="24.147841930389404" lon="120.87183952331543">
        <ele>684.0</ele>
      </trkpt>
      <trkpt lat="24.14771318435669" lon="120.87181806564331">
        <ele>684.0</ele>
      </trkpt>
      <trkpt lat="24.147648811340332" lon="120.87183952331543">
        <ele>684.0</ele>
      </trkpt>
      <trkpt lat="24.147498607635498" lon="120.87194681167603">
        <ele>684.0</ele>
      </trkpt>
      <trkpt lat="24.14741277694702" lon="120.87196826934814">
        <ele>685.0</ele>
      </trkpt>
      <trkpt lat="24.147305488586426" lon="120.87196826934814">
        <ele>685.0</ele>
      </trkpt>
      <trkpt lat="24.14724111557007" lon="120.87196826934814">
        <ele>685.0</ele>
      </trkpt>
      <trkpt lat="24.147112369537354" lon="120.87188243865967">
        <ele>685.0</ele>
      </trkpt>
      <trkpt lat="24.147005081176758" lon="120.87162494659424">
        <ele>684.0</ele>
      </trkpt>
      <trkpt lat="24.14698362350464" lon="120.87158203125">
        <ele>684.0</ele>
      </trkpt>
      <trkpt lat="24.146747589111328" lon="120.87138891220093">
        <ele>685.0</ele>
      </trkpt>
      <trkpt lat="24.146511554718018" lon="120.87115287780762">
        <ele>685.0</ele>
      </trkpt>
      <trkpt lat="24.146382808685303" lon="120.87110996246338">
        <ele>685.0</ele>
      </trkpt>
      <trkpt lat="24.14616823196411" lon="120.8711314201355">
        <ele>685.0</ele>
      </trkpt>
      <trkpt lat="24.14597511291504" lon="120.8711314201355">
        <ele>685.0</ele>
      </trkpt>
      <trkpt lat="24.145889282226562" lon="120.87106704711914">
        <ele>685.0</ele>
      </trkpt>
      <trkpt lat="24.145760536193848" lon="120.87089538574219">
        <ele>685.0</ele>
      </trkpt>
      <trkpt lat="24.14569616317749" lon="120.87087392807007">
        <ele>685.0</ele>
      </trkpt>
      <trkpt lat="24.145503044128418" lon="120.87080955505371">
        <ele>685.0</ele>
      </trkpt>
      <trkpt lat="24.14541721343994" lon="120.87076663970947">
        <ele>685.0</ele>
      </trkpt>
      <trkpt lat="24.145352840423584" lon="120.87070226669312">
        <ele>685.0</ele>
      </trkpt>
      <trkpt lat="24.14522409439087" lon="120.87053060531616">
        <ele>685.0</ele>
      </trkpt>
      <trkpt lat="24.14515972137451" lon="120.8704662322998">
        <ele>685.0</ele>
      </trkpt>
      <trkpt lat="24.14494514465332" lon="120.87038040161133">
        <ele>686.0</ele>
      </trkpt>
      <trkpt lat="24.144880771636963" lon="120.87033748626709">
        <ele>686.0</ele>
      </trkpt>
      <trkpt lat="24.144837856292725" lon="120.87018728256226">
        <ele>686.0</ele>
      </trkpt>
      <trkpt lat="24.144859313964844" lon="120.86997270584106">
        <ele>686.0</ele>
      </trkpt>
      <trkpt lat="24.144859313964844" lon="120.86984395980835">
        <ele>686.0</ele>
      </trkpt>
      <trkpt lat="24.144794940948486" lon="120.86971521377563">
        <ele>686.0</ele>
      </trkpt>
      <trkpt lat="24.144795024767518" lon="120.86971521377563">
        <ele>686.0</ele>
      </trkpt>
      <trkpt lat="24.14473056793213" lon="120.86962938308716">
        <ele>686.0</ele>
      </trkpt>
      <trkpt lat="24.14466619491577" lon="120.8695650100708">
        <ele>686.0</ele>
      </trkpt>
      <trkpt lat="24.144387245178223" lon="120.86937189102173">
        <ele>686.0</ele>
      </trkpt>
      <trkpt lat="24.144322872161865" lon="120.86930751800537">
        <ele>685.0</ele>
      </trkpt>
      <trkpt lat="24.144279956817627" lon="120.86924314498901">
        <ele>685.0</ele>
      </trkpt>
      <trkpt lat="24.14423704147339" lon="120.86915731430054">
        <ele>685.0</ele>
      </trkpt>
      <trkpt lat="24.14421558380127" lon="120.86902856826782">
        <ele>685.0</ele>
      </trkpt>
      <trkpt lat="24.14421558380127" lon="120.86887836456299">
        <ele>685.0</ele>
      </trkpt>
      <trkpt lat="24.14423704147339" lon="120.86881399154663">
        <ele>684.0</ele>
      </trkpt>
      <trkpt lat="24.144301414489746" lon="120.86872816085815">
        <ele>684.0</ele>
      </trkpt>
      <trkpt lat="24.144408702850342" lon="120.8686637878418">
        <ele>684.0</ele>
      </trkpt>
      <trkpt lat="24.144537448883057" lon="120.86859941482544">
        <ele>683.0</ele>
      </trkpt>
      <trkpt lat="24.145309925079346" lon="120.86842775344849">
        <ele>682.0</ele>
      </trkpt>
      <trkpt lat="24.145374298095703" lon="120.86840629577637">
        <ele>681.0</ele>
      </trkpt>
      <trkpt lat="24.14546012878418" lon="120.86842775344849">
        <ele>680.0</ele>
      </trkpt>
      <trkpt lat="24.145524501800537" lon="120.8684492111206">
        <ele>679.0</ele>
      </trkpt>
      <trkpt lat="24.145588874816895" lon="120.86849212646484">
        <ele>678.0</ele>
      </trkpt>
      <trkpt lat="24.14567470550537" lon="120.8686637878418">
        <ele>677.0</ele>
      </trkpt>
      <trkpt lat="24.145846366882324" lon="120.86926460266113">
        <ele>675.0</ele>
      </trkpt>
      <trkpt lat="24.14591073989868" lon="120.86935043334961">
        <ele>674.0</ele>
      </trkpt>
      <trkpt lat="24.146039485931396" lon="120.86947917938232">
        <ele>673.0</ele>
      </trkpt>
      <trkpt lat="24.146254062652588" lon="120.86958646774292">
        <ele>672.0</ele>
      </trkpt>
      <trkpt lat="24.146361351013184" lon="120.86958646774292">
        <ele>670.0</ele>
      </trkpt>
      <trkpt lat="24.146576011553407" lon="120.86947917938232">
        <ele>669.0</ele>
      </trkpt>
      <trkpt lat="24.14670475758612" lon="120.86943626403809">
        <ele>668.0</ele>
      </trkpt>
      <trkpt lat="24.14691925048828" lon="120.86932897567749">
        <ele>667.0</ele>
      </trkpt>
      <trkpt lat="24.147005081176758" lon="120.86932897567749">
        <ele>666.0</ele>
      </trkpt>
      <trkpt lat="24.147090911865234" lon="120.86935043334961">
        <ele>664.0</ele>
      </trkpt>
      <trkpt lat="24.14724111557007" lon="120.86950063705444">
        <ele>663.0</ele>
      </trkpt>
      <trkpt lat="24.14745569229126" lon="120.86984395980835">
        <ele>661.0</ele>
      </trkpt>
      <trkpt lat="24.147498607635498" lon="120.8699083328247">
        <ele>660.0</ele>
      </trkpt>
      <trkpt lat="24.147562980651855" lon="120.86995124816895">
        <ele>658.0</ele>
      </trkpt>
      <trkpt lat="24.147670352831483" lon="120.86999416351318">
        <ele>657.0</ele>
      </trkpt>
      <trkpt lat="24.147799015045166" lon="120.8700156211853">
        <ele>656.0</ele>
      </trkpt>
      <trkpt lat="24.148099422454834" lon="120.86999416351318">
        <ele>654.0</ele>
      </trkpt>
      <trkpt lat="24.148313999176025" lon="120.86995124816895">
        <ele>653.0</ele>
      </trkpt>
      <trkpt lat="24.148399829864502" lon="120.86988687515259">
        <ele>651.0</ele>
      </trkpt>
      <trkpt lat="24.14846420288086" lon="120.86982250213623">
        <ele>650.0</ele>
      </trkpt>
      <trkpt lat="24.148614406585693" lon="120.86958646774292">
        <ele>649.0</ele>
      </trkpt>
      <trkpt lat="24.14865732192993" lon="120.86952209472656">
        <ele>648.0</ele>
      </trkpt>
      <trkpt lat="24.148743152618408" lon="120.86947917938232">
        <ele>647.0</ele>
      </trkpt>
      <trkpt lat="24.14897918701172" lon="120.86937189102173">
        <ele>646.0</ele>
      </trkpt>
      <trkpt lat="24.149129390716553" lon="120.86924314498901">
        <ele>645.0</ele>
      </trkpt>
      <trkpt lat="24.14921530522406" lon="120.86920022964478">
        <ele>644.0</ele>
      </trkpt>
      <trkpt lat="24.149343967437744" lon="120.86920022964478">
        <ele>643.0</ele>
      </trkpt>
      <trkpt lat="24.149601459503174" lon="120.86926460266113">
        <ele>642.0</ele>
      </trkpt>
      <trkpt lat="24.14998769760132" lon="120.86924314498901">
        <ele>641.0</ele>
      </trkpt>
      <trkpt lat="24.150137901306152" lon="120.86928606033325">
        <ele>640.0</ele>
      </trkpt>
      <trkpt lat="24.15020227432251" lon="120.86932897567749">
        <ele>638.0</ele>
      </trkpt>
      <trkpt lat="24.15052422322333" lon="120.86960792541504">
        <ele>636.0</ele>
      </trkpt>
      <trkpt lat="24.150588512420654" lon="120.8696722984314">
        <ele>635.0</ele>
      </trkpt>
      <trkpt lat="24.150588596239686" lon="120.8696722984314">
        <ele>634.0</ele>
      </trkpt>
      <trkpt lat="24.15067434310913" lon="120.86973667144775">
        <ele>632.0</ele>
      </trkpt>
      <trkpt lat="24.150824546813965" lon="120.86982250213623">
        <ele>631.0</ele>
      </trkpt>
      <trkpt lat="24.15091037750244" lon="120.86982250213623">
        <ele>629.0</ele>
      </trkpt>
      <trkpt lat="24.151318073272705" lon="120.86977958679199">
        <ele>628.0</ele>
      </trkpt>
      <trkpt lat="24.151511192321777" lon="120.86977958679199">
        <ele>627.0</ele>
      </trkpt>
      <trkpt lat="24.15219783782959" lon="120.87003707885742">
        <ele>624.0</ele>
      </trkpt>
      <trkpt lat="24.152369499206543" lon="120.87005853652954">
        <ele>623.0</ele>
      </trkpt>
      <trkpt lat="24.15247678756714" lon="120.87003707885742">
        <ele>621.0</ele>
      </trkpt>
      <trkpt lat="24.15320634841919" lon="120.86982250213623">
        <ele>619.0</ele>
      </trkpt>
      <trkpt lat="24.15339946746826" lon="120.86980104446411">
        <ele>618.0</ele>
      </trkpt>
      <trkpt lat="24.153592586517334" lon="120.86982250213623">
        <ele>616.0</ele>
      </trkpt>
      <trkpt lat="24.15365695953369" lon="120.86984395980835">
        <ele>615.0</ele>
      </trkpt>
      <trkpt lat="24.15369987487793" lon="120.86988687515259">
        <ele>613.0</ele>
      </trkpt>
      <trkpt lat="24.153742790222168" lon="120.86995124816895">
        <ele>611.0</ele>
      </trkpt>
      <trkpt lat="24.15393590927124" lon="120.87040185928345">
        <ele>609.0</ele>
      </trkpt>
      <trkpt lat="24.15419340133667" lon="120.87093830108643">
        <ele>606.0</ele>
      </trkpt>
      <trkpt lat="24.154279232025146" lon="120.87100267410278">
        <ele>605.0</ele>
      </trkpt>
      <trkpt lat="24.154579639434814" lon="120.87115287780762">
        <ele>603.0</ele>
      </trkpt>
      <trkpt lat="24.154622554779053" lon="120.87121725082397">
        <ele>601.0</ele>
      </trkpt>
      <trkpt lat="24.154880046844482" lon="120.87153911590576">
        <ele>599.0</ele>
      </trkpt>
      <trkpt lat="24.15494441986084" lon="120.8716893196106">
        <ele>597.0</ele>
      </trkpt>
      <trkpt lat="24.154987335205078" lon="120.8721399307251">
        <ele>595.0</ele>
      </trkpt>
      <trkpt lat="24.155008792877197" lon="120.87220430374146">
        <ele>593.0</ele>
      </trkpt>
      <trkpt lat="24.155051708221436" lon="120.87226867675781">
        <ele>591.0</ele>
      </trkpt>
      <trkpt lat="24.155094623565674" lon="120.87229013442993">
        <ele>590.0</ele>
      </trkpt>
      <trkpt lat="24.15522336959839" lon="120.87231159210205">
        <ele>588.0</ele>
      </trkpt>
      <trkpt lat="24.155502319335938" lon="120.87226867675781">
        <ele>586.0</ele>
      </trkpt>
      <trkpt lat="24.155609607696533" lon="120.8722472190857">
        <ele>584.0</ele>
      </trkpt>
      <trkpt lat="24.15567398071289" lon="120.87220430374146">
        <ele>582.0</ele>
      </trkpt>
      <trkpt lat="24.155738353729248" lon="120.8721399307251">
        <ele>581.0</ele>
      </trkpt>
      <trkpt lat="24.155802726745605" lon="120.8720326423645">
        <ele>579.0</ele>
      </trkpt>
      <trkpt lat="24.15595293045044" lon="120.87164640426636">
        <ele>577.0</ele>
      </trkpt>
      <trkpt lat="24.15597438812256" lon="120.87158203125">
        <ele>575.0</ele>
      </trkpt>
      <trkpt lat="24.156038761138916" lon="120.87153911590576">
        <ele>573.0</ele>
      </trkpt>
      <trkpt lat="24.15616750717163" lon="120.87151765823364">
        <ele>572.0</ele>
      </trkpt>
      <trkpt lat="24.156575202941895" lon="120.87156057357788">
        <ele>571.0</ele>
      </trkpt>
      <trkpt lat="24.15672540664673" lon="120.87153911590576">
        <ele>569.0</ele>
      </trkpt>
      <trkpt lat="24.15672549046576" lon="120.87153911590576">
        <ele>568.0</ele>
      </trkpt>
      <trkpt lat="24.156875610351562" lon="120.87149620056152">
        <ele>567.0</ele>
      </trkpt>
      <trkpt lat="24.15696144104004" lon="120.87143182754517">
        <ele>565.0</ele>
      </trkpt>
      <trkpt lat="24.157025814056396" lon="120.87134599685669">
        <ele>564.0</ele>
      </trkpt>
      <trkpt lat="24.157261848449707" lon="120.87093830108643">
        <ele>563.0</ele>
      </trkpt>
      <trkpt lat="24.157283306121826" lon="120.87083101272583">
        <ele>562.0</ele>
      </trkpt>
      <trkpt lat="24.157304763793945" lon="120.87063789367676">
        <ele>561.0</ele>
      </trkpt>
      <trkpt lat="24.157240390777588" lon="120.87029457092285">
        <ele>559.0</ele>
      </trkpt>
      <trkpt lat="24.157240390777588" lon="120.87018728256226">
        <ele>558.0</ele>
      </trkpt>
      <trkpt lat="24.157261848449707" lon="120.87007999420166">
        <ele>557.0</ele>
      </trkpt>
      <trkpt lat="24.157304763793945" lon="120.86999416351318">
        <ele>556.0</ele>
      </trkpt>
      <trkpt lat="24.157819747924805" lon="120.8694577217102">
        <ele>555.0</ele>
      </trkpt>
      <trkpt lat="24.157884120941162" lon="120.86939334869385">
        <ele>554.0</ele>
      </trkpt>
      <trkpt lat="24.15796995162964" lon="120.86935043334961">
        <ele>553.0</ele>
      </trkpt>
      <trkpt lat="24.15820598602295" lon="120.86932897567749">
        <ele>551.0</ele>
      </trkpt>
      <trkpt lat="24.15820606984198" lon="120.86932897567749">
        <ele>550.0</ele>
      </trkpt>
      <trkpt lat="24.158570766448975" lon="120.86932897567749">
        <ele>550.0</ele>
      </trkpt>
      <trkpt lat="24.15867805480957" lon="120.86930751800537">
        <ele>549.0</ele>
      </trkpt>
      <trkpt lat="24.158785343170166" lon="120.86926460266113">
        <ele>548.0</ele>
      </trkpt>
      <trkpt lat="24.158849716186523" lon="120.86917877197266">
        <ele>547.0</ele>
      </trkpt>
      <trkpt lat="24.15889263153076" lon="120.86907148361206">
        <ele>546.0</ele>
      </trkpt>
      <trkpt lat="24.15891408920288" lon="120.86896419525146">
        <ele>545.0</ele>
      </trkpt>
      <trkpt lat="24.15891408920288" lon="120.86885690689087">
        <ele>544.0</ele>
      </trkpt>
      <trkpt lat="24.158785343170166" lon="120.86842775344849">
        <ele>542.0</ele>
      </trkpt>
      <trkpt lat="24.158785343170166" lon="120.86832046508789">
        <ele>541.0</ele>
      </trkpt>
      <trkpt lat="24.158785343170166" lon="120.8682131767273">
        <ele>540.0</ele>
      </trkpt>
      <trkpt lat="24.158828258514404" lon="120.86812734603882">
        <ele>539.0</ele>
      </trkpt>
      <trkpt lat="24.15897846221924" lon="120.86786985397339">
        <ele>537.0</ele>
      </trkpt>
      <trkpt lat="24.159021377563477" lon="120.86778402328491">
        <ele>536.0</ele>
      </trkpt>
      <trkpt lat="24.159042835235596" lon="120.86769819259644">
        <ele>535.0</ele>
      </trkpt>
      <trkpt lat="24.159107208251953" lon="120.86737632751465">
        <ele>533.0</ele>
      </trkpt>
      <trkpt lat="24.159107208251953" lon="120.86726903915405">
        <ele>532.0</ele>
      </trkpt>
      <trkpt lat="24.159064292907715" lon="120.86707592010498">
        <ele>531.0</ele>
      </trkpt>
      <trkpt lat="24.158635139465332" lon="120.86602449417114">
        <ele>529.0</ele>
      </trkpt>
      <trkpt lat="24.15846347808838" lon="120.86615324020386">
        <ele>527.0</ele>
      </trkpt>
      <trkpt lat="24.15839910507202" lon="120.86617469787598">
        <ele>526.0</ele>
      </trkpt>
      <trkpt lat="24.158334732055664" lon="120.8661961555481">
        <ele>525.0</ele>
      </trkpt>
      <trkpt lat="24.158270359039307" lon="120.86617469787598">
        <ele>524.0</ele>
      </trkpt>
      <trkpt lat="24.15820598602295" lon="120.86615324020386">
        <ele>522.0</ele>
      </trkpt>
      <trkpt lat="24.15801295079291" lon="120.86596012115479">
        <ele>521.0</ele>
      </trkpt>
      <trkpt lat="24.15790557861328" lon="120.86583137512207">
        <ele>520.0</ele>
      </trkpt>
      <trkpt lat="24.157862663269043" lon="120.86570262908936">
        <ele>519.0</ele>
      </trkpt>
      <trkpt lat="24.157884120941162" lon="120.86546659469604">
        <ele>518.0</ele>
      </trkpt>
      <trkpt lat="24.157862663269043" lon="120.86531639099121">
        <ele>517.0</ele>
      </trkpt>
      <trkpt lat="24.157583713531494" lon="120.864737033844">
        <ele>516.0</ele>
      </trkpt>
      <trkpt lat="24.1574764251709" lon="120.86460828781128">
        <ele>515.0</ele>
      </trkpt>
      <trkpt lat="24.157068729400635" lon="120.86432933807373">
        <ele>515.0</ele>
      </trkpt>
      <trkpt lat="24.15696152485907" lon="120.86420059204102">
        <ele>514.0</ele>
      </trkpt>
      <trkpt lat="24.15689706802368" lon="120.86400747299194">
        <ele>513.0</ele>
      </trkpt>
      <trkpt lat="24.156811237335205" lon="120.86364269256592">
        <ele>512.0</ele>
      </trkpt>
      <trkpt lat="24.156746864318848" lon="120.86340665817261">
        <ele>512.0</ele>
      </trkpt>
      <trkpt lat="24.156639659777284" lon="120.86319208145142">
        <ele>511.0</ele>
      </trkpt>
      <trkpt lat="24.15640354156494" lon="120.86278438568115">
        <ele>510.0</ele>
      </trkpt>
      <trkpt lat="24.15627487935126" lon="120.86263418197632">
        <ele>510.0</ele>
      </trkpt>
      <trkpt lat="24.15614604949951" lon="120.8625054359436">
        <ele>509.0</ele>
      </trkpt>
      <trkpt lat="24.156103134155273" lon="120.86241960525513">
        <ele>508.0</ele>
      </trkpt>
      <trkpt lat="24.156081760302186" lon="120.86235523223877">
        <ele>508.0</ele>
      </trkpt>
      <trkpt lat="24.156081676483154" lon="120.86186170578003">
        <ele>507.0</ele>
      </trkpt>
      <trkpt lat="24.156060218811035" lon="120.86177587509155">
        <ele>507.0</ele>
      </trkpt>
      <trkpt lat="24.15595301426947" lon="120.86145401000977">
        <ele>506.0</ele>
      </trkpt>
      <trkpt lat="24.15595293045044" lon="120.86128234863281">
        <ele>506.0</ele>
      </trkpt>
      <trkpt lat="24.155995845794678" lon="120.86117506027222">
        <ele>505.0</ele>
      </trkpt>
      <trkpt lat="24.156317710876465" lon="120.86055278778076">
        <ele>505.0</ele>
      </trkpt>
      <trkpt lat="24.156360626220703" lon="120.86044549942017">
        <ele>504.0</ele>
      </trkpt>
      <trkpt lat="24.156382083892822" lon="120.8602523803711">
        <ele>504.0</ele>
      </trkpt>
      <trkpt lat="24.156274795532227" lon="120.85960865020752">
        <ele>503.0</ele>
      </trkpt>
      <trkpt lat="24.156253337860107" lon="120.85950136184692">
        <ele>503.0</ele>
      </trkpt>
      <trkpt lat="24.15621042251587" lon="120.85941553115845">
        <ele>502.0</ele>
      </trkpt>
      <trkpt lat="24.155995845794678" lon="120.85915803909302">
        <ele>502.0</ele>
      </trkpt>
      <trkpt lat="24.15595293045044" lon="120.85909366607666">
        <ele>502.0</ele>
      </trkpt>
      <trkpt lat="24.1559100151062" lon="120.85898637771606">
        <ele>502.0</ele>
      </trkpt>
      <trkpt lat="24.1559100151062" lon="120.85890054702759">
        <ele>502.0</ele>
      </trkpt>
      <trkpt lat="24.155888557434082" lon="120.8580207824707">
        <ele>501.0</ele>
      </trkpt>
      <trkpt lat="24.155867099761963" lon="120.85776329040527">
        <ele>500.0</ele>
      </trkpt>
      <trkpt lat="24.155824184417725" lon="120.85763454437256">
        <ele>500.0</ele>
      </trkpt>
      <trkpt lat="24.155781269073486" lon="120.85754871368408">
        <ele>501.0</ele>
      </trkpt>
      <trkpt lat="24.155738353729248" lon="120.85750579833984">
        <ele>501.0</ele>
      </trkpt>
      <trkpt lat="24.15567398071289" lon="120.85748434066772">
        <ele>501.0</ele>
      </trkpt>
      <trkpt lat="24.155609607696533" lon="120.85750579833984">
        <ele>501.0</ele>
      </trkpt>
      <trkpt lat="24.155545234680176" lon="120.85752725601196">
        <ele>502.0</ele>
      </trkpt>
      <trkpt lat="24.155502319335938" lon="120.85759162902832">
        <ele>502.0</ele>
      </trkpt>
      <trkpt lat="24.155330657958984" lon="120.85787057876587">
        <ele>503.0</ele>
      </trkpt>
      <trkpt lat="24.155244827270508" lon="120.85797786712646">
        <ele>503.0</ele>
      </trkpt>
      <trkpt lat="24.155073165893555" lon="120.85806369781494">
        <ele>503.0</ele>
      </trkpt>
      <trkpt lat="24.154987335205078" lon="120.85810661315918">
        <ele>504.0</ele>
      </trkpt>
      <trkpt lat="24.154880046844482" lon="120.85810661315918">
        <ele>504.0</ele>
      </trkpt>
      <trkpt lat="24.154880130663514" lon="120.85810661315918">
        <ele>504.0</ele>
      </trkpt>
      <trkpt lat="24.154815673828125" lon="120.85808515548706">
        <ele>504.0</ele>
      </trkpt>
      <trkpt lat="24.154772758483887" lon="120.85804224014282">
        <ele>505.0</ele>
      </trkpt>
      <trkpt lat="24.15472992695868" lon="120.85789203643799">
        <ele>505.0</ele>
      </trkpt>
      <trkpt lat="24.15472984313965" lon="120.85782766342163">
        <ele>505.0</ele>
      </trkpt>
      <trkpt lat="24.154815757647157" lon="120.8575701713562">
        <ele>505.0</ele>
      </trkpt>
      <trkpt lat="24.155116081237793" lon="120.85658311843872">
        <ele>504.0</ele>
      </trkpt>
      <trkpt lat="24.155309200286865" lon="120.85589647293091">
        <ele>504.0</ele>
      </trkpt>
      <trkpt lat="24.155309200286865" lon="120.8557677268982">
        <ele>504.0</ele>
      </trkpt>
      <trkpt lat="24.155309200286865" lon="120.85561752319336">
        <ele>503.0</ele>
      </trkpt>
      <trkpt lat="24.155116081237793" lon="120.8552098274231">
        <ele>504.0</ele>
      </trkpt>
      <trkpt lat="24.155116081237793" lon="120.85512399673462">
        <ele>503.0</ele>
      </trkpt>
      <trkpt lat="24.155137538909912" lon="120.85497379302979">
        <ele>503.0</ele>
      </trkpt>
      <trkpt lat="24.155244827270508" lon="120.85467338562012">
        <ele>503.0</ele>
      </trkpt>
      <trkpt lat="24.155309200286865" lon="120.85448026657104">
        <ele>502.0</ele>
      </trkpt>
      <trkpt lat="24.155352115631104" lon="120.85417985916138">
        <ele>502.0</ele>
      </trkpt>
      <trkpt lat="24.155395114794374" lon="120.85400819778442">
        <ele>501.0</ele>
      </trkpt>
      <trkpt lat="24.155802726745605" lon="120.8527421951294">
        <ele>501.0</ele>
      </trkpt>
      <trkpt lat="24.155867099761963" lon="120.8526349067688">
        <ele>500.0</ele>
      </trkpt>
      <trkpt lat="24.156060218811035" lon="120.85237741470337">
        <ele>500.0</ele>
      </trkpt>
      <trkpt lat="24.156124591827393" lon="120.85229158401489">
        <ele>499.0</ele>
      </trkpt>
      <trkpt lat="24.15616750717163" lon="120.85220575332642">
        <ele>498.0</ele>
      </trkpt>
      <trkpt lat="24.15623188018799" lon="120.85186243057251">
        <ele>498.0</ele>
      </trkpt>
      <trkpt lat="24.156274795532227" lon="120.85177659988403">
        <ele>497.0</ele>
      </trkpt>
      <trkpt lat="24.156811321154237" lon="120.85076808929443">
        <ele>496.0</ele>
      </trkpt>
      <trkpt lat="24.157733917236328" lon="120.84928750991821">
        <ele>496.0</ele>
      </trkpt>
      <trkpt lat="24.15794849395752" lon="120.84900856018066">
        <ele>495.0</ele>
      </trkpt>
      <trkpt lat="24.15820598602295" lon="120.848708152771">
        <ele>495.0</ele>
      </trkpt>
      <trkpt lat="24.15839910507202" lon="120.84834337234497">
        <ele>494.0</ele>
      </trkpt>
      <trkpt lat="24.158399188891053" lon="120.84834337234497">
        <ele>493.0</ele>
      </trkpt>
      <trkpt lat="24.158742427825928" lon="120.84742069244385">
        <ele>492.0</ele>
      </trkpt>
      <trkpt lat="24.158999919891357" lon="120.84684133529663">
        <ele>491.0</ele>
      </trkpt>
      <trkpt lat="24.159235954284668" lon="120.84611177444458">
        <ele>490.0</ele>
      </trkpt>
      <trkpt lat="24.15970802307129" lon="120.84506034851074">
        <ele>490.0</ele>
      </trkpt>
      <trkpt lat="24.159772396087646" lon="120.84480285644531">
        <ele>489.0</ele>
      </trkpt>
      <trkpt lat="24.159858226776123" lon="120.844566822052">
        <ele>488.0</ele>
      </trkpt>
      <trkpt lat="24.159879768267274" lon="120.84435224533081">
        <ele>487.0</ele>
      </trkpt>
      <trkpt lat="24.15992259979248" lon="120.84405183792114">
        <ele>487.0</ele>
      </trkpt>
      <trkpt lat="24.16020154953003" lon="120.8434510231018">
        <ele>486.0</ele>
      </trkpt>
      <trkpt lat="24.160244464874268" lon="120.84334373474121">
        <ele>485.0</ele>
      </trkpt>
      <trkpt lat="24.160265922546387" lon="120.84323644638062">
        <ele>485.0</ele>
      </trkpt>
      <trkpt lat="24.160265922546387" lon="120.84308624267578">
        <ele>484.0</ele>
      </trkpt>
      <trkpt lat="24.16022300720215" lon="120.842764377594">
        <ele>484.0</ele>
      </trkpt>
      <trkpt lat="24.160244464874268" lon="120.84270000457764">
        <ele>484.0</ele>
      </trkpt>
      <trkpt lat="24.160373294726014" lon="120.84233522415161">
        <ele>483.0</ele>
      </trkpt>
      <trkpt lat="24.160780906677246" lon="120.84115505218506">
        <ele>482.0</ele>
      </trkpt>
      <trkpt lat="24.161059940233827" lon="120.8401894569397">
        <ele>482.0</ele>
      </trkpt>
      <trkpt lat="24.16121006011963" lon="120.83982467651367">
        <ele>481.0</ele>
      </trkpt>
      <trkpt lat="24.161338806152344" lon="120.83948135375977">
        <ele>481.0</ele>
      </trkpt>
      <trkpt lat="24.161596298217773" lon="120.83898782730103">
        <ele>481.0</ele>
      </trkpt>
      <trkpt lat="24.16174658574164" lon="120.83849430084229">
        <ele>480.0</ele>
      </trkpt>
      <trkpt lat="24.161853874102235" lon="120.83821535110474">
        <ele>480.0</ele>
      </trkpt>
      <trkpt lat="24.16193962097168" lon="120.83810806274414">
        <ele>480.0</ele>
      </trkpt>
      <trkpt lat="24.161982536315918" lon="120.83804368972778">
        <ele>480.0</ele>
      </trkpt>
      <trkpt lat="24.16198262013495" lon="120.83804368972778">
        <ele>480.0</ele>
      </trkpt>
      <trkpt lat="24.16221857070923" lon="120.83791494369507">
        <ele>480.0</ele>
      </trkpt>
      <trkpt lat="24.162261486053467" lon="120.83785057067871">
        <ele>480.0</ele>
      </trkpt>
      <trkpt lat="24.162304401397705" lon="120.83776473999023">
        <ele>480.0</ele>
      </trkpt>
      <trkpt lat="24.162325859069824" lon="120.83770036697388">
        <ele>480.0</ele>
      </trkpt>
      <trkpt lat="24.16243314743042" lon="120.8370566368103">
        <ele>481.0</ele>
      </trkpt>
      <trkpt lat="24.162497520446777" lon="120.83690643310547">
        <ele>481.0</ele>
      </trkpt>
      <trkpt lat="24.162540435791016" lon="120.83684206008911">
        <ele>481.0</ele>
      </trkpt>
      <trkpt lat="24.1634202003479" lon="120.83598375320435">
        <ele>481.0</ele>
      </trkpt>
      <trkpt lat="24.163420284166932" lon="120.83598375320435">
        <ele>481.0</ele>
      </trkpt>
      <trkpt lat="24.164042556658387" lon="120.83527565002441">
        <ele>482.0</ele>
      </trkpt>
      <trkpt lat="24.16451462544501" lon="120.83478212356567">
        <ele>482.0</ele>
      </trkpt>
      <trkpt lat="24.164814949035645" lon="120.83452463150024">
        <ele>483.0</ele>
      </trkpt>
      <trkpt lat="24.16490077972412" lon="120.83446025848389">
        <ele>483.0</ele>
      </trkpt>
      <trkpt lat="24.165008068084717" lon="120.83443880081177">
        <ele>484.0</ele>
      </trkpt>
      <trkpt lat="24.165115440264344" lon="120.83441734313965">
        <ele>485.0</ele>
      </trkpt>
      <trkpt lat="24.165759086608887" lon="120.83443880081177">
        <ele>485.0</ele>
      </trkpt>
      <trkpt lat="24.16595228947699" lon="120.834481716156">
        <ele>486.0</ele>
      </trkpt>
      <trkpt lat="24.1668963432312" lon="120.83482503890991">
        <ele>486.0</ele>
      </trkpt>
      <trkpt lat="24.167046546936035" lon="120.83484649658203">
        <ele>486.0</ele>
      </trkpt>
      <trkpt lat="24.16719675064087" lon="120.83484649658203">
        <ele>486.0</ele>
      </trkpt>
      <trkpt lat="24.1679048538208" lon="120.8346962928772">
        <ele>488.0</ele>
      </trkpt>
      <trkpt lat="24.168012142181396" lon="120.8346962928772">
        <ele>488.0</ele>
      </trkpt>
      <trkpt lat="24.16818380355835" lon="120.83471775054932">
        <ele>488.0</ele>
      </trkpt>
      <trkpt lat="24.168612957000732" lon="120.83495378494263">
        <ele>487.0</ele>
      </trkpt>
      <trkpt lat="24.168827533721924" lon="120.83499670028687">
        <ele>487.0</ele>
      </trkpt>
      <trkpt lat="24.169106567278504" lon="120.83499670028687">
        <ele>486.0</ele>
      </trkpt>
      <trkpt lat="24.169728755950928" lon="120.83495378494263">
        <ele>486.0</ele>
      </trkpt>
      <trkpt lat="24.16996479034424" lon="120.83493232727051">
        <ele>486.0</ele>
      </trkpt>
      <trkpt lat="24.17013645172119" lon="120.83497524261475">
        <ele>486.0</ele>
      </trkpt>
      <trkpt lat="24.170286655426025" lon="120.83508253097534">
        <ele>485.0</ele>
      </trkpt>
      <trkpt lat="24.17069435119629" lon="120.83542585372925">
        <ele>485.0</ele>
      </trkpt>
      <trkpt lat="24.1709303855896" lon="120.8355975151062">
        <ele>483.0</ele>
      </trkpt>
      <trkpt lat="24.171059131622314" lon="120.83564043045044">
        <ele>482.0</ele>
      </trkpt>
      <trkpt lat="24.17116641998291" lon="120.83566188812256">
        <ele>481.0</ele>
      </trkpt>
      <trkpt lat="24.171252250671387" lon="120.83566188812256">
        <ele>480.0</ele>
      </trkpt>
      <trkpt lat="24.171338081359863" lon="120.83564043045044">
        <ele>479.0</ele>
      </trkpt>
      <trkpt lat="24.171617031097412" lon="120.83544731140137">
        <ele>479.0</ele>
      </trkpt>
      <trkpt lat="24.17168140411377" lon="120.83542585372925">
        <ele>478.0</ele>
      </trkpt>
      <trkpt lat="24.1719388961792" lon="120.83538293838501">
        <ele>476.0</ele>
      </trkpt>
      <trkpt lat="24.172024726867676" lon="120.83536148071289">
        <ele>475.0</ele>
      </trkpt>
      <trkpt lat="24.172110557556152" lon="120.83529710769653">
        <ele>474.0</ele>
      </trkpt>
      <trkpt lat="24.17217493057251" lon="120.83521127700806">
        <ele>472.0</ele>
      </trkpt>
      <trkpt lat="24.172260761260986" lon="120.83482503890991">
        <ele>472.0</ele>
      </trkpt>
      <trkpt lat="24.17266854085028" lon="120.83400964736938">
        <ele>470.0</ele>
      </trkpt>
      <trkpt lat="24.172840118408203" lon="120.83370923995972">
        <ele>468.0</ele>
      </trkpt>
      <trkpt lat="24.17290449142456" lon="120.83355903625488">
        <ele>467.0</ele>
      </trkpt>
      <trkpt lat="24.1729474067688" lon="120.83340883255005">
        <ele>466.0</ele>
      </trkpt>
      <trkpt lat="24.172968864440918" lon="120.83304405212402">
        <ele>464.0</ele>
      </trkpt>
      <trkpt lat="24.172968864440918" lon="120.83289384841919">
        <ele>463.0</ele>
      </trkpt>
      <trkpt lat="24.17292594909668" lon="120.83276510238647">
        <ele>462.0</ele>
      </trkpt>
      <trkpt lat="24.172818660736084" lon="120.8324646949768">
        <ele>462.0</ele>
      </trkpt>
      <trkpt lat="24.17268991470337" lon="120.83218574523926">
        <ele>461.0</ele>
      </trkpt>
      <trkpt lat="24.17262554168701" lon="120.83209991455078">
        <ele>460.0</ele>
      </trkpt>
      <trkpt lat="24.172539710998535" lon="120.83203554153442">
        <ele>460.0</ele>
      </trkpt>
      <trkpt lat="24.172260761260986" lon="120.83182096481323">
        <ele>459.0</ele>
      </trkpt>
      <trkpt lat="24.172024726867676" lon="120.8315634727478">
        <ele>459.0</ele>
      </trkpt>
      <trkpt lat="24.171853065490723" lon="120.83147764205933">
        <ele>459.0</ele>
      </trkpt>
      <trkpt lat="24.171509742736816" lon="120.83134889602661">
        <ele>459.0</ele>
      </trkpt>
      <trkpt lat="24.17114496231079" lon="120.83106994628906">
        <ele>458.0</ele>
      </trkpt>
      <trkpt lat="24.171059131622314" lon="120.83104848861694">
        <ele>458.0</ele>
      </trkpt>
      <trkpt lat="24.170973300933838" lon="120.83102703094482">
        <ele>458.0</ele>
      </trkpt>
      <trkpt lat="24.170758724212646" lon="120.83104848861694">
        <ele>458.0</ele>
      </trkpt>
      <trkpt lat="24.17015790939331" lon="120.83117723464966">
        <ele>458.0</ele>
      </trkpt>
      <trkpt lat="24.16994333267212" lon="120.83126306533813">
        <ele>459.0</ele>
      </trkpt>
      <trkpt lat="24.169492721557617" lon="120.8314561843872">
        <ele>459.0</ele>
      </trkpt>
      <trkpt lat="24.169363975524902" lon="120.83149909973145">
        <ele>460.0</ele>
      </trkpt>
      <trkpt lat="24.169299602508545" lon="120.83149909973145">
        <ele>460.0</ele>
      </trkpt>
      <trkpt lat="24.169106483459473" lon="120.83141326904297">
        <ele>460.0</ele>
      </trkpt>
      <trkpt lat="24.168999195098877" lon="120.83134889602661">
        <ele>461.0</ele>
      </trkpt>
      <trkpt lat="24.168870449066162" lon="120.83124160766602">
        <ele>461.0</ele>
      </trkpt>
      <trkpt lat="24.168741703033447" lon="120.83109140396118">
        <ele>462.0</ele>
      </trkpt>
      <trkpt lat="24.168355464935303" lon="120.83034038543701">
        <ele>463.0</ele>
      </trkpt>
      <trkpt lat="24.168076515197754" lon="120.82997560501099">
        <ele>464.0</ele>
      </trkpt>
      <trkpt lat="24.167797565460205" lon="120.8295464515686">
        <ele>464.0</ele>
      </trkpt>
      <trkpt lat="24.16766881942749" lon="120.82946062088013">
        <ele>465.0</ele>
      </trkpt>
      <trkpt lat="24.16738986968994" lon="120.82935333251953">
        <ele>465.0</ele>
      </trkpt>
      <trkpt lat="24.167282581329346" lon="120.82928895950317">
        <ele>466.0</ele>
      </trkpt>
      <trkpt lat="24.167239665985107" lon="120.8292031288147">
        <ele>468.0</ele>
      </trkpt>
      <trkpt lat="24.1671968344599" lon="120.8290958404541">
        <ele>469.0</ele>
      </trkpt>
      <trkpt lat="24.16717529296875" lon="120.82896709442139">
        <ele>470.0</ele>
      </trkpt>
      <trkpt lat="24.16721820831299" lon="120.82870960235596">
        <ele>472.0</ele>
      </trkpt>
      <trkpt lat="24.167304039001465" lon="120.82845211029053">
        <ele>474.0</ele>
      </trkpt>
      <trkpt lat="24.167540073394775" lon="120.82800149917603">
        <ele>476.0</ele>
      </trkpt>
      <trkpt lat="24.167582988739014" lon="120.82789421081543">
        <ele>478.0</ele>
      </trkpt>
      <trkpt lat="24.16771181859076" lon="120.82725048065186">
        <ele>480.0</ele>
      </trkpt>
      <trkpt lat="24.167754650115967" lon="120.82679986953735">
        <ele>482.0</ele>
      </trkpt>
      <trkpt lat="24.168055057525635" lon="120.82579135894775">
        <ele>484.0</ele>
      </trkpt>
      <trkpt lat="24.168334091082215" lon="120.82549095153809">
        <ele>487.0</ele>
      </trkpt>
      <trkpt lat="24.168376922607422" lon="120.82542657852173">
        <ele>489.0</ele>
      </trkpt>
      <trkpt lat="24.16839838027954" lon="120.82536220550537">
        <ele>491.0</ele>
      </trkpt>
      <trkpt lat="24.16839838027954" lon="120.8252763748169">
        <ele>493.0</ele>
      </trkpt>
      <trkpt lat="24.16839838027954" lon="120.82519054412842">
        <ele>496.0</ele>
      </trkpt>
      <trkpt lat="24.16820526123047" lon="120.82467555999756">
        <ele>497.0</ele>
      </trkpt>
      <trkpt lat="24.16818380355835" lon="120.82458972930908">
        <ele>499.0</ele>
      </trkpt>
      <trkpt lat="24.16820526123047" lon="120.82437515258789">
        <ele>502.0</ele>
      </trkpt>
      <trkpt lat="24.168269634246826" lon="120.8241605758667">
        <ele>504.0</ele>
      </trkpt>
      <trkpt lat="24.168355464935303" lon="120.82396745681763">
        <ele>506.0</ele>
      </trkpt>
      <trkpt lat="24.168612957000732" lon="120.82351684570312">
        <ele>508.0</ele>
      </trkpt>
      <trkpt lat="24.168720245361328" lon="120.82336664199829">
        <ele>510.0</ele>
      </trkpt>
      <trkpt lat="24.16893482208252" lon="120.82317352294922">
        <ele>512.0</ele>
      </trkpt>
      <trkpt lat="24.168999195098877" lon="120.82313060760498">
        <ele>513.0</ele>
      </trkpt>
      <trkpt lat="24.169063568115234" lon="120.82313060760498">
        <ele>515.0</ele>
      </trkpt>
      <trkpt lat="24.16938543319702" lon="120.82317352294922">
        <ele>517.0</ele>
      </trkpt>
      <trkpt lat="24.169750213623047" lon="120.82313060760498">
        <ele>519.0</ele>
      </trkpt>
      <trkpt lat="24.17015790939331" lon="120.82317352294922">
        <ele>521.0</ele>
      </trkpt>
      <trkpt lat="24.17020082473755" lon="120.82317352294922">
        <ele>523.0</ele>
      </trkpt>
      <trkpt lat="24.170265197753906" lon="120.82313060760498">
        <ele>524.0</ele>
      </trkpt>
      <trkpt lat="24.170286655426025" lon="120.82306623458862">
        <ele>525.0</ele>
      </trkpt>
      <trkpt lat="24.170308113098145" lon="120.82298040390015">
        <ele>526.0</ele>
      </trkpt>
      <trkpt lat="24.170286655426025" lon="120.82289457321167">
        <ele>527.0</ele>
      </trkpt>
      <trkpt lat="24.17015790939331" lon="120.822594165802">
        <ele>528.0</ele>
      </trkpt>
      <trkpt lat="24.17013645172119" lon="120.82250833511353">
        <ele>529.0</ele>
      </trkpt>
      <trkpt lat="24.17017936706543" lon="120.82240104675293">
        <ele>529.0</ele>
      </trkpt>
      <trkpt lat="24.170222282409668" lon="120.82237958908081">
        <ele>530.0</ele>
      </trkpt>
      <trkpt lat="24.170265197753906" lon="120.82237958908081">
        <ele>531.0</ele>
      </trkpt>
      <trkpt lat="24.170308113098145" lon="120.82240104675293">
        <ele>532.0</ele>
      </trkpt>
      <trkpt lat="24.170351028442383" lon="120.82244396209717">
        <ele>532.0</ele>
      </trkpt>
      <trkpt lat="24.17045831680298" lon="120.82291603088379">
        <ele>534.0</ele>
      </trkpt>
      <trkpt lat="24.170479774475098" lon="120.82317352294922">
        <ele>534.0</ele>
      </trkpt>
      <trkpt lat="24.170479774475098" lon="120.8232593536377">
        <ele>535.0</ele>
      </trkpt>
      <trkpt lat="24.17045831680298" lon="120.82332372665405">
        <ele>535.0</ele>
      </trkpt>
      <trkpt lat="24.17041540145874" lon="120.82338809967041">
        <ele>536.0</ele>
      </trkpt>
      <trkpt lat="24.170351028442383" lon="120.82343101501465">
        <ele>536.0</ele>
      </trkpt>
      <trkpt lat="24.170286655426025" lon="120.82345247268677">
        <ele>537.0</ele>
      </trkpt>
      <trkpt lat="24.170114994049072" lon="120.82343101501465">
        <ele>537.0</ele>
      </trkpt>
      <trkpt lat="24.169836044311523" lon="120.82338809967041">
        <ele>537.0</ele>
      </trkpt>
      <trkpt lat="24.169793128967285" lon="120.82338809967041">
        <ele>538.0</ele>
      </trkpt>
      <trkpt lat="24.169750213623047" lon="120.82340955734253">
        <ele>538.0</ele>
      </trkpt>
      <trkpt lat="24.169728755950928" lon="120.82345247268677">
        <ele>539.0</ele>
      </trkpt>
      <trkpt lat="24.169728755950928" lon="120.823495388031">
        <ele>540.0</ele>
      </trkpt>
      <trkpt lat="24.169750213623047" lon="120.82353830337524">
        <ele>541.0</ele>
      </trkpt>
      <trkpt lat="24.169793128967285" lon="120.82358121871948">
        <ele>541.0</ele>
      </trkpt>
      <trkpt lat="24.169836044311523" lon="120.82358121871948">
        <ele>542.0</ele>
      </trkpt>
      <trkpt lat="24.170501232147217" lon="120.82358121871948">
        <ele>544.0</ele>
      </trkpt>
      <trkpt lat="24.170565605163574" lon="120.82355976104736">
        <ele>545.0</ele>
      </trkpt>
      <trkpt lat="24.17062997817993" lon="120.82351684570312">
        <ele>546.0</ele>
      </trkpt>
      <trkpt lat="24.17067289352417" lon="120.82347393035889">
        <ele>547.0</ele>
      </trkpt>
      <trkpt lat="24.170715808868408" lon="120.82338809967041">
        <ele>548.0</ele>
      </trkpt>
      <trkpt lat="24.170715808868408" lon="120.82313060760498">
        <ele>549.0</ele>
      </trkpt>
      <trkpt lat="24.17065143585205" lon="120.82289457321167">
        <ele>550.0</ele>
      </trkpt>
      <trkpt lat="24.17065143585205" lon="120.82274436950684">
        <ele>552.0</ele>
      </trkpt>
      <trkpt lat="24.17067289352417" lon="120.82265853881836">
        <ele>553.0</ele>
      </trkpt>
      <trkpt lat="24.170715808868408" lon="120.82261562347412">
        <ele>554.0</ele>
      </trkpt>
      <trkpt lat="24.171230792999268" lon="120.82218647003174">
        <ele>557.0</ele>
      </trkpt>
      <trkpt lat="24.171295166015625" lon="120.82212209701538">
        <ele>558.0</ele>
      </trkpt>
      <trkpt lat="24.17142391204834" lon="120.82184314727783">
        <ele>560.0</ele>
      </trkpt>
      <trkpt lat="24.171488285064697" lon="120.82177877426147">
        <ele>561.0</ele>
      </trkpt>
      <trkpt lat="24.171788692474365" lon="120.82149982452393">
        <ele>563.0</ele>
      </trkpt>
      <trkpt lat="24.171874523162842" lon="120.82145690917969">
        <ele>565.0</ele>
      </trkpt>
      <trkpt lat="24.1719388961792" lon="120.82145690917969">
        <ele>566.0</ele>
      </trkpt>
      <trkpt lat="24.172067642211914" lon="120.82149982452393">
        <ele>568.0</ele>
      </trkpt>
      <trkpt lat="24.17219638824463" lon="120.82149982452393">
        <ele>570.0</ele>
      </trkpt>
      <trkpt lat="24.172496795654297" lon="120.82137107849121">
        <ele>571.0</ele>
      </trkpt>
      <trkpt lat="24.172561168670654" lon="120.82134962081909">
        <ele>573.0</ele>
      </trkpt>
      <trkpt lat="24.17262554168701" lon="120.82128524780273">
        <ele>574.0</ele>
      </trkpt>
      <trkpt lat="24.17266845703125" lon="120.82119941711426">
        <ele>576.0</ele>
      </trkpt>
      <trkpt lat="24.17266845703125" lon="120.82111358642578">
        <ele>577.0</ele>
      </trkpt>
      <trkpt lat="24.17264699935913" lon="120.8210277557373">
        <ele>578.0</ele>
      </trkpt>
      <trkpt lat="24.17262554168701" lon="120.82096338272095">
        <ele>580.0</ele>
      </trkpt>
      <trkpt lat="24.172346591949463" lon="120.82066297531128">
        <ele>581.0</ele>
      </trkpt>
      <trkpt lat="24.172282218933105" lon="120.82059860229492">
        <ele>582.0</ele>
      </trkpt>
      <trkpt lat="24.172217845916748" lon="120.8205771446228">
        <ele>583.0</ele>
      </trkpt>
      <trkpt lat="24.171874523162842" lon="120.82055568695068">
        <ele>584.0</ele>
      </trkpt>
      <trkpt lat="24.171810150146484" lon="120.82053422927856">
        <ele>585.0</ele>
      </trkpt>
      <trkpt lat="24.171767234802246" lon="120.82049131393433">
        <ele>586.0</ele>
      </trkpt>
      <trkpt lat="24.171745777130127" lon="120.82040548324585">
        <ele>587.0</ele>
      </trkpt>
      <trkpt lat="24.171767234802246" lon="120.82034111022949">
        <ele>589.0</ele>
      </trkpt>
      <trkpt lat="24.171767318621278" lon="120.82034111022949">
        <ele>590.0</ele>
      </trkpt>
      <trkpt lat="24.171810150146484" lon="120.82029819488525">
        <ele>591.0</ele>
      </trkpt>
      <trkpt lat="24.171874523162842" lon="120.82029819488525">
        <ele>591.0</ele>
      </trkpt>
      <trkpt lat="24.172067642211914" lon="120.82031965255737">
        <ele>592.0</ele>
      </trkpt>
      <trkpt lat="24.172539710998535" lon="120.82031965255737">
        <ele>594.0</ele>
      </trkpt>
      <trkpt lat="24.172604084014893" lon="120.82031965255737">
        <ele>594.0</ele>
      </trkpt>
      <trkpt lat="24.17264699935913" lon="120.82036256790161">
        <ele>595.0</ele>
      </trkpt>
      <trkpt lat="24.17268991470337" lon="120.82040548324585">
        <ele>596.0</ele>
      </trkpt>
      <trkpt lat="24.172732830047607" lon="120.8205771446228">
        <ele>596.0</ele>
      </trkpt>
      <trkpt lat="24.172754287719727" lon="120.82064151763916">
        <ele>596.0</ele>
      </trkpt>
      <trkpt lat="24.172797203063965" lon="120.82066297531128">
        <ele>596.0</ele>
      </trkpt>
      <trkpt lat="24.172968864440918" lon="120.82077026367188">
        <ele>597.0</ele>
      </trkpt>
      <trkpt lat="24.173054695129395" lon="120.82083463668823">
        <ele>597.0</ele>
      </trkpt>
      <trkpt lat="24.173076152801514" lon="120.82096338272095">
        <ele>597.0</ele>
      </trkpt>
      <trkpt lat="24.173076152801514" lon="120.82117795944214">
        <ele>598.0</ele>
      </trkpt>
      <trkpt lat="24.173076236620545" lon="120.82132816314697">
        <ele>598.0</ele>
      </trkpt>
      <trkpt lat="24.17314052581787" lon="120.82145690917969">
        <ele>598.0</ele>
      </trkpt>
      <trkpt lat="24.173140609636903" lon="120.82145690917969">
        <ele>598.0</ele>
      </trkpt>
      <trkpt lat="24.17320489883423" lon="120.82160711288452">
        <ele>598.0</ele>
      </trkpt>
      <trkpt lat="24.173226356506348" lon="120.82165002822876">
        <ele>598.0</ele>
      </trkpt>
      <trkpt lat="24.173269271850586" lon="120.82167148590088">
        <ele>597.0</ele>
      </trkpt>
      <trkpt lat="24.173333644866943" lon="120.82167148590088">
        <ele>597.0</ele>
      </trkpt>
      <trkpt lat="24.1733980178833" lon="120.82167148590088">
        <ele>597.0</ele>
      </trkpt>
      <trkpt lat="24.17344093322754" lon="120.82162857055664">
        <ele>597.0</ele>
      </trkpt>
      <trkpt lat="24.173483848571777" lon="120.82156419754028">
        <ele>596.0</ele>
      </trkpt>
      <trkpt lat="24.173526763916016" lon="120.82141399383545">
        <ele>596.0</ele>
      </trkpt>
      <trkpt lat="24.173591136932373" lon="120.82134962081909">
        <ele>595.0</ele>
      </trkpt>
      <trkpt lat="24.17391300201416" lon="120.82137107849121">
        <ele>595.0</ele>
      </trkpt>
      <trkpt lat="24.173977375030518" lon="120.82139253616333">
        <ele>594.0</ele>
      </trkpt>
      <trkpt lat="24.174041748046875" lon="120.8214783668518">
        <ele>593.0</ele>
      </trkpt>
      <trkpt lat="24.174063205718994" lon="120.82156419754028">
        <ele>592.0</ele>
      </trkpt>
      <trkpt lat="24.174084663391113" lon="120.82184314727783">
        <ele>591.0</ele>
      </trkpt>
      <trkpt lat="24.174084663391113" lon="120.82201480865479">
        <ele>590.0</ele>
      </trkpt>
      <trkpt lat="24.174020290374756" lon="120.82216501235962">
        <ele>588.0</ele>
      </trkpt>
      <trkpt lat="24.174020290374756" lon="120.82220792770386">
        <ele>587.0</ele>
      </trkpt>
      <trkpt lat="24.174020290374756" lon="120.82227230072021">
        <ele>586.0</ele>
      </trkpt>
      <trkpt lat="24.174063205718994" lon="120.82231521606445">
        <ele>585.0</ele>
      </trkpt>
      <trkpt lat="24.174492359161377" lon="120.82252979278564">
        <ele>583.0</ele>
      </trkpt>
      <trkpt lat="24.174599647521973" lon="120.82252979278564">
        <ele>582.0</ele>
      </trkpt>
      <trkpt lat="24.174964427947998" lon="120.82252979278564">
        <ele>580.0</ele>
      </trkpt>
      <trkpt lat="24.175307750701904" lon="120.822594165802">
        <ele>579.0</ele>
      </trkpt>
      <trkpt lat="24.17537212371826" lon="120.822594165802">
        <ele>577.0</ele>
      </trkpt>
      <trkpt lat="24.17545795440674" lon="120.822594165802">
        <ele>576.0</ele>
      </trkpt>
      <trkpt lat="24.175865733996034" lon="120.82246541976929">
        <ele>574.0</ele>
      </trkpt>
      <trkpt lat="24.17597302235663" lon="120.82244396209717">
        <ele>573.0</ele>
      </trkpt>
      <trkpt lat="24.17638063430786" lon="120.82229375839233">
        <ele>571.0</ele>
      </trkpt>
      <trkpt lat="24.176530838012695" lon="120.82218647003174">
        <ele>570.0</ele>
      </trkpt>
      <trkpt lat="24.176616752520204" lon="120.82210063934326">
        <ele>568.0</ele>
      </trkpt>
      <trkpt lat="24.176852786913514" lon="120.82184314727783">
        <ele>567.0</ele>
      </trkpt>
      <trkpt lat="24.177067363634706" lon="120.8215856552124">
        <ele>565.0</ele>
      </trkpt>
      <trkpt lat="24.17715311050415" lon="120.82145690917969">
        <ele>564.0</ele>
      </trkpt>
      <trkpt lat="24.17719602584839" lon="120.82132816314697">
        <ele>563.0</ele>
      </trkpt>
      <trkpt lat="24.177260398864746" lon="120.82083463668823">
        <ele>561.0</ele>
      </trkpt>
      <trkpt lat="24.177281856536865" lon="120.82077026367188">
        <ele>560.0</ele>
      </trkpt>
      <trkpt lat="24.177324855700135" lon="120.82072734832764">
        <ele>559.0</ele>
      </trkpt>
      <trkpt lat="24.17745351791382" lon="120.82070589065552">
        <ele>558.0</ele>
      </trkpt>
      <trkpt lat="24.17766817845404" lon="120.82072734832764">
        <ele>557.0</ele>
      </trkpt>
      <trkpt lat="24.178054416552186" lon="120.820791721344">
        <ele>556.0</ele>
      </trkpt>
      <trkpt lat="24.179084300994873" lon="120.82092046737671">
        <ele>554.0</ele>
      </trkpt>
      <trkpt lat="24.179084384813905" lon="120.82092046737671">
        <ele>553.0</ele>
      </trkpt>
      <trkpt lat="24.180500591173768" lon="120.82107067108154">
        <ele>552.0</ele>
      </trkpt>
      <trkpt lat="24.18112277984619" lon="120.8211350440979">
        <ele>551.0</ele>
      </trkpt>
      <trkpt lat="24.181294441223145" lon="120.81931114196777">
        <ele>551.0</ele>
      </trkpt>
      <trkpt lat="24.181294525042176" lon="120.81931114196777">
        <ele>550.0</ele>
      </trkpt>
      <trkpt lat="24.18142318725586" lon="120.81791639328003">
        <ele>549.0</ele>
      </trkpt>
      <trkpt lat="24.18142318725586" lon="120.81785202026367">
        <ele>549.0</ele>
      </trkpt>
      <trkpt lat="24.18138027191162" lon="120.81780910491943">
        <ele>548.0</ele>
      </trkpt>
      <trkpt lat="24.181337356567383" lon="120.8177661895752">
        <ele>547.0</ele>
      </trkpt>
      <trkpt lat="24.180586338043213" lon="120.81753015518188">
        <ele>547.0</ele>
      </trkpt>
      <trkpt lat="24.180071353912354" lon="120.81725120544434">
        <ele>546.0</ele>
      </trkpt>
      <trkpt lat="24.17992115020752" lon="120.8172082901001">
        <ele>546.0</ele>
      </trkpt>
      <trkpt lat="24.178955554962158" lon="120.81705808639526">
        <ele>546.0</ele>
      </trkpt>
      <trkpt lat="24.17895563878119" lon="120.81705808639526">
        <ele>546.0</ele>
      </trkpt>
      <trkpt lat="24.178805351257324" lon="120.81703662872314">
        <ele>545.0</ele>
      </trkpt>
      <trkpt lat="24.17867660522461" lon="120.8169937133789">
        <ele>545.0</ele>
      </trkpt>
      <trkpt lat="24.178569316864014" lon="120.81692934036255">
        <ele>545.0</ele>
      </trkpt>
      <trkpt lat="24.178526401519775" lon="120.81684350967407">
        <ele>545.0</ele>
      </trkpt>
      <trkpt lat="24.178504943847656" lon="120.8167576789856">
        <ele>544.0</ele>
      </trkpt>
      <trkpt lat="24.178504943847656" lon="120.816650390625">
        <ele>544.0</ele>
      </trkpt>
      <trkpt lat="24.178547859191895" lon="120.81656455993652">
        <ele>544.0</ele>
      </trkpt>
      <trkpt lat="24.178590774536133" lon="120.81647872924805">
        <ele>544.0</ele>
      </trkpt>
      <trkpt lat="24.178719520568848" lon="120.8163070678711">
        <ele>544.0</ele>
      </trkpt>
      <trkpt lat="24.179534912109375" lon="120.81613540649414">
        <ele>544.0</ele>
      </trkpt>
      <trkpt lat="24.179985523223877" lon="120.8159852027893">
        <ele>544.0</ele>
      </trkpt>
      <trkpt lat="24.18086528778076" lon="120.81589937210083">
        <ele>544.0</ele>
      </trkpt>
      <trkpt lat="24.181466102600098" lon="120.81577062606812">
        <ele>544.0</ele>
      </trkpt>
      <trkpt lat="24.18213129043579" lon="120.81583499908447">
        <ele>544.0</ele>
      </trkpt>
      <trkpt lat="24.182560443878174" lon="120.81592082977295">
        <ele>544.0</ele>
      </trkpt>
      <trkpt lat="24.18264627456665" lon="120.81592082977295">
        <ele>544.0</ele>
      </trkpt>
      <trkpt lat="24.182775104418397" lon="120.81592082977295">
        <ele>544.0</ele>
      </trkpt>
      <trkpt lat="24.183032512664795" lon="120.81587791442871">
        <ele>544.0</ele>
      </trkpt>
      <trkpt lat="24.18416976928711" lon="120.81559896469116">
        <ele>544.0</ele>
      </trkpt>
      <trkpt lat="24.18447026051581" lon="120.81555604934692">
        <ele>544.0</ele>
      </trkpt>
      <trkpt lat="24.18494232930243" lon="120.8155345916748">
        <ele>544.0</ele>
      </trkpt>
      <trkpt lat="24.18513536453247" lon="120.81551313400269">
        <ele>545.0</ele>
      </trkpt>
      <trkpt lat="24.18522127903998" lon="120.81547021865845">
        <ele>545.0</ele>
      </trkpt>
      <trkpt lat="24.186508739367127" lon="120.81469774246216">
        <ele>546.0</ele>
      </trkpt>
      <trkpt lat="24.187216758728027" lon="120.8142900466919">
        <ele>547.0</ele>
      </trkpt>
      <trkpt lat="24.18721684254706" lon="120.8142900466919">
        <ele>547.0</ele>
      </trkpt>
      <trkpt lat="24.188482761383057" lon="120.8136248588562">
        <ele>548.0</ele>
      </trkpt>
      <trkpt lat="24.188590049743652" lon="120.81353902816772">
        <ele>548.0</ele>
      </trkpt>
      <trkpt lat="24.188783168792725" lon="120.81334590911865">
        <ele>549.0</ele>
      </trkpt>
      <trkpt lat="24.189512813463807" lon="120.81259489059448">
        <ele>549.0</ele>
      </trkpt>
      <trkpt lat="24.189770221710205" lon="120.81229448318481">
        <ele>549.0</ele>
      </trkpt>
      <trkpt lat="24.190521324053407" lon="120.81130743026733">
        <ele>550.0</ele>
      </trkpt>
      <trkpt lat="24.19090747833252" lon="120.8108139038086">
        <ele>550.0</ele>
      </trkpt>
      <trkpt lat="24.19090756215155" lon="120.8108139038086">
        <ele>549.0</ele>
      </trkpt>
      <trkpt lat="24.191336715593934" lon="120.81021308898926">
        <ele>549.0</ele>
      </trkpt>
      <trkpt lat="24.192130649462342" lon="120.80916166305542">
        <ele>549.0</ele>
      </trkpt>
      <trkpt lat="24.192388141527772" lon="120.80883979797363">
        <ele>548.0</ele>
      </trkpt>
      <trkpt lat="24.192709922790527" lon="120.80843210220337">
        <ele>548.0</ele>
      </trkpt>
      <trkpt lat="24.19271000660956" lon="120.80843210220337">
        <ele>547.0</ele>
      </trkpt>
      <trkpt lat="24.193761432543397" lon="120.8071231842041">
        <ele>547.0</ele>
      </trkpt>
      <trkpt lat="24.1942120436579" lon="120.80658674240112">
        <ele>547.0</ele>
      </trkpt>
      <trkpt lat="24.195263469591737" lon="120.80523490905762">
        <ele>546.0</ele>
      </trkpt>
      <trkpt lat="24.195542419329286" lon="120.80491304397583">
        <ele>546.0</ele>
      </trkpt>
      <trkpt lat="24.195606792345643" lon="120.80482721328735">
        <ele>546.0</ele>
      </trkpt>
      <trkpt lat="24.196336353197694" lon="120.80390453338623">
        <ele>545.0</ele>
      </trkpt>
      <trkpt lat="24.196507930755615" lon="120.80371141433716">
        <ele>544.0</ele>
      </trkpt>
      <trkpt lat="24.196508014574647" lon="120.80371141433716">
        <ele>543.0</ele>
      </trkpt>
      <trkpt lat="24.19693716801703" lon="120.8031964302063">
        <ele>542.0</ele>
      </trkpt>
      <trkpt lat="24.197259033098817" lon="120.80276727676392">
        <ele>541.0</ele>
      </trkpt>
      <trkpt lat="24.19740923680365" lon="120.8025312423706">
        <ele>540.0</ele>
      </trkpt>
      <trkpt lat="24.19846066273749" lon="120.80124378204346">
        <ele>539.0</ele>
      </trkpt>
      <trkpt lat="24.198546493425965" lon="120.80115795135498">
        <ele>537.0</ele>
      </trkpt>
      <trkpt lat="24.199276054278016" lon="120.8002781867981">
        <ele>535.0</ele>
      </trkpt>
      <trkpt lat="24.199340343475342" lon="120.80021381378174">
        <ele>534.0</ele>
      </trkpt>
      <trkpt lat="24.199533546343446" lon="120.80010652542114">
        <ele>533.0</ele>
      </trkpt>
      <trkpt lat="24.20043476857245" lon="120.79963445663452">
        <ele>531.0</ele>
      </trkpt>
      <trkpt lat="24.200735175982118" lon="120.79948425292969">
        <ele>530.0</ele>
      </trkpt>
      <trkpt lat="24.200799465179443" lon="120.79941987991333">
        <ele>528.0</ele>
      </trkpt>
      <trkpt lat="24.20084238052368" lon="120.79933404922485">
        <ele>527.0</ele>
      </trkpt>
      <trkpt lat="24.201185703277588" lon="120.79873323440552">
        <ele>525.0</ele>
      </trkpt>
      <trkpt lat="24.201250076293945" lon="120.79864740371704">
        <ele>523.0</ele>
      </trkpt>
      <trkpt lat="24.20137882232666" lon="120.7984972000122">
        <ele>521.0</ele>
      </trkpt>
      <trkpt lat="24.201979637145996" lon="120.79796075820923">
        <ele>519.0</ele>
      </trkpt>
      <trkpt lat="24.20210838317871" lon="120.79787492752075">
        <ele>517.0</ele>
      </trkpt>
      <trkpt lat="24.202752113342285" lon="120.79766035079956">
        <ele>515.0</ele>
      </trkpt>
      <trkpt lat="24.202988147735596" lon="120.79746723175049">
        <ele>513.0</ele>
      </trkpt>
      <trkpt lat="24.20337438583374" lon="120.79716682434082">
        <ele>511.0</ele>
      </trkpt>
      <trkpt lat="24.203546131029725" lon="120.79701662063599">
        <ele>509.0</ele>
      </trkpt>
      <trkpt lat="24.20414694584906" lon="120.79630851745605">
        <ele>507.0</ele>
      </trkpt>
      <trkpt lat="24.20438298024237" lon="120.79598665237427">
        <ele>505.0</ele>
      </trkpt>
      <trkpt lat="24.204576099291444" lon="120.79570770263672">
        <ele>504.0</ele>
      </trkpt>
      <trkpt lat="24.204812133684754" lon="120.7953429222107">
        <ele>502.0</ele>
      </trkpt>
      <trkpt lat="24.205112541094422" lon="120.79491376876831">
        <ele>501.0</ele>
      </trkpt>
      <trkpt lat="24.205498695373535" lon="120.7943344116211">
        <ele>499.0</ele>
      </trkpt>
      <trkpt lat="24.20558745972812" lon="120.79432762227952">
        <ele>498.0</ele>
      </trkpt>
      <trkpt lat="24.20558737590909" lon="120.79432762227952">
        <ele>497.0</ele>
      </trkpt>
      <trkpt lat="24.205777728930116" lon="120.79431295394897">
        <ele>497.0</ele>
      </trkpt>
      <trkpt lat="24.20586347579956" lon="120.79431295394897">
        <ele>496.0</ele>
      </trkpt>
      <trkpt lat="24.20592793263495" lon="120.7942271232605">
        <ele>496.0</ele>
      </trkpt>
      <trkpt lat="24.2059063911438" lon="120.7941198348999">
        <ele>495.0</ele>
      </trkpt>
      <trkpt lat="24.205949306488037" lon="120.79364776611328">
        <ele>494.0</ele>
      </trkpt>
      <trkpt lat="24.206099594011903" lon="120.79272508621216">
        <ele>492.0</ele>
      </trkpt>
      <trkpt lat="24.20612096786499" lon="120.79240322113037">
        <ele>490.0</ele>
      </trkpt>
      <trkpt lat="24.20614242553711" lon="120.79171657562256">
        <ele>489.0</ele>
      </trkpt>
      <trkpt lat="24.20588493347168" lon="120.7915449142456">
        <ele>488.0</ele>
      </trkpt>
      <trkpt lat="24.205777728930116" lon="120.79150199890137">
        <ele>486.0</ele>
      </trkpt>
      <trkpt lat="24.205777645111084" lon="120.79150199890137">
        <ele>486.0</ele>
      </trkpt>
      <trkpt lat="24.20567035675049" lon="120.79148054122925">
        <ele>484.0</ele>
      </trkpt>
      <trkpt lat="24.205563068389893" lon="120.79152345657349">
        <ele>483.0</ele>
      </trkpt>
      <trkpt lat="24.205477237701416" lon="120.79158782958984">
        <ele>482.0</ele>
      </trkpt>
      <trkpt lat="24.20539140701294" lon="120.79169511795044">
        <ele>482.0</ele>
      </trkpt>
      <trkpt lat="24.20536994934082" lon="120.79180240631104">
        <ele>481.0</ele>
      </trkpt>
      <trkpt lat="24.20536994934082" lon="120.79195261001587">
        <ele>481.0</ele>
      </trkpt>
      <trkpt lat="24.205541610717773" lon="120.79285383224487">
        <ele>480.0</ele>
      </trkpt>
      <trkpt lat="24.205541610717773" lon="120.79293966293335">
        <ele>480.0</ele>
      </trkpt>
      <trkpt lat="24.205498695373535" lon="120.7930040359497">
        <ele>479.0</ele>
      </trkpt>
      <trkpt lat="24.205434322357178" lon="120.79302549362183">
        <ele>479.0</ele>
      </trkpt>
      <trkpt lat="24.2053484916687" lon="120.79302549362183">
        <ele>478.0</ele>
      </trkpt>
      <trkpt lat="24.205284118652344" lon="120.79298257827759">
        <ele>477.0</ele>
      </trkpt>
      <trkpt lat="24.205241203308105" lon="120.79289674758911">
        <ele>476.0</ele>
      </trkpt>
      <trkpt lat="24.205069541931152" lon="120.79225301742554">
        <ele>475.0</ele>
      </trkpt>
      <trkpt lat="24.205026710405946" lon="120.79203844070435">
        <ele>474.0</ele>
      </trkpt>
      <trkpt lat="24.205026626586914" lon="120.79203844070435">
        <ele>472.0</ele>
      </trkpt>
      <trkpt lat="24.205005168914795" lon="120.79184532165527">
        <ele>471.0</ele>
      </trkpt>
      <trkpt lat="24.205026710405946" lon="120.79152345657349">
        <ele>469.0</ele>
      </trkpt>
      <trkpt lat="24.205219829455018" lon="120.78995704650879">
        <ele>466.0</ele>
      </trkpt>
      <trkpt lat="24.205219745635986" lon="120.78995704650879">
        <ele>465.0</ele>
      </trkpt>
      <trkpt lat="24.205262744799256" lon="120.78946352005005">
        <ele>463.0</ele>
      </trkpt>
      <trkpt lat="24.205305576324463" lon="120.78924894332886">
        <ele>461.0</ele>
      </trkpt>
      <trkpt lat="24.2053484916687" lon="120.78914165496826">
        <ele>459.0</ele>
      </trkpt>
      <trkpt lat="24.20541286468506" lon="120.78903436660767">
        <ele>457.0</ele>
      </trkpt>
      <trkpt lat="24.205498695373535" lon="120.78890562057495">
        <ele>455.0</ele>
      </trkpt>
      <trkpt lat="24.205756271257997" lon="120.7886266708374">
        <ele>453.0</ele>
      </trkpt>
      <trkpt lat="24.206571578979492" lon="120.78768253326416">
        <ele>450.0</ele>
      </trkpt>
      <trkpt lat="24.20663595199585" lon="120.78757524490356">
        <ele>448.0</ele>
      </trkpt>
      <trkpt lat="24.206678867340088" lon="120.78744649887085">
        <ele>446.0</ele>
      </trkpt>
      <trkpt lat="24.206678867340088" lon="120.78731775283813">
        <ele>444.0</ele>
      </trkpt>
      <trkpt lat="24.206657493487" lon="120.7870602607727">
        <ele>442.0</ele>
      </trkpt>
      <trkpt lat="24.20661449432373" lon="120.78675985336304">
        <ele>441.0</ele>
      </trkpt>
      <trkpt lat="24.206571662798524" lon="120.7866096496582">
        <ele>439.0</ele>
      </trkpt>
      <trkpt lat="24.206464290618896" lon="120.78648090362549">
        <ele>437.0</ele>
      </trkpt>
      <trkpt lat="24.20637845993042" lon="120.78641653060913">
        <ele>436.0</ele>
      </trkpt>
      <trkpt lat="24.206271171569824" lon="120.78639507293701">
        <ele>434.0</ele>
      </trkpt>
      <trkpt lat="24.20614242553711" lon="120.78639507293701">
        <ele>432.0</ele>
      </trkpt>
      <trkpt lat="24.206035137176514" lon="120.78643798828125">
        <ele>431.0</ele>
      </trkpt>
      <trkpt lat="24.205949306488037" lon="120.78652381896973">
        <ele>430.0</ele>
      </trkpt>
      <trkpt lat="24.2059063911438" lon="120.78665256500244">
        <ele>428.0</ele>
      </trkpt>
      <trkpt lat="24.20558452606201" lon="120.78738212585449">
        <ele>427.0</ele>
      </trkpt>
      <trkpt lat="24.205520153045654" lon="120.78746795654297">
        <ele>426.0</ele>
      </trkpt>
      <trkpt lat="24.205434322357178" lon="120.7875108718872">
        <ele>425.0</ele>
      </trkpt>
      <trkpt lat="24.2053484916687" lon="120.78753232955933">
        <ele>424.0</ele>
      </trkpt>
      <trkpt lat="24.205284118652344" lon="120.7875108718872">
        <ele>423.0</ele>
      </trkpt>
      <trkpt lat="24.205241203308105" lon="120.78746795654297">
        <ele>422.0</ele>
      </trkpt>
      <trkpt lat="24.205198287963867" lon="120.78740358352661">
        <ele>421.0</ele>
      </trkpt>
      <trkpt lat="24.205176830291748" lon="120.78731775283813">
        <ele>420.0</ele>
      </trkpt>
      <trkpt lat="24.20517691411078" lon="120.78701734542847">
        <ele>419.0</ele>
      </trkpt>
      <trkpt lat="24.205176830291748" lon="120.7868242263794">
        <ele>418.0</ele>
      </trkpt>
      <trkpt lat="24.205241203308105" lon="120.78665256500244">
        <ele>417.0</ele>
      </trkpt>
      <trkpt lat="24.205541610717773" lon="120.7862663269043">
        <ele>417.0</ele>
      </trkpt>
      <trkpt lat="24.20560598373413" lon="120.7861590385437">
        <ele>417.0</ele>
      </trkpt>
      <trkpt lat="24.20562752522528" lon="120.7860517501831">
        <ele>416.0</ele>
      </trkpt>
      <trkpt lat="24.20560598373413" lon="120.78592300415039">
        <ele>414.0</ele>
      </trkpt>
      <trkpt lat="24.205563068389893" lon="120.7858157157898">
        <ele>413.0</ele>
      </trkpt>
      <trkpt lat="24.205477237701416" lon="120.78572988510132">
        <ele>412.0</ele>
      </trkpt>
      <trkpt lat="24.20513391494751" lon="120.7856011390686">
        <ele>410.0</ele>
      </trkpt>
      <trkpt lat="24.205005168914795" lon="120.78551530838013">
        <ele>408.0</ele>
      </trkpt>
      <trkpt lat="24.20466192997992" lon="120.78523635864258">
        <ele>406.0</ele>
      </trkpt>
      <trkpt lat="24.20436143875122" lon="120.78495740890503">
        <ele>404.0</ele>
      </trkpt>
      <trkpt lat="24.204297065734863" lon="120.78487157821655">
        <ele>402.0</ele>
      </trkpt>
      <trkpt lat="24.204275608062744" lon="120.78476428985596">
        <ele>400.0</ele>
      </trkpt>
      <trkpt lat="24.204275608062744" lon="120.78463554382324">
        <ele>399.0</ele>
      </trkpt>
      <trkpt lat="24.204297065734863" lon="120.78450679779053">
        <ele>397.0</ele>
      </trkpt>
      <trkpt lat="24.204468727111816" lon="120.7842493057251">
        <ele>396.0</ele>
      </trkpt>
      <trkpt lat="24.20470484532416" lon="120.78405618667603">
        <ele>394.0</ele>
      </trkpt>
      <trkpt lat="24.204983711242676" lon="120.78384160995483">
        <ele>393.0</ele>
      </trkpt>
      <trkpt lat="24.205069541931152" lon="120.78371286392212">
        <ele>392.0</ele>
      </trkpt>
      <trkpt lat="24.205069625750184" lon="120.7835841178894">
        <ele>391.0</ele>
      </trkpt>
      <trkpt lat="24.205048084259033" lon="120.78343391418457">
        <ele>389.0</ele>
      </trkpt>
      <trkpt lat="24.204983711242676" lon="120.78330516815186">
        <ele>388.0</ele>
      </trkpt>
      <trkpt lat="24.20487642288208" lon="120.7832407951355">
        <ele>387.0</ele>
      </trkpt>
      <trkpt lat="24.204747676849365" lon="120.78321933746338">
        <ele>385.0</ele>
      </trkpt>
      <trkpt lat="24.204254150390625" lon="120.78326225280762">
        <ele>383.0</ele>
      </trkpt>
      <trkpt lat="24.204189777374268" lon="120.7832407951355">
        <ele>381.0</ele>
      </trkpt>
      <trkpt lat="24.20412540435791" lon="120.78321933746338">
        <ele>380.0</ele>
      </trkpt>
      <trkpt lat="24.204082489013672" lon="120.78315496444702">
        <ele>378.0</ele>
      </trkpt>
      <trkpt lat="24.2038893699646" lon="120.78274726867676">
        <ele>375.0</ele>
      </trkpt>
      <trkpt lat="24.203782081604004" lon="120.78259706497192">
        <ele>373.0</ele>
      </trkpt>
      <trkpt lat="24.20363187789917" lon="120.78248977661133">
        <ele>371.0</ele>
      </trkpt>
      <trkpt lat="24.203524673357606" lon="120.78244686126709">
        <ele>368.0</ele>
      </trkpt>
      <trkpt lat="24.203310012817383" lon="120.78240394592285">
        <ele>366.0</ele>
      </trkpt>
      <trkpt lat="24.203009689226747" lon="120.78238248825073">
        <ele>364.0</ele>
      </trkpt>
      <trkpt lat="24.202709197998047" lon="120.78236103057861">
        <ele>362.0</ele>
      </trkpt>
      <trkpt lat="24.202558994293213" lon="120.78238248825073">
        <ele>359.0</ele>
      </trkpt>
      <trkpt lat="24.20210838317871" lon="120.78246831893921">
        <ele>356.0</ele>
      </trkpt>
      <trkpt lat="24.201807975769043" lon="120.78253269195557">
        <ele>353.0</ele>
      </trkpt>
      <trkpt lat="24.20163631439209" lon="120.78253269195557">
        <ele>350.0</ele>
      </trkpt>
      <trkpt lat="24.201507568359375" lon="120.78253269195557">
        <ele>348.0</ele>
      </trkpt>
      <trkpt lat="24.20135736465454" lon="120.78248977661133">
        <ele>345.0</ele>
      </trkpt>
      <trkpt lat="24.20114278793335" lon="120.78238248825073">
        <ele>342.0</ele>
      </trkpt>
      <trkpt lat="24.201014041900635" lon="120.78229665756226">
        <ele>339.0</ele>
      </trkpt>
      <trkpt lat="24.2008638381958" lon="120.78216791152954">
        <ele>336.0</ele>
      </trkpt>
      <trkpt lat="24.200756549835205" lon="120.78203916549683">
        <ele>334.0</ele>
      </trkpt>
      <trkpt lat="24.20067071914673" lon="120.78188896179199">
        <ele>331.0</ele>
      </trkpt>
      <trkpt lat="24.200263023376465" lon="120.78090190887451">
        <ele>329.0</ele>
      </trkpt>
      <trkpt lat="24.200198650360107" lon="120.78062295913696">
        <ele>326.0</ele>
      </trkpt>
      <trkpt lat="24.20017719268799" lon="120.77997922897339">
        <ele>324.0</ele>
      </trkpt>
      <trkpt lat="24.20011281967163" lon="120.77974319458008">
        <ele>321.0</ele>
      </trkpt>
      <trkpt lat="24.200027072802186" lon="120.77952861785889">
        <ele>319.0</ele>
      </trkpt>
      <trkpt lat="24.199941158294678" lon="120.77937841415405">
        <ele>317.0</ele>
      </trkpt>
      <trkpt lat="24.1998553276062" lon="120.77927112579346">
        <ele>314.0</ele>
      </trkpt>
      <trkpt lat="24.199318885803223" lon="120.7788634300232">
        <ele>312.0</ele>
      </trkpt>
      <trkpt lat="24.19914722442627" lon="120.77869176864624">
        <ele>310.0</ele>
      </trkpt>
      <trkpt lat="24.199082851409912" lon="120.77860593795776">
        <ele>308.0</ele>
      </trkpt>
      <trkpt lat="24.199018478393555" lon="120.77843427658081">
        <ele>307.0</ele>
      </trkpt>
      <trkpt lat="24.19895418919623" lon="120.77821969985962">
        <ele>305.0</ele>
      </trkpt>
      <trkpt lat="24.198825359344482" lon="120.7775330543518">
        <ele>303.0</ele>
      </trkpt>
      <trkpt lat="24.198782444000244" lon="120.77712535858154">
        <ele>301.0</ele>
      </trkpt>
      <trkpt lat="24.198696613311768" lon="120.7762885093689">
        <ele>299.0</ele>
      </trkpt>
      <trkpt lat="24.19863224029541" lon="120.77609539031982">
        <ele>298.0</ele>
      </trkpt>
      <trkpt lat="24.198589324951172" lon="120.77545166015625">
        <ele>297.0</ele>
      </trkpt>
      <trkpt lat="24.198546409606934" lon="120.77508687973022">
        <ele>296.0</ele>
      </trkpt>
      <trkpt lat="24.198482036590576" lon="120.7748293876648">
        <ele>295.0</ele>
      </trkpt>
      <trkpt lat="24.19841774739325" lon="120.77465772628784">
        <ele>294.0</ele>
      </trkpt>
      <trkpt lat="24.198331832885742" lon="120.77446460723877">
        <ele>292.0</ele>
      </trkpt>
      <trkpt lat="24.198009967803955" lon="120.77392816543579">
        <ele>291.0</ele>
      </trkpt>
      <trkpt lat="24.198010051622987" lon="120.77392816543579">
        <ele>290.0</ele>
      </trkpt>
      <trkpt lat="24.197731101885438" lon="120.77339172363281">
        <ele>288.0</ele>
      </trkpt>
      <trkpt lat="24.197194576263428" lon="120.77242612838745">
        <ele>287.0</ele>
      </trkpt>
      <trkpt lat="24.19715166091919" lon="120.77231884002686">
        <ele>286.0</ele>
      </trkpt>
      <trkpt lat="24.19710874557495" lon="120.77221155166626">
        <ele>285.0</ele>
      </trkpt>
      <trkpt lat="24.197087287902832" lon="120.77206134796143">
        <ele>284.0</ele>
      </trkpt>
      <trkpt lat="24.197087287902832" lon="120.77191114425659">
        <ele>283.0</ele>
      </trkpt>
      <trkpt lat="24.19713020324707" lon="120.77167510986328">
        <ele>282.0</ele>
      </trkpt>
      <trkpt lat="24.19747360982001" lon="120.77038764953613">
        <ele>280.0</ele>
      </trkpt>
      <trkpt lat="24.197537899017334" lon="120.77015161514282">
        <ele>279.0</ele>
      </trkpt>
      <trkpt lat="24.197537982836366" lon="120.77015161514282">
        <ele>277.0</ele>
      </trkpt>
      <trkpt lat="24.198010051622987" lon="120.76834917068481">
        <ele>275.0</ele>
      </trkpt>
      <trkpt lat="24.198460578918457" lon="120.7665467262268">
        <ele>273.0</ele>
      </trkpt>
      <trkpt lat="24.198610866442323" lon="120.76616048812866">
        <ele>271.0</ele>
      </trkpt>
      <trkpt lat="24.198760986328125" lon="120.76568841934204">
        <ele>269.0</ele>
      </trkpt>
      <trkpt lat="24.19891119003296" lon="120.7648515701294">
        <ele>269.0</ele>
      </trkpt>
      <trkpt lat="24.19916868209839" lon="120.76382160186768">
        <ele>267.0</ele>
      </trkpt>
      <trkpt lat="24.19916876591742" lon="120.76382160186768">
        <ele>266.0</ele>
      </trkpt>
      <trkpt lat="24.199276054278016" lon="120.76330661773682">
        <ele>264.0</ele>
      </trkpt>
      <trkpt lat="24.199318885803223" lon="120.76309204101562">
        <ele>263.0</ele>
      </trkpt>
      <trkpt lat="24.199318969622254" lon="120.76309204101562">
        <ele>262.0</ele>
      </trkpt>
      <trkpt lat="24.199490630999207" lon="120.76225519180298">
        <ele>261.0</ele>
      </trkpt>
      <trkpt lat="24.199748039245605" lon="120.76109647750854">
        <ele>260.0</ele>
      </trkpt>
      <trkpt lat="24.199748123064637" lon="120.76109647750854">
        <ele>259.0</ele>
      </trkpt>
      <trkpt lat="24.199812496080995" lon="120.7607102394104">
        <ele>258.0</ele>
      </trkpt>
      <trkpt lat="24.19991970062256" lon="120.76017379760742">
        <ele>256.0</ele>
      </trkpt>
      <trkpt lat="24.200005531311035" lon="120.75942277908325">
        <ele>254.0</ele>
      </trkpt>
      <trkpt lat="24.20017719268799" lon="120.75852155685425">
        <ele>253.0</ele>
      </trkpt>
      <trkpt lat="24.20017727650702" lon="120.75852155685425">
        <ele>251.0</ele>
      </trkpt>
      <trkpt lat="24.200284481048584" lon="120.75794219970703">
        <ele>250.0</ele>
      </trkpt>
      <trkpt lat="24.200305938720703" lon="120.7577919960022">
        <ele>248.0</ele>
      </trkpt>
      <trkpt lat="24.200305938720703" lon="120.75762033462524">
        <ele>246.0</ele>
      </trkpt>
      <trkpt lat="24.200263023376465" lon="120.75740575790405">
        <ele>245.0</ele>
      </trkpt>
      <trkpt lat="24.199984073638916" lon="120.7567834854126">
        <ele>242.0</ele>
      </trkpt>
      <trkpt lat="24.199941158294678" lon="120.75661182403564">
        <ele>240.0</ele>
      </trkpt>
      <trkpt lat="24.19989824295044" lon="120.75641870498657">
        <ele>238.0</ele>
      </trkpt>
      <trkpt lat="24.19987678527832" lon="120.75624704360962">
        <ele>237.0</ele>
      </trkpt>
      <trkpt lat="24.19987678527832" lon="120.75603246688843">
        <ele>235.0</ele>
      </trkpt>
      <trkpt lat="24.19991970062256" lon="120.75536727905273">
        <ele>232.0</ele>
      </trkpt>
      <trkpt lat="24.19989824295044" lon="120.75523853302002">
        <ele>231.0</ele>
      </trkpt>
      <trkpt lat="24.19989832676947" lon="120.75523853302002">
        <ele>229.0</ele>
      </trkpt>
      <trkpt lat="24.199812412261963" lon="120.75502395629883">
        <ele>227.0</ele>
      </trkpt>
      <trkpt lat="24.199812496080995" lon="120.75502395629883">
        <ele>225.0</ele>
      </trkpt>
      <trkpt lat="24.199576377868652" lon="120.75461626052856">
        <ele>224.0</ele>
      </trkpt>
      <trkpt lat="24.1994047164917" lon="120.75416564941406">
        <ele>222.0</ele>
      </trkpt>
      <trkpt lat="24.199318885803223" lon="120.7538652420044">
        <ele>221.0</ele>
      </trkpt>
      <trkpt lat="24.199190139770508" lon="120.75317859649658">
        <ele>220.0</ele>
      </trkpt>
      <trkpt lat="24.19919022358954" lon="120.75317859649658">
        <ele>219.0</ele>
      </trkpt>
      <trkpt lat="24.199039936065674" lon="120.75232028961182">
        <ele>218.0</ele>
      </trkpt>
      <trkpt lat="24.198868358507752" lon="120.75193405151367">
        <ele>217.0</ele>
      </trkpt>
      <trkpt lat="24.198546409606934" lon="120.75133323669434">
        <ele>216.0</ele>
      </trkpt>
      <trkpt lat="24.198439121246338" lon="120.75096845626831">
        <ele>215.0</ele>
      </trkpt>
      <trkpt lat="24.19839628972113" lon="120.750732421875">
        <ele>215.0</ele>
      </trkpt>
      <trkpt lat="24.19837474822998" lon="120.75011014938354">
        <ele>215.0</ele>
      </trkpt>
      <trkpt lat="24.198310375213623" lon="120.7497239112854">
        <ele>214.0</ele>
      </trkpt>
      <trkpt lat="24.198246002197266" lon="120.74950933456421">
        <ele>213.0</ele>
      </trkpt>
      <trkpt lat="24.198031425476074" lon="120.74892997741699">
        <ele>212.0</ele>
      </trkpt>
      <trkpt lat="24.197945594787598" lon="120.74875831604004">
        <ele>212.0</ele>
      </trkpt>
      <trkpt lat="24.19766672886908" lon="120.74828624725342">
        <ele>212.0</ele>
      </trkpt>
      <trkpt lat="24.19743061065674" lon="120.74796438217163">
        <ele>212.0</ele>
      </trkpt>
      <trkpt lat="24.197323322296143" lon="120.74785709381104">
        <ele>212.0</ele>
      </trkpt>
      <trkpt lat="24.197194576263428" lon="120.74777126312256">
        <ele>211.0</ele>
      </trkpt>
      <trkpt lat="24.197065830230713" lon="120.7477068901062">
        <ele>211.0</ele>
      </trkpt>
      <trkpt lat="24.19691562652588" lon="120.74764251708984">
        <ele>211.0</ele>
      </trkpt>
      <trkpt lat="24.196701049804688" lon="120.74762105941772">
        <ele>211.0</ele>
      </trkpt>
      <trkpt lat="24.196486556902528" lon="120.74762105941772">
        <ele>211.0</ele>
      </trkpt>
      <trkpt lat="24.19595011509955" lon="120.7475996017456">
        <ele>211.0</ele>
      </trkpt>
      <trkpt lat="24.19545658864081" lon="120.74757814407349">
        <ele>211.0</ele>
      </trkpt>
      <trkpt lat="24.194812858477235" lon="120.74753522872925">
        <ele>211.0</ele>
      </trkpt>
      <trkpt lat="24.194018840789795" lon="120.74747085571289">
        <ele>210.0</ele>
      </trkpt>
      <trkpt lat="24.194018924608827" lon="120.74747085571289">
        <ele>210.0</ele>
      </trkpt>
      <trkpt lat="24.193546855822206" lon="120.74744939804077">
        <ele>210.0</ele>
      </trkpt>
      <trkpt lat="24.1932035330683" lon="120.74732065200806">
        <ele>210.0</ele>
      </trkpt>
      <trkpt lat="24.192581260576844" lon="120.74708461761475">
        <ele>209.0</ele>
      </trkpt>
      <trkpt lat="24.191958904266357" lon="120.74682712554932">
        <ele>209.0</ele>
      </trkpt>
      <trkpt lat="24.191336631774902" lon="120.74654817581177">
        <ele>208.0</ele>
      </trkpt>
      <trkpt lat="24.19090747833252" lon="120.74626922607422">
        <ele>207.0</ele>
      </trkpt>
      <trkpt lat="24.190714359283447" lon="120.74620485305786">
        <ele>207.0</ele>
      </trkpt>
      <trkpt lat="24.190499782562256" lon="120.74616193771362">
        <ele>206.0</ele>
      </trkpt>
      <trkpt lat="24.190349578857422" lon="120.74616193771362">
        <ele>205.0</ele>
      </trkpt>
      <trkpt lat="24.189491271972656" lon="120.74620485305786">
        <ele>205.0</ele>
      </trkpt>
      <trkpt lat="24.189233779907227" lon="120.74616193771362">
        <ele>204.0</ele>
      </trkpt>
      <trkpt lat="24.18912649154663" lon="120.74611902236938">
        <ele>203.0</ele>
      </trkpt>
      <trkpt lat="24.188997745513916" lon="120.74605464935303">
        <ele>202.0</ele>
      </trkpt>
      <trkpt lat="24.1888689994812" lon="120.74594736099243">
        <ele>201.0</ele>
      </trkpt>
      <trkpt lat="24.188740253448486" lon="120.7457971572876">
        <ele>200.0</ele>
      </trkpt>
      <trkpt lat="24.188525676727295" lon="120.74543237686157">
        <ele>199.0</ele>
      </trkpt>
      <trkpt lat="24.18839693069458" lon="120.74530363082886">
        <ele>198.0</ele>
      </trkpt>
      <trkpt lat="24.188203811645508" lon="120.74519634246826">
        <ele>197.0</ele>
      </trkpt>
      <trkpt lat="24.1877103690058" lon="120.7448959350586">
        <ele>195.0</ele>
      </trkpt>
      <trkpt lat="24.187603080645204" lon="120.74483156204224">
        <ele>194.0</ele>
      </trkpt>
      <trkpt lat="24.187002265825868" lon="120.74446678161621">
        <ele>193.0</ele>
      </trkpt>
      <trkpt lat="24.186809146776795" lon="120.74435949325562">
        <ele>192.0</ele>
      </trkpt>
      <trkpt lat="24.186487197875977" lon="120.74416637420654">
        <ele>191.0</ele>
      </trkpt>
      <trkpt lat="24.186379993334413" lon="120.7441234588623">
        <ele>190.0</ele>
      </trkpt>
      <trkpt lat="24.18618679046631" lon="120.74408054351807">
        <ele>189.0</ele>
      </trkpt>
      <trkpt lat="24.18573626317084" lon="120.74408054351807">
        <ele>188.0</ele>
      </trkpt>
      <trkpt lat="24.185307025909424" lon="120.74405908584595">
        <ele>187.0</ele>
      </trkpt>
      <trkpt lat="24.184770584106445" lon="120.743887424469">
        <ele>186.0</ele>
      </trkpt>
      <trkpt lat="24.183053970336914" lon="120.74335098266602">
        <ele>185.0</ele>
      </trkpt>
      <trkpt lat="24.182817935943604" lon="120.7432222366333">
        <ele>184.0</ele>
      </trkpt>
      <trkpt lat="24.182324493303895" lon="120.74281454086304">
        <ele>183.0</ele>
      </trkpt>
      <trkpt lat="24.181981086730957" lon="120.74253559112549">
        <ele>182.0</ele>
      </trkpt>
      <trkpt lat="24.181787967681885" lon="120.74240684509277">
        <ele>182.0</ele>
      </trkpt>
      <trkpt lat="24.181487560272217" lon="120.74225664138794">
        <ele>181.0</ele>
      </trkpt>
      <trkpt lat="24.181058406829834" lon="120.7421064376831">
        <ele>180.0</ele>
      </trkpt>
      <trkpt lat="24.180865371599793" lon="120.74197769165039">
        <ele>180.0</ele>
      </trkpt>
      <trkpt lat="24.180500507354736" lon="120.74172019958496">
        <ele>179.0</ele>
      </trkpt>
      <trkpt lat="24.180328845977783" lon="120.74152708053589">
        <ele>178.0</ele>
      </trkpt>
      <trkpt lat="24.17992123402655" lon="120.74103355407715">
        <ele>177.0</ele>
      </trkpt>
      <trkpt lat="24.179341793060303" lon="120.74032545089722">
        <ele>176.0</ele>
      </trkpt>
      <trkpt lat="24.17914867401123" lon="120.73996067047119">
        <ele>175.0</ele>
      </trkpt>
      <trkpt lat="24.179105758666992" lon="120.7398533821106">
        <ele>174.0</ele>
      </trkpt>
      <trkpt lat="24.17893409729004" lon="120.73959589004517">
        <ele>173.0</ele>
      </trkpt>
      <trkpt lat="24.178526485338807" lon="120.73882341384888">
        <ele>171.0</ele>
      </trkpt>
      <trkpt lat="24.17839765548706" lon="120.73856592178345">
        <ele>170.0</ele>
      </trkpt>
      <trkpt lat="24.178376281633973" lon="120.73841571807861">
        <ele>170.0</ele>
      </trkpt>
      <trkpt lat="24.178354740142822" lon="120.73813676834106">
        <ele>169.0</ele>
      </trkpt>
      <trkpt lat="24.1784405708313" lon="120.73734283447266">
        <ele>169.0</ele>
      </trkpt>
      <trkpt lat="24.1784405708313" lon="120.73719263076782">
        <ele>169.0</ele>
      </trkpt>
      <trkpt lat="24.178397739306092" lon="120.73699951171875">
        <ele>168.0</ele>
      </trkpt>
      <trkpt lat="24.17824753560126" lon="120.73665618896484">
        <ele>168.0</ele>
      </trkpt>
      <trkpt lat="24.177839839830995" lon="120.7359266281128">
        <ele>167.0</ele>
      </trkpt>
      <trkpt lat="24.177324855700135" lon="120.73500394821167">
        <ele>166.0</ele>
      </trkpt>
      <trkpt lat="24.17719602584839" lon="120.73474645614624">
        <ele>166.0</ele>
      </trkpt>
      <trkpt lat="24.177110278978944" lon="120.7345962524414">
        <ele>165.0</ele>
      </trkpt>
      <trkpt lat="24.177045822143555" lon="120.73431730270386">
        <ele>164.0</ele>
      </trkpt>
      <trkpt lat="24.17691715992987" lon="120.73367357254028">
        <ele>163.0</ele>
      </trkpt>
      <trkpt lat="24.17689561843872" lon="120.73337316513062">
        <ele>162.0</ele>
      </trkpt>
      <trkpt lat="24.17691707611084" lon="120.73318004608154">
        <ele>161.0</ele>
      </trkpt>
      <trkpt lat="24.17698153294623" lon="120.73249340057373">
        <ele>159.0</ele>
      </trkpt>
      <trkpt lat="24.177067279815674" lon="120.73174238204956">
        <ele>159.0</ele>
      </trkpt>
      <trkpt lat="24.177067363634706" lon="120.73174238204956">
        <ele>158.0</ele>
      </trkpt>
      <trkpt lat="24.17717456817627" lon="120.73071241378784">
        <ele>156.0</ele>
      </trkpt>
      <trkpt lat="24.17715311050415" lon="120.73039054870605">
        <ele>155.0</ele>
      </trkpt>
      <trkpt lat="24.177153194323182" lon="120.73039054870605">
        <ele>154.0</ele>
      </trkpt>
      <trkpt lat="24.17715311050415" lon="120.73028326034546">
        <ele>153.0</ele>
      </trkpt>
      <trkpt lat="24.177153194323182" lon="120.73028326034546">
        <ele>152.0</ele>
      </trkpt>
      <trkpt lat="24.176723957061768" lon="120.72807312011719">
        <ele>151.0</ele>
      </trkpt>
      <trkpt lat="24.1767240408808" lon="120.72807312011719">
        <ele>150.0</ele>
      </trkpt>
      <trkpt lat="24.176595211029053" lon="120.72736501693726">
        <ele>149.0</ele>
      </trkpt>
      <trkpt lat="24.176595294848084" lon="120.72736501693726">
        <ele>148.0</ele>
      </trkpt>
      <trkpt lat="24.17644500732422" lon="120.72669982910156">
        <ele>147.0</ele>
      </trkpt>
      <trkpt lat="24.17644509114325" lon="120.72669982910156">
        <ele>146.0</ele>
      </trkpt>
      <trkpt lat="24.176208972930908" lon="120.72547674179077">
        <ele>145.0</ele>
      </trkpt>
      <trkpt lat="24.176144683733582" lon="120.7247257232666">
        <ele>145.0</ele>
      </trkpt>
      <trkpt lat="24.176123226061463" lon="120.72401762008667">
        <ele>143.0</ele>
      </trkpt>
      <trkpt lat="24.176058853045106" lon="120.72296619415283">
        <ele>142.0</ele>
      </trkpt>
      <trkpt lat="24.176037311553955" lon="120.72253704071045">
        <ele>141.0</ele>
      </trkpt>
      <trkpt lat="24.176037395372987" lon="120.72253704071045">
        <ele>140.0</ele>
      </trkpt>
      <trkpt lat="24.17595156468451" lon="120.72103500366211">
        <ele>139.0</ele>
      </trkpt>
      <trkpt lat="24.17593010701239" lon="120.7207989692688">
        <ele>138.0</ele>
      </trkpt>
      <trkpt lat="24.175908649340272" lon="120.72047710418701">
        <ele>138.0</ele>
      </trkpt>
      <trkpt lat="24.175908649340272" lon="120.72019815444946">
        <ele>137.0</ele>
      </trkpt>
      <trkpt lat="24.175844192504883" lon="120.71918964385986">
        <ele>136.0</ele>
      </trkpt>
      <trkpt lat="24.175844276323915" lon="120.71918964385986">
        <ele>136.0</ele>
      </trkpt>
      <trkpt lat="24.175801277160645" lon="120.7187819480896">
        <ele>135.0</ele>
      </trkpt>
      <trkpt lat="24.17550095357001" lon="120.71749448776245">
        <ele>135.0</ele>
      </trkpt>
      <trkpt lat="24.175350666046143" lon="120.71702241897583">
        <ele>135.0</ele>
      </trkpt>
      <trkpt lat="24.175221920013428" lon="120.71667909622192">
        <ele>134.0</ele>
      </trkpt>
      <trkpt lat="24.175071800127625" lon="120.71635723114014">
        <ele>134.0</ele>
      </trkpt>
      <trkpt lat="24.174857223406434" lon="120.71599245071411">
        <ele>134.0</ele>
      </trkpt>
      <trkpt lat="24.174599647521973" lon="120.71560621261597">
        <ele>134.0</ele>
      </trkpt>
      <trkpt lat="24.174599731341004" lon="120.71560621261597">
        <ele>133.0</ele>
      </trkpt>
      <trkpt lat="24.174149120226502" lon="120.71498394012451">
        <ele>132.0</ele>
      </trkpt>
      <trkpt lat="24.173805797472596" lon="120.71444749832153">
        <ele>131.0</ele>
      </trkpt>
      <trkpt lat="24.173698509112" lon="120.7142972946167">
        <ele>131.0</ele>
      </trkpt>
      <trkpt lat="24.173526763916016" lon="120.71403980255127">
        <ele>130.0</ele>
      </trkpt>
      <trkpt lat="24.173526847735047" lon="120.71403980255127">
        <ele>130.0</ele>
      </trkpt>
      <trkpt lat="24.173119068145752" lon="120.71343898773193">
        <ele>129.0</ele>
      </trkpt>
      <trkpt lat="24.172840202227235" lon="120.7128381729126">
        <ele>129.0</ele>
      </trkpt>
      <trkpt lat="24.17266854085028" lon="120.71247339248657">
        <ele>128.0</ele>
      </trkpt>
      <trkpt lat="24.172561252489686" lon="120.71219444274902">
        <ele>128.0</ele>
      </trkpt>
      <trkpt lat="24.172411048784852" lon="120.71180820465088">
        <ele>127.0</ele>
      </trkpt>
      <trkpt lat="24.17221792973578" lon="120.71133613586426">
        <ele>127.0</ele>
      </trkpt>
      <trkpt lat="24.172089183703065" lon="120.71107864379883">
        <ele>127.0</ele>
      </trkpt>
      <trkpt lat="24.171874523162842" lon="120.71058511734009">
        <ele>126.0</ele>
      </trkpt>
      <trkpt lat="24.171874606981874" lon="120.71058511734009">
        <ele>126.0</ele>
      </trkpt>
      <trkpt lat="24.17172440327704" lon="120.71028470993042">
        <ele>125.0</ele>
      </trkpt>
      <trkpt lat="24.171595573425293" lon="120.71004867553711">
        <ele>125.0</ele>
      </trkpt>
      <trkpt lat="24.171316707506776" lon="120.70964097976685">
        <ele>124.0</ele>
      </trkpt>
      <trkpt lat="24.17118796147406" lon="120.70946931838989">
        <ele>124.0</ele>
      </trkpt>
      <trkpt lat="24.17095192708075" lon="120.70912599563599">
        <ele>123.0</ele>
      </trkpt>
      <trkpt lat="24.17073735035956" lon="120.70882558822632">
        <ele>123.0</ele>
      </trkpt>
      <trkpt lat="24.170265197753906" lon="120.70818185806274">
        <ele>123.0</ele>
      </trkpt>
      <trkpt lat="24.170265281572938" lon="120.70818185806274">
        <ele>122.0</ele>
      </trkpt>
      <trkpt lat="24.16990041732788" lon="120.707688331604">
        <ele>122.0</ele>
      </trkpt>
      <trkpt lat="24.169771755114198" lon="120.7074522972107">
        <ele>122.0</ele>
      </trkpt>
      <trkpt lat="24.16970729827881" lon="120.7072377204895">
        <ele>122.0</ele>
      </trkpt>
      <trkpt lat="24.169621467590332" lon="120.706787109375">
        <ele>121.0</ele>
      </trkpt>
      <trkpt lat="24.169621551409364" lon="120.706787109375">
        <ele>121.0</ele>
      </trkpt>
      <trkpt lat="24.169514263048768" lon="120.70635795593262">
        <ele>121.0</ele>
      </trkpt>
      <trkpt lat="24.169471263885498" lon="120.70599317550659">
        <ele>121.0</ele>
      </trkpt>
      <trkpt lat="24.16947134770453" lon="120.70560693740845">
        <ele>121.0</ele>
      </trkpt>
      <trkpt lat="24.16947134770453" lon="120.70519924163818">
        <ele>122.0</ele>
      </trkpt>
      <trkpt lat="24.169492721557617" lon="120.70479154586792">
        <ele>122.0</ele>
      </trkpt>
      <trkpt lat="24.16949280537665" lon="120.70436239242554">
        <ele>123.0</ele>
      </trkpt>
      <trkpt lat="24.169492721557617" lon="120.70395469665527">
        <ele>123.0</ele>
      </trkpt>
      <trkpt lat="24.16949280537665" lon="120.70395469665527">
        <ele>123.0</ele>
      </trkpt>
      <trkpt lat="24.169535720720887" lon="120.70350408554077">
        <ele>123.0</ele>
      </trkpt>
      <trkpt lat="24.169621551409364" lon="120.70316076278687">
        <ele>123.0</ele>
      </trkpt>
      <trkpt lat="24.169793212786317" lon="120.70253849029541">
        <ele>124.0</ele>
      </trkpt>
      <trkpt lat="24.169836128130555" lon="120.70236682891846">
        <ele>124.0</ele>
      </trkpt>
      <trkpt lat="24.16987895965576" lon="120.70213079452515">
        <ele>124.0</ele>
      </trkpt>
      <trkpt lat="24.169879043474793" lon="120.70213079452515">
        <ele>124.0</ele>
      </trkpt>
      <trkpt lat="24.170029247179627" lon="120.70099353790283">
        <ele>124.0</ele>
      </trkpt>
      <trkpt lat="24.170072162523866" lon="120.70067167282104">
        <ele>124.0</ele>
      </trkpt>
      <trkpt lat="24.170115077868104" lon="120.70026397705078">
        <ele>124.0</ele>
      </trkpt>
      <trkpt lat="24.17017945088446" lon="120.69964170455933">
        <ele>124.0</ele>
      </trkpt>
      <trkpt lat="24.1702223662287" lon="120.69934129714966">
        <ele>124.0</ele>
      </trkpt>
      <trkpt lat="24.170265197753906" lon="120.69874048233032">
        <ele>124.0</ele>
      </trkpt>
      <trkpt lat="24.170265281572938" lon="120.69874048233032">
        <ele>124.0</ele>
      </trkpt>
      <trkpt lat="24.170308113098145" lon="120.69811820983887">
        <ele>123.0</ele>
      </trkpt>
      <trkpt lat="24.170351028442383" lon="120.69777488708496">
        <ele>123.0</ele>
      </trkpt>
      <trkpt lat="24.17045840062201" lon="120.69766759872437">
        <ele>123.0</ele>
      </trkpt>
      <trkpt lat="24.170372569933534" lon="120.69762468338013">
        <ele>122.0</ele>
      </trkpt>
      <trkpt lat="24.16949280537665" lon="120.69706678390503">
        <ele>122.0</ele>
      </trkpt>
      <trkpt lat="24.169492721557617" lon="120.69706678390503">
        <ele>121.0</ele>
      </trkpt>
      <trkpt lat="24.169106567278504" lon="120.6968092918396">
        <ele>121.0</ele>
      </trkpt>
      <trkpt lat="24.167904937639832" lon="120.69603681564331">
        <ele>121.0</ele>
      </trkpt>
      <trkpt lat="24.1679048538208" lon="120.69603681564331">
        <ele>120.0</ele>
      </trkpt>
      <trkpt lat="24.166853511705995" lon="120.6953501701355">
        <ele>119.0</ele>
      </trkpt>
      <trkpt lat="24.166102493181825" lon="120.69485664367676">
        <ele>118.0</ele>
      </trkpt>
      <trkpt lat="24.165673339739442" lon="120.69457769393921">
        <ele>117.0</ele>
      </trkpt>
      <trkpt lat="24.164900863543153" lon="120.6941270828247">
        <ele>116.0</ele>
      </trkpt>
      <trkpt lat="24.16419276036322" lon="120.69371938705444">
        <ele>115.0</ele>
      </trkpt>
      <trkpt lat="24.16419267654419" lon="120.69371938705444">
        <ele>115.0</ele>
      </trkpt>
      <trkpt lat="24.1637206915766" lon="120.6934404373169">
        <ele>114.0</ele>
      </trkpt>
      <trkpt lat="24.16372060775757" lon="120.6934404373169">
        <ele>114.0</ele>
      </trkpt>
      <trkpt lat="24.163291538134217" lon="120.69318294525146">
        <ele>113.0</ele>
      </trkpt>
      <trkpt lat="24.162712180987" lon="120.69283962249756">
        <ele>112.0</ele>
      </trkpt>
      <trkpt lat="24.162411773577332" lon="120.6926679611206">
        <ele>112.0</ele>
      </trkpt>
      <trkpt lat="24.162304401397705" lon="120.69262504577637">
        <ele>111.0</ele>
      </trkpt>
      <trkpt lat="24.16198262013495" lon="120.69247484207153">
        <ele>111.0</ele>
      </trkpt>
      <trkpt lat="24.16174658574164" lon="120.69236755371094">
        <ele>111.0</ele>
      </trkpt>
      <trkpt lat="24.161424720659852" lon="120.69223880767822">
        <ele>110.0</ele>
      </trkpt>
      <trkpt lat="24.161145770922303" lon="120.69213151931763">
        <ele>110.0</ele>
      </trkpt>
      <trkpt lat="24.16050204075873" lon="120.6918740272522">
        <ele>110.0</ele>
      </trkpt>
      <trkpt lat="24.160158718004823" lon="120.69172382354736">
        <ele>109.0</ele>
      </trkpt>
      <trkpt lat="24.159665191546082" lon="120.69150924682617">
        <ele>108.0</ele>
      </trkpt>
      <trkpt lat="24.15921449661255" lon="120.6913161277771">
        <ele>107.0</ele>
      </trkpt>
      <trkpt lat="24.159107208251953" lon="120.69123029708862">
        <ele>107.0</ele>
      </trkpt>
      <trkpt lat="24.158871173858643" lon="120.6909728050232">
        <ele>106.0</ele>
      </trkpt>
      <trkpt lat="24.15895700454712" lon="120.690758228302">
        <ele>106.0</ele>
      </trkpt>
      <trkpt lat="24.15895700454712" lon="120.69060802459717">
        <ele>106.0</ele>
      </trkpt>
      <trkpt lat="24.15897846221924" lon="120.68897724151611">
        <ele>106.0</ele>
      </trkpt>
      <trkpt lat="24.15900000371039" lon="120.68861246109009">
        <ele>106.0</ele>
      </trkpt>
      <trkpt lat="24.15900000371039" lon="120.68796873092651">
        <ele>106.0</ele>
      </trkpt>
      <trkpt lat="24.159021377563477" lon="120.68668127059937">
        <ele>106.0</ele>
      </trkpt>
      <trkpt lat="24.15902146138251" lon="120.68668127059937">
        <ele>106.0</ele>
      </trkpt>
      <trkpt lat="24.159042919054627" lon="120.68569421768188">
        <ele>106.0</ele>
      </trkpt>
      <trkpt lat="24.159042919054627" lon="120.68550109863281">
        <ele>106.0</ele>
      </trkpt>
      <trkpt lat="24.159042919054627" lon="120.68511486053467">
        <ele>106.0</ele>
      </trkpt>
      <trkpt lat="24.159042835235596" lon="120.68498611450195">
        <ele>106.0</ele>
      </trkpt>
      <trkpt lat="24.159064376726747" lon="120.68427801132202">
        <ele>106.0</ele>
      </trkpt>
      <trkpt lat="24.159064376726747" lon="120.68389177322388">
        <ele>106.0</ele>
      </trkpt>
      <trkpt lat="24.159064376726747" lon="120.68365573883057">
        <ele>106.0</ele>
      </trkpt>
      <trkpt lat="24.159085834398866" lon="120.68307638168335">
        <ele>106.0</ele>
      </trkpt>
      <trkpt lat="24.159107208251953" lon="120.6823468208313">
        <ele>106.0</ele>
      </trkpt>
      <trkpt lat="24.159107292070985" lon="120.6823468208313">
        <ele>106.0</ele>
      </trkpt>
      <trkpt lat="24.159107292070985" lon="120.6818962097168">
        <ele>105.0</ele>
      </trkpt>
      <trkpt lat="24.159107292070985" lon="120.68148851394653">
        <ele>104.0</ele>
      </trkpt>
      <trkpt lat="24.159128749743104" lon="120.68095207214355">
        <ele>104.0</ele>
      </trkpt>
      <trkpt lat="24.159128749743104" lon="120.68063020706177">
        <ele>104.0</ele>
      </trkpt>
      <trkpt lat="24.159150207415223" lon="120.67994356155396">
        <ele>103.0</ele>
      </trkpt>
      <trkpt lat="24.159150207415223" lon="120.67919254302979">
        <ele>103.0</ele>
      </trkpt>
      <trkpt lat="24.159171665087342" lon="120.67872047424316">
        <ele>102.0</ele>
      </trkpt>
      <trkpt lat="24.15917158126831" lon="120.67758321762085">
        <ele>102.0</ele>
      </trkpt>
      <trkpt lat="24.159171665087342" lon="120.67758321762085">
        <ele>101.0</ele>
      </trkpt>
      <trkpt lat="24.15919312275946" lon="120.67698240280151">
        <ele>101.0</ele>
      </trkpt>
      <trkpt lat="24.15921458043158" lon="120.67648887634277">
        <ele>100.0</ele>
      </trkpt>
      <trkpt lat="24.15921458043158" lon="120.67625284194946">
        <ele>100.0</ele>
      </trkpt>
      <trkpt lat="24.15921458043158" lon="120.67586660385132">
        <ele>99.0</ele>
      </trkpt>
      <trkpt lat="24.15921458043158" lon="120.67571640014648">
        <ele>99.0</ele>
      </trkpt>
      <trkpt lat="24.15921458043158" lon="120.67541599273682">
        <ele>99.0</ele>
      </trkpt>
      <trkpt lat="24.15921458043158" lon="120.67515850067139">
        <ele>99.0</ele>
      </trkpt>
      <trkpt lat="24.15921458043158" lon="120.67460060119629">
        <ele>99.0</ele>
      </trkpt>
      <trkpt lat="24.15921458043158" lon="120.67363500595093">
        <ele>99.0</ele>
      </trkpt>
      <trkpt lat="24.15921458043158" lon="120.67314147949219">
        <ele>99.0</ele>
      </trkpt>
      <trkpt lat="24.15921458043158" lon="120.67286252975464">
        <ele>100.0</ele>
      </trkpt>
      <trkpt lat="24.15921458043158" lon="120.67206859588623">
        <ele>100.0</ele>
      </trkpt>
      <trkpt lat="24.15921458043158" lon="120.6713604927063">
        <ele>101.0</ele>
      </trkpt>
      <trkpt lat="24.15921458043158" lon="120.67103862762451">
        <ele>100.0</ele>
      </trkpt>
      <trkpt lat="24.15921449661255" lon="120.67050218582153">
        <ele>100.0</ele>
      </trkpt>
      <trkpt lat="24.15921458043158" lon="120.67050218582153">
        <ele>101.0</ele>
      </trkpt>
      <trkpt lat="24.15921449661255" lon="120.66977262496948">
        <ele>101.0</ele>
      </trkpt>
      <trkpt lat="24.158849716186523" lon="120.66970825195312">
        <ele>101.0</ele>
      </trkpt>
      <trkpt lat="24.158592224121094" lon="120.66966533660889">
        <ele>100.0</ele>
      </trkpt>
      <trkpt lat="24.15820606984198" lon="120.66953659057617">
        <ele>100.0</ele>
      </trkpt>
      <trkpt lat="24.15820606984198" lon="120.66915035247803">
        <ele>100.0</ele>
      </trkpt>
      <trkpt lat="24.15751942433417" lon="120.66915035247803">
        <ele>99.0</ele>
      </trkpt>
      <trkpt lat="24.15717601776123" lon="120.66915035247803">
        <ele>98.0</ele>
      </trkpt>
      <trkpt lat="24.156875610351562" lon="120.66908597946167">
        <ele>97.0</ele>
      </trkpt>
      <trkpt lat="24.156875694170594" lon="120.66908597946167">
        <ele>96.0</ele>
      </trkpt>
      <trkpt lat="24.156296253204346" lon="120.66895723342896">
        <ele>95.0</ele>
      </trkpt>
      <trkpt lat="24.15618896484375" lon="120.66897869110107">
        <ele>94.0</ele>
      </trkpt>
      <trkpt lat="24.156081676483154" lon="120.66887140274048">
        <ele>94.0</ele>
      </trkpt>
      <trkpt lat="24.15573843754828" lon="120.66880702972412">
        <ele>93.0</ele>
      </trkpt>
      <trkpt lat="24.155309200286865" lon="120.66910743713379">
        <ele>93.0</ele>
      </trkpt>
      <trkpt lat="24.154300773516297" lon="120.66805601119995">
        <ele>93.0</ele>
      </trkpt>
      <trkpt lat="24.15403950959444" lon="120.66779491491616">
        <ele>93.0</ele>
      </trkpt>
    </trkseg>
  </trk>
</gpx>
