<?xml version="1.0" encoding="UTF-8"?>
<gpx creator="Garmin Connect" version="1.1"
  xsi:schemaLocation="http://www.topografix.com/GPX/1/1 http://www.topografix.com/GPX/11.xsd"
  xmlns:ns3="http://www.garmin.com/xmlschemas/TrackPointExtension/v1"
  xmlns="http://www.topografix.com/GPX/1/1"
  xmlns:xsi="http://www.w3.org/2001/XMLSchema-instance" xmlns:ns2="http://www.garmin.com/xmlschemas/GpxExtensions/v3">
  <metadata>
    <name>新月橋-石門水庫</name>
    <link href="connect.garmin.com">
      <text>Garmin Connect</text>
    </link>
    <time>2026-03-14T07:44:46.000Z</time>
  </metadata>
  <trk>
    <name>新月橋-石門水庫</name>
    <trkseg>
      <trkpt lat="25.028071850538254" lon="121.45396831445396">
        <ele>4.6</ele>
      </trkpt>
      <trkpt lat="25.027989791706204" lon="121.45397393032908">
        <ele>4.6</ele>
      </trkpt>
      <trkpt lat="25.027917958796024" lon="121.45393126644194">
        <ele>4.6</ele>
      </trkpt>
      <trkpt lat="25.027876384556293" lon="121.4538814779371">
        <ele>4.8</ele>
      </trkpt>
      <trkpt lat="25.027832379564643" lon="121.4538175240159">
        <ele>4.8</ele>
      </trkpt>
      <trkpt lat="25.027760630473495" lon="121.4537141751498">
        <ele>5.0</ele>
      </trkpt>
      <trkpt lat="25.027704052627087" lon="121.4536446891725">
        <ele>5.0</ele>
      </trkpt>
      <trkpt lat="25.027440106496215" lon="121.45330891013145">
        <ele>5.8</ele>
      </trkpt>
      <trkpt lat="25.027263248339295" lon="121.45306818187237">
        <ele>5.8</ele>
      </trkpt>
      <trkpt lat="25.027108769863844" lon="121.45286525599658">
        <ele>5.4</ele>
      </trkpt>
      <trkpt lat="25.02677340991795" lon="121.45243970677257">
        <ele>5.2</ele>
      </trkpt>
      <trkpt lat="25.02672898583114" lon="121.45238237455487">
        <ele>5.2</ele>
      </trkpt>
      <trkpt lat="25.026326151564717" lon="121.4519093837589">
        <ele>4.8</ele>
      </trkpt>
      <trkpt lat="25.02628323622048" lon="121.45186236128211">
        <ele>4.8</ele>
      </trkpt>
      <trkpt lat="25.02587679773569" lon="121.45140185952187">
        <ele>5.2</ele>
      </trkpt>
      <trkpt lat="25.025829020887613" lon="121.45135064609349">
        <ele>5.0</ele>
      </trkpt>
      <trkpt lat="25.025395257398486" lon="121.45088511519134">
        <ele>6.2</ele>
      </trkpt>
      <trkpt lat="25.025347899645567" lon="121.45083172246814">
        <ele>6.0</ele>
      </trkpt>
      <trkpt lat="25.024946238845587" lon="121.45042193122208">
        <ele>6.2</ele>
      </trkpt>
      <trkpt lat="25.024790754541755" lon="121.45025965757668">
        <ele>6.4</ele>
      </trkpt>
      <trkpt lat="25.024578273296356" lon="121.45005052909255">
        <ele>7.2</ele>
      </trkpt>
      <trkpt lat="25.024326983839273" lon="121.44980175420642">
        <ele>7.8</ele>
      </trkpt>
      <trkpt lat="25.02422363497317" lon="121.44969983026385">
        <ele>8.2</ele>
      </trkpt>
      <trkpt lat="25.023868326097727" lon="121.4493225608021">
        <ele>8.0</ele>
      </trkpt>
      <trkpt lat="25.02382205799222" lon="121.44925877451897">
        <ele>7.8</ele>
      </trkpt>
      <trkpt lat="25.023774784058332" lon="121.44919666461647">
        <ele>7.6</ele>
      </trkpt>
      <trkpt lat="25.02367646433413" lon="121.44908241927624">
        <ele>8.0</ele>
      </trkpt>
      <trkpt lat="25.023506060242653" lon="121.44893171265721">
        <ele>8.8</ele>
      </trkpt>
      <trkpt lat="25.023066513240337" lon="121.44853248260915">
        <ele>8.8</ele>
      </trkpt>
      <trkpt lat="25.022745486348867" lon="121.4482574723661">
        <ele>9.4</ele>
      </trkpt>
      <trkpt lat="25.02246905118227" lon="121.44802445545793">
        <ele>9.2</ele>
      </trkpt>
      <trkpt lat="25.022133104503155" lon="121.44775363616645">
        <ele>8.8</ele>
      </trkpt>
      <trkpt lat="25.02197351306677" lon="121.4476266503334">
        <ele>9.4</ele>
      </trkpt>
      <trkpt lat="25.021772515028715" lon="121.44746865145862">
        <ele>9.4</ele>
      </trkpt>
      <trkpt lat="25.021615186706185" lon="121.44733445718884">
        <ele>8.6</ele>
      </trkpt>
      <trkpt lat="25.021570762619376" lon="121.44727896898985">
        <ele>8.2</ele>
      </trkpt>
      <trkpt lat="25.021529775112867" lon="121.44721719436347">
        <ele>7.8</ele>
      </trkpt>
      <trkpt lat="25.021498845890164" lon="121.4471487980336">
        <ele>7.6</ele>
      </trkpt>
      <trkpt lat="25.021434305235744" lon="121.44703027792275">
        <ele>7.8</ele>
      </trkpt>
      <trkpt lat="25.02138669602573" lon="121.4469910506159">
        <ele>8.0</ele>
      </trkpt>
      <trkpt lat="25.021191565319896" lon="121.44682919606566">
        <ele>8.0</ele>
      </trkpt>
      <trkpt lat="25.021024346351624" lon="121.44669533707201">
        <ele>8.0</ele>
      </trkpt>
      <trkpt lat="25.020835418254137" lon="121.44654169678688">
        <ele>7.4</ele>
      </trkpt>
      <trkpt lat="25.02071740105748" lon="121.44644932821393">
        <ele>7.8</ele>
      </trkpt>
      <trkpt lat="25.020316326990724" lon="121.4461485017091">
        <ele>8.2</ele>
      </trkpt>
      <trkpt lat="25.020280871540308" lon="121.44610986113548">
        <ele>8.4</ele>
      </trkpt>
      <trkpt lat="25.02024088986218" lon="121.44606770016253">
        <ele>8.6</ele>
      </trkpt>
      <trkpt lat="25.020210295915604" lon="121.4460245333612">
        <ele>8.6</ele>
      </trkpt>
      <trkpt lat="25.020179115235806" lon="121.44588623195887">
        <ele>7.6</ele>
      </trkpt>
      <trkpt lat="25.020166877657175" lon="121.44579612649977">
        <ele>6.8</ele>
      </trkpt>
      <trkpt lat="25.02016763202846" lon="121.4456981420517">
        <ele>6.4</ele>
      </trkpt>
      <trkpt lat="25.020117089152336" lon="121.44556344486773">
        <ele>5.8</ele>
      </trkpt>
      <trkpt lat="25.020006531849504" lon="121.44545540213585">
        <ele>6.0</ele>
      </trkpt>
      <trkpt lat="25.01993847079575" lon="121.44541558809578">
        <ele>6.0</ele>
      </trkpt>
      <trkpt lat="25.01953588798642" lon="121.44519095309079">
        <ele>6.0</ele>
      </trkpt>
      <trkpt lat="25.019328352063894" lon="121.44507251679897">
        <ele>5.8</ele>
      </trkpt>
      <trkpt lat="25.018913196399808" lon="121.44484511576593">
        <ele>6.2</ele>
      </trkpt>
      <trkpt lat="25.018420591950417" lon="121.44458167254925">
        <ele>5.8</ele>
      </trkpt>
      <trkpt lat="25.018205093219876" lon="121.44447673112154">
        <ele>5.8</ele>
      </trkpt>
      <trkpt lat="25.01764685846865" lon="121.44422376528382">
        <ele>6.0</ele>
      </trkpt>
      <trkpt lat="25.017576785758138" lon="121.44419300369918">
        <ele>6.2</ele>
      </trkpt>
      <trkpt lat="25.01702039502561" lon="121.44394422881305">
        <ele>6.4</ele>
      </trkpt>
      <trkpt lat="25.016892235726118" lon="121.44388874061406">
        <ele>6.8</ele>
      </trkpt>
      <trkpt lat="25.016564335674047" lon="121.4437535405159">
        <ele>8.0</ele>
      </trkpt>
      <trkpt lat="25.016497699543834" lon="121.44372571259737">
        <ele>8.2</ele>
      </trkpt>
      <trkpt lat="25.015937369316816" lon="121.44347970373929">
        <ele>7.4</ele>
      </trkpt>
      <trkpt lat="25.015791691839695" lon="121.44341968931258">
        <ele>7.6</ele>
      </trkpt>
      <trkpt lat="25.015319706872106" lon="121.44321877509356">
        <ele>8.0</ele>
      </trkpt>
      <trkpt lat="25.015121391043067" lon="121.44313805736601">
        <ele>8.2</ele>
      </trkpt>
      <trkpt lat="25.014648819342256" lon="121.44292934797704">
        <ele>8.4</ele>
      </trkpt>
      <trkpt lat="25.014577070251107" lon="121.44290177151561">
        <ele>8.4</ele>
      </trkpt>
      <trkpt lat="25.01414238475263" lon="121.44271192140877">
        <ele>8.4</ele>
      </trkpt>
      <trkpt lat="25.01370451413095" lon="121.44252207130194">
        <ele>8.0</ele>
      </trkpt>
      <trkpt lat="25.013327077031136" lon="121.4423684310168">
        <ele>7.6</ele>
      </trkpt>
      <trkpt lat="25.012978306040168" lon="121.44221537746489">
        <ele>7.4</ele>
      </trkpt>
      <trkpt lat="25.01284302212298" lon="121.442162822932">
        <ele>7.2</ele>
      </trkpt>
      <trkpt lat="25.012709833681583" lon="121.4421110227704">
        <ele>7.0</ele>
      </trkpt>
      <trkpt lat="25.01230171881616" lon="121.44194489344954">
        <ele>7.2</ele>
      </trkpt>
      <trkpt lat="25.011994186788797" lon="121.4418387785554">
        <ele>7.0</ele>
      </trkpt>
      <trkpt lat="25.01170165836811" lon="121.4417415484786">
        <ele>7.0</ele>
      </trkpt>
      <trkpt lat="25.011230427771807" lon="121.441586650908">
        <ele>7.4</ele>
      </trkpt>
      <trkpt lat="25.011161444708705" lon="121.44156293012202">
        <ele>7.4</ele>
      </trkpt>
      <trkpt lat="25.010637743398547" lon="121.44142605364323">
        <ele>7.6</ele>
      </trkpt>
      <trkpt lat="25.01022602431476" lon="121.44131331704557">
        <ele>7.4</ele>
      </trkpt>
      <trkpt lat="25.01008478924632" lon="121.44130040891469">
        <ele>7.6</ele>
      </trkpt>
      <trkpt lat="25.009882701560855" lon="121.44121717661619">
        <ele>7.8</ele>
      </trkpt>
      <trkpt lat="25.00961028970778" lon="121.44114727154374">
        <ele>8.2</ele>
      </trkpt>
      <trkpt lat="25.00946905463934" lon="121.44111500121653">
        <ele>8.2</ele>
      </trkpt>
      <trkpt lat="25.008915094658732" lon="121.44100310280919">
        <ele>8.4</ele>
      </trkpt>
      <trkpt lat="25.00831101089716" lon="121.44088567234576">
        <ele>7.2</ele>
      </trkpt>
      <trkpt lat="25.00824009999633" lon="121.44087242893875">
        <ele>6.8</ele>
      </trkpt>
      <trkpt lat="25.007751435041428" lon="121.44080009311438">
        <ele>6.8</ele>
      </trkpt>
      <trkpt lat="25.00714475288987" lon="121.44072742201388">
        <ele>7.4</ele>
      </trkpt>
      <trkpt lat="25.00660529360175" lon="121.44066732376814">
        <ele>7.4</ele>
      </trkpt>
      <trkpt lat="25.006321985274553" lon="121.44064393825829">
        <ele>7.4</ele>
      </trkpt>
      <trkpt lat="25.006050243973732" lon="121.44060638733208">
        <ele>7.4</ele>
      </trkpt>
      <trkpt lat="25.005827117711306" lon="121.44058040343225">
        <ele>7.0</ele>
      </trkpt>
      <trkpt lat="25.005602315068245" lon="121.44055500626564">
        <ele>7.0</ele>
      </trkpt>
      <trkpt lat="25.00508565455675" lon="121.44049926660955">
        <ele>8.0</ele>
      </trkpt>
      <trkpt lat="25.005015917122364" lon="121.44049256108701">
        <ele>8.0</ele>
      </trkpt>
      <trkpt lat="25.004616687074304" lon="121.44044788554311">
        <ele>6.8</ele>
      </trkpt>
      <trkpt lat="25.004552146419883" lon="121.44043656997383">
        <ele>6.6</ele>
      </trkpt>
      <trkpt lat="25.004126597195864" lon="121.4403876196593">
        <ele>6.8</ele>
      </trkpt>
      <trkpt lat="25.00382007099688" lon="121.44036088138819">
        <ele>7.0</ele>
      </trkpt>
      <trkpt lat="25.003382954746485" lon="121.44032014533877">
        <ele>7.0</ele>
      </trkpt>
      <trkpt lat="25.00310375355184" lon="121.44029843620956">
        <ele>7.0</ele>
      </trkpt>
      <trkpt lat="25.00289454124868" lon="121.44027991220355">
        <ele>7.2</ele>
      </trkpt>
      <trkpt lat="25.00275724567473" lon="121.44026675261557">
        <ele>7.6</ele>
      </trkpt>
      <trkpt lat="25.00261852517724" lon="121.4402533415705">
        <ele>8.0</ele>
      </trkpt>
      <trkpt lat="25.002129692584276" lon="121.44021595828235">
        <ele>6.8</ele>
      </trkpt>
      <trkpt lat="25.00192131847143" lon="121.4402047265321">
        <ele>7.0</ele>
      </trkpt>
      <trkpt lat="25.001576989889145" lon="121.44018695689738">
        <ele>7.6</ele>
      </trkpt>
      <trkpt lat="25.00116476789117" lon="121.44017145037651">
        <ele>6.6</ele>
      </trkpt>
      <trkpt lat="25.000742068514228" lon="121.44014563411474">
        <ele>5.6</ele>
      </trkpt>
      <trkpt lat="25.000593876466155" lon="121.44014504738152">
        <ele>5.6</ele>
      </trkpt>
      <trkpt lat="25.000515254214406" lon="121.44014454446733">
        <ele>6.2</ele>
      </trkpt>
      <trkpt lat="25.000361278653145" lon="121.44014479592443">
        <ele>6.6</ele>
      </trkpt>
      <trkpt lat="25.000121891498566" lon="121.44013423472643">
        <ele>6.4</ele>
      </trkpt>
      <trkpt lat="24.999880911782384" lon="121.44011755473912">
        <ele>5.8</ele>
      </trkpt>
      <trkpt lat="24.999801199883223" lon="121.44011529162526">
        <ele>6.0</ele>
      </trkpt>
      <trkpt lat="24.999483693391085" lon="121.4401082508266">
        <ele>6.8</ele>
      </trkpt>
      <trkpt lat="24.99917767010629" lon="121.44011344760656">
        <ele>6.6</ele>
      </trkpt>
      <trkpt lat="24.99910189770162" lon="121.44011780619621">
        <ele>6.6</ele>
      </trkpt>
      <trkpt lat="24.99879503622651" lon="121.44009685143828">
        <ele>7.8</ele>
      </trkpt>
      <trkpt lat="24.9987265560776" lon="121.44007665105164">
        <ele>8.6</ele>
      </trkpt>
      <trkpt lat="24.99865966849029" lon="121.44006248563528">
        <ele>9.2</ele>
      </trkpt>
      <trkpt lat="24.998516254127026" lon="121.44004840403795">
        <ele>10.4</ele>
      </trkpt>
      <trkpt lat="24.998366218060255" lon="121.440051170066">
        <ele>10.4</ele>
      </trkpt>
      <trkpt lat="24.99813538044691" lon="121.44002418033779">
        <ele>9.8</ele>
      </trkpt>
      <trkpt lat="24.998058350756764" lon="121.4400064945221">
        <ele>9.4</ele>
      </trkpt>
      <trkpt lat="24.997981321066618" lon="121.43998419865966">
        <ele>8.8</ele>
      </trkpt>
      <trkpt lat="24.99762374907732" lon="121.43989962525666">
        <ele>9.4</ele>
      </trkpt>
      <trkpt lat="24.997553005814552" lon="121.43989057280123">
        <ele>9.4</ele>
      </trkpt>
      <trkpt lat="24.997146148234606" lon="121.4398143813014">
        <ele>8.4</ele>
      </trkpt>
      <trkpt lat="24.99707699753344" lon="121.43980130553246">
        <ele>8.2</ele>
      </trkpt>
      <trkpt lat="24.99666209332645" lon="121.43971723504364">
        <ele>8.2</ele>
      </trkpt>
      <trkpt lat="24.99659135006368" lon="121.43969644792378">
        <ele>8.4</ele>
      </trkpt>
      <trkpt lat="24.99617929570377" lon="121.4395091123879">
        <ele>7.6</ele>
      </trkpt>
      <trkpt lat="24.995759529992938" lon="121.439308533445">
        <ele>8.0</ele>
      </trkpt>
      <trkpt lat="24.99569121748209" lon="121.43929931335151">
        <ele>8.2</ele>
      </trkpt>
      <trkpt lat="24.99562240205705" lon="121.43930627033114">
        <ele>8.2</ele>
      </trkpt>
      <trkpt lat="24.99549139291048" lon="121.43936108797789">
        <ele>8.0</ele>
      </trkpt>
      <trkpt lat="24.99536675401032" lon="121.43941037356853">
        <ele>8.0</ele>
      </trkpt>
      <trkpt lat="24.995159721001983" lon="121.43945479765534">
        <ele>8.4</ele>
      </trkpt>
      <trkpt lat="24.994819415733218" lon="121.43950399942696">
        <ele>8.0</ele>
      </trkpt>
      <trkpt lat="24.994718665257096" lon="121.43959737382829">
        <ele>8.0</ele>
      </trkpt>
      <trkpt lat="24.994683293625712" lon="121.43966124393046">
        <ele>8.2</ele>
      </trkpt>
      <trkpt lat="24.994651190936565" lon="121.43972813151777">
        <ele>8.2</ele>
      </trkpt>
      <trkpt lat="24.994528396055102" lon="121.43998252227902">
        <ele>9.2</ele>
      </trkpt>
      <trkpt lat="24.99448279850185" lon="121.44004035741091">
        <ele>9.4</ele>
      </trkpt>
      <trkpt lat="24.994358411058784" lon="121.44011579453945">
        <ele>9.2</ele>
      </trkpt>
      <trkpt lat="24.99428490176797" lon="121.44012325443327">
        <ele>9.2</ele>
      </trkpt>
      <trkpt lat="24.994212985038757" lon="121.44011772237718">
        <ele>9.2</ele>
      </trkpt>
      <trkpt lat="24.99405926093459" lon="121.4400942530483">
        <ele>8.0</ele>
      </trkpt>
      <trkpt lat="24.993979381397367" lon="121.44008637405932">
        <ele>7.4</ele>
      </trkpt>
      <trkpt lat="24.993898831307888" lon="121.4400768186897">
        <ele>7.0</ele>
      </trkpt>
      <trkpt lat="24.993327520787716" lon="121.44003918394446">
        <ele>7.0</ele>
      </trkpt>
      <trkpt lat="24.99316348694265" lon="121.44003381952643">
        <ele>6.8</ele>
      </trkpt>
      <trkpt lat="24.992631571367383" lon="121.44000431522727">
        <ele>7.2</ele>
      </trkpt>
      <trkpt lat="24.992420682683587" lon="121.439990401268">
        <ele>7.2</ele>
      </trkpt>
      <trkpt lat="24.992291517555714" lon="121.43997699022293">
        <ele>7.2</ele>
      </trkpt>
      <trkpt lat="24.99209630303085" lon="121.43996064551175">
        <ele>7.6</ele>
      </trkpt>
      <trkpt lat="24.991813162341714" lon="121.43994648009539">
        <ele>6.8</ele>
      </trkpt>
      <trkpt lat="24.991373028606176" lon="121.43990758806467">
        <ele>7.4</ele>
      </trkpt>
      <trkpt lat="24.990785541012883" lon="121.43986157141626">
        <ele>7.6</ele>
      </trkpt>
      <trkpt lat="24.990713289007545" lon="121.43985226750374">
        <ele>7.6</ele>
      </trkpt>
      <trkpt lat="24.990505669265985" lon="121.43983357585967">
        <ele>7.4</ele>
      </trkpt>
      <trkpt lat="24.990248177200556" lon="121.43980306573212">
        <ele>7.8</ele>
      </trkpt>
      <trkpt lat="24.990177350118756" lon="121.439792169258">
        <ele>8.0</ele>
      </trkpt>
      <trkpt lat="24.989885995164514" lon="121.4397469907999">
        <ele>8.4</ele>
      </trkpt>
      <trkpt lat="24.989812737330794" lon="121.43973886035383">
        <ele>8.4</ele>
      </trkpt>
      <trkpt lat="24.98957997187972" lon="121.4397007226944">
        <ele>8.2</ele>
      </trkpt>
      <trkpt lat="24.98941962607205" lon="121.43967733718455">
        <ele>8.0</ele>
      </trkpt>
      <trkpt lat="24.989175042137504" lon="121.43963643349707">
        <ele>7.4</ele>
      </trkpt>
      <trkpt lat="24.98863155953586" lon="121.4395413827151">
        <ele>7.6</ele>
      </trkpt>
      <trkpt lat="24.988412456586957" lon="121.43950341269374">
        <ele>7.6</ele>
      </trkpt>
      <trkpt lat="24.987832764163613" lon="121.4393912628293">
        <ele>8.0</ele>
      </trkpt>
      <trkpt lat="24.987623803317547" lon="121.43934264779091">
        <ele>8.0</ele>
      </trkpt>
      <trkpt lat="24.987336890771985" lon="121.43928254954517">
        <ele>7.6</ele>
      </trkpt>
      <trkpt lat="24.986834479495883" lon="121.43917081877589">
        <ele>7.6</ele>
      </trkpt>
      <trkpt lat="24.986417395994067" lon="121.43905900418758">
        <ele>7.6</ele>
      </trkpt>
      <trkpt lat="24.986137272790074" lon="121.43899228423834">
        <ele>7.8</ele>
      </trkpt>
      <trkpt lat="24.985579624772072" lon="121.43885783851147">
        <ele>9.0</ele>
      </trkpt>
      <trkpt lat="24.985510390251875" lon="121.43883763812482">
        <ele>9.0</ele>
      </trkpt>
      <trkpt lat="24.984919130802155" lon="121.43869271501899">
        <ele>8.2</ele>
      </trkpt>
      <trkpt lat="24.984771190211177" lon="121.4386554993689">
        <ele>8.0</ele>
      </trkpt>
      <trkpt lat="24.98423877172172" lon="121.43853371031582">
        <ele>7.8</ele>
      </trkpt>
      <trkpt lat="24.98408672399819" lon="121.43850085325539">
        <ele>7.8</ele>
      </trkpt>
      <trkpt lat="24.983487585559487" lon="121.4383502304554">
        <ele>8.8</ele>
      </trkpt>
      <trkpt lat="24.983338974416256" lon="121.43830982968211">
        <ele>8.8</ele>
      </trkpt>
      <trkpt lat="24.982838071882725" lon="121.43819449469447">
        <ele>8.6</ele>
      </trkpt>
      <trkpt lat="24.98276791535318" lon="121.43819432705641">
        <ele>8.6</ele>
      </trkpt>
      <trkpt lat="24.982624668627977" lon="121.43818745389581">
        <ele>8.6</ele>
      </trkpt>
      <trkpt lat="24.98233549296856" lon="121.43812106922269">
        <ele>8.8</ele>
      </trkpt>
      <trkpt lat="24.98226961120963" lon="121.43809801898897">
        <ele>9.2</ele>
      </trkpt>
      <trkpt lat="24.98213617131114" lon="121.43805552273989">
        <ele>9.8</ele>
      </trkpt>
      <trkpt lat="24.98177172616124" lon="121.43792166374624">
        <ele>8.6</ele>
      </trkpt>
      <trkpt lat="24.981357995420694" lon="121.43776391632855">
        <ele>9.2</ele>
      </trkpt>
      <trkpt lat="24.98110804706812" lon="121.4376419596374">
        <ele>8.8</ele>
      </trkpt>
      <trkpt lat="24.98096647672355" lon="121.4375578891486">
        <ele>8.2</ele>
      </trkpt>
      <trkpt lat="24.980895230546594" lon="121.43750877119601">
        <ele>7.6</ele>
      </trkpt>
      <trkpt lat="24.980586525052786" lon="121.43734867684543">
        <ele>7.2</ele>
      </trkpt>
      <trkpt lat="24.980060560628772" lon="121.43711331300437">
        <ele>7.2</ele>
      </trkpt>
      <trkpt lat="24.979920331388712" lon="121.43704667687416">
        <ele>7.8</ele>
      </trkpt>
      <trkpt lat="24.979383889585733" lon="121.43677736632526">
        <ele>7.6</ele>
      </trkpt>
      <trkpt lat="24.979196218773723" lon="121.43667594529688">
        <ele>7.0</ele>
      </trkpt>
      <trkpt lat="24.978673104196787" lon="121.43638567999005">
        <ele>8.2</ele>
      </trkpt>
      <trkpt lat="24.978607054799795" lon="121.43634460866451">
        <ele>8.2</ele>
      </trkpt>
      <trkpt lat="24.97834243811667" lon="121.4361796528101">
        <ele>8.4</ele>
      </trkpt>
      <trkpt lat="24.97781320475042" lon="121.43583783879876">
        <ele>8.4</ele>
      </trkpt>
      <trkpt lat="24.977747071534395" lon="121.43579542636871">
        <ele>8.4</ele>
      </trkpt>
      <trkpt lat="24.97723770327866" lon="121.43547649495304">
        <ele>8.6</ele>
      </trkpt>
      <trkpt lat="24.977175425738096" lon="121.43543735146523">
        <ele>8.8</ele>
      </trkpt>
      <trkpt lat="24.97698163613677" lon="121.43531019799411">
        <ele>8.4</ele>
      </trkpt>
      <trkpt lat="24.976850040256977" lon="121.43522545695305">
        <ele>7.6</ele>
      </trkpt>
      <trkpt lat="24.976589614525437" lon="121.43506100401282">
        <ele>7.0</ele>
      </trkpt>
      <trkpt lat="24.976330446079373" lon="121.43489982001483">
        <ele>8.6</ele>
      </trkpt>
      <trkpt lat="24.976142272353172" lon="121.43476512283087">
        <ele>9.2</ele>
      </trkpt>
      <trkpt lat="24.97586365789175" lon="121.43459212034941">
        <ele>9.0</ele>
      </trkpt>
      <trkpt lat="24.97541262768209" lon="121.43424519337714">
        <ele>9.2</ele>
      </trkpt>
      <trkpt lat="24.975347332656384" lon="121.43418861553073">
        <ele>9.2</ele>
      </trkpt>
      <trkpt lat="24.975005351006985" lon="121.43381897360086">
        <ele>9.0</ele>
      </trkpt>
      <trkpt lat="24.97496059164405" lon="121.43375233747065">
        <ele>9.0</ele>
      </trkpt>
      <trkpt lat="24.974839137867093" lon="121.43355427309871">
        <ele>9.6</ele>
      </trkpt>
      <trkpt lat="24.97451006434858" lon="121.43311615101993">
        <ele>9.2</ele>
      </trkpt>
      <trkpt lat="24.97444912791252" lon="121.43306837417185">
        <ele>9.2</ele>
      </trkpt>
      <trkpt lat="24.974001115188003" lon="121.43274206668139">
        <ele>10.0</ele>
      </trkpt>
      <trkpt lat="24.97387840412557" lon="121.43265045247972">
        <ele>10.8</ele>
      </trkpt>
      <trkpt lat="24.97368721291423" lon="121.43251927569509">
        <ele>11.4</ele>
      </trkpt>
      <trkpt lat="24.973507672548294" lon="121.43237628042698">
        <ele>11.2</ele>
      </trkpt>
      <trkpt lat="24.973390409722924" lon="121.43227519467473">
        <ele>11.8</ele>
      </trkpt>
      <trkpt lat="24.97316300868988" lon="121.43207645975053">
        <ele>12.2</ele>
      </trkpt>
      <trkpt lat="24.972973996773362" lon="121.43197026103735">
        <ele>11.4</ele>
      </trkpt>
      <trkpt lat="24.97291666455567" lon="121.43192877061665">
        <ele>11.6</ele>
      </trkpt>
      <trkpt lat="24.97287224046886" lon="121.43187688663602">
        <ele>11.6</ele>
      </trkpt>
      <trkpt lat="24.97259815223515" lon="121.4315235055983">
        <ele>12.0</ele>
      </trkpt>
      <trkpt lat="24.972446020692587" lon="121.4313289616257">
        <ele>11.6</ele>
      </trkpt>
      <trkpt lat="24.972341330721974" lon="121.43119443207979">
        <ele>11.4</ele>
      </trkpt>
      <trkpt lat="24.97224099934101" lon="121.43105797469616">
        <ele>11.4</ele>
      </trkpt>
      <trkpt lat="24.97213681228459" lon="121.43091497942805">
        <ele>11.2</ele>
      </trkpt>
      <trkpt lat="24.97179198078811" lon="121.43041399307549">
        <ele>12.0</ele>
      </trkpt>
      <trkpt lat="24.97174495831132" lon="121.43034827895463">
        <ele>12.2</ele>
      </trkpt>
      <trkpt lat="24.971434576436877" lon="121.4299213886261">
        <ele>12.4</ele>
      </trkpt>
      <trkpt lat="24.97139216400683" lon="121.42986657097936">
        <ele>12.4</ele>
      </trkpt>
      <trkpt lat="24.97118311934173" lon="121.42956574447453">
        <ele>12.2</ele>
      </trkpt>
      <trkpt lat="24.971090918406844" lon="121.42943196929991">
        <ele>12.2</ele>
      </trkpt>
      <trkpt lat="24.970847675576806" lon="121.42908898182213">
        <ele>12.0</ele>
      </trkpt>
      <trkpt lat="24.97065480798483" lon="121.42881321720779">
        <ele>12.6</ele>
      </trkpt>
      <trkpt lat="24.970464203506708" lon="121.42854424193501">
        <ele>12.8</ele>
      </trkpt>
      <trkpt lat="24.970246022567153" lon="121.42821483314037">
        <ele>13.0</ele>
      </trkpt>
      <trkpt lat="24.969919798895717" lon="121.4277193788439">
        <ele>13.0</ele>
      </trkpt>
      <trkpt lat="24.96987445279956" lon="121.42764612101018">
        <ele>13.0</ele>
      </trkpt>
      <trkpt lat="24.9695545155555" lon="121.42715636640787">
        <ele>13.8</ele>
      </trkpt>
      <trkpt lat="24.969472037628293" lon="121.42702921293676">
        <ele>13.6</ele>
      </trkpt>
      <trkpt lat="24.969308841973543" lon="121.42677431926131">
        <ele>13.8</ele>
      </trkpt>
      <trkpt lat="24.969141790643334" lon="121.42650794237852">
        <ele>13.6</ele>
      </trkpt>
      <trkpt lat="24.968793522566557" lon="121.42599916085601">
        <ele>13.2</ele>
      </trkpt>
      <trkpt lat="24.968604259192944" lon="121.42571568489075">
        <ele>14.2</ele>
      </trkpt>
      <trkpt lat="24.96865689754486" lon="121.42564100213349">
        <ele>14.6</ele>
      </trkpt>
      <trkpt lat="24.968699142336845" lon="121.42561837099493">
        <ele>14.8</ele>
      </trkpt>
      <trkpt lat="24.968774998560548" lon="121.4255662355572">
        <ele>14.8</ele>
      </trkpt>
      <trkpt lat="24.968845071271062" lon="121.42550529912114">
        <ele>15.0</ele>
      </trkpt>
      <trkpt lat="24.968863762915134" lon="121.4254610426724">
        <ele>15.2</ele>
      </trkpt>
      <trkpt lat="24.968861332163215" lon="121.42540865577757">
        <ele>15.6</ele>
      </trkpt>
      <trkpt lat="24.96883819811046" lon="121.42535819672048">
        <ele>15.6</ele>
      </trkpt>
      <trkpt lat="24.968748511746526" lon="121.425129622221">
        <ele>16.4</ele>
      </trkpt>
      <trkpt lat="24.968724036589265" lon="121.42506927251816">
        <ele>16.8</ele>
      </trkpt>
      <trkpt lat="24.96860459446907" lon="121.42472888343036">
        <ele>16.8</ele>
      </trkpt>
      <trkpt lat="24.96854399330914" lon="121.42458882182837">
        <ele>16.2</ele>
      </trkpt>
      <trkpt lat="24.968486158177257" lon="121.42454967834055">
        <ele>16.0</ele>
      </trkpt>
      <trkpt lat="24.968426479026675" lon="121.42455018125474">
        <ele>15.8</ele>
      </trkpt>
      <trkpt lat="24.96837593615055" lon="121.42458077520132">
        <ele>15.6</ele>
      </trkpt>
      <trkpt lat="24.96833100914955" lon="121.42462100833654">
        <ele>15.4</ele>
      </trkpt>
      <trkpt lat="24.968285746872425" lon="121.42466073855758">
        <ele>15.2</ele>
      </trkpt>
      <trkpt lat="24.968192791566253" lon="121.424749083817">
        <ele>15.4</ele>
      </trkpt>
      <trkpt lat="24.968080054968596" lon="121.42480473965406">
        <ele>15.0</ele>
      </trkpt>
      <trkpt lat="24.96802599169314" lon="121.42476844601333">
        <ele>14.8</ele>
      </trkpt>
      <trkpt lat="24.967967653647065" lon="121.42464674077928">
        <ele>14.6</ele>
      </trkpt>
      <trkpt lat="24.967939322814345" lon="121.42458689399064">
        <ele>15.0</ele>
      </trkpt>
      <trkpt lat="24.967777719721198" lon="121.4241620991379">
        <ele>14.6</ele>
      </trkpt>
      <trkpt lat="24.96774896979332" lon="121.42408515326679">
        <ele>14.2</ele>
      </trkpt>
      <trkpt lat="24.9676083214581" lon="121.42367812804878">
        <ele>14.0</ele>
      </trkpt>
      <trkpt lat="24.967559287324548" lon="121.42350143752992">
        <ele>14.0</ele>
      </trkpt>
      <trkpt lat="24.967361390590668" lon="121.42293683253229">
        <ele>14.0</ele>
      </trkpt>
      <trkpt lat="24.967309590429068" lon="121.42279727384448">
        <ele>14.8</ele>
      </trkpt>
      <trkpt lat="24.967225352302194" lon="121.4225732255727">
        <ele>15.4</ele>
      </trkpt>
      <trkpt lat="24.967195512726903" lon="121.42248982563615">
        <ele>15.0</ele>
      </trkpt>
      <trkpt lat="24.967089565470815" lon="121.42216821201146">
        <ele>14.2</ele>
      </trkpt>
      <trkpt lat="24.966994849964976" lon="121.42182807438076">
        <ele>14.2</ele>
      </trkpt>
      <trkpt lat="24.966830648481846" lon="121.4213627949357">
        <ele>14.0</ele>
      </trkpt>
      <trkpt lat="24.966747080907226" lon="121.42111142165959">
        <ele>14.4</ele>
      </trkpt>
      <trkpt lat="24.96654105372727" lon="121.42053298652172">
        <ele>15.2</ele>
      </trkpt>
      <trkpt lat="24.966395795345306" lon="121.42011213116348">
        <ele>15.2</ele>
      </trkpt>
      <trkpt lat="24.96618138626218" lon="121.41950184479356">
        <ele>15.2</ele>
      </trkpt>
      <trkpt lat="24.966116761788726" lon="121.41932850703597">
        <ele>15.2</ele>
      </trkpt>
      <trkpt lat="24.966054651886225" lon="121.41914695501328">
        <ele>15.2</ele>
      </trkpt>
      <trkpt lat="24.965862287208438" lon="121.41860389150679">
        <ele>14.8</ele>
      </trkpt>
      <trkpt lat="24.96563949622214" lon="121.4179611671716">
        <ele>15.4</ele>
      </trkpt>
      <trkpt lat="24.96552080847323" lon="121.41761516220868">
        <ele>15.4</ele>
      </trkpt>
      <trkpt lat="24.965382423251867" lon="121.4171997550875">
        <ele>16.0</ele>
      </trkpt>
      <trkpt lat="24.96523800306022" lon="121.41678082756698">
        <ele>15.4</ele>
      </trkpt>
      <trkpt lat="24.96502636000514" lon="121.41617741435766">
        <ele>15.0</ele>
      </trkpt>
      <trkpt lat="24.96496383100748" lon="121.41600005328655">
        <ele>14.8</ele>
      </trkpt>
      <trkpt lat="24.96474933810532" lon="121.41538021154702">
        <ele>15.4</ele>
      </trkpt>
      <trkpt lat="24.964657220989466" lon="121.41511735506356">
        <ele>15.4</ele>
      </trkpt>
      <trkpt lat="24.964450607076287" lon="121.41453447751701">
        <ele>16.4</ele>
      </trkpt>
      <trkpt lat="24.964152462780476" lon="121.41394129022956">
        <ele>17.2</ele>
      </trkpt>
      <trkpt lat="24.96410921216011" lon="121.41386752948165">
        <ele>17.2</ele>
      </trkpt>
      <trkpt lat="24.963788436725736" lon="121.41338397748768">
        <ele>17.0</ele>
      </trkpt>
      <trkpt lat="24.963687350973487" lon="121.41326067969203">
        <ele>17.0</ele>
      </trkpt>
      <trkpt lat="24.963585175573826" lon="121.41313411295414">
        <ele>17.4</ele>
      </trkpt>
      <trkpt lat="24.96320430189371" lon="121.41273907385767">
        <ele>18.0</ele>
      </trkpt>
      <trkpt lat="24.96297799050808" lon="121.41255458816886">
        <ele>18.4</ele>
      </trkpt>
      <trkpt lat="24.96280792169273" lon="121.41240413300693">
        <ele>18.8</ele>
      </trkpt>
      <trkpt lat="24.962761821225286" lon="121.41234026290476">
        <ele>18.6</ele>
      </trkpt>
      <trkpt lat="24.962700214236975" lon="121.41219785436988">
        <ele>18.2</ele>
      </trkpt>
      <trkpt lat="24.962690407410264" lon="121.41204949468374">
        <ele>18.0</ele>
      </trkpt>
      <trkpt lat="24.962704740464687" lon="121.41197648830712">
        <ele>18.2</ele>
      </trkpt>
      <trkpt lat="24.962733825668693" lon="121.41191001981497">
        <ele>18.2</ele>
      </trkpt>
      <trkpt lat="24.962775483727455" lon="121.41179292462766">
        <ele>18.8</ele>
      </trkpt>
      <trkpt lat="24.962765257805586" lon="121.41172771342099">
        <ele>19.0</ele>
      </trkpt>
      <trkpt lat="24.962730556726456" lon="121.4116680342704">
        <ele>19.0</ele>
      </trkpt>
      <trkpt lat="24.962615305557847" lon="121.41158664599061">
        <ele>19.0</ele>
      </trkpt>
      <trkpt lat="24.962256476283073" lon="121.4114008191973">
        <ele>17.6</ele>
      </trkpt>
      <trkpt lat="24.96218103915453" lon="121.41136561520398">
        <ele>17.4</ele>
      </trkpt>
      <trkpt lat="24.96188004501164" lon="121.41124508343637">
        <ele>17.4</ele>
      </trkpt>
      <trkpt lat="24.9615678191185" lon="121.41114391386509">
        <ele>17.4</ele>
      </trkpt>
      <trkpt lat="24.961019475013018" lon="121.41101432964206">
        <ele>18.0</ele>
      </trkpt>
      <trkpt lat="24.960868014022708" lon="121.41099035739899">
        <ele>18.0</ele>
      </trkpt>
      <trkpt lat="24.96039602905512" lon="121.41094962134957">
        <ele>18.6</ele>
      </trkpt>
      <trkpt lat="24.96023626998067" lon="121.41093998216093">
        <ele>18.6</ele>
      </trkpt>
      <trkpt lat="24.960002414882183" lon="121.41095607541502">
        <ele>19.2</ele>
      </trkpt>
      <trkpt lat="24.959941394627094" lon="121.41100117005408">
        <ele>19.2</ele>
      </trkpt>
      <trkpt lat="24.959895377978683" lon="121.41105623915792">
        <ele>19.2</ele>
      </trkpt>
      <trkpt lat="24.959832094609737" lon="121.41118783503771">
        <ele>19.4</ele>
      </trkpt>
      <trkpt lat="24.959795214235783" lon="121.41125438734889">
        <ele>19.6</ele>
      </trkpt>
      <trkpt lat="24.959751795977354" lon="121.41131532378495">
        <ele>19.8</ele>
      </trkpt>
      <trkpt lat="24.959616512060165" lon="121.41137273982167">
        <ele>20.0</ele>
      </trkpt>
      <trkpt lat="24.959383327513933" lon="121.41136444173753">
        <ele>20.6</ele>
      </trkpt>
      <trkpt lat="24.959302945062518" lon="121.41136704012752">
        <ele>20.8</ele>
      </trkpt>
      <trkpt lat="24.95874152518809" lon="121.41145840287209">
        <ele>21.6</ele>
      </trkpt>
      <trkpt lat="24.9584283772856" lon="121.41155831515789">
        <ele>21.6</ele>
      </trkpt>
      <trkpt lat="24.958196030929685" lon="121.41165068373084">
        <ele>21.8</ele>
      </trkpt>
      <trkpt lat="24.95795194990933" lon="121.41174741089344">
        <ele>20.2</ele>
      </trkpt>
      <trkpt lat="24.957792945206165" lon="121.41180407255888">
        <ele>19.0</ele>
      </trkpt>
      <trkpt lat="24.957546684890985" lon="121.41187909059227">
        <ele>18.8</ele>
      </trkpt>
      <trkpt lat="24.957142928615212" lon="121.41194933094084">
        <ele>20.2</ele>
      </trkpt>
      <trkpt lat="24.957063384354115" lon="121.41195612028241">
        <ele>20.6</ele>
      </trkpt>
      <trkpt lat="24.956910330802202" lon="121.41195511445403">
        <ele>21.2</ele>
      </trkpt>
      <trkpt lat="24.9565995298326" lon="121.41192988492548">
        <ele>21.4</ele>
      </trkpt>
      <trkpt lat="24.956450583413243" lon="121.41190415248275">
        <ele>20.0</ele>
      </trkpt>
      <trkpt lat="24.956074822694063" lon="121.41181186772883">
        <ele>19.6</ele>
      </trkpt>
      <trkpt lat="24.9555738363415" lon="121.41159452497959">
        <ele>20.4</ele>
      </trkpt>
      <trkpt lat="24.955026665702462" lon="121.41129478812218">
        <ele>20.4</ele>
      </trkpt>
      <trkpt lat="24.95495969429612" lon="121.41124810092151">
        <ele>20.4</ele>
      </trkpt>
      <trkpt lat="24.95475090108812" lon="121.41113410703838">
        <ele>20.4</ele>
      </trkpt>
      <trkpt lat="24.954599607735872" lon="121.41108029522002">
        <ele>20.8</ele>
      </trkpt>
      <trkpt lat="24.954136675223708" lon="121.41093017533422">
        <ele>20.8</ele>
      </trkpt>
      <trkpt lat="24.953895108774304" lon="121.41085809096694">
        <ele>20.6</ele>
      </trkpt>
      <trkpt lat="24.953327905386686" lon="121.41067461110651">
        <ele>20.0</ele>
      </trkpt>
      <trkpt lat="24.952938398346305" lon="121.41053228639066">
        <ele>20.4</ele>
      </trkpt>
      <trkpt lat="24.952866062521935" lon="121.41048786230385">
        <ele>20.6</ele>
      </trkpt>
      <trkpt lat="24.95266355574131" lon="121.41032542102039">
        <ele>20.6</ele>
      </trkpt>
      <trkpt lat="24.952484853565693" lon="121.41014780849218">
        <ele>20.4</ele>
      </trkpt>
      <trkpt lat="24.95242165401578" lon="121.40999081544578">
        <ele>20.6</ele>
      </trkpt>
      <trkpt lat="24.952308414503932" lon="121.40980733558536">
        <ele>20.4</ele>
      </trkpt>
      <trkpt lat="24.952257117256522" lon="121.40976341441274">
        <ele>20.6</ele>
      </trkpt>
      <trkpt lat="24.952198108658195" lon="121.40972586348653">
        <ele>20.6</ele>
      </trkpt>
      <trkpt lat="24.952074643224478" lon="121.4096961915493">
        <ele>20.6</ele>
      </trkpt>
      <trkpt lat="24.95201848447323" lon="121.40966727398336">
        <ele>20.8</ele>
      </trkpt>
      <trkpt lat="24.951973892748356" lon="121.4095561299473">
        <ele>21.0</ele>
      </trkpt>
      <trkpt lat="24.95194422081113" lon="121.40943434089422">
        <ele>21.4</ele>
      </trkpt>
      <trkpt lat="24.951922930777073" lon="121.40937675721943">
        <ele>21.6</ele>
      </trkpt>
      <trkpt lat="24.951867191120982" lon="121.40927097760141">
        <ele>22.4</ele>
      </trkpt>
      <trkpt lat="24.95183483697474" lon="121.40922043472528">
        <ele>22.6</ele>
      </trkpt>
      <trkpt lat="24.95173458941281" lon="121.40906143002212">
        <ele>23.0</ele>
      </trkpt>
      <trkpt lat="24.951610369607806" lon="121.40891248360276">
        <ele>23.4</ele>
      </trkpt>
      <trkpt lat="24.95156175456941" lon="121.40887124463916">
        <ele>23.6</ele>
      </trkpt>
      <trkpt lat="24.951330246403813" lon="121.40866379253566">
        <ele>24.2</ele>
      </trkpt>
      <trkpt lat="24.951182138174772" lon="121.40850596129894">
        <ele>23.8</ele>
      </trkpt>
      <trkpt lat="24.951025815680623" lon="121.40832994133234">
        <ele>23.2</ele>
      </trkpt>
      <trkpt lat="24.950882149860263" lon="121.40812441706657">
        <ele>22.8</ele>
      </trkpt>
      <trkpt lat="24.95075206272304" lon="121.4079003687948">
        <ele>22.8</ele>
      </trkpt>
      <trkpt lat="24.95061367750168" lon="121.4075723849237">
        <ele>22.8</ele>
      </trkpt>
      <trkpt lat="24.950555507093668" lon="121.40739502385259">
        <ele>22.2</ele>
      </trkpt>
      <trkpt lat="24.950407734140754" lon="121.40696469694376">
        <ele>21.8</ele>
      </trkpt>
      <trkpt lat="24.95024001225829" lon="121.40659128315747">
        <ele>22.0</ele>
      </trkpt>
      <trkpt lat="24.95013347826898" lon="121.40637343749404">
        <ele>22.2</ele>
      </trkpt>
      <trkpt lat="24.950037756934762" lon="121.4061973337084">
        <ele>22.8</ele>
      </trkpt>
      <trkpt lat="24.949970534071326" lon="121.40608250163496">
        <ele>23.6</ele>
      </trkpt>
      <trkpt lat="24.949864335358143" lon="121.40591151081026">
        <ele>25.0</ele>
      </trkpt>
      <trkpt lat="24.949753023684025" lon="121.40571855939925">
        <ele>25.0</ele>
      </trkpt>
      <trkpt lat="24.9495920073241" lon="121.40547062270343">
        <ele>25.4</ele>
      </trkpt>
      <trkpt lat="24.949391847476363" lon="121.40512654557824">
        <ele>25.0</ele>
      </trkpt>
      <trkpt lat="24.949215911328793" lon="121.40483770519495">
        <ele>24.8</ele>
      </trkpt>
      <trkpt lat="24.949083980172873" lon="121.4046155847609">
        <ele>24.2</ele>
      </trkpt>
      <trkpt lat="24.949031844735146" lon="121.4045415725559">
        <ele>23.8</ele>
      </trkpt>
      <trkpt lat="24.948803018778563" lon="121.40427536331117">
        <ele>23.2</ele>
      </trkpt>
      <trkpt lat="24.948730766773224" lon="121.40422448515892">
        <ele>23.2</ele>
      </trkpt>
      <trkpt lat="24.948655916377902" lon="121.40418458729982">
        <ele>23.4</ele>
      </trkpt>
      <trkpt lat="24.948422396555543" lon="121.40408283099532">
        <ele>23.2</ele>
      </trkpt>
      <trkpt lat="24.94787002913654" lon="121.40384369529784">
        <ele>23.0</ele>
      </trkpt>
      <trkpt lat="24.94749192148447" lon="121.40368066728115">
        <ele>23.4</ele>
      </trkpt>
      <trkpt lat="24.946933770552278" lon="121.40341403894126">
        <ele>24.6</ele>
      </trkpt>
      <trkpt lat="24.946863614022732" lon="121.40338721685112">
        <ele>25.0</ele>
      </trkpt>
      <trkpt lat="24.94671198539436" lon="121.40334379859269">
        <ele>25.2</ele>
      </trkpt>
      <trkpt lat="24.946554573252797" lon="121.40331303700805">
        <ele>25.0</ele>
      </trkpt>
      <trkpt lat="24.946332285180688" lon="121.4032531902194">
        <ele>24.8</ele>
      </trkpt>
      <trkpt lat="24.946148805320263" lon="121.40315126627684">
        <ele>25.4</ele>
      </trkpt>
      <trkpt lat="24.94602844119072" lon="121.40309485606849">
        <ele>26.2</ele>
      </trkpt>
      <trkpt lat="24.94585015811026" lon="121.40297390520573">
        <ele>26.8</ele>
      </trkpt>
      <trkpt lat="24.945800453424454" lon="121.40292218886316">
        <ele>26.8</ele>
      </trkpt>
      <trkpt lat="24.945572465658188" lon="121.40267156995833">
        <ele>26.0</ele>
      </trkpt>
      <trkpt lat="24.945558300241828" lon="121.4025990664959">
        <ele>26.0</ele>
      </trkpt>
      <trkpt lat="24.94553105905652" lon="121.40253678895533">
        <ele>26.0</ele>
      </trkpt>
      <trkpt lat="24.94542360305786" lon="121.40243276953697">
        <ele>26.0</ele>
      </trkpt>
      <trkpt lat="24.94513727724552" lon="121.40212615951896">
        <ele>24.8</ele>
      </trkpt>
      <trkpt lat="24.945081705227494" lon="121.40205633826554">
        <ele>24.2</ele>
      </trkpt>
      <trkpt lat="24.94496176019311" lon="121.40191124752164">
        <ele>23.6</ele>
      </trkpt>
      <trkpt lat="24.9447257257998" lon="121.40158049762249">
        <ele>22.8</ele>
      </trkpt>
      <trkpt lat="24.944674847647548" lon="121.40149349346757">
        <ele>22.4</ele>
      </trkpt>
      <trkpt lat="24.944420121610165" lon="121.40108160674572">
        <ele>22.4</ele>
      </trkpt>
      <trkpt lat="24.94411401450634" lon="121.40060375444591">
        <ele>23.0</ele>
      </trkpt>
      <trkpt lat="24.943921314552426" lon="121.40030468814075">
        <ele>23.2</ele>
      </trkpt>
      <trkpt lat="24.94387655518949" lon="121.40023671090603">
        <ele>23.4</ele>
      </trkpt>
      <trkpt lat="24.94374663569033" lon="121.40002431347966">
        <ele>23.8</ele>
      </trkpt>
      <trkpt lat="24.943565167486668" lon="121.39974335208535">
        <ele>23.4</ele>
      </trkpt>
      <trkpt lat="24.943471793085337" lon="121.39960002154112">
        <ele>23.4</ele>
      </trkpt>
      <trkpt lat="24.94334790855646" lon="121.39938980340958">
        <ele>23.6</ele>
      </trkpt>
      <trkpt lat="24.943231651559472" lon="121.39919282868505">
        <ele>24.4</ele>
      </trkpt>
      <trkpt lat="24.94311816059053" lon="121.39899786561728">
        <ele>25.6</ele>
      </trkpt>
      <trkpt lat="24.943013722077012" lon="121.39880055561662">
        <ele>26.4</ele>
      </trkpt>
      <trkpt lat="24.942945577204227" lon="121.39868170022964">
        <ele>26.6</ele>
      </trkpt>
      <trkpt lat="24.942910205572844" lon="121.3986221048981">
        <ele>26.6</ele>
      </trkpt>
      <trkpt lat="24.94276645593345" lon="121.39837668277323">
        <ele>27.8</ele>
      </trkpt>
      <trkpt lat="24.94266126304865" lon="121.39818398281932">
        <ele>28.4</ele>
      </trkpt>
      <trkpt lat="24.942587334662676" lon="121.39804526232183">
        <ele>28.4</ele>
      </trkpt>
      <trkpt lat="24.942474346607924" lon="121.39783487655222">
        <ele>28.8</ele>
      </trkpt>
      <trkpt lat="24.94236420840025" lon="121.39762432314456">
        <ele>29.6</ele>
      </trkpt>
      <trkpt lat="24.942292710766196" lon="121.39748996123672">
        <ele>30.0</ele>
      </trkpt>
      <trkpt lat="24.942046282812953" lon="121.39702049084008">
        <ele>31.0</ele>
      </trkpt>
      <trkpt lat="24.941901359707117" lon="121.39674724079669">
        <ele>31.6</ele>
      </trkpt>
      <trkpt lat="24.94175107218325" lon="121.39646812342107">
        <ele>32.2</ele>
      </trkpt>
      <trkpt lat="24.941589552909136" lon="121.39611767604947">
        <ele>32.4</ele>
      </trkpt>
      <trkpt lat="24.94148662313819" lon="121.39589790254831">
        <ele>31.6</ele>
      </trkpt>
      <trkpt lat="24.941430296748877" lon="121.39583361335099">
        <ele>31.0</ele>
      </trkpt>
      <trkpt lat="24.94136198423803" lon="121.39577955007553">
        <ele>30.6</ele>
      </trkpt>
      <trkpt lat="24.94122628122568" lon="121.39567947015166">
        <ele>30.0</ele>
      </trkpt>
      <trkpt lat="24.941132739186287" lon="121.39558685012162">
        <ele>30.4</ele>
      </trkpt>
      <trkpt lat="24.941088231280446" lon="121.39555583707988">
        <ele>30.4</ele>
      </trkpt>
      <trkpt lat="24.940977757796645" lon="121.39551409520209">
        <ele>30.6</ele>
      </trkpt>
      <trkpt lat="24.940926376730204" lon="121.39548702165484">
        <ele>30.4</ele>
      </trkpt>
      <trkpt lat="24.94056503288448" lon="121.39525970444083">
        <ele>30.4</ele>
      </trkpt>
      <trkpt lat="24.94045900180936" lon="121.3951644860208">
        <ele>30.4</ele>
      </trkpt>
      <trkpt lat="24.940396388992667" lon="121.39510505832732">
        <ele>30.4</ele>
      </trkpt>
      <trkpt lat="24.940344002097845" lon="121.39507781714201">
        <ele>30.4</ele>
      </trkpt>
      <trkpt lat="24.94031935930252" lon="121.3950682617724">
        <ele>30.4</ele>
      </trkpt>
      <trkpt lat="24.94028373621404" lon="121.39507035724819">
        <ele>30.4</ele>
      </trkpt>
      <trkpt lat="24.940261859446764" lon="121.39506977051497">
        <ele>30.4</ele>
      </trkpt>
      <trkpt lat="24.940139818936586" lon="121.39501797035336">
        <ele>30.0</ele>
      </trkpt>
      <trkpt lat="24.939952064305544" lon="121.39483658596873">
        <ele>29.8</ele>
      </trkpt>
      <trkpt lat="24.93992054834962" lon="121.3947638310492">
        <ele>29.8</ele>
      </trkpt>
      <trkpt lat="24.939897833392024" lon="121.39473684132099">
        <ele>29.6</ele>
      </trkpt>
      <trkpt lat="24.939822144806385" lon="121.3947090972215">
        <ele>29.2</ele>
      </trkpt>
      <trkpt lat="24.939685938879848" lon="121.39470205642283">
        <ele>29.2</ele>
      </trkpt>
      <trkpt lat="24.939632965251803" lon="121.394705157727">
        <ele>29.2</ele>
      </trkpt>
      <trkpt lat="24.939563814550638" lon="121.39472343027592">
        <ele>29.6</ele>
      </trkpt>
      <trkpt lat="24.93951897136867" lon="121.39475938864052">
        <ele>29.6</ele>
      </trkpt>
      <trkpt lat="24.93953221477568" lon="121.39478696510196">
        <ele>29.4</ele>
      </trkpt>
      <trkpt lat="24.939548056572676" lon="121.39480607584119">
        <ele>29.4</ele>
      </trkpt>
      <trkpt lat="24.939580243080854" lon="121.39488235116005">
        <ele>29.4</ele>
      </trkpt>
      <trkpt lat="24.93961377069354" lon="121.39496038667858">
        <ele>30.2</ele>
      </trkpt>
      <trkpt lat="24.939626343548298" lon="121.39498251490295">
        <ele>30.4</ele>
      </trkpt>
      <trkpt lat="24.939645202830434" lon="121.39503439888358">
        <ele>30.6</ele>
      </trkpt>
      <trkpt lat="24.939667163416743" lon="121.39508619904518">
        <ele>30.8</ele>
      </trkpt>
      <trkpt lat="24.93970706127584" lon="121.39515903778374">
        <ele>31.0</ele>
      </trkpt>
      <trkpt lat="24.939719969406724" lon="121.39518233947456">
        <ele>31.0</ele>
      </trkpt>
      <trkpt lat="24.939779145643115" lon="121.3952405937016">
        <ele>31.2</ele>
      </trkpt>
      <trkpt lat="24.939796244725585" lon="121.39527210965753">
        <ele>31.4</ele>
      </trkpt>
      <trkpt lat="24.93982289917767" lon="121.39539381489158">
        <ele>32.0</ele>
      </trkpt>
      <trkpt lat="24.93979557417333" lon="121.39548911713064">
        <ele>31.8</ele>
      </trkpt>
      <trkpt lat="24.93970513343811" lon="121.39553957618773">
        <ele>31.8</ele>
      </trkpt>
      <trkpt lat="24.93965375237167" lon="121.3955442700535">
        <ele>31.8</ele>
      </trkpt>
      <trkpt lat="24.939246140420437" lon="121.39553437940776">
        <ele>31.4</ele>
      </trkpt>
      <trkpt lat="24.938786225393414" lon="121.39550370164216">
        <ele>30.0</ele>
      </trkpt>
      <trkpt lat="24.938367549329996" lon="121.39548459090292">
        <ele>30.4</ele>
      </trkpt>
      <trkpt lat="24.938124055042863" lon="121.39547352679074">
        <ele>30.8</ele>
      </trkpt>
      <trkpt lat="24.93772122077644" lon="121.39549582265317">
        <ele>28.6</ele>
      </trkpt>
      <trkpt lat="24.937650728970766" lon="121.39550780877471">
        <ele>28.0</ele>
      </trkpt>
      <trkpt lat="24.93723222054541" lon="121.39565675519407">
        <ele>28.4</ele>
      </trkpt>
      <trkpt lat="24.937092075124383" lon="121.39571744017303">
        <ele>27.6</ele>
      </trkpt>
      <trkpt lat="24.936893675476313" lon="121.39580343849957">
        <ele>26.2</ele>
      </trkpt>
      <trkpt lat="24.936758978292346" lon="121.39584694057703">
        <ele>26.6</ele>
      </trkpt>
      <trkpt lat="24.936687480658293" lon="121.39585842378438">
        <ele>26.8</ele>
      </trkpt>
      <trkpt lat="24.936618078500032" lon="121.39585624448955">
        <ele>27.4</ele>
      </trkpt>
      <trkpt lat="24.93648011237383" lon="121.3958035223186">
        <ele>28.2</ele>
      </trkpt>
      <trkpt lat="24.936419343575835" lon="121.39575138688087">
        <ele>28.6</ele>
      </trkpt>
      <trkpt lat="24.936372991651297" lon="121.39568550512195">
        <ele>28.8</ele>
      </trkpt>
      <trkpt lat="24.93633510544896" lon="121.39561451040208">
        <ele>29.0</ele>
      </trkpt>
      <trkpt lat="24.936303421854973" lon="121.39554058201611">
        <ele>29.4</ele>
      </trkpt>
      <trkpt lat="24.936279701068997" lon="121.39546237885952">
        <ele>29.8</ele>
      </trkpt>
      <trkpt lat="24.936249358579516" lon="121.39531318098307">
        <ele>30.6</ele>
      </trkpt>
      <trkpt lat="24.936229325830936" lon="121.39523992314935">
        <ele>31.0</ele>
      </trkpt>
      <trkpt lat="24.936089012771845" lon="121.39464288018644">
        <ele>30.6</ele>
      </trkpt>
      <trkpt lat="24.935938473790884" lon="121.39398875646293">
        <ele>30.6</ele>
      </trkpt>
      <trkpt lat="24.93589673191309" lon="121.39381960965693">
        <ele>30.2</ele>
      </trkpt>
      <trkpt lat="24.93581408634782" lon="121.39347637072206">
        <ele>30.2</ele>
      </trkpt>
      <trkpt lat="24.93577159009874" lon="121.39330227859318">
        <ele>30.4</ele>
      </trkpt>
      <trkpt lat="24.935644017532468" lon="121.39274697750807">
        <ele>30.8</ele>
      </trkpt>
      <trkpt lat="24.935611579567194" lon="121.39258629642427">
        <ele>30.6</ele>
      </trkpt>
      <trkpt lat="24.93556103669107" lon="121.39234892092645">
        <ele>30.6</ele>
      </trkpt>
      <trkpt lat="24.935524156317115" lon="121.39209545217454">
        <ele>30.6</ele>
      </trkpt>
      <trkpt lat="24.935466991737485" lon="121.39150251634419">
        <ele>30.6</ele>
      </trkpt>
      <trkpt lat="24.93545835837722" lon="121.39141836203635">
        <ele>30.8</ele>
      </trkpt>
      <trkpt lat="24.935357943177223" lon="121.39101712033153">
        <ele>30.8</ele>
      </trkpt>
      <trkpt lat="24.93527906946838" lon="121.39078167267144">
        <ele>31.2</ele>
      </trkpt>
      <trkpt lat="24.93517069146037" lon="121.39052015729249">
        <ele>31.4</ele>
      </trkpt>
      <trkpt lat="24.935145881026983" lon="121.39046056196094">
        <ele>31.2</ele>
      </trkpt>
      <trkpt lat="24.935139594599605" lon="121.39044086448848">
        <ele>31.2</ele>
      </trkpt>
      <trkpt lat="24.935136074200273" lon="121.39043809846044">
        <ele>31.0</ele>
      </trkpt>
      <trkpt lat="24.9351208191365" lon="121.39037900604308">
        <ele>30.6</ele>
      </trkpt>
      <trkpt lat="24.935066336765885" lon="121.39025931246579">
        <ele>30.4</ele>
      </trkpt>
      <trkpt lat="24.935041023418307" lon="121.39022067189217">
        <ele>30.4</ele>
      </trkpt>
      <trkpt lat="24.93491311557591" lon="121.38996468856931">
        <ele>30.4</ele>
      </trkpt>
      <trkpt lat="24.934800043702126" lon="121.38969680294394">
        <ele>30.0</ele>
      </trkpt>
      <trkpt lat="24.93477003648877" lon="121.38962941244245">
        <ele>29.8</ele>
      </trkpt>
      <trkpt lat="24.934709183871746" lon="121.38949320651591">
        <ele>29.8</ele>
      </trkpt>
      <trkpt lat="24.934590412303805" lon="121.3892104011029">
        <ele>30.8</ele>
      </trkpt>
      <trkpt lat="24.93443618528545" lon="121.38886163011193">
        <ele>31.0</ele>
      </trkpt>
      <trkpt lat="24.934339793398976" lon="121.38864554464817">
        <ele>31.0</ele>
      </trkpt>
      <trkpt lat="24.934081798419356" lon="121.38807624578476">
        <ele>31.8</ele>
      </trkpt>
      <trkpt lat="24.93402237072587" lon="121.38794112950563">
        <ele>32.0</ele>
      </trkpt>
      <trkpt lat="24.93397098965943" lon="121.38783174566925">
        <ele>31.8</ele>
      </trkpt>
      <trkpt lat="24.93388071656227" lon="121.38762219808996">
        <ele>32.0</ele>
      </trkpt>
      <trkpt lat="24.933869149535894" lon="121.38760241679847">
        <ele>32.2</ele>
      </trkpt>
      <trkpt lat="24.933832939714193" lon="121.38752454891801">
        <ele>31.6</ele>
      </trkpt>
      <trkpt lat="24.93382154032588" lon="121.38749613426626">
        <ele>31.6</ele>
      </trkpt>
      <trkpt lat="24.933753311634064" lon="121.38735758140683">
        <ele>32.2</ele>
      </trkpt>
      <trkpt lat="24.93373118340969" lon="121.38731449842453">
        <ele>32.2</ele>
      </trkpt>
      <trkpt lat="24.933642335236073" lon="121.38717896305025">
        <ele>32.0</ele>
      </trkpt>
      <trkpt lat="24.93356890976429" lon="121.38707435689867">
        <ele>32.2</ele>
      </trkpt>
      <trkpt lat="24.933449802920222" lon="121.38690336607397">
        <ele>32.2</ele>
      </trkpt>
      <trkpt lat="24.933276465162635" lon="121.38665341772139">
        <ele>32.0</ele>
      </trkpt>
      <trkpt lat="24.933074796572328" lon="121.38637530617416">
        <ele>31.4</ele>
      </trkpt>
      <trkpt lat="24.93296105414629" lon="121.38622619211674">
        <ele>30.6</ele>
      </trkpt>
      <trkpt lat="24.932784028351307" lon="121.38601077720523">
        <ele>29.8</ele>
      </trkpt>
      <trkpt lat="24.932721750810742" lon="121.38593877665699">
        <ele>29.6</ele>
      </trkpt>
      <trkpt lat="24.932527877390385" lon="121.38574020937085">
        <ele>29.8</ele>
      </trkpt>
      <trkpt lat="24.93238789960742" lon="121.3856097869575">
        <ele>30.8</ele>
      </trkpt>
      <trkpt lat="24.932113140821457" lon="121.38536495156586">
        <ele>31.6</ele>
      </trkpt>
      <trkpt lat="24.931927230209112" lon="121.38520678505301">
        <ele>31.6</ele>
      </trkpt>
      <trkpt lat="24.93187526240945" lon="121.38515397906303">
        <ele>31.8</ele>
      </trkpt>
      <trkpt lat="24.931714916601777" lon="121.38497837819159">
        <ele>31.4</ele>
      </trkpt>
      <trkpt lat="24.931497992947698" lon="121.38461804017425">
        <ele>31.0</ele>
      </trkpt>
      <trkpt lat="24.9312078114599" lon="121.3840727135539">
        <ele>32.2</ele>
      </trkpt>
      <trkpt lat="24.93117126636207" lon="121.38399627059698">
        <ele>32.2</ele>
      </trkpt>
      <trkpt lat="24.930938417091966" lon="121.38341850601137">
        <ele>32.6</ele>
      </trkpt>
      <trkpt lat="24.93088385090232" lon="121.38324852101505">
        <ele>32.8</ele>
      </trkpt>
      <trkpt lat="24.93071436882019" lon="121.3826849218458">
        <ele>33.4</ele>
      </trkpt>
      <trkpt lat="24.93057263083756" lon="121.3821074925363">
        <ele>33.4</ele>
      </trkpt>
      <trkpt lat="24.930556286126375" lon="121.3820390123874">
        <ele>33.4</ele>
      </trkpt>
      <trkpt lat="24.930528877303004" lon="121.38191487640142">
        <ele>33.6</ele>
      </trkpt>
      <trkpt lat="24.930487889796495" lon="121.38174053281546">
        <ele>33.8</ele>
      </trkpt>
      <trkpt lat="24.930472215637565" lon="121.38165537267923">
        <ele>34.0</ele>
      </trkpt>
      <trkpt lat="24.930447405204177" lon="121.38148714788258">
        <ele>34.2</ele>
      </trkpt>
      <trkpt lat="24.930440951138735" lon="121.38146015815437">
        <ele>34.2</ele>
      </trkpt>
      <trkpt lat="24.93037766776979" lon="121.3812009897083">
        <ele>34.0</ele>
      </trkpt>
      <trkpt lat="24.930333495140076" lon="121.38087233528495">
        <ele>33.8</ele>
      </trkpt>
      <trkpt lat="24.930311115458608" lon="121.38047025538981">
        <ele>33.4</ele>
      </trkpt>
      <trkpt lat="24.930310864001513" lon="121.38030253350735">
        <ele>33.6</ele>
      </trkpt>
      <trkpt lat="24.930347995832562" lon="121.37963650748134">
        <ele>33.8</ele>
      </trkpt>
      <trkpt lat="24.93035662919283" lon="121.37955679558218">
        <ele>33.6</ele>
      </trkpt>
      <trkpt lat="24.9303996283561" lon="121.3792309910059">
        <ele>33.8</ele>
      </trkpt>
      <trkpt lat="24.93043734692037" lon="121.37906360439956">
        <ele>34.2</ele>
      </trkpt>
      <trkpt lat="24.930501971393824" lon="121.37881382368505">
        <ele>34.2</ele>
      </trkpt>
      <trkpt lat="24.93049392476678" lon="121.37876881286502">
        <ele>34.4</ele>
      </trkpt>
      <trkpt lat="24.930486045777798" lon="121.3787682261318">
        <ele>34.4</ele>
      </trkpt>
      <trkpt lat="24.930513873696327" lon="121.37872531078756">
        <ele>34.2</ele>
      </trkpt>
      <trkpt lat="24.93052435107529" lon="121.3786953035742">
        <ele>34.0</ele>
      </trkpt>
      <trkpt lat="24.930546646937728" lon="121.37867317534983">
        <ele>34.0</ele>
      </trkpt>
      <trkpt lat="24.930603643879294" lon="121.37863470241427">
        <ele>34.0</ele>
      </trkpt>
      <trkpt lat="24.930613869801164" lon="121.3786125741899">
        <ele>34.2</ele>
      </trkpt>
      <trkpt lat="24.930588053539395" lon="121.37859472073615">
        <ele>34.2</ele>
      </trkpt>
      <trkpt lat="24.93054572492838" lon="121.37855465523899">
        <ele>34.0</ele>
      </trkpt>
      <trkpt lat="24.930524602532387" lon="121.3785404060036">
        <ele>34.0</ele>
      </trkpt>
      <trkpt lat="24.93036945350468" lon="121.37849321588874">
        <ele>33.2</ele>
      </trkpt>
      <trkpt lat="24.93032435886562" lon="121.37847150675952">
        <ele>33.0</ele>
      </trkpt>
      <trkpt lat="24.930278342217207" lon="121.37843831442297">
        <ele>32.8</ele>
      </trkpt>
      <trkpt lat="24.930179100483656" lon="121.37836681678891">
        <ele>32.8</ele>
      </trkpt>
      <trkpt lat="24.9300145637244" lon="121.3782669045031">
        <ele>32.8</ele>
      </trkpt>
      <trkpt lat="24.929782385006547" lon="121.3781410921365">
        <ele>31.8</ele>
      </trkpt>
      <trkpt lat="24.92943503893912" lon="121.37792341411114">
        <ele>33.8</ele>
      </trkpt>
      <trkpt lat="24.929375862702727" lon="121.37788569554687">
        <ele>33.8</ele>
      </trkpt>
      <trkpt lat="24.929318698123097" lon="121.37785032391548">
        <ele>33.8</ele>
      </trkpt>
      <trkpt lat="24.929031869396567" lon="121.37760054320097">
        <ele>34.2</ele>
      </trkpt>
      <trkpt lat="24.928746884688735" lon="121.37730156071484">
        <ele>33.4</ele>
      </trkpt>
      <trkpt lat="24.92851839400828" lon="121.37700777500868">
        <ele>33.6</ele>
      </trkpt>
      <trkpt lat="24.92847497574985" lon="121.37695522047579">
        <ele>33.8</ele>
      </trkpt>
      <trkpt lat="24.928176244720817" lon="121.37652380391955">
        <ele>34.4</ele>
      </trkpt>
      <trkpt lat="24.927941635251045" lon="121.37615910731256">
        <ele>34.2</ele>
      </trkpt>
      <trkpt lat="24.927866868674755" lon="121.37603312730789">
        <ele>34.6</ele>
      </trkpt>
      <trkpt lat="24.927845830097795" lon="121.37598853558302">
        <ele>35.0</ele>
      </trkpt>
      <trkpt lat="24.927830658853054" lon="121.37593715451658">
        <ele>35.8</ele>
      </trkpt>
      <trkpt lat="24.92782806046307" lon="121.37593631632626">
        <ele>36.0</ele>
      </trkpt>
      <trkpt lat="24.927803333848715" lon="121.37586892582476">
        <ele>35.6</ele>
      </trkpt>
      <trkpt lat="24.927794449031353" lon="121.37583774514496">
        <ele>35.6</ele>
      </trkpt>
      <trkpt lat="24.927695710211992" lon="121.37566038407385">
        <ele>36.0</ele>
      </trkpt>
      <trkpt lat="24.927492113783956" lon="121.37531999498606">
        <ele>35.8</ele>
      </trkpt>
      <trkpt lat="24.927280135452747" lon="121.3749865628779">
        <ele>35.4</ele>
      </trkpt>
      <trkpt lat="24.92724409326911" lon="121.37492713518441">
        <ele>35.2</ele>
      </trkpt>
      <trkpt lat="24.92713278159499" lon="121.37473678216338">
        <ele>34.8</ele>
      </trkpt>
      <trkpt lat="24.927026415243745" lon="121.37454835698009">
        <ele>35.2</ele>
      </trkpt>
      <trkpt lat="24.926939075812697" lon="121.37435750104487">
        <ele>36.0</ele>
      </trkpt>
      <trkpt lat="24.92681066505611" lon="121.37386615388095">
        <ele>36.4</ele>
      </trkpt>
      <trkpt lat="24.926759283989668" lon="121.37338838540018">
        <ele>37.0</ele>
      </trkpt>
      <trkpt lat="24.926766408607364" lon="121.37326869182289">
        <ele>37.6</ele>
      </trkpt>
      <trkpt lat="24.92678769864142" lon="121.37322694994509">
        <ele>36.0</ele>
      </trkpt>
      <trkpt lat="24.926805719733238" lon="121.37314036488533">
        <ele>36.0</ele>
      </trkpt>
      <trkpt lat="24.926808066666126" lon="121.37306937016547">
        <ele>36.0</ele>
      </trkpt>
      <trkpt lat="24.926819717511535" lon="121.37283853255212">
        <ele>35.8</ele>
      </trkpt>
      <trkpt lat="24.92682298645377" lon="121.37278472073376">
        <ele>35.8</ele>
      </trkpt>
      <trkpt lat="24.92684888653457" lon="121.37257408350706">
        <ele>35.8</ele>
      </trkpt>
      <trkpt lat="24.926894567906857" lon="121.3722922001034">
        <ele>36.0</ele>
      </trkpt>
      <trkpt lat="24.92696698755026" lon="121.37204149737954">
        <ele>36.4</ele>
      </trkpt>
      <trkpt lat="24.926987690851092" lon="121.37200076133013">
        <ele>36.4</ele>
      </trkpt>
      <trkpt lat="24.92708626203239" lon="121.37187486514449">
        <ele>37.2</ele>
      </trkpt>
      <trkpt lat="24.927063714712858" lon="121.37185986153781">
        <ele>37.2</ele>
      </trkpt>
      <trkpt lat="24.92704762145877" lon="121.37185986153781">
        <ele>37.4</ele>
      </trkpt>
      <trkpt lat="24.92704519070685" lon="121.37186581268907">
        <ele>37.6</ele>
      </trkpt>
      <trkpt lat="24.927011160179973" lon="121.37184360064566">
        <ele>38.0</ele>
      </trkpt>
      <trkpt lat="24.92696019820869" lon="121.37182340025902">
        <ele>38.0</ele>
      </trkpt>
      <trkpt lat="24.92683128453791" lon="121.37179490178823">
        <ele>37.6</ele>
      </trkpt>
      <trkpt lat="24.926657360047102" lon="121.3717416767031">
        <ele>37.6</ele>
      </trkpt>
      <trkpt lat="24.926552921533585" lon="121.37170303612947">
        <ele>37.6</ele>
      </trkpt>
      <trkpt lat="24.92630984634161" lon="121.37162265367806">
        <ele>36.4</ele>
      </trkpt>
      <trkpt lat="24.926241785287857" lon="121.37160111218691">
        <ele>36.0</ele>
      </trkpt>
      <trkpt lat="24.926169868558645" lon="121.37157982215285">
        <ele>36.0</ele>
      </trkpt>
      <trkpt lat="24.92602880112827" lon="121.37154025956988">
        <ele>36.0</ele>
      </trkpt>
      <trkpt lat="24.925879184156656" lon="121.37151100672781">
        <ele>36.4</ele>
      </trkpt>
      <trkpt lat="24.9257249571383" lon="121.37147990986705">
        <ele>36.8</ele>
      </trkpt>
      <trkpt lat="24.925646670162678" lon="121.37146398425102">
        <ele>37.0</ele>
      </trkpt>
      <trkpt lat="24.925566455349326" lon="121.37144931592047">
        <ele>37.2</ele>
      </trkpt>
      <trkpt lat="24.92506085895002" lon="121.37133356183767">
        <ele>36.4</ele>
      </trkpt>
      <trkpt lat="24.92464126087725" lon="121.37121696956456">
        <ele>37.6</ele>
      </trkpt>
      <trkpt lat="24.924560291692615" lon="121.37119718827307">
        <ele>37.6</ele>
      </trkpt>
      <trkpt lat="24.92440120317042" lon="121.37115913443267">
        <ele>38.4</ele>
      </trkpt>
      <trkpt lat="24.92432308383286" lon="121.37114061042666">
        <ele>38.6</ele>
      </trkpt>
      <trkpt lat="24.92405377328396" lon="121.37107196263969">
        <ele>39.6</ele>
      </trkpt>
      <trkpt lat="24.9239946808666" lon="121.37105553410947">
        <ele>39.6</ele>
      </trkpt>
      <trkpt lat="24.923683712258935" lon="121.37097800150514">
        <ele>40.6</ele>
      </trkpt>
      <trkpt lat="24.923482462763786" lon="121.37092838063836">
        <ele>40.8</ele>
      </trkpt>
      <trkpt lat="24.922950128093362" lon="121.37081396766007">
        <ele>41.8</ele>
      </trkpt>
      <trkpt lat="24.922829009592533" lon="121.37078018859029">
        <ele>42.4</ele>
      </trkpt>
      <trkpt lat="24.922775868326426" lon="121.37076627463102">
        <ele>43.0</ele>
      </trkpt>
      <trkpt lat="24.9224163684994" lon="121.37067273259163">
        <ele>44.2</ele>
      </trkpt>
      <trkpt lat="24.922354007139802" lon="121.37065513059497">
        <ele>44.4</ele>
      </trkpt>
      <trkpt lat="24.92204169742763" lon="121.37057608924806">
        <ele>45.4</ele>
      </trkpt>
      <trkpt lat="24.921979252249002" lon="121.37055865488946">
        <ele>45.8</ele>
      </trkpt>
      <trkpt lat="24.921789821237326" lon="121.37051029130816">
        <ele>46.2</ele>
      </trkpt>
      <trkpt lat="24.921204764395952" lon="121.37036570347846">
        <ele>46.4</ele>
      </trkpt>
      <trkpt lat="24.92113720625639" lon="121.37035011313856">
        <ele>46.4</ele>
      </trkpt>
      <trkpt lat="24.920571763068438" lon="121.37016168795526">
        <ele>46.8</ele>
      </trkpt>
      <trkpt lat="24.920509150251746" lon="121.37012237682939">
        <ele>46.6</ele>
      </trkpt>
      <trkpt lat="24.92039842531085" lon="121.37002749368548">
        <ele>46.6</ele>
      </trkpt>
      <trkpt lat="24.920347798615694" lon="121.36996756307781">
        <ele>46.6</ele>
      </trkpt>
      <trkpt lat="24.920230954885483" lon="121.36978131718934">
        <ele>46.4</ele>
      </trkpt>
      <trkpt lat="24.920180663466454" lon="121.36962650343776">
        <ele>46.4</ele>
      </trkpt>
      <trkpt lat="24.920167503878474" lon="121.36954142712057">
        <ele>46.2</ele>
      </trkpt>
      <trkpt lat="24.920147387310863" lon="121.36929038912058">
        <ele>45.2</ele>
      </trkpt>
      <trkpt lat="24.920141771435738" lon="121.36920581571758">
        <ele>45.2</ele>
      </trkpt>
      <trkpt lat="24.92009743116796" lon="121.36879501864314">
        <ele>45.0</ele>
      </trkpt>
      <trkpt lat="24.920090390369296" lon="121.36872083880007">
        <ele>45.4</ele>
      </trkpt>
      <trkpt lat="24.920071279630065" lon="121.36851229704916">
        <ele>47.0</ele>
      </trkpt>
      <trkpt lat="24.920059209689498" lon="121.368374414742">
        <ele>47.6</ele>
      </trkpt>
      <trkpt lat="24.92005686275661" lon="121.36830593459308">
        <ele>47.8</ele>
      </trkpt>
      <trkpt lat="24.920034063979983" lon="121.36801927350461">
        <ele>47.0</ele>
      </trkpt>
      <trkpt lat="24.920020820572972" lon="121.36794777587056">
        <ele>46.8</ele>
      </trkpt>
      <trkpt lat="24.91997228935361" lon="121.3677264098078">
        <ele>46.2</ele>
      </trkpt>
      <trkpt lat="24.919928452000022" lon="121.36760646477342">
        <ele>46.4</ele>
      </trkpt>
      <trkpt lat="24.919865587726235" lon="121.3674726895988">
        <ele>47.0</ele>
      </trkpt>
      <trkpt lat="24.919782020151615" lon="121.36737403459847">
        <ele>47.2</ele>
      </trkpt>
      <trkpt lat="24.91958965547383" lon="121.36718695051968">
        <ele>48.0</ele>
      </trkpt>
      <trkpt lat="24.919503573328257" lon="121.36709022335708">
        <ele>48.0</ele>
      </trkpt>
      <trkpt lat="24.919471805915236" lon="121.36706340126693">
        <ele>48.0</ele>
      </trkpt>
      <trkpt lat="24.919453784823418" lon="121.36705392971635">
        <ele>48.4</ele>
      </trkpt>
      <trkpt lat="24.91942067630589" lon="121.36701302602887">
        <ele>47.0</ele>
      </trkpt>
      <trkpt lat="24.919400056824088" lon="121.36698838323355">
        <ele>47.0</ele>
      </trkpt>
      <trkpt lat="24.9192785192281" lon="121.36685368604958">
        <ele>47.0</ele>
      </trkpt>
      <trkpt lat="24.919238789007068" lon="121.36682258918881">
        <ele>47.0</ele>
      </trkpt>
      <trkpt lat="24.91919352672994" lon="121.36679316870868">
        <ele>47.0</ele>
      </trkpt>
      <trkpt lat="24.919095626100898" lon="121.36673784814775">
        <ele>47.2</ele>
      </trkpt>
      <trkpt lat="24.91897853091359" lon="121.36668470688164">
        <ele>47.2</ele>
      </trkpt>
      <trkpt lat="24.918780298903584" lon="121.36662938632071">
        <ele>47.4</ele>
      </trkpt>
      <trkpt lat="24.918645853176713" lon="121.36659594252706">
        <ele>47.6</ele>
      </trkpt>
      <trkpt lat="24.918575109913945" lon="121.36658228002489">
        <ele>47.6</ele>
      </trkpt>
      <trkpt lat="24.918316947296262" lon="121.36653425171971">
        <ele>47.8</ele>
      </trkpt>
      <trkpt lat="24.918004469946027" lon="121.36647398583591">
        <ele>48.4</ele>
      </trkpt>
      <trkpt lat="24.917460484430194" lon="121.36635756120086">
        <ele>48.8</ele>
      </trkpt>
      <trkpt lat="24.91732737980783" lon="121.36632881127298">
        <ele>49.0</ele>
      </trkpt>
      <trkpt lat="24.91688950918615" lon="121.3662324193865">
        <ele>49.8</ele>
      </trkpt>
      <trkpt lat="24.916688594967127" lon="121.36619562283158">
        <ele>50.0</ele>
      </trkpt>
      <trkpt lat="24.916283832862973" lon="121.36611515656114">
        <ele>50.8</ele>
      </trkpt>
      <trkpt lat="24.91615667939186" lon="121.36608741246164">
        <ele>51.0</ele>
      </trkpt>
      <trkpt lat="24.915572963654995" lon="121.3660045992583">
        <ele>51.8</ele>
      </trkpt>
      <trkpt lat="24.915296444669366" lon="121.36598800309002">
        <ele>51.6</ele>
      </trkpt>
      <trkpt lat="24.914934765547514" lon="121.36596235446632">
        <ele>51.2</ele>
      </trkpt>
      <trkpt lat="24.914491781964898" lon="121.3659268990159">
        <ele>51.6</ele>
      </trkpt>
      <trkpt lat="24.91395047865808" lon="121.36588951572776">
        <ele>52.2</ele>
      </trkpt>
      <trkpt lat="24.9138165358454" lon="121.3658835645765">
        <ele>52.2</ele>
      </trkpt>
      <trkpt lat="24.913488551974297" lon="121.36586378328502">
        <ele>53.4</ele>
      </trkpt>
      <trkpt lat="24.91329710930586" lon="121.3658579159528">
        <ele>53.2</ele>
      </trkpt>
      <trkpt lat="24.912697300314903" lon="121.36586084961891">
        <ele>53.4</ele>
      </trkpt>
      <trkpt lat="24.91211568005383" lon="121.36587752960622">
        <ele>54.2</ele>
      </trkpt>
      <trkpt lat="24.911977546289563" lon="121.36587945744395">
        <ele>54.4</ele>
      </trkpt>
      <trkpt lat="24.911909233778715" lon="121.3658801279962">
        <ele>54.4</ele>
      </trkpt>
      <trkpt lat="24.911355189979076" lon="121.36590141803026">
        <ele>54.6</ele>
      </trkpt>
      <trkpt lat="24.911211356520653" lon="121.3659097161144">
        <ele>55.0</ele>
      </trkpt>
      <trkpt lat="24.911081017926335" lon="121.36591281741858">
        <ele>55.4</ele>
      </trkpt>
      <trkpt lat="24.91079930216074" lon="121.36592086404562">
        <ele>56.0</ele>
      </trkpt>
      <trkpt lat="24.910652032122016" lon="121.36592295952141">
        <ele>56.4</ele>
      </trkpt>
      <trkpt lat="24.91053250618279" lon="121.36593645438552">
        <ele>57.0</ele>
      </trkpt>
      <trkpt lat="24.910430498421192" lon="121.36593611910939">
        <ele>57.2</ele>
      </trkpt>
      <trkpt lat="24.910280210897326" lon="121.36591038666666">
        <ele>57.0</ele>
      </trkpt>
      <trkpt lat="24.910184908658266" lon="121.3658732548356">
        <ele>56.8</ele>
      </trkpt>
      <trkpt lat="24.91003663279116" lon="121.36579161509871">
        <ele>56.4</ele>
      </trkpt>
      <trkpt lat="24.909927248954773" lon="121.36573101393878">
        <ele>56.2</ele>
      </trkpt>
      <trkpt lat="24.909758688881993" lon="121.36564945802093">
        <ele>56.6</ele>
      </trkpt>
      <trkpt lat="24.90952550433576" lon="121.36555314995348">
        <ele>57.2</ele>
      </trkpt>
      <trkpt lat="24.909463142976165" lon="121.36552565731108">
        <ele>57.8</ele>
      </trkpt>
      <trkpt lat="24.909267090260983" lon="121.36543999426067">
        <ele>58.8</ele>
      </trkpt>
      <trkpt lat="24.909086460247636" lon="121.36536061763763">
        <ele>59.4</ele>
      </trkpt>
      <trkpt lat="24.90892108529806" lon="121.36529322713614">
        <ele>59.8</ele>
      </trkpt>
      <trkpt lat="24.90887071006" lon="121.36526791378856">
        <ele>60.0</ele>
      </trkpt>
      <trkpt lat="24.90876518189907" lon="121.36522357352078">
        <ele>60.4</ele>
      </trkpt>
      <trkpt lat="24.90829168818891" lon="121.36502810753882">
        <ele>60.6</ele>
      </trkpt>
      <trkpt lat="24.90794970653951" lon="121.36486516334116">
        <ele>60.4</ele>
      </trkpt>
      <trkpt lat="24.907539077103138" lon="121.36462795548141">
        <ele>60.8</ele>
      </trkpt>
      <trkpt lat="24.907464813441038" lon="121.36452049948275">
        <ele>61.0</ele>
      </trkpt>
      <trkpt lat="24.907411001622677" lon="121.36439829133451">
        <ele>61.2</ele>
      </trkpt>
      <trkpt lat="24.90730421617627" lon="121.36404633522034">
        <ele>60.8</ele>
      </trkpt>
      <trkpt lat="24.907280830666423" lon="121.3639724906534">
        <ele>60.8</ele>
      </trkpt>
      <trkpt lat="24.907179912552238" lon="121.36366504244506">
        <ele>60.6</ele>
      </trkpt>
      <trkpt lat="24.907075138762593" lon="121.36338718235493">
        <ele>61.6</ele>
      </trkpt>
      <trkpt lat="24.906981848180294" lon="121.36311653070152">
        <ele>62.2</ele>
      </trkpt>
      <trkpt lat="24.906913619488478" lon="121.36292056180537">
        <ele>63.2</ele>
      </trkpt>
      <trkpt lat="24.906891575083137" lon="121.36285283602774">
        <ele>63.6</ele>
      </trkpt>
      <trkpt lat="24.906854275614023" lon="121.36272593401372">
        <ele>64.2</ele>
      </trkpt>
      <trkpt lat="24.906776323914528" lon="121.3624821882695">
        <ele>65.4</ele>
      </trkpt>
      <trkpt lat="24.90668462589383" lon="121.36221723631024">
        <ele>66.0</ele>
      </trkpt>
      <trkpt lat="24.90654489956796" lon="121.36181230656803">
        <ele>66.0</ele>
      </trkpt>
      <trkpt lat="24.906458146870136" lon="121.36152296327055">
        <ele>65.0</ele>
      </trkpt>
      <trkpt lat="24.906449345871806" lon="121.36143864132464">
        <ele>64.8</ele>
      </trkpt>
      <trkpt lat="24.90644909441471" lon="121.36135130189359">
        <ele>64.4</ele>
      </trkpt>
      <trkpt lat="24.906492764130235" lon="121.36109758168459">
        <ele>63.0</ele>
      </trkpt>
      <trkpt lat="24.906523693352938" lon="121.36082508601248">
        <ele>61.6</ele>
      </trkpt>
      <trkpt lat="24.906510869041085" lon="121.36073674075305">
        <ele>61.2</ele>
      </trkpt>
      <trkpt lat="24.906483879312873" lon="121.36065275408328">
        <ele>61.0</ele>
      </trkpt>
      <trkpt lat="24.90642319433391" lon="121.36047899723053">
        <ele>60.4</ele>
      </trkpt>
      <trkpt lat="24.906390085816383" lon="121.36038847267628">
        <ele>60.4</ele>
      </trkpt>
      <trkpt lat="24.906171653419733" lon="121.35980542749166">
        <ele>61.2</ele>
      </trkpt>
      <trkpt lat="24.906142903491855" lon="121.35972655378282">
        <ele>61.2</ele>
      </trkpt>
      <trkpt lat="24.90608557127416" lon="121.35957106947899">
        <ele>61.6</ele>
      </trkpt>
      <trkpt lat="24.906001249328256" lon="121.35935154743493">
        <ele>62.0</ele>
      </trkpt>
      <trkpt lat="24.90597358904779" lon="121.35928549803793">
        <ele>62.0</ele>
      </trkpt>
      <trkpt lat="24.90595120936632" lon="121.35923026129603">
        <ele>62.2</ele>
      </trkpt>
      <trkpt lat="24.905910221859813" lon="121.3591265771538">
        <ele>62.4</ele>
      </trkpt>
      <trkpt lat="24.90587837062776" lon="121.35903907008469">
        <ele>62.6</ele>
      </trkpt>
      <trkpt lat="24.905864372849464" lon="121.35900143533945">
        <ele>62.6</ele>
      </trkpt>
      <trkpt lat="24.905834617093205" lon="121.35890604928136">
        <ele>62.8</ele>
      </trkpt>
      <trkpt lat="24.90582011640072" lon="121.35886313393712">
        <ele>62.8</ele>
      </trkpt>
      <trkpt lat="24.905794970691204" lon="121.35878928937018">
        <ele>62.6</ele>
      </trkpt>
      <trkpt lat="24.905784325674176" lon="121.35875492356718">
        <ele>62.0</ele>
      </trkpt>
      <trkpt lat="24.905773596838117" lon="121.358733298257">
        <ele>62.0</ele>
      </trkpt>
      <trkpt lat="24.905733782798052" lon="121.35860949754715">
        <ele>61.8</ele>
      </trkpt>
      <trkpt lat="24.905718946829438" lon="121.35855937376618">
        <ele>61.8</ele>
      </trkpt>
      <trkpt lat="24.90566672757268" lon="121.35833591222763">
        <ele>61.6</ele>
      </trkpt>
      <trkpt lat="24.905626997351646" lon="121.35817078873515">
        <ele>61.8</ele>
      </trkpt>
      <trkpt lat="24.905567234382033" lon="121.35801840573549">
        <ele>62.2</ele>
      </trkpt>
      <trkpt lat="24.905471429228783" lon="121.35787666775286">
        <ele>62.0</ele>
      </trkpt>
      <trkpt lat="24.905388448387384" lon="121.35779201053083">
        <ele>61.8</ele>
      </trkpt>
      <trkpt lat="24.905254086479545" lon="121.35768111795187">
        <ele>62.6</ele>
      </trkpt>
      <trkpt lat="24.905210165306926" lon="121.35764717124403">
        <ele>62.8</ele>
      </trkpt>
      <trkpt lat="24.904889222234488" lon="121.35739898309112">
        <ele>63.0</ele>
      </trkpt>
      <trkpt lat="24.90480431355536" lon="121.3573252223432">
        <ele>63.6</ele>
      </trkpt>
      <trkpt lat="24.904762152582407" lon="121.3572879228741">
        <ele>64.0</ele>
      </trkpt>
      <trkpt lat="24.90451547317207" lon="121.35704920627177">
        <ele>65.2</ele>
      </trkpt>
      <trkpt lat="24.904473396018147" lon="121.35699857957661">
        <ele>65.2</ele>
      </trkpt>
      <trkpt lat="24.904099898412824" lon="121.35656305588782">
        <ele>66.0</ele>
      </trkpt>
      <trkpt lat="24.904055474326015" lon="121.35651343502104">
        <ele>66.4</ele>
      </trkpt>
      <trkpt lat="24.903919603675604" lon="121.35635518468916">
        <ele>67.4</ele>
      </trkpt>
      <trkpt lat="24.903705529868603" lon="121.35610071010888">
        <ele>67.6</ele>
      </trkpt>
      <trkpt lat="24.903574269264936" lon="121.35587180033326">
        <ele>68.0</ele>
      </trkpt>
      <trkpt lat="24.903553817421198" lon="121.35580734349787">
        <ele>68.2</ele>
      </trkpt>
      <trkpt lat="24.90350998006761" lon="121.35561187751591">
        <ele>68.6</ele>
      </trkpt>
      <trkpt lat="24.90350503474474" lon="121.35548396967351">
        <ele>68.8</ele>
      </trkpt>
      <trkpt lat="24.90352456457913" lon="121.35497820563614">
        <ele>69.6</ele>
      </trkpt>
      <trkpt lat="24.903534203767776" lon="121.35491550900042">
        <ele>69.6</ele>
      </trkpt>
      <trkpt lat="24.903653226792812" lon="121.35440949350595">
        <ele>70.6</ele>
      </trkpt>
      <trkpt lat="24.903689520433545" lon="121.35422651655972">
        <ele>71.6</ele>
      </trkpt>
      <trkpt lat="24.903696225956082" lon="121.35415954515338">
        <ele>71.8</ele>
      </trkpt>
      <trkpt lat="24.903705110773444" lon="121.35402048937976">
        <ele>71.8</ele>
      </trkpt>
      <trkpt lat="24.90368239581585" lon="121.35353107005358">
        <ele>71.8</ele>
      </trkpt>
      <trkpt lat="24.903665212914348" lon="121.35307442396879">
        <ele>70.6</ele>
      </trkpt>
      <trkpt lat="24.903647946193814" lon="121.35277166962624">
        <ele>70.4</ele>
      </trkpt>
      <trkpt lat="24.903613748028874" lon="121.35218728333712">
        <ele>71.0</ele>
      </trkpt>
      <trkpt lat="24.903576113283634" lon="121.35189509019256">
        <ele>71.8</ele>
      </trkpt>
      <trkpt lat="24.903537472710013" lon="121.35170448571444">
        <ele>72.6</ele>
      </trkpt>
      <trkpt lat="24.90350805222988" lon="121.35158403776586">
        <ele>73.0</ele>
      </trkpt>
      <trkpt lat="24.903442338109016" lon="121.35132880881429">
        <ele>73.4</ele>
      </trkpt>
      <trkpt lat="24.903395315632224" lon="121.35113636031747">
        <ele>74.0</ele>
      </trkpt>
      <trkpt lat="24.903380060568452" lon="121.35106938891113">
        <ele>74.2</ele>
      </trkpt>
      <trkpt lat="24.903317783027887" lon="121.3508121483028">
        <ele>75.2</ele>
      </trkpt>
      <trkpt lat="24.90323438309133" lon="121.3504976592958">
        <ele>75.6</ele>
      </trkpt>
      <trkpt lat="24.903106559067965" lon="121.35016380809247">
        <ele>75.0</ele>
      </trkpt>
      <trkpt lat="24.903041180223227" lon="121.35002542287111">
        <ele>74.6</ele>
      </trkpt>
      <trkpt lat="24.90291670896113" lon="121.34973691776395">
        <ele>74.0</ele>
      </trkpt>
      <trkpt lat="24.902897598221898" lon="121.34965997189283">
        <ele>74.0</ele>
      </trkpt>
      <trkpt lat="24.902888294309378" lon="121.34957799687982">
        <ele>73.8</ele>
      </trkpt>
      <trkpt lat="24.902888294309378" lon="121.34949451312423">
        <ele>73.8</ele>
      </trkpt>
      <trkpt lat="24.902932550758123" lon="121.34933249093592">
        <ele>73.6</ele>
      </trkpt>
      <trkpt lat="24.90305358543992" lon="121.34911850094795">
        <ele>73.0</ele>
      </trkpt>
      <trkpt lat="24.90309708751738" lon="121.3490483444184">
        <ele>73.0</ele>
      </trkpt>
      <trkpt lat="24.903344437479973" lon="121.34859387762845">
        <ele>73.8</ele>
      </trkpt>
      <trkpt lat="24.90344393067062" lon="121.3484013453126">
        <ele>74.2</ele>
      </trkpt>
      <trkpt lat="24.9036262370646" lon="121.34810638613999">
        <ele>75.2</ele>
      </trkpt>
      <trkpt lat="24.903963105753064" lon="121.3475929107517">
        <ele>75.4</ele>
      </trkpt>
      <trkpt lat="24.904283713549376" lon="121.34728303179145">
        <ele>76.8</ele>
      </trkpt>
      <trkpt lat="24.90451999939978" lon="121.3470389507711">
        <ele>78.0</ele>
      </trkpt>
      <trkpt lat="24.904599711298943" lon="121.34693224914372">
        <ele>78.2</ele>
      </trkpt>
      <trkpt lat="24.90463030524552" lon="121.34687106125057">
        <ele>78.4</ele>
      </trkpt>
      <trkpt lat="24.904654193669558" lon="121.34680626913905">
        <ele>78.6</ele>
      </trkpt>
      <trkpt lat="24.904681770130992" lon="121.34667299687862">
        <ele>78.6</ele>
      </trkpt>
      <trkpt lat="24.904684871435165" lon="121.34660091251135">
        <ele>79.0</ele>
      </trkpt>
      <trkpt lat="24.904679842293262" lon="121.34652966633439">
        <ele>79.4</ele>
      </trkpt>
      <trkpt lat="24.904609182849526" lon="121.34631928056479">
        <ele>79.4</ele>
      </trkpt>
      <trkpt lat="24.904428217560053" lon="121.34584100916982">
        <ele>79.6</ele>
      </trkpt>
      <trkpt lat="24.904299303889275" lon="121.34551889263093">
        <ele>80.2</ele>
      </trkpt>
      <trkpt lat="24.90422780625522" lon="121.3453171402216">
        <ele>80.6</ele>
      </trkpt>
      <trkpt lat="24.904019851237535" lon="121.34476435370743">
        <ele>80.8</ele>
      </trkpt>
      <trkpt lat="24.903993448242545" lon="121.34469260461628">
        <ele>80.8</ele>
      </trkpt>
      <trkpt lat="24.903917592018843" lon="121.34447475895286">
        <ele>81.2</ele>
      </trkpt>
      <trkpt lat="24.903779961168766" lon="121.34410955943167">
        <ele>82.0</ele>
      </trkpt>
      <trkpt lat="24.903706284239888" lon="121.34397578425705">
        <ele>82.4</ele>
      </trkpt>
      <trkpt lat="24.90365892648697" lon="121.34391711093485">
        <ele>82.6</ele>
      </trkpt>
      <trkpt lat="24.90355926565826" lon="121.34381703101099">
        <ele>83.2</ele>
      </trkpt>
      <trkpt lat="24.90340445190668" lon="121.34365936741233">
        <ele>83.6</ele>
      </trkpt>
      <trkpt lat="24.903173027560115" lon="121.34340179152787">
        <ele>85.0</ele>
      </trkpt>
      <trkpt lat="24.903044952079654" lon="121.34314874187112">
        <ele>85.6</ele>
      </trkpt>
      <trkpt lat="24.90303011611104" lon="121.3430699519813">
        <ele>85.6</ele>
      </trkpt>
      <trkpt lat="24.902945375069976" lon="121.34256301447749">
        <ele>84.8</ele>
      </trkpt>
      <trkpt lat="24.902914697304368" lon="121.34247617796063">
        <ele>84.6</ele>
      </trkpt>
      <trkpt lat="24.90282928571105" lon="121.34231474250555">
        <ele>83.8</ele>
      </trkpt>
      <trkpt lat="24.902774216607213" lon="121.34223829954863">
        <ele>83.4</ele>
      </trkpt>
      <trkpt lat="24.902649242430925" lon="121.34209270589054">
        <ele>82.6</ele>
      </trkpt>
      <trkpt lat="24.902465594932437" lon="121.34187988936901">
        <ele>81.6</ele>
      </trkpt>
      <trkpt lat="24.902410358190536" lon="121.34181425906718">
        <ele>81.0</ele>
      </trkpt>
      <trkpt lat="24.902253868058324" lon="121.34162558242679">
        <ele>81.4</ele>
      </trkpt>
      <trkpt lat="24.90204993635416" lon="121.34136892855167">
        <ele>82.8</ele>
      </trkpt>
      <trkpt lat="24.9018026702106" lon="121.34106206707656">
        <ele>84.0</ele>
      </trkpt>
      <trkpt lat="24.90169957280159" lon="121.34095679037273">
        <ele>84.0</ele>
      </trkpt>
      <trkpt lat="24.90164089947939" lon="121.34091186337173">
        <ele>84.2</ele>
      </trkpt>
      <trkpt lat="24.901508633047342" lon="121.34085780009627">
        <ele>84.2</ele>
      </trkpt>
      <trkpt lat="24.901438308879733" lon="121.34084480814636">
        <ele>84.0</ele>
      </trkpt>
      <trkpt lat="24.901079311966896" lon="121.34083022363484">
        <ele>84.0</ele>
      </trkpt>
      <trkpt lat="24.90077077411115" lon="121.34082754142582">
        <ele>85.4</ele>
      </trkpt>
      <trkpt lat="24.90053851157427" lon="121.34082712233067">
        <ele>86.8</ele>
      </trkpt>
      <trkpt lat="24.90031043998897" lon="121.34080708958209">
        <ele>88.2</ele>
      </trkpt>
      <trkpt lat="24.900104999542236" lon="121.34073668159544">
        <ele>89.2</ele>
      </trkpt>
      <trkpt lat="24.900043308734894" lon="121.34070013649762">
        <ele>89.4</ele>
      </trkpt>
      <trkpt lat="24.899936020374298" lon="121.34061279706657">
        <ele>89.8</ele>
      </trkpt>
      <trkpt lat="24.899839041754603" lon="121.34051414206624">
        <ele>89.8</ele>
      </trkpt>
      <trkpt lat="24.899619687348604" lon="121.34022790007293">
        <ele>90.4</ele>
      </trkpt>
      <trkpt lat="24.89953486248851" lon="121.34010141715407">
        <ele>90.6</ele>
      </trkpt>
      <trkpt lat="24.899290446192026" lon="121.33960420265794">
        <ele>89.4</ele>
      </trkpt>
      <trkpt lat="24.8990535736084" lon="121.33907530456781">
        <ele>90.0</ele>
      </trkpt>
      <trkpt lat="24.898846205323935" lon="121.33863567374647">
        <ele>90.8</ele>
      </trkpt>
      <trkpt lat="24.898779233917594" lon="121.3385179080069">
        <ele>91.0</ele>
      </trkpt>
      <trkpt lat="24.898739336058497" lon="121.33846216835082">
        <ele>91.0</ele>
      </trkpt>
      <trkpt lat="24.898513108491898" lon="121.33822789415717">
        <ele>90.6</ele>
      </trkpt>
      <trkpt lat="24.898463487625122" lon="121.33818062022328">
        <ele>90.8</ele>
      </trkpt>
      <trkpt lat="24.89831378683448" lon="121.33803946897388">
        <ele>91.4</ele>
      </trkpt>
      <trkpt lat="24.898170791566372" lon="121.33789890445769">
        <ele>92.6</ele>
      </trkpt>
      <trkpt lat="24.898080183193088" lon="121.33780234493315">
        <ele>93.6</ele>
      </trkpt>
      <trkpt lat="24.8980363458395" lon="121.33775414898992">
        <ele>94.0</ele>
      </trkpt>
      <trkpt lat="24.897915394976735" lon="121.3376066274941">
        <ele>95.0</ele>
      </trkpt>
      <trkpt lat="24.897770890966058" lon="121.3373735267669">
        <ele>96.2</ele>
      </trkpt>
      <trkpt lat="24.89760149270296" lon="121.33711360394955">
        <ele>97.4</ele>
      </trkpt>
      <trkpt lat="24.89748565480113" lon="121.3369815889746">
        <ele>98.2</ele>
      </trkpt>
      <trkpt lat="24.897441398352385" lon="121.33694621734321">
        <ele>98.6</ele>
      </trkpt>
      <trkpt lat="24.89734198898077" lon="121.3368880469352">
        <ele>98.8</ele>
      </trkpt>
      <trkpt lat="24.897231264039874" lon="121.33684454485774">
        <ele>99.0</ele>
      </trkpt>
      <trkpt lat="24.897170243784785" lon="121.33683314546943">
        <ele>99.0</ele>
      </trkpt>
      <trkpt lat="24.89705415442586" lon="121.33684119209647">
        <ele>99.4</ele>
      </trkpt>
      <trkpt lat="24.896997241303325" lon="121.33684362284839">
        <ele>99.8</ele>
      </trkpt>
      <trkpt lat="24.896772522479296" lon="121.33685493841767">
        <ele>101.0</ele>
      </trkpt>
      <trkpt lat="24.896440599113703" lon="121.33685569278896">
        <ele>102.2</ele>
      </trkpt>
      <trkpt lat="24.896222921088338" lon="121.33681554347277">
        <ele>102.8</ele>
      </trkpt>
      <trkpt lat="24.89612041041255" lon="121.33676659315825">
        <ele>103.0</ele>
      </trkpt>
      <trkpt lat="24.896030137315392" lon="121.33670691400766">
        <ele>103.2</ele>
      </trkpt>
      <trkpt lat="24.895816147327423" lon="121.33655972778797">
        <ele>104.2</ele>
      </trkpt>
      <trkpt lat="24.895773231983185" lon="121.33652938529849">
        <ele>104.2</ele>
      </trkpt>
      <trkpt lat="24.89554189145565" lon="121.33635713718832">
        <ele>105.6</ele>
      </trkpt>
      <trkpt lat="24.895441392436624" lon="121.33628061041236">
        <ele>106.6</ele>
      </trkpt>
      <trkpt lat="24.895306108519435" lon="121.3361768424511">
        <ele>108.0</ele>
      </trkpt>
      <trkpt lat="24.895215751603246" lon="121.33609050884843">
        <ele>109.0</ele>
      </trkpt>
      <trkpt lat="24.895132016390562" lon="121.33599763736129">
        <ele>110.2</ele>
      </trkpt>
      <trkpt lat="24.895011484622955" lon="121.33583930321038">
        <ele>111.2</ele>
      </trkpt>
      <trkpt lat="24.894921546801925" lon="121.33571290411055">
        <ele>112.4</ele>
      </trkpt>
      <trkpt lat="24.89482549019158" lon="121.33558583445847">
        <ele>113.6</ele>
      </trkpt>
      <trkpt lat="24.894766649231315" lon="121.33551416918635">
        <ele>114.0</ele>
      </trkpt>
      <trkpt lat="24.894670508801937" lon="121.3354183640331">
        <ele>115.0</ele>
      </trkpt>
      <trkpt lat="24.894565315917134" lon="121.33533052168787">
        <ele>116.2</ele>
      </trkpt>
      <trkpt lat="24.894531117752194" lon="121.33530856110156">
        <ele>116.8</ele>
      </trkpt>
      <trkpt lat="24.894496081396937" lon="121.33528978563845">
        <ele>117.4</ele>
      </trkpt>
      <trkpt lat="24.8943926487118" lon="121.33523714728653">
        <ele>118.6</ele>
      </trkpt>
      <trkpt lat="24.894236996769905" lon="121.33518199436367">
        <ele>119.6</ele>
      </trkpt>
      <trkpt lat="24.894040441140532" lon="121.33512927219272">
        <ele>120.8</ele>
      </trkpt>
      <trkpt lat="24.893889231607318" lon="121.33509331382811">
        <ele>122.0</ele>
      </trkpt>
      <trkpt lat="24.893811028450727" lon="121.33507646620274">
        <ele>122.4</ele>
      </trkpt>
      <trkpt lat="24.89367725327611" lon="121.33504277095199">
        <ele>123.2</ele>
      </trkpt>
      <trkpt lat="24.89351011812687" lon="121.33500496856868">
        <ele>124.2</ele>
      </trkpt>
      <trkpt lat="24.89334407262504" lon="121.33497353643179">
        <ele>125.0</ele>
      </trkpt>
      <trkpt lat="24.893303839489818" lon="121.33496632799506">
        <ele>125.4</ele>
      </trkpt>
      <trkpt lat="24.89317894913256" lon="121.33494864217937">
        <ele>126.0</ele>
      </trkpt>
      <trkpt lat="24.89309387281537" lon="121.33494612760842">
        <ele>126.4</ele>
      </trkpt>
      <trkpt lat="24.893011646345258" lon="121.3349484745413">
        <ele>126.8</ele>
      </trkpt>
      <trkpt lat="24.89288566634059" lon="121.33496255613863">
        <ele>127.4</ele>
      </trkpt>
      <trkpt lat="24.892840990796685" lon="121.3349664118141">
        <ele>127.6</ele>
      </trkpt>
      <trkpt lat="24.892798410728574" lon="121.33497169241309">
        <ele>127.8</ele>
      </trkpt>
      <trkpt lat="24.892680728808045" lon="121.3349849358201">
        <ele>128.4</ele>
      </trkpt>
      <trkpt lat="24.892640076577663" lon="121.33498803712428">
        <ele>128.6</ele>
      </trkpt>
      <trkpt lat="24.892472019419074" lon="121.33497655391693">
        <ele>129.8</ele>
      </trkpt>
      <trkpt lat="24.892400605604053" lon="121.33495417423546">
        <ele>130.4</ele>
      </trkpt>
      <trkpt lat="24.892340004444122" lon="121.33491645567119">
        <ele>131.0</ele>
      </trkpt>
      <trkpt lat="24.892262471839786" lon="121.33482760749757">
        <ele>131.8</ele>
      </trkpt>
      <trkpt lat="24.892233051359653" lon="121.33475627750158">
        <ele>132.2</ele>
      </trkpt>
      <trkpt lat="24.892190136015415" lon="121.3346106838435">
        <ele>132.8</ele>
      </trkpt>
      <trkpt lat="24.892190471291542" lon="121.3345343247056">
        <ele>133.2</ele>
      </trkpt>
      <trkpt lat="24.892205139622092" lon="121.33442502468824">
        <ele>134.4</ele>
      </trkpt>
      <trkpt lat="24.89223380573094" lon="121.33431463502347">
        <ele>135.4</ele>
      </trkpt>
      <trkpt lat="24.89228719845414" lon="121.3342457357794">
        <ele>135.8</ele>
      </trkpt>
      <trkpt lat="24.892466822639108" lon="121.33416334167123">
        <ele>136.4</ele>
      </trkpt>
      <trkpt lat="24.892505630850792" lon="121.33415219374001">
        <ele>136.8</ele>
      </trkpt>
      <trkpt lat="24.892647368833423" lon="121.3341215159744">
        <ele>138.0</ele>
      </trkpt>
      <trkpt lat="24.892727499827743" lon="121.33410827256739">
        <ele>138.8</ele>
      </trkpt>
      <trkpt lat="24.892919613048434" lon="121.33410466834903">
        <ele>139.2</ele>
      </trkpt>
      <trkpt lat="24.893025057390332" lon="121.33409234695137">
        <ele>140.8</ele>
      </trkpt>
      <trkpt lat="24.89305824972689" lon="121.33408153429627">
        <ele>141.0</ele>
      </trkpt>
      <trkpt lat="24.89309186115861" lon="121.33406829088926">
        <ele>141.4</ele>
      </trkpt>
      <trkpt lat="24.89312413148582" lon="121.33405370637774">
        <ele>141.8</ele>
      </trkpt>
      <trkpt lat="24.89315740764141" lon="121.33403677493334">
        <ele>142.4</ele>
      </trkpt>
      <trkpt lat="24.893215913325548" lon="121.3339957036078">
        <ele>143.0</ele>
      </trkpt>
      <trkpt lat="24.893358908593655" lon="121.333869388327">
        <ele>144.0</ele>
      </trkpt>
      <trkpt lat="24.893427724018693" lon="121.33378288708627">
        <ele>145.0</ele>
      </trkpt>
      <trkpt lat="24.89344960078597" lon="121.33375111967325">
        <ele>145.2</ele>
      </trkpt>
      <trkpt lat="24.893558900803328" lon="121.33351475000381">
        <ele>146.0</ele>
      </trkpt>
      <trkpt lat="24.893579185009003" lon="121.33341710083187">
        <ele>146.4</ele>
      </trkpt>
      <trkpt lat="24.893620759248734" lon="121.33312935009599">
        <ele>147.2</ele>
      </trkpt>
      <trkpt lat="24.89363182336092" lon="121.33308148942888">
        <ele>147.4</ele>
      </trkpt>
      <trkpt lat="24.893649173900485" lon="121.3330318685621">
        <ele>147.6</ele>
      </trkpt>
      <trkpt lat="24.893710864707828" lon="121.33295458741486">
        <ele>148.4</ele>
      </trkpt>
      <trkpt lat="24.893748918548226" lon="121.33292717859149">
        <ele>148.6</ele>
      </trkpt>
      <trkpt lat="24.893788984045386" lon="121.33290798403323">
        <ele>148.8</ele>
      </trkpt>
      <trkpt lat="24.893870875239372" lon="121.33288057520986">
        <ele>149.2</ele>
      </trkpt>
      <trkpt lat="24.89395477809012" lon="121.33287479169667">
        <ele>149.4</ele>
      </trkpt>
      <trkpt lat="24.894037172198296" lon="121.33287001401186">
        <ele>149.6</ele>
      </trkpt>
      <trkpt lat="24.89427387714386" lon="121.33287898264825">
        <ele>150.8</ele>
      </trkpt>
      <trkpt lat="24.894347302615643" lon="121.33288283832371">
        <ele>151.8</ele>
      </trkpt>
      <trkpt lat="24.89438041113317" lon="121.33288568817079">
        <ele>152.0</ele>
      </trkpt>
      <trkpt lat="24.89450739696622" lon="121.33290538564324">
        <ele>153.2</ele>
      </trkpt>
      <trkpt lat="24.894662545993924" lon="121.33292449638247">
        <ele>153.8</ele>
      </trkpt>
      <trkpt lat="24.89472641609609" lon="121.33292960934341">
        <ele>154.4</ele>
      </trkpt>
      <trkpt lat="24.894858514890075" lon="121.33294637314975">
        <ele>155.6</ele>
      </trkpt>
      <trkpt lat="24.894921462982893" lon="121.33296196348965">
        <ele>156.6</ele>
      </trkpt>
      <trkpt lat="24.894951721653342" lon="121.3329679146409">
        <ele>157.0</ele>
      </trkpt>
      <trkpt lat="24.895129334181547" lon="121.33299951441586">
        <ele>158.0</ele>
      </trkpt>
      <trkpt lat="24.89515632390976" lon="121.33300672285259">
        <ele>158.2</ele>
      </trkpt>
      <trkpt lat="24.895246345549822" lon="121.33302533067763">
        <ele>159.2</ele>
      </trkpt>
      <trkpt lat="24.89547550678253" lon="121.33307109586895">
        <ele>160.0</ele>
      </trkpt>
      <trkpt lat="24.895503586158156" lon="121.33307511918247">
        <ele>160.2</ele>
      </trkpt>
      <trkpt lat="24.89565873518586" lon="121.33310210891068">
        <ele>161.6</ele>
      </trkpt>
      <trkpt lat="24.89576024003327" lon="121.33312113583088">
        <ele>162.0</ele>
      </trkpt>
      <trkpt lat="24.896024269983172" lon="121.33313764818013">
        <ele>162.4</ele>
      </trkpt>
      <trkpt lat="24.89607590250671" lon="121.33312792517245">
        <ele>162.2</ele>
      </trkpt>
      <trkpt lat="24.896191991865635" lon="121.33308903314173">
        <ele>161.4</ele>
      </trkpt>
      <trkpt lat="24.89625284448266" lon="121.3330593612045">
        <ele>161.2</ele>
      </trkpt>
      <trkpt lat="24.896309170871973" lon="121.33301954716444">
        <ele>160.6</ele>
      </trkpt>
      <trkpt lat="24.8963613063097" lon="121.33296665735543">
        <ele>160.0</ele>
      </trkpt>
      <trkpt lat="24.89640765823424" lon="121.33290496654809">
        <ele>159.6</ele>
      </trkpt>
      <trkpt lat="24.896443113684654" lon="121.33283397182822">
        <ele>159.0</ele>
      </trkpt>
      <trkpt lat="24.896467924118042" lon="121.33275300264359">
        <ele>158.6</ele>
      </trkpt>
      <trkpt lat="24.896485107019544" lon="121.33256608620286">
        <ele>158.2</ele>
      </trkpt>
      <trkpt lat="24.896466499194503" lon="121.332479249686">
        <ele>158.0</ele>
      </trkpt>
      <trkpt lat="24.89643272012472" lon="121.33239484392107">
        <ele>157.8</ele>
      </trkpt>
      <trkpt lat="24.896390475332737" lon="121.33231571875513">
        <ele>157.4</ele>
      </trkpt>
      <trkpt lat="24.896339094266295" lon="121.33223659358919">
        <ele>157.0</ele>
      </trkpt>
      <trkpt lat="24.896164080128074" lon="121.33199837990105">
        <ele>156.0</ele>
      </trkpt>
      <trkpt lat="24.896100964397192" lon="121.33192009292543">
        <ele>155.8</ele>
      </trkpt>
      <trkpt lat="24.895841125398874" lon="121.33161918260157">
        <ele>154.6</ele>
      </trkpt>
      <trkpt lat="24.895700896158814" lon="121.33145967498422">
        <ele>154.2</ele>
      </trkpt>
      <trkpt lat="24.895333517342806" lon="121.33104393258691">
        <ele>153.6</ele>
      </trkpt>
      <trkpt lat="24.895181134343147" lon="121.33087922818959">
        <ele>152.4</ele>
      </trkpt>
      <trkpt lat="24.895104439929128" lon="121.33079431951046">
        <ele>152.0</ele>
      </trkpt>
      <trkpt lat="24.894703784957528" lon="121.33035125210881">
        <ele>152.2</ele>
      </trkpt>
      <trkpt lat="24.894533129408956" lon="121.33017556741834">
        <ele>151.4</ele>
      </trkpt>
      <trkpt lat="24.89409207366407" lon="121.32974532432854">
        <ele>151.0</ele>
      </trkpt>
      <trkpt lat="24.89391328766942" lon="121.32957609370351">
        <ele>150.0</ele>
      </trkpt>
      <trkpt lat="24.893823098391294" lon="121.32949260994792">
        <ele>149.4</ele>
      </trkpt>
      <trkpt lat="24.893727377057076" lon="121.32941256277263">
        <ele>148.8</ele>
      </trkpt>
      <trkpt lat="24.89343887194991" lon="121.32917854003608">
        <ele>147.2</ele>
      </trkpt>
      <trkpt lat="24.89314801990986" lon="121.32895273156464">
        <ele>146.0</ele>
      </trkpt>
      <trkpt lat="24.892959259450436" lon="121.32880445569754">
        <ele>144.4</ele>
      </trkpt>
      <trkpt lat="24.89276647567749" lon="121.32865509018302">
        <ele>143.2</ele>
      </trkpt>
      <trkpt lat="24.89259934052825" lon="121.32846834138036">
        <ele>142.4</ele>
      </trkpt>
      <trkpt lat="24.89252557978034" lon="121.32836289703846">
        <ele>142.0</ele>
      </trkpt>
      <trkpt lat="24.892466319724917" lon="121.32824982516468">
        <ele>141.4</ele>
      </trkpt>
      <trkpt lat="24.892372358590364" lon="121.32801647298038">
        <ele>141.0</ele>
      </trkpt>
      <trkpt lat="24.892329778522253" lon="121.327896527946">
        <ele>140.8</ele>
      </trkpt>
      <trkpt lat="24.892136910930276" lon="121.32729965262115">
        <ele>140.0</ele>
      </trkpt>
      <trkpt lat="24.892098857089877" lon="121.32718540728092">
        <ele>139.8</ele>
      </trkpt>
      <trkpt lat="24.892061641439795" lon="121.3270743470639">
        <ele>139.6</ele>
      </trkpt>
      <trkpt lat="24.891985533758998" lon="121.32675206288695">
        <ele>140.2</ele>
      </trkpt>
      <trkpt lat="24.891987964510918" lon="121.32664318196476">
        <ele>140.4</ele>
      </trkpt>
      <trkpt lat="24.891999615356326" lon="121.32653597742319">
        <ele>140.6</ele>
      </trkpt>
      <trkpt lat="24.892068095505238" lon="121.32623950950801">
        <ele>140.6</ele>
      </trkpt>
      <trkpt lat="24.892257442697883" lon="121.3257153891027">
        <ele>139.4</ele>
      </trkpt>
      <trkpt lat="24.892345620319247" lon="121.32546309381723">
        <ele>138.6</ele>
      </trkpt>
      <trkpt lat="24.892427092418075" lon="121.32529947906733">
        <ele>137.4</ele>
      </trkpt>
      <trkpt lat="24.89247528836131" lon="121.32521767169237">
        <ele>136.8</ele>
      </trkpt>
      <trkpt lat="24.892531614750624" lon="121.32514039054513">
        <ele>136.0</ele>
      </trkpt>
      <trkpt lat="24.89267368800938" lon="121.32500912994146">
        <ele>135.0</ele>
      </trkpt>
      <trkpt lat="24.892755076289177" lon="121.32495850324631">
        <ele>135.0</ele>
      </trkpt>
      <trkpt lat="24.893003348261118" lon="121.32483922876418">
        <ele>135.0</ele>
      </trkpt>
      <trkpt lat="24.893090100958943" lon="121.32480402477086">
        <ele>135.2</ele>
      </trkpt>
      <trkpt lat="24.893437698483467" lon="121.32464384660125">
        <ele>133.8</ele>
      </trkpt>
      <trkpt lat="24.89359754137695" lon="121.32454477250576">
        <ele>134.0</ele>
      </trkpt>
      <trkpt lat="24.89367482252419" lon="121.3244888652116">
        <ele>134.2</ele>
      </trkpt>
      <trkpt lat="24.893960561603308" lon="121.32422282360494">
        <ele>133.8</ele>
      </trkpt>
      <trkpt lat="24.894028371199965" lon="121.32414956577122">
        <ele>133.6</ele>
      </trkpt>
      <trkpt lat="24.89422308281064" lon="121.3239248469472">
        <ele>132.4</ele>
      </trkpt>
      <trkpt lat="24.894287707284093" lon="121.32384957745671">
        <ele>131.0</ele>
      </trkpt>
      <trkpt lat="24.89442634396255" lon="121.32370641455054">
        <ele>129.4</ele>
      </trkpt>
      <trkpt lat="24.894506558775902" lon="121.32364799268544">
        <ele>128.2</ele>
      </trkpt>
      <trkpt lat="24.894764134660363" lon="121.32349326275289">
        <ele>127.8</ele>
      </trkpt>
      <trkpt lat="24.89493847824633" lon="121.32340013980865">
        <ele>127.0</ele>
      </trkpt>
      <trkpt lat="24.89529211074114" lon="121.32323493249714">
        <ele>125.8</ele>
      </trkpt>
      <trkpt lat="24.895469807088375" lon="121.32315195165575">
        <ele>124.8</ele>
      </trkpt>
      <trkpt lat="24.895548429340124" lon="121.32308992557228">
        <ele>124.6</ele>
      </trkpt>
      <trkpt lat="24.895689580589533" lon="121.32293435744941">
        <ele>123.6</ele>
      </trkpt>
      <trkpt lat="24.89574322476983" lon="121.32284148596227">
        <ele>123.0</ele>
      </trkpt>
      <trkpt lat="24.895783122628927" lon="121.32273746654391">
        <ele>122.6</ele>
      </trkpt>
      <trkpt lat="24.89584380760789" lon="121.32253227755427">
        <ele>121.6</ele>
      </trkpt>
      <trkpt lat="24.895878341048956" lon="121.32232323288918">
        <ele>121.6</ele>
      </trkpt>
      <trkpt lat="24.895914969965816" lon="121.32200581021607">
        <ele>120.4</ele>
      </trkpt>
      <trkpt lat="24.895921843126416" lon="121.3218988571316">
        <ele>119.8</ele>
      </trkpt>
      <trkpt lat="24.895926285535097" lon="121.32179777137935">
        <ele>119.4</ele>
      </trkpt>
      <trkpt lat="24.89592201076448" lon="121.32142167538404">
        <ele>119.4</ele>
      </trkpt>
      <trkpt lat="24.895875407382846" lon="121.32114021107554">
        <ele>119.8</ele>
      </trkpt>
      <trkpt lat="24.895824026316404" lon="121.32096234709024">
        <ele>119.6</ele>
      </trkpt>
      <trkpt lat="24.895713552832603" lon="121.32071172818542">
        <ele>118.8</ele>
      </trkpt>
      <trkpt lat="24.895626297220588" lon="121.32055213674903">
        <ele>118.6</ele>
      </trkpt>
      <trkpt lat="24.895310467109084" lon="121.31999474018812">
        <ele>119.2</ele>
      </trkpt>
      <trkpt lat="24.895227821543813" lon="121.31984847597778">
        <ele>120.2</ele>
      </trkpt>
      <trkpt lat="24.895187336951494" lon="121.31977647542953">
        <ele>120.8</ele>
      </trkpt>
      <trkpt lat="24.89497745409608" lon="121.31932351738214">
        <ele>121.6</ele>
      </trkpt>
      <trkpt lat="24.894942501559854" lon="121.31915814243257">
        <ele>121.2</ele>
      </trkpt>
      <trkpt lat="24.89494769833982" lon="121.31898991763592">
        <ele>120.8</ele>
      </trkpt>
      <trkpt lat="24.89499371498823" lon="121.31872831843793">
        <ele>119.8</ele>
      </trkpt>
      <trkpt lat="24.895041910931468" lon="121.31847216747701">
        <ele>119.2</ele>
      </trkpt>
      <trkpt lat="24.895069738849998" lon="121.31798853166401">
        <ele>119.2</ele>
      </trkpt>
      <trkpt lat="24.89498734474182" lon="121.31767395883799">
        <ele>119.2</ele>
      </trkpt>
      <trkpt lat="24.894791627302766" lon="121.31730138324201">
        <ele>119.8</ele>
      </trkpt>
      <trkpt lat="24.89454846829176" lon="121.31696166470647">
        <ele>118.6</ele>
      </trkpt>
      <trkpt lat="24.89444537088275" lon="121.31680810824037">
        <ele>117.6</ele>
      </trkpt>
      <trkpt lat="24.894357612356544" lon="121.316635357216">
        <ele>116.8</ele>
      </trkpt>
      <trkpt lat="24.89432576112449" lon="121.31653871387243">
        <ele>116.4</ele>
      </trkpt>
      <trkpt lat="24.89430312998593" lon="121.31643251515925">
        <ele>115.8</ele>
      </trkpt>
      <trkpt lat="24.894310673698783" lon="121.31621215492487">
        <ele>115.4</ele>
      </trkpt>
      <trkpt lat="24.894339758902788" lon="121.31610310636461">
        <ele>114.8</ele>
      </trkpt>
      <trkpt lat="24.894384518265724" lon="121.31600067950785">
        <ele>114.2</ele>
      </trkpt>
      <trkpt lat="24.89444000646472" lon="121.31590378470719">
        <ele>114.0</ele>
      </trkpt>
      <trkpt lat="24.894499769434333" lon="121.31580546498299">
        <ele>113.6</ele>
      </trkpt>
      <trkpt lat="24.894716944545507" lon="121.31554772146046">
        <ele>112.6</ele>
      </trkpt>
      <trkpt lat="24.89479372277856" lon="121.3154661655426">
        <ele>112.0</ele>
      </trkpt>
      <trkpt lat="24.894933784380555" lon="121.31528813391924">
        <ele>110.4</ele>
      </trkpt>
      <trkpt lat="24.89504492841661" lon="121.31509870290756">
        <ele>109.2</ele>
      </trkpt>
      <trkpt lat="24.895084910094738" lon="121.31499820388854">
        <ele>108.8</ele>
      </trkpt>
      <trkpt lat="24.895283980295062" lon="121.31442748010159">
        <ele>109.2</ele>
      </trkpt>
      <trkpt lat="24.89534634165466" lon="121.31424073129892">
        <ele>109.4</ele>
      </trkpt>
      <trkpt lat="24.895358243957162" lon="121.31418683566153">
        <ele>110.4</ele>
      </trkpt>
      <trkpt lat="24.895362351089716" lon="121.31417166441679">
        <ele>110.8</ele>
      </trkpt>
      <trkpt lat="24.895363356918097" lon="121.31416889838874">
        <ele>111.0</ele>
      </trkpt>
      <trkpt lat="24.895373918116093" lon="121.31410854868591">
        <ele>110.6</ele>
      </trkpt>
      <trkpt lat="24.895415995270014" lon="121.31393998861313">
        <ele>110.4</ele>
      </trkpt>
      <trkpt lat="24.895470729097724" lon="121.31377721205354">
        <ele>110.4</ele>
      </trkpt>
      <trkpt lat="24.895526133477688" lon="121.31359876133502">
        <ele>110.4</ele>
      </trkpt>
      <trkpt lat="24.89558438770473" lon="121.31341343745589">
        <ele>110.8</ele>
      </trkpt>
      <trkpt lat="24.895633924752474" lon="121.31315326318145">
        <ele>111.2</ele>
      </trkpt>
      <trkpt lat="24.895645324140787" lon="121.31301261484623">
        <ele>111.2</ele>
      </trkpt>
      <trkpt lat="24.895625039935112" lon="121.31273643113673">
        <ele>111.6</ele>
      </trkpt>
      <trkpt lat="24.895609617233276" lon="121.31267004646361">
        <ele>111.6</ele>
      </trkpt>
      <trkpt lat="24.895459581166506" lon="121.31214332766831">
        <ele>112.2</ele>
      </trkpt>
      <trkpt lat="24.89539680071175" lon="121.31195096299052">
        <ele>112.8</ele>
      </trkpt>
      <trkpt lat="24.895275933668017" lon="121.31162825971842">
        <ele>113.8</ele>
      </trkpt>
      <trkpt lat="24.895223127678037" lon="121.3115047942847">
        <ele>114.0</ele>
      </trkpt>
      <trkpt lat="24.894984662532806" lon="121.31108578294516">
        <ele>114.4</ele>
      </trkpt>
      <trkpt lat="24.894840074703097" lon="121.31084178574383">
        <ele>115.0</ele>
      </trkpt>
      <trkpt lat="24.89466288127005" lon="121.31052754819393">
        <ele>116.0</ele>
      </trkpt>
      <trkpt lat="24.89463052712381" lon="121.31045881658792">
        <ele>116.2</ele>
      </trkpt>
      <trkpt lat="24.894530698657036" lon="121.31023426540196">
        <ele>114.8</ele>
      </trkpt>
      <trkpt lat="24.894371274858713" lon="121.3098609354347">
        <ele>114.2</ele>
      </trkpt>
      <trkpt lat="24.894218556582928" lon="121.30937461741269">
        <ele>114.8</ele>
      </trkpt>
      <trkpt lat="24.89418352022767" lon="121.30923698656261">
        <ele>115.0</ele>
      </trkpt>
      <trkpt lat="24.89416541531682" lon="121.30916590802372">
        <ele>114.8</ele>
      </trkpt>
      <trkpt lat="24.894124679267406" lon="121.30894864909351">
        <ele>113.8</ele>
      </trkpt>
      <trkpt lat="24.894116716459394" lon="121.30890673957765">
        <ele>113.8</ele>
      </trkpt>
      <trkpt lat="24.894025521352887" lon="121.30862561054528">
        <ele>113.0</ele>
      </trkpt>
      <trkpt lat="24.89393667317927" lon="121.30833475850523">
        <ele>112.8</ele>
      </trkpt>
      <trkpt lat="24.893908593803644" lon="121.30825680680573">
        <ele>112.8</ele>
      </trkpt>
      <trkpt lat="24.893763503059745" lon="121.30764090456069">
        <ele>111.6</ele>
      </trkpt>
      <trkpt lat="24.893757048994303" lon="121.30714503116906">
        <ele>111.8</ele>
      </trkpt>
      <trkpt lat="24.89380574785173" lon="121.30672845058143">
        <ele>110.6</ele>
      </trkpt>
      <trkpt lat="24.893839778378606" lon="121.30642460659146">
        <ele>110.2</ele>
      </trkpt>
      <trkpt lat="24.893864504992962" lon="121.30612084642053">
        <ele>109.6</ele>
      </trkpt>
      <trkpt lat="24.893932566046715" lon="121.30561315454543">
        <ele>108.6</ele>
      </trkpt>
      <trkpt lat="24.893949832767248" lon="121.30551248788834">
        <ele>108.4</ele>
      </trkpt>
      <trkpt lat="24.894097773358226" lon="121.30492080934346">
        <ele>108.0</ele>
      </trkpt>
      <trkpt lat="24.894126523286104" lon="121.30482072941959">
        <ele>107.0</ele>
      </trkpt>
      <trkpt lat="24.89418829791248" lon="121.30462316796184">
        <ele>105.4</ele>
      </trkpt>
      <trkpt lat="24.894247725605965" lon="121.30443558096886">
        <ele>104.2</ele>
      </trkpt>
      <trkpt lat="24.89432961679995" lon="121.30417180247605">
        <ele>104.8</ele>
      </trkpt>
      <trkpt lat="24.89451971836388" lon="121.30378288216889">
        <ele>104.6</ele>
      </trkpt>
      <trkpt lat="24.894786262884736" lon="121.30346235819161">
        <ele>105.0</ele>
      </trkpt>
      <trkpt lat="24.894923390820622" lon="121.30336948670447">
        <ele>105.4</ele>
      </trkpt>
      <trkpt lat="24.895072672516108" lon="121.30330318585038">
        <ele>105.8</ele>
      </trkpt>
      <trkpt lat="24.895614394918084" lon="121.30304787307978">
        <ele>104.8</ele>
      </trkpt>
      <trkpt lat="24.895682707428932" lon="121.30298995412886">
        <ele>104.4</ele>
      </trkpt>
      <trkpt lat="24.89574179984629" lon="121.30292071960866">
        <ele>104.2</ele>
      </trkpt>
      <trkpt lat="24.895829390734434" lon="121.30276498384774">
        <ele>104.0</ele>
      </trkpt>
      <trkpt lat="24.895982025191188" lon="121.30232895724475">
        <ele>103.2</ele>
      </trkpt>
      <trkpt lat="24.89613465964794" lon="121.30171732977033">
        <ele>104.4</ele>
      </trkpt>
      <trkpt lat="24.896139353513718" lon="121.30162663757801">
        <ele>104.4</ele>
      </trkpt>
      <trkpt lat="24.89612334407866" lon="121.30144734866917">
        <ele>104.4</ele>
      </trkpt>
      <trkpt lat="24.896068442612886" lon="121.30127887241542">
        <ele>104.2</ele>
      </trkpt>
      <trkpt lat="24.895977079868317" lon="121.30113562569022">
        <ele>104.6</ele>
      </trkpt>
      <trkpt lat="24.89586333744228" lon="121.30102632567286">
        <ele>104.4</ele>
      </trkpt>
      <trkpt lat="24.895725203678012" lon="121.30094963125885">
        <ele>104.8</ele>
      </trkpt>
      <trkpt lat="24.895572485402226" lon="121.30090277642012">
        <ele>105.2</ele>
      </trkpt>
      <trkpt lat="24.895496545359492" lon="121.30088333040476">
        <ele>105.2</ele>
      </trkpt>
      <trkpt lat="24.895043671131134" lon="121.30078475922346">
        <ele>104.2</ele>
      </trkpt>
      <trkpt lat="24.89447956904769" lon="121.30067906342447">
        <ele>106.2</ele>
      </trkpt>
      <trkpt lat="24.894416201859713" lon="121.30066464655101">
        <ele>106.4</ele>
      </trkpt>
      <trkpt lat="24.893850591033697" lon="121.30053095519543">
        <ele>107.0</ele>
      </trkpt>
      <trkpt lat="24.893716480582952" lon="121.300498098135">
        <ele>106.8</ele>
      </trkpt>
      <trkpt lat="24.89322328940034" lon="121.30038695409894">
        <ele>107.0</ele>
      </trkpt>
      <trkpt lat="24.892983650788665" lon="121.30034839734435">
        <ele>107.4</ele>
      </trkpt>
      <trkpt lat="24.89268491975963" lon="121.30028050392866">
        <ele>108.6</ele>
      </trkpt>
      <trkpt lat="24.892625827342272" lon="121.3002684339881">
        <ele>108.8</ele>
      </trkpt>
      <trkpt lat="24.892085697501898" lon="121.30018469877541">
        <ele>109.4</ele>
      </trkpt>
      <trkpt lat="24.89191043190658" lon="121.30015754140913">
        <ele>109.6</ele>
      </trkpt>
      <trkpt lat="24.89144423045218" lon="121.30008109845221">
        <ele>109.8</ele>
      </trkpt>
      <trkpt lat="24.89133191294968" lon="121.30006374791265">
        <ele>110.2</ele>
      </trkpt>
      <trkpt lat="24.89087107591331" lon="121.30000054836273">
        <ele>110.2</ele>
      </trkpt>
      <trkpt lat="24.890474025160074" lon="121.29993584007025">
        <ele>110.4</ele>
      </trkpt>
      <trkpt lat="24.89011167548597" lon="121.2998775858432">
        <ele>110.0</ele>
      </trkpt>
      <trkpt lat="24.88998854532838" lon="121.29985654726624">
        <ele>110.6</ele>
      </trkpt>
      <trkpt lat="24.889918891713023" lon="121.29984640516341">
        <ele>110.8</ele>
      </trkpt>
      <trkpt lat="24.88957028836012" lon="121.29979653283954">
        <ele>111.0</ele>
      </trkpt>
      <trkpt lat="24.88929477520287" lon="121.29975537769496">
        <ele>110.8</ele>
      </trkpt>
      <trkpt lat="24.888931922614574" lon="121.29969268105924">
        <ele>111.0</ele>
      </trkpt>
      <trkpt lat="24.888797057792544" lon="121.29959804937243">
        <ele>111.4</ele>
      </trkpt>
      <trkpt lat="24.888702845200896" lon="121.299440972507">
        <ele>110.4</ele>
      </trkpt>
      <trkpt lat="24.888672335073352" lon="121.29935463890433">
        <ele>109.4</ele>
      </trkpt>
      <trkpt lat="24.888656828552485" lon="121.29926503635943">
        <ele>108.4</ele>
      </trkpt>
      <trkpt lat="24.888645010069013" lon="121.29917291924357">
        <ele>106.8</ele>
      </trkpt>
      <trkpt lat="24.888632353395224" lon="121.29898273386061">
        <ele>106.8</ele>
      </trkpt>
      <trkpt lat="24.888579547405243" lon="121.29833556711674">
        <ele>107.2</ele>
      </trkpt>
      <trkpt lat="24.888566387817264" lon="121.29817429929972">
        <ele>108.0</ele>
      </trkpt>
      <trkpt lat="24.888546271249652" lon="121.29793868400156">
        <ele>109.0</ele>
      </trkpt>
      <trkpt lat="24.888498494401574" lon="121.2977225985378">
        <ele>110.6</ele>
      </trkpt>
      <trkpt lat="24.888472175225616" lon="121.2976552080363">
        <ele>110.8</ele>
      </trkpt>
      <trkpt lat="24.88840453326702" lon="121.29752981476486">
        <ele>111.2</ele>
      </trkpt>
      <trkpt lat="24.88831208087504" lon="121.29741758108139">
        <ele>111.0</ele>
      </trkpt>
      <trkpt lat="24.888015361502767" lon="121.29711717367172">
        <ele>111.2</ele>
      </trkpt>
      <trkpt lat="24.887963393703103" lon="121.29706788808107">
        <ele>111.8</ele>
      </trkpt>
      <trkpt lat="24.88780740648508" lon="121.29691156558692">
        <ele>113.2</ele>
      </trkpt>
      <trkpt lat="24.887618981301785" lon="121.29668248817325">
        <ele>113.6</ele>
      </trkpt>
      <trkpt lat="24.887242214754224" lon="121.2962153647095">
        <ele>113.8</ele>
      </trkpt>
      <trkpt lat="24.887199299409986" lon="121.29614973440766">
        <ele>113.8</ele>
      </trkpt>
      <trkpt lat="24.887021435424685" lon="121.29591411910951">
        <ele>114.2</ele>
      </trkpt>
      <trkpt lat="24.88683602772653" lon="121.29568269476295">
        <ele>114.2</ele>
      </trkpt>
      <trkpt lat="24.886469654738903" lon="121.29520802758634">
        <ele>114.6</ele>
      </trkpt>
      <trkpt lat="24.88637669943273" lon="121.2950890045613">
        <ele>115.2</ele>
      </trkpt>
      <trkpt lat="24.886331437155604" lon="121.29502722993493">
        <ele>115.2</ele>
      </trkpt>
      <trkpt lat="24.88608350045979" lon="121.29462188109756">
        <ele>115.4</ele>
      </trkpt>
      <trkpt lat="24.88588753156364" lon="121.2942052166909">
        <ele>116.4</ele>
      </trkpt>
      <trkpt lat="24.885861966758966" lon="121.29413221031427">
        <ele>116.4</ele>
      </trkpt>
      <trkpt lat="24.885716876015067" lon="121.29374873824418">
        <ele>117.2</ele>
      </trkpt>
      <trkpt lat="24.885672703385353" lon="121.29361764527857">
        <ele>117.4</ele>
      </trkpt>
      <trkpt lat="24.885610258206725" lon="121.29343332722783">
        <ele>117.2</ele>
      </trkpt>
      <trkpt lat="24.885504143312573" lon="121.29311515018344">
        <ele>117.6</ele>
      </trkpt>
      <trkpt lat="24.885492995381355" lon="121.29307131282985">
        <ele>117.6</ele>
      </trkpt>
      <trkpt lat="24.88545360043645" lon="121.29296167753637">
        <ele>117.8</ele>
      </trkpt>
      <trkpt lat="24.885428538545966" lon="121.29288137890399">
        <ele>117.6</ele>
      </trkpt>
      <trkpt lat="24.885425521060824" lon="121.29285464063287">
        <ele>117.4</ele>
      </trkpt>
      <trkpt lat="24.885422252118587" lon="121.29285187460482">
        <ele>117.2</ele>
      </trkpt>
      <trkpt lat="24.88539794459939" lon="121.2927754316479">
        <ele>117.0</ele>
      </trkpt>
      <trkpt lat="24.88532116636634" lon="121.29260645247996">
        <ele>116.8</ele>
      </trkpt>
      <trkpt lat="24.88525436259806" lon="121.29248390905559">
        <ele>117.0</ele>
      </trkpt>
      <trkpt lat="24.885222427546978" lon="121.29235667176545">
        <ele>117.0</ele>
      </trkpt>
      <trkpt lat="24.885161239653826" lon="121.292186351493">
        <ele>116.8</ele>
      </trkpt>
      <trkpt lat="24.885130561888218" lon="121.29210345447063">
        <ele>116.6</ele>
      </trkpt>
      <trkpt lat="24.885043306276202" lon="121.29183649085462">
        <ele>116.8</ele>
      </trkpt>
      <trkpt lat="24.884974574670196" lon="121.29162920638919">
        <ele>117.0</ele>
      </trkpt>
      <trkpt lat="24.884830322116613" lon="121.29122134298086">
        <ele>117.0</ele>
      </trkpt>
      <trkpt lat="24.884773325175047" lon="121.29106409847736">
        <ele>116.8</ele>
      </trkpt>
      <trkpt lat="24.88474717363715" lon="121.29099268466234">
        <ele>116.8</ele>
      </trkpt>
      <trkpt lat="24.884694116190076" lon="121.29083594307303">
        <ele>116.8</ele>
      </trkpt>
      <trkpt lat="24.88462982699275" lon="121.29064810462296">
        <ele>116.8</ele>
      </trkpt>
      <trkpt lat="24.884581798687577" lon="121.29051508381963">
        <ele>116.6</ele>
      </trkpt>
      <trkpt lat="24.88456880673766" lon="121.29050527699292">
        <ele>116.4</ele>
      </trkpt>
      <trkpt lat="24.884554306045175" lon="121.29045699723065">
        <ele>116.4</ele>
      </trkpt>
      <trkpt lat="24.884480126202106" lon="121.29027812741697">
        <ele>116.8</ele>
      </trkpt>
      <trkpt lat="24.88442949950695" lon="121.289939917624">
        <ele>116.0</ele>
      </trkpt>
      <trkpt lat="24.884436959400773" lon="121.28970094956458">
        <ele>115.8</ele>
      </trkpt>
      <trkpt lat="24.88446327857673" lon="121.28959391266108">
        <ele>115.8</ele>
      </trkpt>
      <trkpt lat="24.884487921372056" lon="121.28954823128879">
        <ele>115.6</ele>
      </trkpt>
      <trkpt lat="24.884513234719634" lon="121.2894789967686">
        <ele>115.4</ele>
      </trkpt>
      <trkpt lat="24.884534860029817" lon="121.28944907337427">
        <ele>115.2</ele>
      </trkpt>
      <trkpt lat="24.884573919698596" lon="121.28941789269447">
        <ele>115.0</ele>
      </trkpt>
      <trkpt lat="24.88461557775736" lon="121.2893648352474">
        <ele>114.6</ele>
      </trkpt>
      <trkpt lat="24.884570064023137" lon="121.28943867981434">
        <ele>114.4</ele>
      </trkpt>
      <trkpt lat="24.88456729799509" lon="121.28944588825107">
        <ele>114.6</ele>
      </trkpt>
      <trkpt lat="24.884479036554694" lon="121.28942744806409">
        <ele>114.2</ele>
      </trkpt>
      <trkpt lat="24.88444014452398" lon="121.28943608142436">
        <ele>114.0</ele>
      </trkpt>
      <trkpt lat="24.884420530870557" lon="121.2894718721509">
        <ele>114.0</ele>
      </trkpt>
      <trkpt lat="24.884409047663212" lon="121.28946055658162">
        <ele>114.2</ele>
      </trkpt>
      <trkpt lat="24.884413657709956" lon="121.28942602314055">
        <ele>114.0</ele>
      </trkpt>
      <trkpt lat="24.884421871975064" lon="121.2893352471292">
        <ele>113.6</ele>
      </trkpt>
      <trkpt lat="24.884425392374396" lon="121.28931135870516">
        <ele>113.8</ele>
      </trkpt>
      <trkpt lat="24.884391026571393" lon="121.28925578668714">
        <ele>113.8</ele>
      </trkpt>
      <trkpt lat="24.884369485080242" lon="121.2892577983439">
        <ele>113.6</ele>
      </trkpt>
      <trkpt lat="24.88435322418809" lon="121.28925989381969">
        <ele>113.4</ele>
      </trkpt>
      <trkpt lat="24.884137054905295" lon="121.28925721161067">
        <ele>113.4</ele>
      </trkpt>
      <trkpt lat="24.884063126519322" lon="121.28925536759198">
        <ele>113.6</ele>
      </trkpt>
      <trkpt lat="24.883945444598794" lon="121.28924606367946">
        <ele>113.8</ele>
      </trkpt>
      <trkpt lat="24.883806640282273" lon="121.28922728821635">
        <ele>114.4</ele>
      </trkpt>
      <trkpt lat="24.88358804024756" lon="121.28916802816093">
        <ele>115.2</ele>
      </trkpt>
      <trkpt lat="24.883548226207495" lon="121.28916568122804">
        <ele>115.2</ele>
      </trkpt>
      <trkpt lat="24.88317414186895" lon="121.28911790437996">
        <ele>115.4</ele>
      </trkpt>
      <trkpt lat="24.88286199979484" lon="121.2890849635005">
        <ele>114.8</ele>
      </trkpt>
      <trkpt lat="24.882704503834248" lon="121.28905470483005">
        <ele>115.2</ele>
      </trkpt>
      <trkpt lat="24.882344417274" lon="121.28897247835994">
        <ele>116.2</ele>
      </trkpt>
      <trkpt lat="24.882291862741113" lon="121.28896065987647">
        <ele>116.8</ele>
      </trkpt>
      <trkpt lat="24.881932195276022" lon="121.28891464322805">
        <ele>117.2</ele>
      </trkpt>
      <trkpt lat="24.88174737431109" lon="121.28889083862305">
        <ele>116.4</ele>
      </trkpt>
      <trkpt lat="24.881619215011597" lon="121.28886552527547">
        <ele>116.4</ele>
      </trkpt>
      <trkpt lat="24.881398770958185" lon="121.28884272649884">
        <ele>118.0</ele>
      </trkpt>
      <trkpt lat="24.881248231977224" lon="121.28881397657096">
        <ele>118.8</ele>
      </trkpt>
      <trkpt lat="24.881108589470387" lon="121.28879763185978">
        <ele>118.8</ele>
      </trkpt>
      <trkpt lat="24.8810647521168" lon="121.28879436291754">
        <ele>119.2</ele>
      </trkpt>
      <trkpt lat="24.881007755175233" lon="121.28874499350786">
        <ele>119.6</ele>
      </trkpt>
      <trkpt lat="24.881001384928823" lon="121.28873200155795">
        <ele>119.6</ele>
      </trkpt>
      <trkpt lat="24.88098856061697" lon="121.2887276429683">
        <ele>119.2</ele>
      </trkpt>
      <trkpt lat="24.880914045497775" lon="121.28869134932756">
        <ele>118.4</ele>
      </trkpt>
      <trkpt lat="24.880845565348864" lon="121.28868732601404">
        <ele>118.2</ele>
      </trkpt>
      <trkpt lat="24.880803655833006" lon="121.28868506290019">
        <ele>118.2</ele>
      </trkpt>
      <trkpt lat="24.880757220089436" lon="121.28868145868182">
        <ele>118.0</ele>
      </trkpt>
      <trkpt lat="24.88061967305839" lon="121.28867458552122">
        <ele>118.2</ele>
      </trkpt>
      <trkpt lat="24.88043049350381" lon="121.28865798935294">
        <ele>118.8</ele>
      </trkpt>
      <trkpt lat="24.880318846553564" lon="121.28864700905979">
        <ele>118.8</ele>
      </trkpt>
      <trkpt lat="24.880211055278778" lon="121.28863041289151">
        <ele>118.6</ele>
      </trkpt>
      <trkpt lat="24.879711577668786" lon="121.2885458394885">
        <ele>118.6</ele>
      </trkpt>
      <trkpt lat="24.87959833815694" lon="121.28853117115796">
        <ele>119.4</ele>
      </trkpt>
      <trkpt lat="24.879229785874486" lon="121.28845472820103">
        <ele>120.4</ele>
      </trkpt>
      <trkpt lat="24.878875063732266" lon="121.28835012204945">
        <ele>120.4</ele>
      </trkpt>
      <trkpt lat="24.878594940528274" lon="121.28820905461907">
        <ele>121.2</ele>
      </trkpt>
      <trkpt lat="24.878548588603735" lon="121.28818675875664">
        <ele>121.4</ele>
      </trkpt>
      <trkpt lat="24.878445575013757" lon="121.28813127055764">
        <ele>121.8</ele>
      </trkpt>
      <trkpt lat="24.878193950280547" lon="121.28799841739237">
        <ele>122.6</ele>
      </trkpt>
      <trkpt lat="24.877983229234815" lon="121.28788769245148">
        <ele>122.2</ele>
      </trkpt>
      <trkpt lat="24.877813747152686" lon="121.28780881874263">
        <ele>121.6</ele>
      </trkpt>
      <trkpt lat="24.87763848155737" lon="121.28772659227252">
        <ele>121.0</ele>
      </trkpt>
      <trkpt lat="24.877292728051543" lon="121.28757471218705">
        <ele>121.2</ele>
      </trkpt>
      <trkpt lat="24.877160293981433" lon="121.28753188066185">
        <ele>121.0</ele>
      </trkpt>
      <trkpt lat="24.876978490501642" lon="121.2874548509717">
        <ele>120.4</ele>
      </trkpt>
      <trkpt lat="24.876700127497315" lon="121.28732711076736">
        <ele>120.8</ele>
      </trkpt>
      <trkpt lat="24.87658889964223" lon="121.28726843744516">
        <ele>122.2</ele>
      </trkpt>
      <trkpt lat="24.876326462253928" lon="121.28708571195602">
        <ele>122.8</ele>
      </trkpt>
      <trkpt lat="24.876147340983152" lon="121.28691899590194">
        <ele>123.2</ele>
      </trkpt>
      <trkpt lat="24.87610870040953" lon="121.28688655793667">
        <ele>123.6</ele>
      </trkpt>
      <trkpt lat="24.875926980748773" lon="121.28670458681881">
        <ele>124.6</ele>
      </trkpt>
      <trkpt lat="24.8758686427027" lon="121.2866672873497">
        <ele>124.8</ele>
      </trkpt>
      <trkpt lat="24.875739812850952" lon="121.28662244416773">
        <ele>125.2</ele>
      </trkpt>
      <trkpt lat="24.875670662149787" lon="121.28660727292299">
        <ele>125.4</ele>
      </trkpt>
      <trkpt lat="24.875387270003557" lon="121.28656569868326">
        <ele>124.6</ele>
      </trkpt>
      <trkpt lat="24.87504730001092" lon="121.2865153234452">
        <ele>124.6</ele>
      </trkpt>
      <trkpt lat="24.8747702781111" lon="121.28647366538644">
        <ele>125.4</ele>
      </trkpt>
      <trkpt lat="24.874424524605274" lon="121.28642052412033">
        <ele>124.8</ele>
      </trkpt>
      <trkpt lat="24.874020600691438" lon="121.28636243753135">
        <ele>126.0</ele>
      </trkpt>
      <trkpt lat="24.873850867152214" lon="121.28633603453636">
        <ele>126.6</ele>
      </trkpt>
      <trkpt lat="24.873808538541198" lon="121.28633067011833">
        <ele>127.0</ele>
      </trkpt>
      <trkpt lat="24.87368507310748" lon="121.28629714250565">
        <ele>127.6</ele>
      </trkpt>
      <trkpt lat="24.873640313744545" lon="121.28628943115473">
        <ele>127.4</ele>
      </trkpt>
      <trkpt lat="24.87358197569847" lon="121.28627115860581">
        <ele>126.6</ele>
      </trkpt>
      <trkpt lat="24.87354819662869" lon="121.28626202233136">
        <ele>126.6</ele>
      </trkpt>
      <trkpt lat="24.873307216912508" lon="121.28620217554271">
        <ele>126.4</ele>
      </trkpt>
      <trkpt lat="24.873080905526876" lon="121.28614710643888">
        <ele>126.4</ele>
      </trkpt>
      <trkpt lat="24.87290714867413" lon="121.28610176034272">
        <ele>126.6</ele>
      </trkpt>
      <trkpt lat="24.87278737127781" lon="121.28607309423387">
        <ele>126.8</ele>
      </trkpt>
      <trkpt lat="24.872227543964982" lon="121.28593973815441">
        <ele>127.0</ele>
      </trkpt>
      <trkpt lat="24.872165014967322" lon="121.28592590801418">
        <ele>127.2</ele>
      </trkpt>
      <trkpt lat="24.8715790361166" lon="121.28578685224056">
        <ele>128.0</ele>
      </trkpt>
      <trkpt lat="24.871513908728957" lon="121.2857713457197">
        <ele>128.2</ele>
      </trkpt>
      <trkpt lat="24.870921140536666" lon="121.28562650643289">
        <ele>128.0</ele>
      </trkpt>
      <trkpt lat="24.870665408670902" lon="121.28553145565093">
        <ele>129.2</ele>
      </trkpt>
      <trkpt lat="24.87046449445188" lon="121.2854412663728">
        <ele>130.0</ele>
      </trkpt>
      <trkpt lat="24.8699402064085" lon="121.2852031365037">
        <ele>129.6</ele>
      </trkpt>
      <trkpt lat="24.86981171183288" lon="121.28514521755278">
        <ele>129.8</ele>
      </trkpt>
      <trkpt lat="24.86961188726127" lon="121.28506005741656">
        <ele>130.4</ele>
      </trkpt>
      <trkpt lat="24.869202598929405" lon="121.28488512709737">
        <ele>131.4</ele>
      </trkpt>
      <trkpt lat="24.869138477370143" lon="121.28485511988401">
        <ele>131.8</ele>
      </trkpt>
      <trkpt lat="24.868661295622587" lon="121.28464138135314">
        <ele>132.6</ele>
      </trkpt>
      <trkpt lat="24.868118902668357" lon="121.2843944504857">
        <ele>133.0</ele>
      </trkpt>
      <trkpt lat="24.868050003424287" lon="121.28436100669205">
        <ele>132.8</ele>
      </trkpt>
      <trkpt lat="24.86759922467172" lon="121.28418012522161">
        <ele>133.6</ele>
      </trkpt>
      <trkpt lat="24.86752923578024" lon="121.28417140804231">
        <ele>133.8</ele>
      </trkpt>
      <trkpt lat="24.86703964881599" lon="121.28414165228605">
        <ele>134.0</ele>
      </trkpt>
      <trkpt lat="24.86646163277328" lon="121.28412178717554">
        <ele>134.4</ele>
      </trkpt>
      <trkpt lat="24.866174049675465" lon="121.28410250879824">
        <ele>134.6</ele>
      </trkpt>
      <trkpt lat="24.865601314231753" lon="121.28401986323297">
        <ele>135.6</ele>
      </trkpt>
      <trkpt lat="24.865529984235764" lon="121.28399874083698">
        <ele>135.6</ele>
      </trkpt>
      <trkpt lat="24.865461755543947" lon="121.28397912718356">
        <ele>135.6</ele>
      </trkpt>
      <trkpt lat="24.8649098072201" lon="121.28381509333849">
        <ele>136.0</ele>
      </trkpt>
      <trkpt lat="24.864777624607086" lon="121.28377418965101">
        <ele>136.0</ele>
      </trkpt>
      <trkpt lat="24.864236069843173" lon="121.28361962735653">
        <ele>136.6</ele>
      </trkpt>
      <trkpt lat="24.864167422056198" lon="121.28360043279827">
        <ele>136.8</ele>
      </trkpt>
      <trkpt lat="24.863600805401802" lon="121.2834430206567">
        <ele>136.8</ele>
      </trkpt>
      <trkpt lat="24.863004265353084" lon="121.28326641395688">
        <ele>136.6</ele>
      </trkpt>
      <trkpt lat="24.86276412382722" lon="121.28319709561765">
        <ele>136.4</ele>
      </trkpt>
      <trkpt lat="24.862278811633587" lon="121.28299148753285">
        <ele>135.6</ele>
      </trkpt>
      <trkpt lat="24.8617375921458" lon="121.28267716616392">
        <ele>135.0</ele>
      </trkpt>
      <trkpt lat="24.861664082854986" lon="121.28263257443905">
        <ele>135.0</ele>
      </trkpt>
      <trkpt lat="24.861450009047985" lon="121.2825024034828">
        <ele>134.6</ele>
      </trkpt>
      <trkpt lat="24.86117558553815" lon="121.28234080038965">
        <ele>135.8</ele>
      </trkpt>
      <trkpt lat="24.86104466021061" lon="121.28227173350751">
        <ele>136.2</ele>
      </trkpt>
      <trkpt lat="24.86091918312013" lon="121.28223317675292">
        <ele>136.4</ele>
      </trkpt>
      <trkpt lat="24.860782055184245" lon="121.28224298357964">
        <ele>136.2</ele>
      </trkpt>
      <trkpt lat="24.86049698665738" lon="121.28232780843973">
        <ele>136.4</ele>
      </trkpt>
      <trkpt lat="24.859919976443052" lon="121.28251380287111">
        <ele>136.0</ele>
      </trkpt>
      <trkpt lat="24.859849233180285" lon="121.28253920003772">
        <ele>136.2</ele>
      </trkpt>
      <trkpt lat="24.859440783038735" lon="121.28268102183938">
        <ele>137.0</ele>
      </trkpt>
      <trkpt lat="24.859365848824382" lon="121.28270683810115">
        <ele>137.0</ele>
      </trkpt>
      <trkpt lat="24.858949771150947" lon="121.28285042010248">
        <ele>137.4</ele>
      </trkpt>
      <trkpt lat="24.858436966314912" lon="121.2829490751028">
        <ele>137.0</ele>
      </trkpt>
      <trkpt lat="24.858365301042795" lon="121.2829598877579">
        <ele>137.4</ele>
      </trkpt>
      <trkpt lat="24.85822733491659" lon="121.28298352472484">
        <ele>138.2</ele>
      </trkpt>
      <trkpt lat="24.858007142320275" lon="121.28300389274955">
        <ele>139.2</ele>
      </trkpt>
      <trkpt lat="24.857778064906597" lon="121.28299643285573">
        <ele>140.0</ele>
      </trkpt>
      <trkpt lat="24.857629286125302" lon="121.28298059105873">
        <ele>140.4</ele>
      </trkpt>
      <trkpt lat="24.857180351391435" lon="121.28291957080364">
        <ele>140.2</ele>
      </trkpt>
      <trkpt lat="24.856809871271253" lon="121.28286710008979">
        <ele>141.6</ele>
      </trkpt>
      <trkpt lat="24.856591941788793" lon="121.2828370090574">
        <ele>141.2</ele>
      </trkpt>
      <trkpt lat="24.8564447555691" lon="121.28281873650849">
        <ele>140.4</ele>
      </trkpt>
      <trkpt lat="24.85594678670168" lon="121.28273047506809">
        <ele>140.8</ele>
      </trkpt>
      <trkpt lat="24.855394503101707" lon="121.2826075963676">
        <ele>140.6</ele>
      </trkpt>
      <trkpt lat="24.85526173375547" lon="121.28256166353822">
        <ele>141.0</ele>
      </trkpt>
      <trkpt lat="24.855069452896714" lon="121.28247801214457">
        <ele>141.6</ele>
      </trkpt>
      <trkpt lat="24.854809697717428" lon="121.28234038129449">
        <ele>141.8</ele>
      </trkpt>
      <trkpt lat="24.854340897873044" lon="121.28201231360435">
        <ele>141.8</ele>
      </trkpt>
      <trkpt lat="24.854191364720464" lon="121.28185456618667">
        <ele>142.8</ele>
      </trkpt>
      <trkpt lat="24.85405876301229" lon="121.28167971968651">
        <ele>143.2</ele>
      </trkpt>
      <trkpt lat="24.853815268725157" lon="121.28128761425614">
        <ele>143.8</ele>
      </trkpt>
      <trkpt lat="24.85375198535621" lon="121.2811479717493">
        <ele>144.2</ele>
      </trkpt>
      <trkpt lat="24.853674033656716" lon="121.28095007501543">
        <ele>144.8</ele>
      </trkpt>
      <trkpt lat="24.853625167161226" lon="121.28080339170992">
        <ele>144.4</ele>
      </trkpt>
      <trkpt lat="24.853401370346546" lon="121.28020215779543">
        <ele>143.6</ele>
      </trkpt>
      <trkpt lat="24.85331797040999" lon="121.27997844479978">
        <ele>144.0</ele>
      </trkpt>
      <trkpt lat="24.853102890774608" lon="121.2793716788292">
        <ele>143.6</ele>
      </trkpt>
      <trkpt lat="24.853074392303824" lon="121.27929640933871">
        <ele>143.6</ele>
      </trkpt>
      <trkpt lat="24.852858139202" lon="121.27869190648198">
        <ele>144.6</ele>
      </trkpt>
      <trkpt lat="24.852803237736225" lon="121.27853700891137">
        <ele>144.4</ele>
      </trkpt>
      <trkpt lat="24.852718077600002" lon="121.27830868586898">
        <ele>145.0</ele>
      </trkpt>
      <trkpt lat="24.852540884166956" lon="121.27793753519654">
        <ele>144.8</ele>
      </trkpt>
      <trkpt lat="24.852306693792343" lon="121.27761072479188">
        <ele>145.8</ele>
      </trkpt>
      <trkpt lat="24.851913833990693" lon="121.27719808369875">
        <ele>146.2</ele>
      </trkpt>
      <trkpt lat="24.851492810994387" lon="121.27681167796254">
        <ele>147.0</ele>
      </trkpt>
      <trkpt lat="24.851431790739298" lon="121.27675451338291">
        <ele>147.4</ele>
      </trkpt>
      <trkpt lat="24.851181423291564" lon="121.27652761526406">
        <ele>148.6</ele>
      </trkpt>
      <trkpt lat="24.8509930819273" lon="121.27634857781231">
        <ele>148.0</ele>
      </trkpt>
      <trkpt lat="24.850752437487245" lon="121.27611899748445">
        <ele>147.4</ele>
      </trkpt>
      <trkpt lat="24.85058111138642" lon="121.2759555503726">
        <ele>147.8</ele>
      </trkpt>
      <trkpt lat="24.85052101314068" lon="121.2759034987539">
        <ele>148.4</ele>
      </trkpt>
      <trkpt lat="24.85026754438877" lon="121.27570241689682">
        <ele>148.6</ele>
      </trkpt>
      <trkpt lat="24.850135697051883" lon="121.2756082881242">
        <ele>147.4</ele>
      </trkpt>
      <trkpt lat="24.84992195852101" lon="121.27548138611019">
        <ele>148.0</ele>
      </trkpt>
      <trkpt lat="24.849852472543716" lon="121.27543847076595">
        <ele>148.6</ele>
      </trkpt>
      <trkpt lat="24.84934151172638" lon="121.27511501312256">
        <ele>148.6</ele>
      </trkpt>
      <trkpt lat="24.848830215632915" lon="121.27475308254361">
        <ele>148.2</ele>
      </trkpt>
      <trkpt lat="24.848691411316395" lon="121.27464445307851">
        <ele>148.6</ele>
      </trkpt>
      <trkpt lat="24.848409527912736" lon="121.27442727796733">
        <ele>148.8</ele>
      </trkpt>
      <trkpt lat="24.848070899024606" lon="121.27415553666651">
        <ele>149.4</ele>
      </trkpt>
      <trkpt lat="24.848004430532455" lon="121.27410373650491">
        <ele>149.6</ele>
      </trkpt>
      <trkpt lat="24.847527081146836" lon="121.27373308874667">
        <ele>149.8</ele>
      </trkpt>
      <trkpt lat="24.84733471646905" lon="121.27357316203415">
        <ele>150.0</ele>
      </trkpt>
      <trkpt lat="24.8471334669739" lon="121.27341683954">
        <ele>150.8</ele>
      </trkpt>
      <trkpt lat="24.846652513369918" lon="121.27304057590663">
        <ele>149.8</ele>
      </trkpt>
      <trkpt lat="24.846451515331864" lon="121.27288299612701">
        <ele>151.2</ele>
      </trkpt>
      <trkpt lat="24.84631648287177" lon="121.27278107218444">
        <ele>152.2</ele>
      </trkpt>
      <trkpt lat="24.84603099524975" lon="121.27259876579046">
        <ele>151.8</ele>
      </trkpt>
      <trkpt lat="24.845957569777966" lon="121.27257009968162">
        <ele>151.8</ele>
      </trkpt>
      <trkpt lat="24.845726061612368" lon="121.27252005971968">
        <ele>152.6</ele>
      </trkpt>
      <trkpt lat="24.84516472555697" lon="121.27245409414172">
        <ele>152.4</ele>
      </trkpt>
      <trkpt lat="24.845006559044123" lon="121.27243967726827">
        <ele>153.0</ele>
      </trkpt>
      <trkpt lat="24.84446693211794" lon="121.27239910885692">
        <ele>153.0</ele>
      </trkpt>
      <trkpt lat="24.844393339008093" lon="121.2723927386105">
        <ele>153.4</ele>
      </trkpt>
      <trkpt lat="24.844240620732307" lon="121.27237941138446">
        <ele>153.8</ele>
      </trkpt>
      <trkpt lat="24.84365925192833" lon="121.27230933867395">
        <ele>154.4</ele>
      </trkpt>
      <trkpt lat="24.843523129820824" lon="121.27229617908597">
        <ele>155.0</ele>
      </trkpt>
      <trkpt lat="24.84313982538879" lon="121.27226390875876">
        <ele>155.0</ele>
      </trkpt>
      <trkpt lat="24.843014096841216" lon="121.2722463067621">
        <ele>155.0</ele>
      </trkpt>
      <trkpt lat="24.842527778819203" lon="121.27219215966761">
        <ele>155.0</ele>
      </trkpt>
      <trkpt lat="24.84193056821823" lon="121.27218218520284">
        <ele>155.6</ele>
      </trkpt>
      <trkpt lat="24.84132355079055" lon="121.2722235918045">
        <ele>156.0</ele>
      </trkpt>
      <trkpt lat="24.841172760352492" lon="121.2722375895828">
        <ele>156.6</ele>
      </trkpt>
      <trkpt lat="24.840636737644672" lon="121.27226457931101">
        <ele>157.0</ele>
      </trkpt>
      <trkpt lat="24.840096104890108" lon="121.2722341530025">
        <ele>157.2</ele>
      </trkpt>
      <trkpt lat="24.840022595599294" lon="121.27222510054708">
        <ele>157.2</ele>
      </trkpt>
      <trkpt lat="24.839579360559583" lon="121.27217036671937">
        <ele>157.6</ele>
      </trkpt>
      <trkpt lat="24.839354809373617" lon="121.27214597538114">
        <ele>158.2</ele>
      </trkpt>
      <trkpt lat="24.838871927931905" lon="121.27217221073806">
        <ele>158.4</ele>
      </trkpt>
      <trkpt lat="24.83831704594195" lon="121.27222325652838">
        <ele>158.4</ele>
      </trkpt>
      <trkpt lat="24.837987134233117" lon="121.2722391821444">
        <ele>158.8</ele>
      </trkpt>
      <trkpt lat="24.837907422333956" lon="121.27223465591669">
        <ele>158.6</ele>
      </trkpt>
      <trkpt lat="24.83742931857705" lon="121.27216458320618">
        <ele>158.8</ele>
      </trkpt>
      <trkpt lat="24.837253969162703" lon="121.27212082967162">
        <ele>158.0</ele>
      </trkpt>
      <trkpt lat="24.83716000802815" lon="121.2721064966172">
        <ele>157.4</ele>
      </trkpt>
      <trkpt lat="24.837065460160375" lon="121.27208436839283">
        <ele>156.8</ele>
      </trkpt>
      <trkpt lat="24.836968816816807" lon="121.27206190489233">
        <ele>155.8</ele>
      </trkpt>
      <trkpt lat="24.836769830435514" lon="121.27200901508331">
        <ele>154.6</ele>
      </trkpt>
      <trkpt lat="24.83656053431332" lon="121.27194439060986">
        <ele>153.4</ele>
      </trkpt>
      <trkpt lat="24.83645299449563" lon="121.27190893515944">
        <ele>152.6</ele>
      </trkpt>
      <trkpt lat="24.836344616487622" lon="121.27186593599617">
        <ele>152.2</ele>
      </trkpt>
      <trkpt lat="24.836116628721356" lon="121.27177063375711">
        <ele>150.4</ele>
      </trkpt>
      <trkpt lat="24.835886545479298" lon="121.27167164348066">
        <ele>148.8</ele>
      </trkpt>
      <trkpt lat="24.835650762543082" lon="121.27160006202757">
        <ele>147.4</ele>
      </trkpt>
      <trkpt lat="24.835403747856617" lon="121.27157089300454">
        <ele>146.2</ele>
      </trkpt>
      <trkpt lat="24.835148686543107" lon="121.27156837843359">
        <ele>144.6</ele>
      </trkpt>
      <trkpt lat="24.83489287085831" lon="121.27156510949135">
        <ele>143.4</ele>
      </trkpt>
      <trkpt lat="24.834765382111073" lon="121.271564187482">
        <ele>143.2</ele>
      </trkpt>
      <trkpt lat="24.83463873155415" lon="121.27156695351005">
        <ele>142.8</ele>
      </trkpt>
      <trkpt lat="24.834389872848988" lon="121.27156636677682">
        <ele>142.4</ele>
      </trkpt>
      <trkpt lat="24.833901124075055" lon="121.2715708091855">
        <ele>141.2</ele>
      </trkpt>
      <trkpt lat="24.83333266340196" lon="121.27150719054043">
        <ele>140.2</ele>
      </trkpt>
      <trkpt lat="24.8329318407923" lon="121.27150559797883">
        <ele>139.0</ele>
      </trkpt>
      <trkpt lat="24.832833940163255" lon="121.27149872481823">
        <ele>138.6</ele>
      </trkpt>
      <trkpt lat="24.832541830837727" lon="121.27145497128367">
        <ele>137.6</ele>
      </trkpt>
      <trkpt lat="24.83235684223473" lon="121.27140543423593">
        <ele>137.4</ele>
      </trkpt>
      <trkpt lat="24.831814784556627" lon="121.27123679034412">
        <ele>136.8</ele>
      </trkpt>
      <trkpt lat="24.831565422937274" lon="121.27113034017384">
        <ele>136.6</ele>
      </trkpt>
      <trkpt lat="24.83140650205314" lon="121.27104903571308">
        <ele>136.2</ele>
      </trkpt>
      <trkpt lat="24.83133072964847" lon="121.27100293524563">
        <ele>135.4</ele>
      </trkpt>
      <trkpt lat="24.831066532060504" lon="121.27078383229673">
        <ele>136.4</ele>
      </trkpt>
      <trkpt lat="24.831008445471525" lon="121.27071987837553">
        <ele>137.0</ele>
      </trkpt>
      <trkpt lat="24.8306280747056" lon="121.27026407048106">
        <ele>137.4</ele>
      </trkpt>
      <trkpt lat="24.830206967890263" lon="121.26981354318559">
        <ele>136.8</ele>
      </trkpt>
      <trkpt lat="24.830078976228833" lon="121.269690413028">
        <ele>136.8</ele>
      </trkpt>
      <trkpt lat="24.82964638620615" lon="121.26924910582602">
        <ele>137.4</ele>
      </trkpt>
      <trkpt lat="24.829538511112332" lon="121.26911868341267">
        <ele>138.2</ele>
      </trkpt>
      <trkpt lat="24.82948897406459" lon="121.26905439421535">
        <ele>138.6</ele>
      </trkpt>
      <trkpt lat="24.829336842522025" lon="121.268852641806">
        <ele>139.6</ele>
      </trkpt>
      <trkpt lat="24.82911614701152" lon="121.26858567819">
        <ele>140.0</ele>
      </trkpt>
      <trkpt lat="24.8287458345294" lon="121.26818410120904">
        <ele>139.2</ele>
      </trkpt>
      <trkpt lat="24.828607365489006" lon="121.26805602572858">
        <ele>138.4</ele>
      </trkpt>
      <trkpt lat="24.828319363296032" lon="121.26777732744813">
        <ele>137.2</ele>
      </trkpt>
      <trkpt lat="24.828119706362486" lon="121.26754774712026">
        <ele>136.6</ele>
      </trkpt>
      <trkpt lat="24.827780406922102" lon="121.26706629060209">
        <ele>137.0</ele>
      </trkpt>
      <trkpt lat="24.827664401382208" lon="121.26690887846053">
        <ele>137.0</ele>
      </trkpt>
      <trkpt lat="24.827281096950173" lon="121.26649263314903">
        <ele>137.2</ele>
      </trkpt>
      <trkpt lat="24.826820343732834" lon="121.26604763790965">
        <ele>137.8</ele>
      </trkpt>
      <trkpt lat="24.826758485287428" lon="121.26597639173269">
        <ele>137.6</ele>
      </trkpt>
      <trkpt lat="24.826370822265744" lon="121.26547289080918">
        <ele>137.2</ele>
      </trkpt>
      <trkpt lat="24.826317094266415" lon="121.26539980061352">
        <ele>137.0</ele>
      </trkpt>
      <trkpt lat="24.82617611065507" lon="121.26520265825093">
        <ele>136.2</ele>
      </trkpt>
      <trkpt lat="24.826048286631703" lon="121.26501549035311">
        <ele>135.8</ele>
      </trkpt>
      <trkpt lat="24.825873356312513" lon="121.26475062221289">
        <ele>136.8</ele>
      </trkpt>
      <trkpt lat="24.8258326202631" lon="121.26468205824494">
        <ele>137.4</ele>
      </trkpt>
      <trkpt lat="24.825798338279128" lon="121.2646414898336">
        <ele>137.6</ele>
      </trkpt>
      <trkpt lat="24.825732288882136" lon="121.26453981734812">
        <ele>137.6</ele>
      </trkpt>
      <trkpt lat="24.825607147067785" lon="121.26431970857084">
        <ele>137.4</ele>
      </trkpt>
      <trkpt lat="24.825360467657447" lon="121.26389399170876">
        <ele>138.2</ele>
      </trkpt>
      <trkpt lat="24.825068274512887" lon="121.26335780136287">
        <ele>137.6</ele>
      </trkpt>
      <trkpt lat="24.825026197358966" lon="121.26328906975687">
        <ele>137.6</ele>
      </trkpt>
      <trkpt lat="24.824747079983354" lon="121.26279730349779">
        <ele>138.2</ele>
      </trkpt>
      <trkpt lat="24.824706260114908" lon="121.26272186636925">
        <ele>138.4</ele>
      </trkpt>
      <trkpt lat="24.824417335912585" lon="121.26224434934556">
        <ele>139.0</ele>
      </trkpt>
      <trkpt lat="24.82420493848622" lon="121.26192256808281">
        <ele>139.4</ele>
      </trkpt>
      <trkpt lat="24.824073174968362" lon="121.2617396749556">
        <ele>139.4</ele>
      </trkpt>
      <trkpt lat="24.823707221075892" lon="121.26122787594795">
        <ele>139.8</ele>
      </trkpt>
      <trkpt lat="24.823576379567385" lon="121.26101857982576">
        <ele>140.0</ele>
      </trkpt>
      <trkpt lat="24.823317462578416" lon="121.26048850826919">
        <ele>140.6</ele>
      </trkpt>
      <trkpt lat="24.823087882250547" lon="121.25993521884084">
        <ele>140.6</ele>
      </trkpt>
      <trkpt lat="24.82302543707192" lon="121.25977554358542">
        <ele>141.0</ele>
      </trkpt>
      <trkpt lat="24.822827959433198" lon="121.25920842401683">
        <ele>141.2</ele>
      </trkpt>
      <trkpt lat="24.822778506204486" lon="121.25904019922018">
        <ele>141.0</ele>
      </trkpt>
      <trkpt lat="24.822692843154073" lon="121.25880919396877">
        <ele>140.8</ele>
      </trkpt>
      <trkpt lat="24.822640540078282" lon="121.25866041518748">
        <ele>140.6</ele>
      </trkpt>
      <trkpt lat="24.822489079087973" lon="121.25833025202155">
        <ele>140.2</ele>
      </trkpt>
      <trkpt lat="24.82235899195075" lon="121.25814040191472">
        <ele>141.2</ele>
      </trkpt>
      <trkpt lat="24.822319177910686" lon="121.25808893702924">
        <ele>141.6</ele>
      </trkpt>
      <trkpt lat="24.822158413007855" lon="121.25787042081356">
        <ele>142.4</ele>
      </trkpt>
      <trkpt lat="24.822071325033903" lon="121.25777050852776">
        <ele>141.4</ele>
      </trkpt>
      <trkpt lat="24.821859765797853" lon="121.25741670839489">
        <ele>141.6</ele>
      </trkpt>
      <trkpt lat="24.821678465232253" lon="121.25712560489774">
        <ele>141.2</ele>
      </trkpt>
      <trkpt lat="24.821640830487013" lon="121.2570795044303">
        <ele>141.4</ele>
      </trkpt>
      <trkpt lat="24.82160059735179" lon="121.2570380140096">
        <ele>141.6</ele>
      </trkpt>
      <trkpt lat="24.821543265134096" lon="121.25696157105267">
        <ele>142.2</ele>
      </trkpt>
      <trkpt lat="24.821508647873998" lon="121.25688412226737">
        <ele>142.8</ele>
      </trkpt>
      <trkpt lat="24.821494314819574" lon="121.25685252249241">
        <ele>143.2</ele>
      </trkpt>
      <trkpt lat="24.821440000087023" lon="121.2567922566086">
        <ele>143.8</ele>
      </trkpt>
      <trkpt lat="24.821413764730096" lon="121.25675587914884">
        <ele>144.2</ele>
      </trkpt>
      <trkpt lat="24.821363054215908" lon="121.25667432323098">
        <ele>144.6</ele>
      </trkpt>
      <trkpt lat="24.82127269729972" lon="121.25653090886772">
        <ele>145.0</ele>
      </trkpt>
      <trkpt lat="24.821257777512074" lon="121.25650173984468">
        <ele>145.0</ele>
      </trkpt>
      <trkpt lat="24.821136742830276" lon="121.25634055584669">
        <ele>145.8</ele>
      </trkpt>
      <trkpt lat="24.82112224213779" lon="121.25630895607173">
        <ele>146.0</ele>
      </trkpt>
      <trkpt lat="24.82112073339522" lon="121.25627509318292">
        <ele>146.2</ele>
      </trkpt>
      <trkpt lat="24.821136323735118" lon="121.25624827109277">
        <ele>146.2</ele>
      </trkpt>
      <trkpt lat="24.82114227488637" lon="121.2562015838921">
        <ele>146.4</ele>
      </trkpt>
      <trkpt lat="24.821119643747807" lon="121.25619135797024">
        <ele>146.4</ele>
      </trkpt>
      <trkpt lat="24.821001291275024" lon="121.256034784019">
        <ele>143.0</ele>
      </trkpt>
      <trkpt lat="24.820949574932456" lon="121.25597200356424">
        <ele>143.4</ele>
      </trkpt>
      <trkpt lat="24.82091755606234" lon="121.25594828277826">
        <ele>143.8</ele>
      </trkpt>
      <trkpt lat="24.820863492786884" lon="121.25593814067543">
        <ele>144.0</ele>
      </trkpt>
      <trkpt lat="24.820844130590558" lon="121.25593579374254">
        <ele>144.0</ele>
      </trkpt>
      <trkpt lat="24.82076651416719" lon="121.25591986812651">
        <ele>144.2</ele>
      </trkpt>
      <trkpt lat="24.8206951841712" lon="121.255894722417">
        <ele>144.4</ele>
      </trkpt>
      <trkpt lat="24.82060574926436" lon="121.25584074296057">
        <ele>145.2</ele>
      </trkpt>
      <trkpt lat="24.82054615393281" lon="121.25579095445573">
        <ele>146.0</ele>
      </trkpt>
      <trkpt lat="24.820507680997252" lon="121.2557528167963">
        <ele>146.4</ele>
      </trkpt>
      <trkpt lat="24.82043677009642" lon="121.25565994530916">
        <ele>147.6</ele>
      </trkpt>
      <trkpt lat="24.820357393473387" lon="121.2555783893913">
        <ele>148.6</ele>
      </trkpt>
      <trkpt lat="24.820321016013622" lon="121.25553614459932">
        <ele>149.4</ele>
      </trkpt>
      <trkpt lat="24.820284135639668" lon="121.25550689175725">
        <ele>150.0</ele>
      </trkpt>
      <trkpt lat="24.82022814452648" lon="121.25546959228814">
        <ele>151.0</ele>
      </trkpt>
      <trkpt lat="24.820210207253695" lon="121.25545207411051">
        <ele>151.4</ele>
      </trkpt>
      <trkpt lat="24.820150192826986" lon="121.25539482571185">
        <ele>152.0</ele>
      </trkpt>
      <trkpt lat="24.820125550031662" lon="121.25537839718163">
        <ele>152.2</ele>
      </trkpt>
      <trkpt lat="24.82006880454719" lon="121.25535123981535">
        <ele>152.8</ele>
      </trkpt>
      <trkpt lat="24.82001457363367" lon="121.25531377270818">
        <ele>153.2</ele>
      </trkpt>
      <trkpt lat="24.819911643862724" lon="121.25523707829416">
        <ele>154.2</ele>
      </trkpt>
      <trkpt lat="24.81988498941064" lon="121.25521503388882">
        <ele>154.6</ele>
      </trkpt>
      <trkpt lat="24.819785244762897" lon="121.255152085796">
        <ele>155.6</ele>
      </trkpt>
      <trkpt lat="24.8197316005826" lon="121.25513029284775">
        <ele>156.2</ele>
      </trkpt>
      <trkpt lat="24.819705868139863" lon="121.25512031838298">
        <ele>156.6</ele>
      </trkpt>
      <trkpt lat="24.81962464749813" lon="121.25509408302605">
        <ele>157.6</ele>
      </trkpt>
      <trkpt lat="24.819542840123177" lon="121.25507170334458">
        <ele>158.8</ele>
      </trkpt>
      <trkpt lat="24.819518784061074" lon="121.25506457872689">
        <ele>159.0</ele>
      </trkpt>
      <trkpt lat="24.819439658895135" lon="121.25504303723574">
        <ele>160.0</ele>
      </trkpt>
      <trkpt lat="24.81933672912419" lon="121.25499919988215">
        <ele>161.2</ele>
      </trkpt>
      <trkpt lat="24.819232458248734" lon="121.25493507832289">
        <ele>162.4</ele>
      </trkpt>
      <trkpt lat="24.81918778270483" lon="121.25489174388349">
        <ele>163.2</ele>
      </trkpt>
      <trkpt lat="24.8191427718848" lon="121.25485050491989">
        <ele>163.8</ele>
      </trkpt>
      <trkpt lat="24.81904411688447" lon="121.25475537031889">
        <ele>165.0</ele>
      </trkpt>
      <trkpt lat="24.818998854607344" lon="121.25471128150821">
        <ele>165.6</ele>
      </trkpt>
      <trkpt lat="24.818949485197663" lon="121.25467012636364">
        <ele>166.2</ele>
      </trkpt>
      <trkpt lat="24.818859715014696" lon="121.25458379276097">
        <ele>167.4</ele>
      </trkpt>
      <trkpt lat="24.818815039470792" lon="121.25454096123576">
        <ele>168.2</ele>
      </trkpt>
      <trkpt lat="24.818792073056102" lon="121.25451900064945">
        <ele>168.6</ele>
      </trkpt>
      <trkpt lat="24.818701799958944" lon="121.25442411750555">
        <ele>169.8</ele>
      </trkpt>
      <trkpt lat="24.818631894886494" lon="121.25436033122241">
        <ele>170.8</ele>
      </trkpt>
      <trkpt lat="24.81858680024743" lon="121.25431925989687">
        <ele>171.6</ele>
      </trkpt>
      <trkpt lat="24.818541454151273" lon="121.25427827239037">
        <ele>172.2</ele>
      </trkpt>
      <trkpt lat="24.81845428235829" lon="121.25419956631958">
        <ele>173.4</ele>
      </trkpt>
      <trkpt lat="24.818414049223065" lon="121.2541660387069">
        <ele>173.8</ele>
      </trkpt>
      <trkpt lat="24.81837322935462" lon="121.2541277334094">
        <ele>174.4</ele>
      </trkpt>
      <trkpt lat="24.818276166915894" lon="121.2540378794074">
        <ele>175.4</ele>
      </trkpt>
      <trkpt lat="24.81821632012725" lon="121.2539792060852">
        <ele>176.2</ele>
      </trkpt>
      <trkpt lat="24.818199556320906" lon="121.25396177172661">
        <ele>176.6</ele>
      </trkpt>
      <trkpt lat="24.81813434511423" lon="121.25388331711292">
        <ele>177.6</ele>
      </trkpt>
      <trkpt lat="24.818057734519243" lon="121.25382103957236">
        <ele>178.4</ele>
      </trkpt>
      <trkpt lat="24.818040635436773" lon="121.25380519777536">
        <ele>178.8</ele>
      </trkpt>
      <trkpt lat="24.81794172897935" lon="121.25373126938939">
        <ele>179.8</ele>
      </trkpt>
      <trkpt lat="24.817922869697213" lon="121.25371081754565">
        <ele>180.0</ele>
      </trkpt>
      <trkpt lat="24.817838966846466" lon="121.25366748310626">
        <ele>181.2</ele>
      </trkpt>
      <trkpt lat="24.81780007481575" lon="121.2536337878555">
        <ele>181.6</ele>
      </trkpt>
      <trkpt lat="24.81772379949689" lon="121.25358106568456">
        <ele>182.4</ele>
      </trkpt>
      <trkpt lat="24.81768717058003" lon="121.25356514006853">
        <ele>182.6</ele>
      </trkpt>
      <trkpt lat="24.8176334425807" lon="121.25352985225618">
        <ele>183.4</ele>
      </trkpt>
      <trkpt lat="24.817593544721603" lon="121.25351602211595">
        <ele>183.8</ele>
      </trkpt>
      <trkpt lat="24.81755289249122" lon="121.25350009649992">
        <ele>184.4</ele>
      </trkpt>
      <trkpt lat="24.817470917478204" lon="121.25347000546753">
        <ele>185.4</ele>
      </trkpt>
      <trkpt lat="24.817406041547656" lon="121.25344167463481">
        <ele>186.4</ele>
      </trkpt>
      <trkpt lat="24.817383075132966" lon="121.2534353043884">
        <ele>186.6</ele>
      </trkpt>
      <trkpt lat="24.817289281636477" lon="121.25340915285051">
        <ele>187.6</ele>
      </trkpt>
      <trkpt lat="24.817248713225126" lon="121.25339079648256">
        <ele>188.0</ele>
      </trkpt>
      <trkpt lat="24.81718635186553" lon="121.25335332937539">
        <ele>188.8</ele>
      </trkpt>
      <trkpt lat="24.81704017147422" lon="121.25327663496137">
        <ele>189.8</ele>
      </trkpt>
      <trkpt lat="24.816926680505276" lon="121.2531971745193">
        <ele>190.8</ele>
      </trkpt>
      <trkpt lat="24.81682626530528" lon="121.25313917174935">
        <ele>192.0</ele>
      </trkpt>
      <trkpt lat="24.81673783622682" lon="121.25307857058942">
        <ele>192.6</ele>
      </trkpt>
      <trkpt lat="24.816660722717643" lon="121.25303138047457">
        <ele>193.0</ele>
      </trkpt>
      <trkpt lat="24.816526528447866" lon="121.25293867662549">
        <ele>193.2</ele>
      </trkpt>
      <trkpt lat="24.816352939233184" lon="121.25281831249595">
        <ele>193.8</ele>
      </trkpt>
      <trkpt lat="24.8163210041821" lon="121.25280112959445">
        <ele>194.0</ele>
      </trkpt>
      <trkpt lat="24.816156048327684" lon="121.25268151983619">
        <ele>195.0</ele>
      </trkpt>
      <trkpt lat="24.816024200990796" lon="121.25254925340414">
        <ele>195.8</ele>
      </trkpt>
      <trkpt lat="24.81600039638579" lon="121.25252176076174">
        <ele>196.0</ele>
      </trkpt>
      <trkpt lat="24.8158807028085" lon="121.25238295644522">
        <ele>197.2</ele>
      </trkpt>
      <trkpt lat="24.815814904868603" lon="121.25230978243053">
        <ele>198.0</ele>
      </trkpt>
      <trkpt lat="24.815766289830208" lon="121.25225840136409">
        <ele>198.4</ele>
      </trkpt>
      <trkpt lat="24.815633688122034" lon="121.25213795341551">
        <ele>199.6</ele>
      </trkpt>
      <trkpt lat="24.815606866031885" lon="121.25211356207728">
        <ele>199.8</ele>
      </trkpt>
      <trkpt lat="24.815508127212524" lon="121.2520094588399">
        <ele>200.6</ele>
      </trkpt>
      <trkpt lat="24.815410980954766" lon="121.25191139057279">
        <ele>201.8</ele>
      </trkpt>
      <trkpt lat="24.815314253792167" lon="121.25180577859282">
        <ele>203.0</ele>
      </trkpt>
      <trkpt lat="24.81524652801454" lon="121.25173042528331">
        <ele>203.8</ele>
      </trkpt>
      <trkpt lat="24.81522548943758" lon="121.25170385465026">
        <ele>204.0</ele>
      </trkpt>
      <trkpt lat="24.81513563543558" lon="121.25155549496412">
        <ele>205.2</ele>
      </trkpt>
      <trkpt lat="24.81510621495545" lon="121.25149531289935">
        <ele>205.6</ele>
      </trkpt>
      <trkpt lat="24.815072268247604" lon="121.25144225545228">
        <ele>206.2</ele>
      </trkpt>
      <trkpt lat="24.815016444772482" lon="121.25136866234243">
        <ele>207.4</ele>
      </trkpt>
      <trkpt lat="24.81498174369335" lon="121.2513181194663">
        <ele>208.2</ele>
      </trkpt>
      <trkpt lat="24.814942264929414" lon="121.25127151608467">
        <ele>208.6</ele>
      </trkpt>
      <trkpt lat="24.814900355413556" lon="121.25122784636915">
        <ele>209.2</ele>
      </trkpt>
      <trkpt lat="24.814863558858633" lon="121.25118794851005">
        <ele>209.8</ele>
      </trkpt>
      <trkpt lat="24.814845118671656" lon="121.2511698435992">
        <ele>210.0</ele>
      </trkpt>
      <trkpt lat="24.814788959920406" lon="121.25111594796181">
        <ele>211.0</ele>
      </trkpt>
      <trkpt lat="24.814736992120743" lon="121.2510538380593">
        <ele>212.2</ele>
      </trkpt>
      <trkpt lat="24.814697010442615" lon="121.25099080614746">
        <ele>213.4</ele>
      </trkpt>
      <trkpt lat="24.814676474779844" lon="121.25091478228569">
        <ele>214.6</ele>
      </trkpt>
      <trkpt lat="24.81466205790639" lon="121.25086105428636">
        <ele>215.2</ele>
      </trkpt>
      <trkpt lat="24.814654011279345" lon="121.2508056499064">
        <ele>215.6</ele>
      </trkpt>
      <trkpt lat="24.814629452303052" lon="121.2506756465882">
        <ele>216.8</ele>
      </trkpt>
      <trkpt lat="24.814625261351466" lon="121.25064890831709">
        <ele>217.0</ele>
      </trkpt>
      <trkpt lat="24.81459567323327" lon="121.25055729411542">
        <ele>217.8</ele>
      </trkpt>
      <trkpt lat="24.814559128135443" lon="121.25044816173613">
        <ele>219.0</ele>
      </trkpt>
      <trkpt lat="24.814407667145133" lon="121.25031120143831">
        <ele>220.2</ele>
      </trkpt>
      <trkpt lat="24.814489474520087" lon="121.25025873072445">
        <ele>221.2</ele>
      </trkpt>
      <trkpt lat="24.814496850594878" lon="121.25025185756385">
        <ele>221.4</ele>
      </trkpt>
      <trkpt lat="24.814503639936447" lon="121.25019100494683">
        <ele>222.4</ele>
      </trkpt>
      <trkpt lat="24.814513195306063" lon="121.25017055310309">
        <ele>223.0</ele>
      </trkpt>
      <trkpt lat="24.8145095910877" lon="121.2501301523298">
        <ele>223.6</ele>
      </trkpt>
      <trkpt lat="24.81436550617218" lon="121.24997885897756">
        <ele>224.6</ele>
      </trkpt>
      <trkpt lat="24.81426727026701" lon="121.2499921862036">
        <ele>224.8</ele>
      </trkpt>
      <trkpt lat="24.814173560589552" lon="121.24986159615219">
        <ele>225.2</ele>
      </trkpt>
      <trkpt lat="24.814131567254663" lon="121.24979881569743">
        <ele>225.6</ele>
      </trkpt>
      <trkpt lat="24.81402444653213" lon="121.24964157119393">
        <ele>226.6</ele>
      </trkpt>
      <trkpt lat="24.813927300274372" lon="121.24953093007207">
        <ele>227.8</ele>
      </trkpt>
      <trkpt lat="24.813868207857013" lon="121.24946454539895">
        <ele>228.6</ele>
      </trkpt>
      <trkpt lat="24.81385043822229" lon="121.24944476410747">
        <ele>229.0</ele>
      </trkpt>
      <trkpt lat="24.813801236450672" lon="121.24939556233585">
        <ele>230.0</ele>
      </trkpt>
      <trkpt lat="24.81374591588974" lon="121.249348372221">
        <ele>231.0</ele>
      </trkpt>
      <trkpt lat="24.813710125163198" lon="121.24931274913251">
        <ele>231.8</ele>
      </trkpt>
      <trkpt lat="24.813694283366203" lon="121.24929615296423">
        <ele>232.0</ele>
      </trkpt>
      <trkpt lat="24.813610967248678" lon="121.2492133397609">
        <ele>233.4</ele>
      </trkpt>
      <trkpt lat="24.813539050519466" lon="121.24912776052952">
        <ele>234.6</ele>
      </trkpt>
      <trkpt lat="24.813523795455694" lon="121.24910705722868">
        <ele>235.0</ele>
      </trkpt>
      <trkpt lat="24.813477946445346" lon="121.24903782270849">
        <ele>236.0</ele>
      </trkpt>
      <trkpt lat="24.813424302265048" lon="121.24896607361734">
        <ele>237.0</ele>
      </trkpt>
      <trkpt lat="24.813388595357537" lon="121.2489004433155">
        <ele>238.2</ele>
      </trkpt>
      <trkpt lat="24.813373927026987" lon="121.24882467091084">
        <ele>239.2</ele>
      </trkpt>
      <trkpt lat="24.813370406627655" lon="121.24880061484873">
        <ele>239.6</ele>
      </trkpt>
      <trkpt lat="24.8133472725749" lon="121.24871889129281">
        <ele>240.4</ele>
      </trkpt>
      <trkpt lat="24.813328832387924" lon="121.2486414425075">
        <ele>241.4</ele>
      </trkpt>
      <trkpt lat="24.813321540132165" lon="121.24861629679799">
        <ele>241.6</ele>
      </trkpt>
      <trkpt lat="24.813291281461716" lon="121.24851521104574">
        <ele>242.6</ele>
      </trkpt>
      <trkpt lat="24.81327284127474" lon="121.24841605313122">
        <ele>243.6</ele>
      </trkpt>
      <trkpt lat="24.813264375552535" lon="121.24839283525944">
        <ele>244.0</ele>
      </trkpt>
      <trkpt lat="24.813238391652703" lon="121.24829610809684">
        <ele>244.8</ele>
      </trkpt>
      <trkpt lat="24.81320788152516" lon="121.24822796322405">
        <ele>245.6</ele>
      </trkpt>
      <trkpt lat="24.813181394711137" lon="121.24818504787982">
        <ele>246.0</ele>
      </trkpt>
      <trkpt lat="24.81312682852149" lon="121.24810231849551">
        <ele>247.2</ele>
      </trkpt>
      <trkpt lat="24.81311517767608" lon="121.2480787653476">
        <ele>247.6</ele>
      </trkpt>
      <trkpt lat="24.81306279078126" lon="121.24801766127348">
        <ele>248.4</ele>
      </trkpt>
      <trkpt lat="24.813003363087773" lon="121.2479167431593">
        <ele>249.2</ele>
      </trkpt>
      <trkpt lat="24.812990706413984" lon="121.24789251945913">
        <ele>249.6</ele>
      </trkpt>
      <trkpt lat="24.81291619129479" lon="121.2477888353169">
        <ele>250.8</ele>
      </trkpt>
      <trkpt lat="24.812891464680433" lon="121.24774751253426">
        <ele>251.6</ele>
      </trkpt>
      <trkpt lat="24.812873862683773" lon="121.24773007817566">
        <ele>251.8</ele>
      </trkpt>
      <trkpt lat="24.812760958448052" lon="121.24765866436064">
        <ele>253.0</ele>
      </trkpt>
      <trkpt lat="24.812576891854405" lon="121.24757409095764">
        <ele>253.8</ele>
      </trkpt>
      <trkpt lat="24.812524253502488" lon="121.24754190444946">
        <ele>254.2</ele>
      </trkpt>
      <trkpt lat="24.8123596329242" lon="121.24744140543044">
        <ele>255.0</ele>
      </trkpt>
      <trkpt lat="24.81229525990784" lon="121.24741173349321">
        <ele>255.2</ele>
      </trkpt>
      <trkpt lat="24.812127957120538" lon="121.24733386561275">
        <ele>255.4</ele>
      </trkpt>
      <trkpt lat="24.812102308496833" lon="121.24732037074864">
        <ele>255.6</ele>
      </trkpt>
      <trkpt lat="24.81199661269784" lon="121.24726915732026">
        <ele>255.6</ele>
      </trkpt>
      <trkpt lat="24.811908435076475" lon="121.24722615815699">
        <ele>255.8</ele>
      </trkpt>
      <trkpt lat="24.811767116189003" lon="121.24715449288487">
        <ele>255.8</ele>
      </trkpt>
      <trkpt lat="24.811713472008705" lon="121.24714527279139">
        <ele>256.0</ele>
      </trkpt>
      <trkpt lat="24.81169519945979" lon="121.24714996665716">
        <ele>256.2</ele>
      </trkpt>
      <trkpt lat="24.811645578593016" lon="121.24714761972427">
        <ele>256.8</ele>
      </trkpt>
      <trkpt lat="24.811562346294522" lon="121.2470982503146">
        <ele>256.0</ele>
      </trkpt>
      <trkpt lat="24.811542313545942" lon="121.24703949317336">
        <ele>256.0</ele>
      </trkpt>
      <trkpt lat="24.81150702573359" lon="121.24700169079006">
        <ele>255.6</ele>
      </trkpt>
      <trkpt lat="24.811468217521906" lon="121.24696263112128">
        <ele>255.4</ele>
      </trkpt>
      <trkpt lat="24.811460757628083" lon="121.24679557979107">
        <ele>253.6</ele>
      </trkpt>
      <trkpt lat="24.811424715444446" lon="121.24668586067855">
        <ele>253.4</ele>
      </trkpt>
      <trkpt lat="24.811418764293194" lon="121.24666809104383">
        <ele>253.2</ele>
      </trkpt>
      <trkpt lat="24.811315834522247" lon="121.2464140355587">
        <ele>253.2</ele>
      </trkpt>
      <trkpt lat="24.811261603608727" lon="121.24620859511197">
        <ele>253.2</ele>
      </trkpt>
      <trkpt lat="24.81121684424579" lon="121.24598974362016">
        <ele>253.0</ele>
      </trkpt>
      <trkpt lat="24.811216006055474" lon="121.24595462344587">
        <ele>253.0</ele>
      </trkpt>
      <trkpt lat="24.811215000227094" lon="121.2458770070225">
        <ele>252.6</ele>
      </trkpt>
      <trkpt lat="24.81119764968753" lon="121.24571925960481">
        <ele>252.6</ele>
      </trkpt>
      <trkpt lat="24.811197817325592" lon="121.2454092130065">
        <ele>252.6</ele>
      </trkpt>
      <trkpt lat="24.811166049912572" lon="121.24518524855375">
        <ele>252.8</ele>
      </trkpt>
      <trkpt lat="24.81105155311525" lon="121.24501308426261">
        <ele>253.0</ele>
      </trkpt>
      <trkpt lat="24.81099891476333" lon="121.2449443526566">
        <ele>251.4</ele>
      </trkpt>
      <trkpt lat="24.81092356145382" lon="121.24483320862055">
        <ele>250.8</ele>
      </trkpt>
      <trkpt lat="24.810883412137628" lon="121.24474788084626">
        <ele>251.0</ele>
      </trkpt>
      <trkpt lat="24.81083077378571" lon="121.24456725083292">
        <ele>252.8</ele>
      </trkpt>
      <trkpt lat="24.810827588662505" lon="121.24453464522958">
        <ele>253.0</ele>
      </trkpt>
      <trkpt lat="24.810815937817097" lon="121.24443096108735">
        <ele>253.8</ele>
      </trkpt>
      <trkpt lat="24.810812585055828" lon="121.24437890946865">
        <ele>254.0</ele>
      </trkpt>
      <trkpt lat="24.810769585892558" lon="121.24417271465063">
        <ele>253.6</ele>
      </trkpt>
      <trkpt lat="24.810721976682544" lon="121.24393835663795">
        <ele>254.0</ele>
      </trkpt>
      <trkpt lat="24.810687946155667" lon="121.2437254562974">
        <ele>253.8</ele>
      </trkpt>
      <trkpt lat="24.81067445129156" lon="121.24344198033214">
        <ele>254.6</ele>
      </trkpt>
      <trkpt lat="24.81069440022111" lon="121.24318867921829">
        <ele>253.6</ele>
      </trkpt>
      <trkpt lat="24.810697501525283" lon="121.24295080080628">
        <ele>254.2</ele>
      </trkpt>
      <trkpt lat="24.810698507353663" lon="121.2428461946547">
        <ele>254.4</ele>
      </trkpt>
      <trkpt lat="24.810703033581376" lon="121.24277276918292">
        <ele>254.4</ele>
      </trkpt>
      <trkpt lat="24.81075064279139" lon="121.24242617748678">
        <ele>254.8</ele>
      </trkpt>
      <trkpt lat="24.81076036579907" lon="121.24238745309412">
        <ele>255.0</ele>
      </trkpt>
      <trkpt lat="24.810784673318267" lon="121.24216558411717">
        <ele>255.2</ele>
      </trkpt>
      <trkpt lat="24.810846028849483" lon="121.24180759303272">
        <ele>255.4</ele>
      </trkpt>
      <trkpt lat="24.810899002477527" lon="121.2415615003556">
        <ele>255.2</ele>
      </trkpt>
      <trkpt lat="24.810937894508243" lon="121.241409284994">
        <ele>254.6</ele>
      </trkpt>
      <trkpt lat="24.811002435162663" lon="121.24115087091923">
        <ele>254.4</ele>
      </trkpt>
      <trkpt lat="24.811035711318254" lon="121.24105338938534">
        <ele>254.4</ele>
      </trkpt>
      <trkpt lat="24.811071250587702" lon="121.24092305079103">
        <ele>254.4</ele>
      </trkpt>
      <trkpt lat="24.811166217550635" lon="121.24067611992359">
        <ele>254.4</ele>
      </trkpt>
      <trkpt lat="24.811204187572002" lon="121.24049716629088">
        <ele>254.0</ele>
      </trkpt>
      <trkpt lat="24.8112025950104" lon="121.24045944772661">
        <ele>253.8</ele>
      </trkpt>
      <trkpt lat="24.81119421310723" lon="121.24042424373329">
        <ele>253.8</ele>
      </trkpt>
      <trkpt lat="24.811175605282187" lon="121.24039767310023">
        <ele>253.8</ele>
      </trkpt>
      <trkpt lat="24.811121122911572" lon="121.2403835915029">
        <ele>254.2</ele>
      </trkpt>
      <trkpt lat="24.81108231469989" lon="121.24042801558971">
        <ele>254.6</ele>
      </trkpt>
      <trkpt lat="24.81107795611024" lon="121.24045508913696">
        <ele>254.8</ele>
      </trkpt>
      <trkpt lat="24.811083571985364" lon="121.24050864949822">
        <ele>254.8</ele>
      </trkpt>
      <trkpt lat="24.81110494583845" lon="121.24060277827084">
        <ele>254.8</ele>
      </trkpt>
      <trkpt lat="24.811112070456147" lon="121.24061870388687">
        <ele>254.4</ele>
      </trkpt>
      <trkpt lat="24.81117133051157" lon="121.24069296754897">
        <ele>253.6</ele>
      </trkpt>
      <trkpt lat="24.8111352045089" lon="121.24074879102409">
        <ele>253.6</ele>
      </trkpt>
      <trkpt lat="24.81109321117401" lon="121.24080562032759">
        <ele>253.4</ele>
      </trkpt>
      <trkpt lat="24.811047613620758" lon="121.2409119028598">
        <ele>253.6</ele>
      </trkpt>
      <trkpt lat="24.81098659336567" lon="121.24112212099135">
        <ele>253.8</ele>
      </trkpt>
      <trkpt lat="24.810961866751313" lon="121.24120191670954">
        <ele>253.8</ele>
      </trkpt>
      <trkpt lat="24.810890955850482" lon="121.24147248454392">
        <ele>253.4</ele>
      </trkpt>
      <trkpt lat="24.810867151245475" lon="121.24156904406846">
        <ele>253.4</ele>
      </trkpt>
      <trkpt lat="24.810788445174694" lon="121.24192544259131">
        <ele>253.6</ele>
      </trkpt>
      <trkpt lat="24.810779057443142" lon="121.24198101460934">
        <ele>253.8</ele>
      </trkpt>
      <trkpt lat="24.810703368857503" lon="121.24254511669278">
        <ele>253.6</ele>
      </trkpt>
      <trkpt lat="24.810694232583046" lon="121.24273722991347">
        <ele>254.0</ele>
      </trkpt>
      <trkpt lat="24.810680905357003" lon="121.24289288185537">
        <ele>253.2</ele>
      </trkpt>
      <trkpt lat="24.81066699139774" lon="121.24316219240427">
        <ele>253.0</ele>
      </trkpt>
      <trkpt lat="24.810667913407087" lon="121.24331088736653">
        <ele>253.6</ele>
      </trkpt>
      <trkpt lat="24.810659028589725" lon="121.24335824511945">
        <ele>253.8</ele>
      </trkpt>
      <trkpt lat="24.810627847909927" lon="121.24349294230342">
        <ele>254.0</ele>
      </trkpt>
      <trkpt lat="24.810624830424786" lon="121.24353401362896">
        <ele>254.2</ele>
      </trkpt>
      <trkpt lat="24.810627344995737" lon="121.24361590482295">
        <ele>254.6</ele>
      </trkpt>
      <trkpt lat="24.810599852353334" lon="121.24370441772044">
        <ele>255.0</ele>
      </trkpt>
      <trkpt lat="24.81059222482145" lon="121.24376635998487">
        <ele>254.8</ele>
      </trkpt>
      <trkpt lat="24.81058501638472" lon="121.24378220178187">
        <ele>254.8</ele>
      </trkpt>
      <trkpt lat="24.81057814322412" lon="121.24379226006567">
        <ele>254.8</ele>
      </trkpt>
      <trkpt lat="24.8105825856328" lon="121.24379510991275">
        <ele>254.6</ele>
      </trkpt>
      <trkpt lat="24.810755755752325" lon="121.2441187351942">
        <ele>252.8</ele>
      </trkpt>
      <trkpt lat="24.81080001220107" lon="121.24435912817717">
        <ele>252.4</ele>
      </trkpt>
      <trkpt lat="24.81082683429122" lon="121.2445714417845">
        <ele>251.8</ele>
      </trkpt>
      <trkpt lat="24.81083714403212" lon="121.24461544677615">
        <ele>251.2</ele>
      </trkpt>
      <trkpt lat="24.810891458764672" lon="121.24480471014977">
        <ele>250.6</ele>
      </trkpt>
      <trkpt lat="24.810910569503903" lon="121.24485181644559">
        <ele>250.8</ele>
      </trkpt>
      <trkpt lat="24.810934709385037" lon="121.2448975816369">
        <ele>251.4</ele>
      </trkpt>
      <trkpt lat="24.811064125970006" lon="121.24504694715142">
        <ele>252.0</ele>
      </trkpt>
      <trkpt lat="24.811092037707567" lon="121.24508751556277">
        <ele>252.2</ele>
      </trkpt>
      <trkpt lat="24.811116429045796" lon="121.2451306823641">
        <ele>252.4</ele>
      </trkpt>
      <trkpt lat="24.81115465052426" lon="121.24521802179515">
        <ele>252.8</ele>
      </trkpt>
      <trkpt lat="24.81116596609354" lon="121.24526529572904">
        <ele>252.8</ele>
      </trkpt>
      <trkpt lat="24.811169821769" lon="121.24531365931034">
        <ele>252.6</ele>
      </trkpt>
      <trkpt lat="24.81116554699838" lon="121.24551624991">
        <ele>252.8</ele>
      </trkpt>
      <trkpt lat="24.811174515634775" lon="121.2457667849958">
        <ele>253.4</ele>
      </trkpt>
      <trkpt lat="24.811202846467495" lon="121.24597205780447">
        <ele>253.4</ele>
      </trkpt>
      <trkpt lat="24.81122170574963" lon="121.24607624486089">
        <ele>253.0</ele>
      </trkpt>
      <trkpt lat="24.811261100694537" lon="121.24627497978508">
        <ele>252.8</ele>
      </trkpt>
      <trkpt lat="24.811319774016738" lon="121.24647228978574">
        <ele>252.8</ele>
      </trkpt>
      <trkpt lat="24.81143720448017" lon="121.24681008048356">
        <ele>252.2</ele>
      </trkpt>
      <trkpt lat="24.811452627182007" lon="121.24685584567487">
        <ele>252.2</ele>
      </trkpt>
      <trkpt lat="24.8114874958992" lon="121.24694083817303">
        <ele>252.0</ele>
      </trkpt>
      <trkpt lat="24.811566872522235" lon="121.24718911014497">
        <ele>252.8</ele>
      </trkpt>
      <trkpt lat="24.81157684698701" lon="121.24725172296166">
        <ele>253.2</ele>
      </trkpt>
      <trkpt lat="24.811589419841766" lon="121.24736219644547">
        <ele>253.6</ele>
      </trkpt>
      <trkpt lat="24.811602914705873" lon="121.2473897729069">
        <ele>254.0</ele>
      </trkpt>
      <trkpt lat="24.81163166463375" lon="121.24748339876533">
        <ele>254.4</ele>
      </trkpt>
      <trkpt lat="24.81163401156664" lon="121.24752690084279">
        <ele>254.4</ele>
      </trkpt>
      <trkpt lat="24.81163166463375" lon="121.24758557416499">
        <ele>254.4</ele>
      </trkpt>
      <trkpt lat="24.81163593940437" lon="121.24759093858302">
        <ele>254.2</ele>
      </trkpt>
      <trkpt lat="24.81163694523275" lon="121.24754609540105">
        <ele>254.6</ele>
      </trkpt>
      <trkpt lat="24.811622444540262" lon="121.24758909456432">
        <ele>254.8</ele>
      </trkpt>
      <trkpt lat="24.81164189055562" lon="121.2477021664381">
        <ele>254.8</ele>
      </trkpt>
      <trkpt lat="24.81163401156664" lon="121.24783175066113">
        <ele>254.4</ele>
      </trkpt>
      <trkpt lat="24.811640549451113" lon="121.24794507399201">
        <ele>253.8</ele>
      </trkpt>
      <trkpt lat="24.81168773956597" lon="121.24829401262105">
        <ele>254.4</ele>
      </trkpt>
      <trkpt lat="24.81170693412423" lon="121.24846441671252">
        <ele>255.4</ele>
      </trkpt>
      <trkpt lat="24.81172353029251" lon="121.24860808253288">
        <ele>256.6</ele>
      </trkpt>
      <trkpt lat="24.811742138117552" lon="121.24874034896493">
        <ele>257.8</ele>
      </trkpt>
      <trkpt lat="24.811751106753945" lon="121.24883900396526">
        <ele>258.8</ele>
      </trkpt>
      <trkpt lat="24.811758399009705" lon="121.24890488572419">
        <ele>259.6</ele>
      </trkpt>
      <trkpt lat="24.811770636588335" lon="121.24896481633186">
        <ele>260.2</ele>
      </trkpt>
      <trkpt lat="24.81178849004209" lon="121.24905802309513">
        <ele>261.2</ele>
      </trkpt>
      <trkpt lat="24.811777006834745" lon="121.24915248714387">
        <ele>262.2</ele>
      </trkpt>
      <trkpt lat="24.811768708750606" lon="121.24918458983302">
        <ele>262.4</ele>
      </trkpt>
      <trkpt lat="24.811760494485497" lon="121.24925382435322">
        <ele>262.6</ele>
      </trkpt>
      <trkpt lat="24.811741216108203" lon="121.24935826286674">
        <ele>263.0</ele>
      </trkpt>
      <trkpt lat="24.811739372089505" lon="121.24939329922199">
        <ele>263.2</ele>
      </trkpt>
      <trkpt lat="24.81173861771822" lon="121.24942908994853">
        <ele>263.4</ele>
      </trkpt>
      <trkpt lat="24.81173610314727" lon="121.24955733306706">
        <ele>264.2</ele>
      </trkpt>
      <trkpt lat="24.811739707365632" lon="121.24958725646138">
        <ele>264.4</ele>
      </trkpt>
      <trkpt lat="24.81175035238266" lon="121.24967878684402">
        <ele>265.2</ele>
      </trkpt>
      <trkpt lat="24.811761416494846" lon="121.24974198639393">
        <ele>265.4</ele>
      </trkpt>
      <trkpt lat="24.81183090247214" lon="121.2499094568193">
        <ele>266.6</ele>
      </trkpt>
      <trkpt lat="24.811844564974308" lon="121.2499335128814">
        <ele>267.0</ele>
      </trkpt>
      <trkpt lat="24.811913212761283" lon="121.25004230998456">
        <ele>268.0</ele>
      </trkpt>
      <trkpt lat="24.811969120055437" lon="121.25013124197721">
        <ele>268.6</ele>
      </trkpt>
      <trkpt lat="24.812006670981646" lon="121.25018656253815">
        <ele>269.0</ele>
      </trkpt>
      <trkpt lat="24.812078839167953" lon="121.25033358111978">
        <ele>270.2</ele>
      </trkpt>
      <trkpt lat="24.81210851110518" lon="121.25039191916585">
        <ele>270.6</ele>
      </trkpt>
      <trkpt lat="24.812139440327883" lon="121.25045545399189">
        <ele>271.2</ele>
      </trkpt>
      <trkpt lat="24.81218134984374" lon="121.2505881395191">
        <ele>272.2</ele>
      </trkpt>
      <trkpt lat="24.81219543144107" lon="121.25065066851676">
        <ele>272.6</ele>
      </trkpt>
      <trkpt lat="24.812205908820033" lon="121.25071479007602">
        <ele>273.2</ele>
      </trkpt>
      <trkpt lat="24.812217392027378" lon="121.25086164101958">
        <ele>274.4</ele>
      </trkpt>
      <trkpt lat="24.81221990659833" lon="121.25089231878519">
        <ele>274.6</ele>
      </trkpt>
      <trkpt lat="24.81225125491619" lon="121.2509917281568">
        <ele>275.4</ele>
      </trkpt>
      <trkpt lat="24.812281262129545" lon="121.25103984028101">
        <ele>275.8</ele>
      </trkpt>
      <trkpt lat="24.812369188293815" lon="121.25116716139019">
        <ele>276.4</ele>
      </trkpt>
      <trkpt lat="24.812421994283795" lon="121.25128291547298">
        <ele>277.0</ele>
      </trkpt>
      <trkpt lat="24.81244470924139" lon="121.25137394294143">
        <ele>277.6</ele>
      </trkpt>
      <trkpt lat="24.81247588992119" lon="121.25155868008733">
        <ele>278.8</ele>
      </trkpt>
      <trkpt lat="24.8125047236681" lon="121.25175087712705">
        <ele>279.8</ele>
      </trkpt>
      <trkpt lat="24.812503634020686" lon="121.25185925513506">
        <ele>280.4</ele>
      </trkpt>
      <trkpt lat="24.81250623241067" lon="121.25192136503756">
        <ele>281.0</ele>
      </trkpt>
      <trkpt lat="24.812536742538214" lon="121.25212538056076">
        <ele>282.0</ele>
      </trkpt>
      <trkpt lat="24.81254830956459" lon="121.2521579861641">
        <ele>282.2</ele>
      </trkpt>
      <trkpt lat="24.81266599148512" lon="121.25231749378145">
        <ele>282.8</ele>
      </trkpt>
      <trkpt lat="24.812690131366253" lon="121.25234129838645">
        <ele>283.0</ele>
      </trkpt>
      <trkpt lat="24.81277160346508" lon="121.25250273384154">
        <ele>284.0</ele>
      </trkpt>
      <trkpt lat="24.812778057530522" lon="121.25253852456808">
        <ele>284.2</ele>
      </trkpt>
      <trkpt lat="24.8128068074584" lon="121.25267405994236">
        <ele>285.2</ele>
      </trkpt>
      <trkpt lat="24.81281502172351" lon="121.25270708464086">
        <ele>285.4</ele>
      </trkpt>
      <trkpt lat="24.812822733074427" lon="121.25284940935671">
        <ele>286.2</ele>
      </trkpt>
      <trkpt lat="24.812829857692122" lon="121.25291897915304">
        <ele>286.6</ele>
      </trkpt>
      <trkpt lat="24.812827091664076" lon="121.25306289643049">
        <ele>287.4</ele>
      </trkpt>
      <trkpt lat="24.812846202403307" lon="121.25316373072565">
        <ele>287.8</ele>
      </trkpt>
      <trkpt lat="24.812889033928514" lon="121.25326389446855">
        <ele>288.4</ele>
      </trkpt>
      <trkpt lat="24.81295583769679" lon="121.25341870822012">
        <ele>289.4</ele>
      </trkpt>
      <trkpt lat="24.812996238470078" lon="121.25363571569324">
        <ele>290.4</ele>
      </trkpt>
      <trkpt lat="24.813003446906805" lon="121.2538185250014">
        <ele>291.6</ele>
      </trkpt>
      <trkpt lat="24.81303932145238" lon="121.25394651666284">
        <ele>292.8</ele>
      </trkpt>
      <trkpt lat="24.813118362799287" lon="121.254105521366">
        <ele>294.0</ele>
      </trkpt>
      <trkpt lat="24.81316681019962" lon="121.2541903462261">
        <ele>294.8</ele>
      </trkpt>
      <trkpt lat="24.813182232901454" lon="121.25421725213528">
        <ele>295.0</ele>
      </trkpt>
      <trkpt lat="24.81323478743434" lon="121.2543454952538">
        <ele>296.0</ele>
      </trkpt>
      <trkpt lat="24.813251718878746" lon="121.25444716773927">
        <ele>296.8</ele>
      </trkpt>
      <trkpt lat="24.813245767727494" lon="121.25447935424745">
        <ele>297.0</ele>
      </trkpt>
      <trkpt lat="24.8132196161896" lon="121.25459846109152">
        <ele>298.2</ele>
      </trkpt>
      <trkpt lat="24.81321483850479" lon="121.25463081523776">
        <ele>298.4</ele>
      </trkpt>
      <trkpt lat="24.813220538198948" lon="121.25475109554827">
        <ele>299.4</ele>
      </trkpt>
      <trkpt lat="24.813231015577912" lon="121.25485285185277">
        <ele>300.0</ele>
      </trkpt>
      <trkpt lat="24.81324358843267" lon="121.2549588829279">
        <ele>300.4</ele>
      </trkpt>
      <trkpt lat="24.813212072476745" lon="121.25514403916895">
        <ele>301.2</ele>
      </trkpt>
      <trkpt lat="24.813170582056046" lon="121.25520480796695">
        <ele>301.6</ele>
      </trkpt>
      <trkpt lat="24.813102269545197" lon="121.25530505552888">
        <ele>302.8</ele>
      </trkpt>
      <trkpt lat="24.81308433227241" lon="121.25533112324774">
        <ele>303.0</ele>
      </trkpt>
      <trkpt lat="24.813032196834683" lon="121.2554044649005">
        <ele>303.8</ele>
      </trkpt>
      <trkpt lat="24.812971260398626" lon="121.25549213960767">
        <ele>305.0</ele>
      </trkpt>
      <trkpt lat="24.81292985379696" lon="121.2555820774287">
        <ele>306.0</ele>
      </trkpt>
      <trkpt lat="24.812907306477427" lon="121.25563287176192">
        <ele>306.6</ele>
      </trkpt>
      <trkpt lat="24.812892135232687" lon="121.25568173825741">
        <ele>307.2</ele>
      </trkpt>
      <trkpt lat="24.81285810470581" lon="121.25578860752285">
        <ele>308.2</ele>
      </trkpt>
      <trkpt lat="24.81284041889012" lon="121.25584837049246">
        <ele>308.6</ele>
      </trkpt>
      <trkpt lat="24.812809992581606" lon="121.25596856698394">
        <ele>309.4</ele>
      </trkpt>
      <trkpt lat="24.812767496332526" lon="121.25610711984336">
        <ele>310.2</ele>
      </trkpt>
      <trkpt lat="24.81276079080999" lon="121.25613687559962">
        <ele>310.4</ele>
      </trkpt>
      <trkpt lat="24.81270471587777" lon="121.25632387585938">
        <ele>311.2</ele>
      </trkpt>
      <trkpt lat="24.81268518604338" lon="121.2563886679709">
        <ele>311.4</ele>
      </trkpt>
      <trkpt lat="24.812651490792632" lon="121.25657600350678">
        <ele>312.0</ele>
      </trkpt>
      <trkpt lat="24.81261125765741" lon="121.25686526298523">
        <ele>312.2</ele>
      </trkpt>
      <trkpt lat="24.812571611255407" lon="121.25723171979189">
        <ele>311.6</ele>
      </trkpt>
      <trkpt lat="24.812557781115174" lon="121.25744478777051">
        <ele>310.2</ele>
      </trkpt>
      <trkpt lat="24.812555434182286" lon="121.25751025043428">
        <ele>309.6</ele>
      </trkpt>
      <trkpt lat="24.81255224905908" lon="121.25757361762226">
        <ele>309.0</ele>
      </trkpt>
      <trkpt lat="24.812533808872104" lon="121.25771183520555">
        <ele>307.4</ele>
      </trkpt>
      <trkpt lat="24.81249642558396" lon="121.25786371529102">
        <ele>306.0</ele>
      </trkpt>
      <trkpt lat="24.812460467219353" lon="121.25793663784862">
        <ele>305.4</ele>
      </trkpt>
      <trkpt lat="24.812402380630374" lon="121.25800193287432">
        <ele>304.8</ele>
      </trkpt>
      <trkpt lat="24.81232442893088" lon="121.25804618932307">
        <ele>304.4</ele>
      </trkpt>
      <trkpt lat="24.812160143628716" lon="121.25804929062724">
        <ele>303.4</ele>
      </trkpt>
      <trkpt lat="24.812029218301177" lon="121.25797896645963">
        <ele>302.8</ele>
      </trkpt>
      <trkpt lat="24.811965934932232" lon="121.25794066116214">
        <ele>302.8</ele>
      </trkpt>
      <trkpt lat="24.81190483085811" lon="121.25789782963693">
        <ele>302.2</ele>
      </trkpt>
      <trkpt lat="24.81179284863174" lon="121.25779330730438">
        <ele>300.8</ele>
      </trkpt>
      <trkpt lat="24.811689583584666" lon="121.25769113190472">
        <ele>299.4</ele>
      </trkpt>
      <trkpt lat="24.811634933575988" lon="121.25764712691307">
        <ele>299.6</ele>
      </trkpt>
      <trkpt lat="24.811471235007048" lon="121.25753975473344">
        <ele>300.6</ele>
      </trkpt>
      <trkpt lat="24.811297226697206" lon="121.25744956545532">
        <ele>300.4</ele>
      </trkpt>
      <trkpt lat="24.811074184253812" lon="121.2573332246393">
        <ele>301.8</ele>
      </trkpt>
      <trkpt lat="24.810941414907575" lon="121.25725292600691">
        <ele>302.8</ele>
      </trkpt>
      <trkpt lat="24.81083563528955" lon="121.25720020383596">
        <ele>304.2</ele>
      </trkpt>
      <trkpt lat="24.81076765805483" lon="121.25718461349607">
        <ele>305.2</ele>
      </trkpt>
      <trkpt lat="24.810733376070857" lon="121.25718620605767">
        <ele>305.6</ele>
      </trkpt>
      <trkpt lat="24.81064067222178" lon="121.25722979195416">
        <ele>305.8</ele>
      </trkpt>
      <trkpt lat="24.810478147119284" lon="121.25738083384931">
        <ele>306.4</ele>
      </trkpt>
      <trkpt lat="24.810461634770036" lon="121.25740204006433">
        <ele>306.6</ele>
      </trkpt>
      <trkpt lat="24.810400530695915" lon="121.25751662068069">
        <ele>307.6</ele>
      </trkpt>
      <trkpt lat="24.810385862365365" lon="121.25755961984396">
        <ele>307.4</ele>
      </trkpt>
      <trkpt lat="24.810303719714284" lon="121.257853070274">
        <ele>306.0</ele>
      </trkpt>
      <trkpt lat="24.81020531617105" lon="121.25805297866464">
        <ele>305.4</ele>
      </trkpt>
      <trkpt lat="24.81014027260244" lon="121.25814551487565">
        <ele>305.4</ele>
      </trkpt>
      <trkpt lat="24.809945644810796" lon="121.25837316736579">
        <ele>304.8</ele>
      </trkpt>
      <trkpt lat="24.809913206845522" lon="121.25842806883156">
        <ele>304.2</ele>
      </trkpt>
      <trkpt lat="24.809854282066226" lon="121.25855304300785">
        <ele>303.0</ele>
      </trkpt>
      <trkpt lat="24.8097865562886" lon="121.25868170522153">
        <ele>301.8</ele>
      </trkpt>
      <trkpt lat="24.809752106666565" lon="121.25874482095242">
        <ele>301.6</ele>
      </trkpt>
      <trkpt lat="24.80968446470797" lon="121.25894942320883">
        <ele>301.8</ele>
      </trkpt>
      <trkpt lat="24.809681363403797" lon="121.25902150757611">
        <ele>302.2</ele>
      </trkpt>
      <trkpt lat="24.809676250442863" lon="121.25923323445022">
        <ele>303.2</ele>
      </trkpt>
      <trkpt lat="24.809664096683264" lon="121.25944437459111">
        <ele>304.0</ele>
      </trkpt>
      <trkpt lat="24.80966250412166" lon="121.25951159745455">
        <ele>304.2</ele>
      </trkpt>
      <trkpt lat="24.80967616662383" lon="121.25991971231997">
        <ele>305.0</ele>
      </trkpt>
      <trkpt lat="24.809680860489607" lon="121.25998425297439">
        <ele>305.4</ele>
      </trkpt>
      <trkpt lat="24.809689577668905" lon="121.26015717163682">
        <ele>306.8</ele>
      </trkpt>
      <trkpt lat="24.80967859737575" lon="121.26025507226586">
        <ele>307.6</ele>
      </trkpt>
      <trkpt lat="24.80966778472066" lon="121.26030217856169">
        <ele>308.0</ele>
      </trkpt>
      <trkpt lat="24.809636771678925" lon="121.26043578609824">
        <ele>309.0</ele>
      </trkpt>
      <trkpt lat="24.809627635404468" lon="121.26048171892762">
        <ele>309.4</ele>
      </trkpt>
      <trkpt lat="24.809615146368742" lon="121.26056679524481">
        <ele>310.0</ele>
      </trkpt>
      <trkpt lat="24.809609446674585" lon="121.26060635782778">
        <ele>310.4</ele>
      </trkpt>
      <trkpt lat="24.809583043679595" lon="121.26073175109923">
        <ele>310.8</ele>
      </trkpt>
      <trkpt lat="24.809565944597125" lon="121.26082160510123">
        <ele>310.8</ele>
      </trkpt>
      <trkpt lat="24.809551779180765" lon="121.26096334308386">
        <ele>310.8</ele>
      </trkpt>
      <trkpt lat="24.809543816372752" lon="121.26108965836465">
        <ele>311.4</ele>
      </trkpt>
      <trkpt lat="24.809560915455222" lon="121.26121228560805">
        <ele>312.8</ele>
      </trkpt>
      <trkpt lat="24.809606010094285" lon="121.26132653094828">
        <ele>314.0</ele>
      </trkpt>
      <trkpt lat="24.80964532122016" lon="121.26138411462307">
        <ele>314.8</ele>
      </trkpt>
      <trkpt lat="24.80968974530697" lon="121.26143557950854">
        <ele>315.2</ele>
      </trkpt>
      <trkpt lat="24.809804745018482" lon="121.26149475574493">
        <ele>316.0</ele>
      </trkpt>
      <trkpt lat="24.809941705316305" lon="121.2615102622658">
        <ele>316.4</ele>
      </trkpt>
      <trkpt lat="24.81009006500244" lon="121.26153674907982">
        <ele>317.6</ele>
      </trkpt>
      <trkpt lat="24.810277400538325" lon="121.26161084510386">
        <ele>318.6</ele>
      </trkpt>
      <trkpt lat="24.810343282297254" lon="121.26164512708783">
        <ele>319.2</ele>
      </trkpt>
      <trkpt lat="24.810456186532974" lon="121.26168795861304">
        <ele>319.8</ele>
      </trkpt>
      <trkpt lat="24.81058401055634" lon="121.26170882955194">
        <ele>320.4</ele>
      </trkpt>
      <trkpt lat="24.810684258118272" lon="121.26172492280602">
        <ele>321.0</ele>
      </trkpt>
      <trkpt lat="24.810850974172354" lon="121.26172785647213">
        <ele>322.0</ele>
      </trkpt>
      <trkpt lat="24.811066975817084" lon="121.26172349788249">
        <ele>323.2</ele>
      </trkpt>
      <trkpt lat="24.811127996072173" lon="121.26173112541437">
        <ele>323.8</ele>
      </trkpt>
      <trkpt lat="24.811190608888865" lon="121.26174286007881">
        <ele>324.4</ele>
      </trkpt>
      <trkpt lat="24.81130812317133" lon="121.2617708556354">
        <ele>325.6</ele>
      </trkpt>
      <trkpt lat="24.811366042122245" lon="121.26177747733891">
        <ele>326.0</ele>
      </trkpt>
      <trkpt lat="24.81146151199937" lon="121.26180287450552">
        <ele>326.8</ele>
      </trkpt>
      <trkpt lat="24.811551785096526" lon="121.26180966384709">
        <ele>327.4</ele>
      </trkpt>
      <trkpt lat="24.811653876677155" lon="121.26180647872388">
        <ele>327.8</ele>
      </trkpt>
      <trkpt lat="24.811796871945262" lon="121.261783009395">
        <ele>328.0</ele>
      </trkpt>
      <trkpt lat="24.812026619911194" lon="121.26173221506178">
        <ele>327.4</ele>
      </trkpt>
      <trkpt lat="24.812143547460437" lon="121.26174051314592">
        <ele>326.8</ele>
      </trkpt>
      <trkpt lat="24.812259217724204" lon="121.26174168661237">
        <ele>326.4</ele>
      </trkpt>
      <trkpt lat="24.812365416437387" lon="121.26168318092823">
        <ele>326.0</ele>
      </trkpt>
      <trkpt lat="24.8124114330858" lon="121.26164101995528">
        <ele>325.6</ele>
      </trkpt>
      <trkpt lat="24.8125530872494" lon="121.26149978488684">
        <ele>324.6</ele>
      </trkpt>
      <trkpt lat="24.812699602916837" lon="121.2613271176815">
        <ele>323.6</ele>
      </trkpt>
      <trkpt lat="24.812757018953562" lon="121.26126718707383">
        <ele>323.2</ele>
      </trkpt>
      <trkpt lat="24.812830109149218" lon="121.26122368499637">
        <ele>322.8</ele>
      </trkpt>
      <trkpt lat="24.812911078333855" lon="121.2612132076174">
        <ele>322.2</ele>
      </trkpt>
      <trkpt lat="24.81299741193652" lon="121.26121773384511">
        <ele>321.8</ele>
      </trkpt>
      <trkpt lat="24.813169073313475" lon="121.2612026464194">
        <ele>321.2</ele>
      </trkpt>
      <trkpt lat="24.813255490735173" lon="121.26118144020438">
        <ele>321.0</ele>
      </trkpt>
      <trkpt lat="24.813665114343166" lon="121.26108538359404">
        <ele>321.2</ele>
      </trkpt>
      <trkpt lat="24.813827220350504" lon="121.26112310215831">
        <ele>321.6</ele>
      </trkpt>
      <trkpt lat="24.813904417678714" lon="121.26115377992392">
        <ele>321.8</ele>
      </trkpt>
      <trkpt lat="24.814227037131786" lon="121.2613064981997">
        <ele>321.6</ele>
      </trkpt>
      <trkpt lat="24.81429995968938" lon="121.26136274076998">
        <ele>321.4</ele>
      </trkpt>
      <trkpt lat="24.814509507268667" lon="121.26157455146313">
        <ele>322.2</ele>
      </trkpt>
      <trkpt lat="24.81457421556115" lon="121.26165820285678">
        <ele>323.6</ele>
      </trkpt>
      <trkpt lat="24.814608581364155" lon="121.26169189810753">
        <ele>324.4</ele>
      </trkpt>
      <trkpt lat="24.81464303098619" lon="121.26172609627247">
        <ele>324.8</ele>
      </trkpt>
      <trkpt lat="24.814681336283684" lon="121.26175534911454">
        <ele>325.0</ele>
      </trkpt>
      <trkpt lat="24.814971685409546" lon="121.2619954906404">
        <ele>325.4</ele>
      </trkpt>
      <trkpt lat="24.81521333567798" lon="121.2623166013509">
        <ele>325.8</ele>
      </trkpt>
      <trkpt lat="24.81534618884325" lon="121.26249798573554">
        <ele>326.4</ele>
      </trkpt>
      <trkpt lat="24.8154419939965" lon="121.26263033598661">
        <ele>326.4</ele>
      </trkpt>
      <trkpt lat="24.8155352845788" lon="121.26277668401599">
        <ele>326.4</ele>
      </trkpt>
      <trkpt lat="24.81560703366995" lon="121.26286662183702">
        <ele>326.4</ele>
      </trkpt>
      <trkpt lat="24.815693954005837" lon="121.26294063404202">
        <ele>326.2</ele>
      </trkpt>
      <trkpt lat="24.815742066130042" lon="121.26296720467508">
        <ele>326.2</ele>
      </trkpt>
      <trkpt lat="24.815953290089965" lon="121.26305513083935">
        <ele>325.8</ele>
      </trkpt>
      <trkpt lat="24.81612989678979" lon="121.26316753216088">
        <ele>326.4</ele>
      </trkpt>
      <trkpt lat="24.816166944801807" lon="121.26320173032582">
        <ele>326.6</ele>
      </trkpt>
      <trkpt lat="24.816197957843542" lon="121.26323852688074">
        <ele>327.0</ele>
      </trkpt>
      <trkpt lat="24.816355034708977" lon="121.26339904032648">
        <ele>327.8</ele>
      </trkpt>
      <trkpt lat="24.816388227045536" lon="121.26343156211078">
        <ele>328.0</ele>
      </trkpt>
      <trkpt lat="24.816448157653213" lon="121.26350532285869">
        <ele>328.0</ele>
      </trkpt>
      <trkpt lat="24.81649341993034" lon="121.26358998008072">
        <ele>327.8</ele>
      </trkpt>
      <trkpt lat="24.816510770469904" lon="121.26363239251077">
        <ele>327.8</ele>
      </trkpt>
      <trkpt lat="24.816606491804123" lon="121.26383389346302">
        <ele>329.2</ele>
      </trkpt>
      <trkpt lat="24.81665183790028" lon="121.26391670666635">
        <ele>329.6</ele>
      </trkpt>
      <trkpt lat="24.816745966672897" lon="121.26407948322594">
        <ele>329.8</ele>
      </trkpt>
      <trkpt lat="24.81686683371663" lon="121.26430839300156">
        <ele>330.0</ele>
      </trkpt>
      <trkpt lat="24.8168926499784" lon="121.26435516402125">
        <ele>330.2</ele>
      </trkpt>
      <trkpt lat="24.816981833428144" lon="121.26451727002859">
        <ele>331.4</ele>
      </trkpt>
      <trkpt lat="24.817018462345004" lon="121.26457870937884">
        <ele>332.4</ele>
      </trkpt>
      <trkpt lat="24.81702952645719" lon="121.26460653729737">
        <ele>332.8</ele>
      </trkpt>
      <trkpt lat="24.817074704915285" lon="121.26468482427299">
        <ele>334.0</ele>
      </trkpt>
      <trkpt lat="24.817104879766703" lon="121.26474307850003">
        <ele>334.6</ele>
      </trkpt>
      <trkpt lat="24.8171360604465" lon="121.26480292528868">
        <ele>335.2</ele>
      </trkpt>
      <trkpt lat="24.817181238904595" lon="121.26488364301622">
        <ele>336.0</ele>
      </trkpt>
      <trkpt lat="24.817207222804427" lon="121.26493820920587">
        <ele>336.4</ele>
      </trkpt>
      <trkpt lat="24.81724745593965" lon="121.26501347869635">
        <ele>337.2</ele>
      </trkpt>
      <trkpt lat="24.817260447889566" lon="121.26504088751972">
        <ele>337.6</ele>
      </trkpt>
      <trkpt lat="24.81730026192963" lon="121.26512730494142">
        <ele>338.6</ele>
      </trkpt>
      <trkpt lat="24.817329263314605" lon="121.26521598547697">
        <ele>339.8</ele>
      </trkpt>
      <trkpt lat="24.81734661385417" lon="121.26527440734208">
        <ele>340.4</ele>
      </trkpt>
      <trkpt lat="24.817368993535638" lon="121.26532545313239">
        <ele>341.0</ele>
      </trkpt>
      <trkpt lat="24.817415848374367" lon="121.26545847393572">
        <ele>342.0</ele>
      </trkpt>
      <trkpt lat="24.817429510876536" lon="121.26551044173539">
        <ele>342.4</ele>
      </trkpt>
      <trkpt lat="24.817459769546986" lon="121.26558537594974">
        <ele>343.0</ele>
      </trkpt>
      <trkpt lat="24.817480640485883" lon="121.26563851721585">
        <ele>343.4</ele>
      </trkpt>
      <trkpt lat="24.81754300184548" lon="121.26583197154105">
        <ele>344.0</ele>
      </trkpt>
      <trkpt lat="24.817630760371685" lon="121.26607982441783">
        <ele>343.2</ele>
      </trkpt>
      <trkpt lat="24.817684153094888" lon="121.26631007529795">
        <ele>341.4</ele>
      </trkpt>
      <trkpt lat="24.817685997113585" lon="121.26638174057007">
        <ele>340.8</ele>
      </trkpt>
      <trkpt lat="24.817677112296224" lon="121.26646044664085">
        <ele>339.8</ele>
      </trkpt>
      <trkpt lat="24.81766185723245" lon="121.26654393039644">
        <ele>339.0</ele>
      </trkpt>
      <trkpt lat="24.817645763978362" lon="121.26663462258875">
        <ele>338.2</ele>
      </trkpt>
      <trkpt lat="24.817613996565342" lon="121.26682505942881">
        <ele>336.4</ele>
      </trkpt>
      <trkpt lat="24.817578624933958" lon="121.26703267917037">
        <ele>334.6</ele>
      </trkpt>
      <trkpt lat="24.817560520023108" lon="121.26714684069157">
        <ele>333.2</ele>
      </trkpt>
      <trkpt lat="24.81754300184548" lon="121.2672658637166">
        <ele>332.2</ele>
      </trkpt>
      <trkpt lat="24.817537302151322" lon="121.26749150454998">
        <ele>330.0</ele>
      </trkpt>
      <trkpt lat="24.817559514194727" lon="121.26759770326316">
        <ele>329.2</ele>
      </trkpt>
      <trkpt lat="24.817596981301904" lon="121.2676961068064">
        <ele>328.4</ele>
      </trkpt>
      <trkpt lat="24.817699743434787" lon="121.26788788475096">
        <ele>327.0</ele>
      </trkpt>
      <trkpt lat="24.81785765849054" lon="121.26819960772991">
        <ele>325.8</ele>
      </trkpt>
      <trkpt lat="24.81797114945948" lon="121.26851133070886">
        <ele>324.8</ele>
      </trkpt>
      <trkpt lat="24.818056309595704" lon="121.26878994517028">
        <ele>325.8</ele>
      </trkpt>
      <trkpt lat="24.818081371486187" lon="121.26887820661068">
        <ele>326.6</ele>
      </trkpt>
      <trkpt lat="24.818107020109892" lon="121.26896085217595">
        <ele>327.2</ele>
      </trkpt>
      <trkpt lat="24.81816066429019" lon="121.2691139895469">
        <ele>328.4</ele>
      </trkpt>
      <trkpt lat="24.818210201337934" lon="121.26925271004438">
        <ele>329.4</ele>
      </trkpt>
      <trkpt lat="24.818288572132587" lon="121.2694380339235">
        <ele>330.4</ele>
      </trkpt>
      <trkpt lat="24.818358225747943" lon="121.26960114575922">
        <ele>331.4</ele>
      </trkpt>
      <trkpt lat="24.818557128310204" lon="121.26999484375119">
        <ele>330.8</ele>
      </trkpt>
      <trkpt lat="24.818646060302854" lon="121.27019952982664">
        <ele>330.6</ele>
      </trkpt>
      <trkpt lat="24.81865469366312" lon="121.27027496695518">
        <ele>330.8</ele>
      </trkpt>
      <trkpt lat="24.818654861301184" lon="121.27035099081695">
        <ele>331.0</ele>
      </trkpt>
      <trkpt lat="24.818643545731902" lon="121.27056162804365">
        <ele>331.4</ele>
      </trkpt>
      <trkpt lat="24.81861798092723" lon="121.2708910368383">
        <ele>331.8</ele>
      </trkpt>
      <trkpt lat="24.818588979542255" lon="121.27101927995682">
        <ele>332.0</ele>
      </trkpt>
      <trkpt lat="24.818566432222724" lon="121.27107728272676">
        <ele>332.2</ele>
      </trkpt>
      <trkpt lat="24.81853541918099" lon="121.2711286637932">
        <ele>332.2</ele>
      </trkpt>
      <trkpt lat="24.818442966789007" lon="121.27126403152943">
        <ele>332.4</ele>
      </trkpt>
      <trkpt lat="24.818417988717556" lon="121.27130786888301">
        <ele>332.6</ele>
      </trkpt>
      <trkpt lat="24.818363087251782" lon="121.27143896184862">
        <ele>333.4</ele>
      </trkpt>
      <trkpt lat="24.818345988169312" lon="121.27148657105863">
        <ele>333.8</ele>
      </trkpt>
      <trkpt lat="24.818334253504872" lon="121.27153267152607">
        <ele>334.2</ele>
      </trkpt>
      <trkpt lat="24.81832721270621" lon="121.27158229239285">
        <ele>334.4</ele>
      </trkpt>
      <trkpt lat="24.818324195221066" lon="121.27168052829802">
        <ele>335.0</ele>
      </trkpt>
      <trkpt lat="24.818323776125908" lon="121.27177096903324">
        <ele>335.8</ele>
      </trkpt>
      <trkpt lat="24.81832578778267" lon="121.27187121659517">
        <ele>336.0</ele>
      </trkpt>
      <trkpt lat="24.818328553810716" lon="121.2720734719187">
        <ele>335.8</ele>
      </trkpt>
      <trkpt lat="24.818371552973986" lon="121.2724186386913">
        <ele>335.6</ele>
      </trkpt>
      <trkpt lat="24.81845285743475" lon="121.2725412659347">
        <ele>334.8</ele>
      </trkpt>
      <trkpt lat="24.818509854376316" lon="121.27259901724756">
        <ele>334.2</ele>
      </trkpt>
      <trkpt lat="24.818577580153942" lon="121.27265500836074">
        <ele>333.4</ele>
      </trkpt>
      <trkpt lat="24.81864245608449" lon="121.27271946519613">
        <ele>332.4</ele>
      </trkpt>
      <trkpt lat="24.818696603178978" lon="121.27280529588461">
        <ele>331.2</ele>
      </trkpt>
      <trkpt lat="24.818708756938577" lon="121.27301425673068">
        <ele>329.6</ele>
      </trkpt>
      <trkpt lat="24.81862837448716" lon="121.27318600192666">
        <ele>328.4</ele>
      </trkpt>
      <trkpt lat="24.8185867164284" lon="121.2732632830739">
        <ele>328.6</ele>
      </trkpt>
      <trkpt lat="24.818558050319552" lon="121.27333863638341">
        <ele>329.0</ele>
      </trkpt>
      <trkpt lat="24.818554278463125" lon="121.27348506823182">
        <ele>329.4</ele>
      </trkpt>
      <trkpt lat="24.818594763055444" lon="121.27363443374634">
        <ele>329.2</ele>
      </trkpt>
      <trkpt lat="24.818626949563622" lon="121.2737120501697">
        <ele>328.4</ele>
      </trkpt>
      <trkpt lat="24.818671038374305" lon="121.2737849727273">
        <ele>327.8</ele>
      </trkpt>
      <trkpt lat="24.818799113854766" lon="121.27390952780843">
        <ele>326.8</ele>
      </trkpt>
      <trkpt lat="24.81887597590685" lon="121.27397096715868">
        <ele>326.4</ele>
      </trkpt>
      <trkpt lat="24.819028107449412" lon="121.2741097714752">
        <ele>325.2</ele>
      </trkpt>
      <trkpt lat="24.8190925642848" lon="121.27420046366751">
        <ele>324.6</ele>
      </trkpt>
      <trkpt lat="24.819134138524532" lon="121.27430993132293">
        <ele>323.2</ele>
      </trkpt>
      <trkpt lat="24.819146962836385" lon="121.27443515695632">
        <ele>322.2</ele>
      </trkpt>
      <trkpt lat="24.819135395810008" lon="121.27456029877067">
        <ele>321.4</ele>
      </trkpt>
      <trkpt lat="24.819093737751245" lon="121.2746777292341">
        <ele>320.6</ele>
      </trkpt>
      <trkpt lat="24.819030789658427" lon="121.27478216774762">
        <ele>320.4</ele>
      </trkpt>
      <trkpt lat="24.818909000605345" lon="121.27495139837265">
        <ele>321.0</ele>
      </trkpt>
      <trkpt lat="24.81885007582605" lon="121.2750213034451">
        <ele>321.6</ele>
      </trkpt>
      <trkpt lat="24.8188042268157" lon="121.27509078942239">
        <ele>322.2</ele>
      </trkpt>
      <trkpt lat="24.818781344220042" lon="121.27516513690352">
        <ele>323.2</ele>
      </trkpt>
      <trkpt lat="24.81877933256328" lon="121.27523713745177">
        <ele>324.0</ele>
      </trkpt>
      <trkpt lat="24.818792240694165" lon="121.27530679106712">
        <ele>324.4</ele>
      </trkpt>
      <trkpt lat="24.818811854347587" lon="121.2753756903112">
        <ele>324.8</ele>
      </trkpt>
      <trkpt lat="24.818921238183975" lon="121.27564785070717">
        <ele>324.0</ele>
      </trkpt>
      <trkpt lat="24.81896298006177" lon="121.27580794505775">
        <ele>323.2</ele>
      </trkpt>
      <trkpt lat="24.818949485197663" lon="121.275988323614">
        <ele>322.6</ele>
      </trkpt>
      <trkpt lat="24.818930458277464" lon="121.27608270384371">
        <ele>322.2</ele>
      </trkpt>
      <trkpt lat="24.818908497691154" lon="121.27617884427309">
        <ele>322.0</ele>
      </trkpt>
      <trkpt lat="24.81888435781002" lon="121.27637690864503">
        <ele>321.8</ele>
      </trkpt>
      <trkpt lat="24.81893808580935" lon="121.27656013704836">
        <ele>321.2</ele>
      </trkpt>
      <trkpt lat="24.81902902945876" lon="121.27671528607607">
        <ele>321.4</ele>
      </trkpt>
      <trkpt lat="24.81913154013455" lon="121.27685442566872">
        <ele>321.8</ele>
      </trkpt>
      <trkpt lat="24.81950788758695" lon="121.2772798910737">
        <ele>322.8</ele>
      </trkpt>
      <trkpt lat="24.81954937800765" lon="121.27734711393714">
        <ele>323.0</ele>
      </trkpt>
      <trkpt lat="24.819638645276427" lon="121.2775497045368">
        <ele>323.6</ele>
      </trkpt>
      <trkpt lat="24.819669239223003" lon="121.27767585217953">
        <ele>324.0</ele>
      </trkpt>
      <trkpt lat="24.81967485509813" lon="121.27773494459689">
        <ele>324.6</ele>
      </trkpt>
      <trkpt lat="24.81967301107943" lon="121.27779085189104">
        <ele>325.0</ele>
      </trkpt>
      <trkpt lat="24.819667981937528" lon="121.27784357406199">
        <ele>325.6</ele>
      </trkpt>
      <trkpt lat="24.819634957239032" lon="121.27810877747834">
        <ele>326.4</ele>
      </trkpt>
      <trkpt lat="24.8195347096771" lon="121.27841773442924">
        <ele>326.0</ele>
      </trkpt>
      <trkpt lat="24.819408729672432" lon="121.27869173884392">
        <ele>324.4</ele>
      </trkpt>
      <trkpt lat="24.81933589093387" lon="121.27891494892538">
        <ele>323.2</ele>
      </trkpt>
      <trkpt lat="24.819328179582953" lon="121.27907655201852">
        <ele>322.6</ele>
      </trkpt>
      <trkpt lat="24.819327760487795" lon="121.27916288562119">
        <ele>322.2</ele>
      </trkpt>
      <trkpt lat="24.819331113249063" lon="121.27925047650933">
        <ele>322.2</ele>
      </trkpt>
      <trkpt lat="24.8193689994514" lon="121.27961123362184">
        <ele>321.4</ele>
      </trkpt>
      <trkpt lat="24.81940126977861" lon="121.27969547174871">
        <ele>321.0</ele>
      </trkpt>
      <trkpt lat="24.819445023313165" lon="121.27977350726724">
        <ele>320.0</ele>
      </trkpt>
      <trkpt lat="24.819490872323513" lon="121.27985221333802">
        <ele>319.2</ele>
      </trkpt>
      <trkpt lat="24.819600842893124" lon="121.28008900210261">
        <ele>318.4</ele>
      </trkpt>
      <trkpt lat="24.819622049108148" lon="121.28025798127055">
        <ele>318.2</ele>
      </trkpt>
      <trkpt lat="24.819626407697797" lon="121.28034247085452">
        <ele>318.0</ele>
      </trkpt>
      <trkpt lat="24.81964903883636" lon="121.28056920133531">
        <ele>318.0</ele>
      </trkpt>
      <trkpt lat="24.819659180939198" lon="121.2807179801166">
        <ele>318.6</ele>
      </trkpt>
      <trkpt lat="24.819646021351218" lon="121.2808720394969">
        <ele>318.8</ele>
      </trkpt>
      <trkpt lat="24.819564716890454" lon="121.28101193346083">
        <ele>317.6</ele>
      </trkpt>
      <trkpt lat="24.81950495392084" lon="121.28107320517302">
        <ele>316.8</ele>
      </trkpt>
      <trkpt lat="24.819440999999642" lon="121.28112651407719">
        <ele>316.2</ele>
      </trkpt>
      <trkpt lat="24.81938023120165" lon="121.28118175081909">
        <ele>315.6</ele>
      </trkpt>
      <trkpt lat="24.819335136562586" lon="121.28125090152025">
        <ele>315.4</ele>
      </trkpt>
      <trkpt lat="24.81930705718696" lon="121.28140504471958">
        <ele>315.6</ele>
      </trkpt>
      <trkpt lat="24.819321557879448" lon="121.28148643299937">
        <ele>315.4</ele>
      </trkpt>
      <trkpt lat="24.819341003894806" lon="121.28156924620271">
        <ele>315.4</ele>
      </trkpt>
      <trkpt lat="24.819417195394635" lon="121.2818406522274">
        <ele>314.6</ele>
      </trkpt>
      <trkpt lat="24.819484166800976" lon="121.28212722949684">
        <ele>313.2</ele>
      </trkpt>
      <trkpt lat="24.819541834294796" lon="121.28242042846978">
        <ele>311.4</ele>
      </trkpt>
      <trkpt lat="24.819569243118167" lon="121.28261094912887">
        <ele>310.6</ele>
      </trkpt>
      <trkpt lat="24.819659935310483" lon="121.28298469819129">
        <ele>312.6</ele>
      </trkpt>
      <trkpt lat="24.81972137466073" lon="121.28305803984404">
        <ele>312.4</ele>
      </trkpt>
      <trkpt lat="24.81980494223535" lon="121.28311562351882">
        <ele>311.4</ele>
      </trkpt>
      <trkpt lat="24.81990451924503" lon="121.28315661102533">
        <ele>310.2</ele>
      </trkpt>
      <trkpt lat="24.820009544491768" lon="121.28318980336189">
        <ele>309.0</ele>
      </trkpt>
      <trkpt lat="24.820232838392258" lon="121.28324646502733">
        <ele>306.6</ele>
      </trkpt>
      <trkpt lat="24.820351107046008" lon="121.28325895406306">
        <ele>305.4</ele>
      </trkpt>
      <trkpt lat="24.82046996243298" lon="121.28325819969177">
        <ele>303.8</ele>
      </trkpt>
      <trkpt lat="24.820590410381556" lon="121.28325241617858">
        <ele>302.0</ele>
      </trkpt>
      <trkpt lat="24.820822421461344" lon="121.28328200429678">
        <ele>299.8</ele>
      </trkpt>
      <trkpt lat="24.820998357608914" lon="121.28343765623868">
        <ele>297.6</ele>
      </trkpt>
      <trkpt lat="24.82104990631342" lon="121.28354754298925">
        <ele>296.2</ele>
      </trkpt>
      <trkpt lat="24.821075638756156" lon="121.28366178832948">
        <ele>295.0</ele>
      </trkpt>
      <trkpt lat="24.82110313139856" lon="121.283771507442">
        <ele>293.6</ele>
      </trkpt>
      <trkpt lat="24.821144873276353" lon="121.28388089127839">
        <ele>292.0</ele>
      </trkpt>
      <trkpt lat="24.821189381182194" lon="121.28398424014449">
        <ele>290.6</ele>
      </trkpt>
      <trkpt lat="24.821252580732107" lon="121.28406998701394">
        <ele>289.2</ele>
      </trkpt>
      <trkpt lat="24.82133531011641" lon="121.28412270918489">
        <ele>288.0</ele>
      </trkpt>
      <trkpt lat="24.821430277079344" lon="121.28414617851377">
        <ele>287.0</ele>
      </trkpt>
      <trkpt lat="24.8215361405164" lon="121.28415824845433">
        <ele>285.8</ele>
      </trkpt>
      <trkpt lat="24.821641836315393" lon="121.28419001586735">
        <ele>284.4</ele>
      </trkpt>
      <trkpt lat="24.821731355041265" lon="121.28425070084631">
        <ele>283.2</ele>
      </trkpt>
      <trkpt lat="24.82179556041956" lon="121.28433611243963">
        <ele>282.0</ele>
      </trkpt>
      <trkpt lat="24.821818191558123" lon="121.2844345998019">
        <ele>280.8</ele>
      </trkpt>
      <trkpt lat="24.821812491863966" lon="121.28453727811575">
        <ele>279.8</ele>
      </trkpt>
      <trkpt lat="24.82179220765829" lon="121.28463962115347">
        <ele>279.0</ele>
      </trkpt>
      <trkpt lat="24.821767145767808" lon="121.28474322147667">
        <ele>277.8</ele>
      </trkpt>
      <trkpt lat="24.821744095534086" lon="121.28496123477817">
        <ele>276.4</ele>
      </trkpt>
      <trkpt lat="24.82174568809569" lon="121.285071792081">
        <ele>275.6</ele>
      </trkpt>
      <trkpt lat="24.82175071723759" lon="121.28518721088767">
        <ele>275.2</ele>
      </trkpt>
      <trkpt lat="24.82179908081889" lon="121.28553288057446">
        <ele>273.4</ele>
      </trkpt>
      <trkpt lat="24.821852473542094" lon="121.28564402461052">
        <ele>272.2</ele>
      </trkpt>
      <trkpt lat="24.821915673092008" lon="121.28575625829399">
        <ele>270.8</ele>
      </trkpt>
      <trkpt lat="24.8219714127481" lon="121.28587159328163">
        <ele>269.6</ele>
      </trkpt>
      <trkpt lat="24.82201944105327" lon="121.28598927520216">
        <ele>268.6</ele>
      </trkpt>
      <trkpt lat="24.82207015156746" lon="121.28610536456108">
        <ele>268.2</ele>
      </trkpt>
      <trkpt lat="24.82212790288031" lon="121.28621776588261">
        <ele>267.4</ele>
      </trkpt>
      <trkpt lat="24.82220116071403" lon="121.28632513806224">
        <ele>266.6</ele>
      </trkpt>
      <trkpt lat="24.822288332507014" lon="121.2864183448255">
        <ele>265.6</ele>
      </trkpt>
      <trkpt lat="24.822387406602502" lon="121.28649780526757">
        <ele>264.4</ele>
      </trkpt>
      <trkpt lat="24.82260189950466" lon="121.28664465621114">
        <ele>262.2</ele>
      </trkpt>
      <trkpt lat="24.82271086424589" lon="121.28672051243484">
        <ele>260.6</ele>
      </trkpt>
      <trkpt lat="24.822815721854568" lon="121.28679301589727">
        <ele>259.4</ele>
      </trkpt>
      <trkpt lat="24.82302895747125" lon="121.2868956103921">
        <ele>258.0</ele>
      </trkpt>
      <trkpt lat="24.823115961626172" lon="121.28692201338708">
        <ele>258.0</ele>
      </trkpt>
      <trkpt lat="24.82326683588326" lon="121.28700407221913">
        <ele>258.4</ele>
      </trkpt>
      <trkpt lat="24.823321737349033" lon="121.28707196563482">
        <ele>258.2</ele>
      </trkpt>
      <trkpt lat="24.82336205430329" lon="121.28715109080076">
        <ele>258.6</ele>
      </trkpt>
      <trkpt lat="24.82337772846222" lon="121.28733146935701">
        <ele>258.8</ele>
      </trkpt>
      <trkpt lat="24.823301201686263" lon="121.28758217208087">
        <ele>258.6</ele>
      </trkpt>
      <trkpt lat="24.823221573606133" lon="121.28770840354264">
        <ele>258.0</ele>
      </trkpt>
      <trkpt lat="24.82316474430263" lon="121.28774704411626">
        <ele>258.0</ele>
      </trkpt>
      <trkpt lat="24.823102802038193" lon="121.28776766359806">
        <ele>258.0</ele>
      </trkpt>
      <trkpt lat="24.82298780232668" lon="121.28777286037803">
        <ele>259.0</ele>
      </trkpt>
      <trkpt lat="24.822892416268587" lon="121.28776028752327">
        <ele>260.4</ele>
      </trkpt>
      <trkpt lat="24.822807423770428" lon="121.28774276934564">
        <ele>261.6</ele>
      </trkpt>
      <trkpt lat="24.822770208120346" lon="121.28773807547987">
        <ele>261.8</ele>
      </trkpt>
      <trkpt lat="24.822691502049565" lon="121.28772131167352">
        <ele>262.6</ele>
      </trkpt>
      <trkpt lat="24.822588237002492" lon="121.2877003569156">
        <ele>263.8</ele>
      </trkpt>
      <trkpt lat="24.822555296123028" lon="121.2876911368221">
        <ele>264.2</ele>
      </trkpt>
      <trkpt lat="24.822492096573114" lon="121.28767303191125">
        <ele>264.8</ele>
      </trkpt>
      <trkpt lat="24.822365948930383" lon="121.28764503635466">
        <ele>266.0</ele>
      </trkpt>
      <trkpt lat="24.822268970310688" lon="121.28762483596802">
        <ele>266.8</ele>
      </trkpt>
      <trkpt lat="24.822235694155097" lon="121.28761787898839">
        <ele>267.2</ele>
      </trkpt>
      <trkpt lat="24.8220697324723" lon="121.28758770413697">
        <ele>268.4</ele>
      </trkpt>
      <trkpt lat="24.821945764124393" lon="121.28757018595934">
        <ele>269.4</ele>
      </trkpt>
      <trkpt lat="24.821860184893012" lon="121.28754755482078">
        <ele>270.4</ele>
      </trkpt>
      <trkpt lat="24.821832440793514" lon="121.28754193894565">
        <ele>270.6</ele>
      </trkpt>
      <trkpt lat="24.82171148993075" lon="121.28751369193196">
        <ele>271.6</ele>
      </trkpt>
      <trkpt lat="24.821684500202537" lon="121.28750472329557">
        <ele>271.8</ele>
      </trkpt>
      <trkpt lat="24.821660360321403" lon="121.28749642521143">
        <ele>272.0</ele>
      </trkpt>
      <trkpt lat="24.821565225720406" lon="121.28747186623514">
        <ele>272.8</ele>
      </trkpt>
      <trkpt lat="24.82151468284428" lon="121.28746096976101">
        <ele>273.4</ele>
      </trkpt>
      <trkpt lat="24.82142273336649" lon="121.28743247129023">
        <ele>274.0</ele>
      </trkpt>
      <trkpt lat="24.8213202226907" lon="121.28739559091628">
        <ele>275.2</ele>
      </trkpt>
      <trkpt lat="24.821198098361492" lon="121.28733985126019">
        <ele>276.2</ele>
      </trkpt>
      <trkpt lat="24.82113992795348" lon="121.28731939941645">
        <ele>276.8</ele>
      </trkpt>
      <trkpt lat="24.821088714525104" lon="121.28730699419975">
        <ele>277.4</ele>
      </trkpt>
      <trkpt lat="24.820980168879032" lon="121.28728662617505">
        <ele>278.6</ele>
      </trkpt>
      <trkpt lat="24.82093021273613" lon="121.28727279603481">
        <ele>279.2</ele>
      </trkpt>
      <trkpt lat="24.82086868956685" lon="121.28726022318006">
        <ele>279.8</ele>
      </trkpt>
      <trkpt lat="24.820775650441647" lon="121.28724572248757">
        <ele>281.0</ele>
      </trkpt>
      <trkpt lat="24.820646569132805" lon="121.28723356872797">
        <ele>282.2</ele>
      </trkpt>
      <trkpt lat="24.820569707080722" lon="121.28723214380443">
        <ele>283.0</ele>
      </trkpt>
      <trkpt lat="24.820518409833312" lon="121.28724404610693">
        <ele>283.4</ele>
      </trkpt>
      <trkpt lat="24.820428723469377" lon="121.28729190677404">
        <ele>283.8</ele>
      </trkpt>
      <trkpt lat="24.82027592137456" lon="121.28743506968021">
        <ele>284.4</ele>
      </trkpt>
      <trkpt lat="24.820173494517803" lon="121.28762156702578">
        <ele>285.4</ele>
      </trkpt>
      <trkpt lat="24.820139799267054" lon="121.28768065944314">
        <ele>285.6</ele>
      </trkpt>
      <trkpt lat="24.820068636909127" lon="121.28783371299505">
        <ele>286.0</ele>
      </trkpt>
      <trkpt lat="24.820016166195273" lon="121.28792717121542">
        <ele>286.6</ele>
      </trkpt>
      <trkpt lat="24.81995154172182" lon="121.28804636187851">
        <ele>287.6</ele>
      </trkpt>
      <trkpt lat="24.819881049916148" lon="121.28816613927484">
        <ele>288.8</ele>
      </trkpt>
      <trkpt lat="24.819812569767237" lon="121.28828943707049">
        <ele>290.0</ele>
      </trkpt>
      <trkpt lat="24.81979857198894" lon="121.28831877373159">
        <ele>290.2</ele>
      </trkpt>
      <trkpt lat="24.81972045265138" lon="121.2884979788214">
        <ele>291.0</ele>
      </trkpt>
      <trkpt lat="24.81966756284237" lon="121.28861859440804">
        <ele>292.0</ele>
      </trkpt>
      <trkpt lat="24.81961727142334" lon="121.28877877257764">
        <ele>293.2</ele>
      </trkpt>
      <trkpt lat="24.819569662213326" lon="121.28891338594258">
        <ele>294.2</ele>
      </trkpt>
      <trkpt lat="24.819558011367917" lon="121.288943560794">
        <ele>294.4</ele>
      </trkpt>
      <trkpt lat="24.81951710768044" lon="121.28906995989382">
        <ele>295.4</ele>
      </trkpt>
      <trkpt lat="24.819494308903813" lon="121.28913290798664">
        <ele>295.8</ele>
      </trkpt>
      <trkpt lat="24.819442927837372" lon="121.28926869481802">
        <ele>296.6</ele>
      </trkpt>
      <trkpt lat="24.819388361647725" lon="121.28945720382035">
        <ele>297.0</ele>
      </trkpt>
      <trkpt lat="24.819396156817675" lon="121.28962676972151">
        <ele>297.0</ele>
      </trkpt>
      <trkpt lat="24.819405879825354" lon="121.28967186436057">
        <ele>297.2</ele>
      </trkpt>
      <trkpt lat="24.81942373327911" lon="121.28971880301833">
        <ele>297.0</ele>
      </trkpt>
      <trkpt lat="24.819517778232694" lon="121.28993974998593">
        <ele>297.6</ele>
      </trkpt>
      <trkpt lat="24.819545019418" lon="121.29007151350379">
        <ele>298.0</ele>
      </trkpt>
      <trkpt lat="24.819551138207316" lon="121.29020361229777">
        <ele>298.4</ele>
      </trkpt>
      <trkpt lat="24.819529680535197" lon="121.29040075466037">
        <ele>298.6</ele>
      </trkpt>
      <trkpt lat="24.819515347480774" lon="121.29055640660226">
        <ele>298.8</ele>
      </trkpt>
      <trkpt lat="24.819483077153563" lon="121.29078540019691">
        <ele>298.8</ele>
      </trkpt>
      <trkpt lat="24.819440245628357" lon="121.29088724032044">
        <ele>298.8</ele>
      </trkpt>
      <trkpt lat="24.81937645934522" lon="121.29097349010408">
        <ele>298.8</ele>
      </trkpt>
      <trkpt lat="24.819307392463088" lon="121.29103903658688">
        <ele>299.2</ele>
      </trkpt>
      <trkpt lat="24.819236984476447" lon="121.29108698107302">
        <ele>299.8</ele>
      </trkpt>
      <trkpt lat="24.81911402195692" lon="121.2911604065448">
        <ele>301.2</ele>
      </trkpt>
      <trkpt lat="24.819028191268444" lon="121.29120625555515">
        <ele>302.4</ele>
      </trkpt>
      <trkpt lat="24.818905228748918" lon="121.2912536971271">
        <ele>303.2</ele>
      </trkpt>
      <trkpt lat="24.818874886259437" lon="121.29125730134547">
        <ele>303.4</ele>
      </trkpt>
      <trkpt lat="24.818757455796003" lon="121.29125319421291">
        <ele>304.6</ele>
      </trkpt>
      <trkpt lat="24.818731555715203" lon="121.29124724306166">
        <ele>305.0</ele>
      </trkpt>
      <trkpt lat="24.818681683391333" lon="121.29123886115849">
        <ele>306.0</ele>
      </trkpt>
      <trkpt lat="24.818584453314543" lon="121.29120223224163">
        <ele>307.2</ele>
      </trkpt>
      <trkpt lat="24.818553440272808" lon="121.29119602963328">
        <ele>307.4</ele>
      </trkpt>
      <trkpt lat="24.81847490184009" lon="121.29117574542761">
        <ele>308.4</ele>
      </trkpt>
      <trkpt lat="24.81835462152958" lon="121.29115470685065">
        <ele>309.0</ele>
      </trkpt>
      <trkpt lat="24.818297205492854" lon="121.29113148897886">
        <ele>309.4</ele>
      </trkpt>
      <trkpt lat="24.818180445581675" lon="121.29110416397452">
        <ele>310.4</ele>
      </trkpt>
      <trkpt lat="24.818152030929923" lon="121.29109687171876">
        <ele>310.6</ele>
      </trkpt>
      <trkpt lat="24.817938962951303" lon="121.29103811457753">
        <ele>311.6</ele>
      </trkpt>
      <trkpt lat="24.817906776443124" lon="121.29102973267436">
        <ele>311.6</ele>
      </trkpt>
      <trkpt lat="24.81769354082644" lon="121.29098430275917">
        <ele>312.4</ele>
      </trkpt>
      <trkpt lat="24.81766177341342" lon="121.29098195582628">
        <ele>312.6</ele>
      </trkpt>
      <trkpt lat="24.817382907494903" lon="121.29094641655684">
        <ele>313.4</ele>
      </trkpt>
      <trkpt lat="24.817071855068207" lon="121.2909206841141">
        <ele>313.8</ele>
      </trkpt>
      <trkpt lat="24.816868510097265" lon="121.2909048423171">
        <ele>314.8</ele>
      </trkpt>
      <trkpt lat="24.816704224795103" lon="121.29088531248271">
        <ele>315.2</ele>
      </trkpt>
      <trkpt lat="24.816511692479253" lon="121.29095546901226">
        <ele>315.4</ele>
      </trkpt>
      <trkpt lat="24.81641337275505" lon="121.29108924418688">
        <ele>315.6</ele>
      </trkpt>
      <trkpt lat="24.816400883719325" lon="121.29112998023629">
        <ele>315.6</ele>
      </trkpt>
      <trkpt lat="24.816376995295286" lon="121.29127364605665">
        <ele>315.4</ele>
      </trkpt>
      <trkpt lat="24.816363835707307" lon="121.29138311371207">
        <ele>315.2</ele>
      </trkpt>
      <trkpt lat="24.816284039989114" lon="121.29176516085863">
        <ele>313.8</ele>
      </trkpt>
      <trkpt lat="24.816199047490954" lon="121.29189315252006">
        <ele>312.6</ele>
      </trkpt>
      <trkpt lat="24.816097039729357" lon="121.29201770760119">
        <ele>311.6</ele>
      </trkpt>
      <trkpt lat="24.815834015607834" lon="121.29226480610669">
        <ele>311.4</ele>
      </trkpt>
      <trkpt lat="24.815555401146412" lon="121.2924730964005">
        <ele>312.4</ele>
      </trkpt>
      <trkpt lat="24.815496560186148" lon="121.29250352270901">
        <ele>312.4</ele>
      </trkpt>
      <trkpt lat="24.815311739221215" lon="121.29257518798113">
        <ele>312.2</ele>
      </trkpt>
      <trkpt lat="24.815242253243923" lon="121.29258851520717">
        <ele>312.0</ele>
      </trkpt>
      <trkpt lat="24.815003871917725" lon="121.29260544665158">
        <ele>310.4</ele>
      </trkpt>
      <trkpt lat="24.814825421199203" lon="121.29262682050467">
        <ele>308.8</ele>
      </trkpt>
      <trkpt lat="24.81467328965664" lon="121.2927318457514">
        <ele>307.4</ele>
      </trkpt>
      <trkpt lat="24.814585112035275" lon="121.29290945827961">
        <ele>306.0</ele>
      </trkpt>
      <trkpt lat="24.814505400136113" lon="121.29311841912568">
        <ele>304.0</ele>
      </trkpt>
      <trkpt lat="24.81441537849605" lon="121.29334447905421">
        <ele>302.6</ele>
      </trkpt>
      <trkpt lat="24.814365170896053" lon="121.29345168359578">
        <ele>302.0</ele>
      </trkpt>
      <trkpt lat="24.81427028775215" lon="121.2936436291784">
        <ele>301.6</ele>
      </trkpt>
      <trkpt lat="24.81423449702561" lon="121.29373591393232">
        <ele>301.6</ele>
      </trkpt>
      <trkpt lat="24.814218319952488" lon="121.29382777959108">
        <ele>301.8</ele>
      </trkpt>
      <trkpt lat="24.814226953312755" lon="121.29391763359308">
        <ele>302.0</ele>
      </trkpt>
      <trkpt lat="24.814292583614588" lon="121.29409172572196">
        <ele>302.2</ele>
      </trkpt>
      <trkpt lat="24.814399117603898" lon="121.29436573013663">
        <ele>300.8</ele>
      </trkpt>
      <trkpt lat="24.814396603032947" lon="121.29448282532394">
        <ele>300.0</ele>
      </trkpt>
      <trkpt lat="24.814364667981863" lon="121.29459832794964">
        <ele>298.8</ele>
      </trkpt>
      <trkpt lat="24.81432200409472" lon="121.2947126571089">
        <ele>298.0</ele>
      </trkpt>
      <trkpt lat="24.814291074872017" lon="121.29482757300138">
        <ele>297.4</ele>
      </trkpt>
      <trkpt lat="24.814310604706407" lon="121.29505162127316">
        <ele>296.6</ele>
      </trkpt>
      <trkpt lat="24.81436701491475" lon="121.29513803869486">
        <ele>296.2</ele>
      </trkpt>
      <trkpt lat="24.814442116767168" lon="121.29521037451923">
        <ele>295.6</ele>
      </trkpt>
      <trkpt lat="24.814526606351137" lon="121.29527206532657">
        <ele>295.0</ele>
      </trkpt>
      <trkpt lat="24.814618807286024" lon="121.29532068036497">
        <ele>294.2</ele>
      </trkpt>
      <trkpt lat="24.814714193344116" lon="121.29537080414593">
        <ele>293.4</ele>
      </trkpt>
      <trkpt lat="24.814793234691024" lon="121.29545085132122">
        <ele>293.0</ele>
      </trkpt>
      <trkpt lat="24.814842185005546" lon="121.29555453546345">
        <ele>292.8</ele>
      </trkpt>
      <trkpt lat="24.814863726496696" lon="121.29566098563373">
        <ele>292.4</ele>
      </trkpt>
      <trkpt lat="24.814897840842605" lon="121.2958646658808">
        <ele>291.6</ele>
      </trkpt>
      <trkpt lat="24.81494997628033" lon="121.29595284350216">
        <ele>291.2</ele>
      </trkpt>
      <trkpt lat="24.815024994313717" lon="121.29602082073689">
        <ele>290.4</ele>
      </trkpt>
      <trkpt lat="24.81511258520186" lon="121.2960805837065">
        <ele>289.4</ele>
      </trkpt>
      <trkpt lat="24.81520403176546" lon="121.29614277742803">
        <ele>288.4</ele>
      </trkpt>
      <trkpt lat="24.815296148881316" lon="121.2962116766721">
        <ele>287.2</ele>
      </trkpt>
      <trkpt lat="24.815481808036566" lon="121.29634159617126">
        <ele>285.8</ele>
      </trkpt>
      <trkpt lat="24.815834183245897" lon="121.2966155167669">
        <ele>285.0</ele>
      </trkpt>
      <trkpt lat="24.815964940935373" lon="121.29680000245571">
        <ele>284.2</ele>
      </trkpt>
      <trkpt lat="24.816006682813168" lon="121.2969112303108">
        <ele>283.8</ele>
      </trkpt>
      <trkpt lat="24.816041216254234" lon="121.29702597856522">
        <ele>283.0</ele>
      </trkpt>
      <trkpt lat="24.816082203760743" lon="121.2971356138587">
        <ele>282.0</ele>
      </trkpt>
      <trkpt lat="24.816191168501973" lon="121.2973444070667">
        <ele>280.4</ele>
      </trkpt>
      <trkpt lat="24.816257804632187" lon="121.29744130186737">
        <ele>279.2</ele>
      </trkpt>
      <trkpt lat="24.816396860405803" lon="121.29763022996485">
        <ele>278.2</ele>
      </trkpt>
      <trkpt lat="24.816542034968734" lon="121.29779384471476">
        <ele>277.2</ele>
      </trkpt>
      <trkpt lat="24.816606575623155" lon="121.29788084886968">
        <ele>276.8</ele>
      </trkpt>
      <trkpt lat="24.816645132377744" lon="121.29798914305866">
        <ele>276.0</ele>
      </trkpt>
      <trkpt lat="24.81666650623083" lon="121.29810548387468">
        <ele>274.6</ele>
      </trkpt>
      <trkpt lat="24.81670992448926" lon="121.29835233092308">
        <ele>272.4</ele>
      </trkpt>
      <trkpt lat="24.816740350797772" lon="121.29848032258451">
        <ele>271.2</ele>
      </trkpt>
      <trkpt lat="24.816769938915968" lon="121.29860546439886">
        <ele>270.0</ele>
      </trkpt>
      <trkpt lat="24.81681603938341" lon="121.29884770140052">
        <ele>267.6</ele>
      </trkpt>
      <trkpt lat="24.816825427114964" lon="121.29896127618849">
        <ele>266.4</ele>
      </trkpt>
      <trkpt lat="24.816823499277234" lon="121.2990728393197">
        <ele>265.6</ele>
      </trkpt>
      <trkpt lat="24.816794162616134" lon="121.29917576909065">
        <ele>265.2</ele>
      </trkpt>
      <trkpt lat="24.8167406860739" lon="121.29926855675876">
        <ele>264.8</ele>
      </trkpt>
      <trkpt lat="24.816664746031165" lon="121.29945379681885">
        <ele>264.2</ele>
      </trkpt>
      <trkpt lat="24.816662231460214" lon="121.2996518611908">
        <ele>264.0</ele>
      </trkpt>
      <trkpt lat="24.81674127280712" lon="121.29983961582184">
        <ele>263.0</ele>
      </trkpt>
      <trkpt lat="24.816788965836167" lon="121.29993349313736">
        <ele>262.4</ele>
      </trkpt>
      <trkpt lat="24.816805059090257" lon="121.30004019476473">
        <ele>261.8</ele>
      </trkpt>
      <trkpt lat="24.816794665530324" lon="121.30015016533434">
        <ele>261.0</ele>
      </trkpt>
      <trkpt lat="24.816772202029824" lon="121.30025058053434">
        <ele>260.4</ele>
      </trkpt>
      <trkpt lat="24.816703889518976" lon="121.30042576231062">
        <ele>261.4</ele>
      </trkpt>
      <trkpt lat="24.816648988053203" lon="121.30048636347055">
        <ele>262.0</ele>
      </trkpt>
      <trkpt lat="24.816584195941687" lon="121.30053531378508">
        <ele>262.8</ele>
      </trkpt>
      <trkpt lat="24.81652091257274" lon="121.30056942813098">
        <ele>263.8</ele>
      </trkpt>
      <trkpt lat="24.816332319751382" lon="121.3006429374218">
        <ele>265.0</ele>
      </trkpt>
      <trkpt lat="24.816274400800467" lon="121.30067269317806">
        <ele>265.4</ele>
      </trkpt>
      <trkpt lat="24.816225869581103" lon="121.30071443505585">
        <ele>265.8</ele>
      </trkpt>
      <trkpt lat="24.816186474636197" lon="121.30077486857772">
        <ele>266.2</ele>
      </trkpt>
      <trkpt lat="24.816139452159405" lon="121.30093680694699">
        <ele>266.2</ele>
      </trkpt>
      <trkpt lat="24.81609276495874" lon="121.30111768841743">
        <ele>265.4</ele>
      </trkpt>
      <trkpt lat="24.816070217639208" lon="121.30121315829456">
        <ele>264.8</ele>
      </trkpt>
      <trkpt lat="24.816011963412166" lon="121.3014146592468">
        <ele>264.0</ele>
      </trkpt>
      <trkpt lat="24.81597164645791" lon="121.3015134818852">
        <ele>263.6</ele>
      </trkpt>
      <trkpt lat="24.815850192680955" lon="121.30178765393794">
        <ele>262.8</ele>
      </trkpt>
      <trkpt lat="24.815829154103994" lon="121.30187482573092">
        <ele>262.4</ele>
      </trkpt>
      <trkpt lat="24.815779700875282" lon="121.30211161449552">
        <ele>264.0</ele>
      </trkpt>
      <trkpt lat="24.815762769430876" lon="121.30217866972089">
        <ele>264.8</ele>
      </trkpt>
      <trkpt lat="24.815752878785133" lon="121.30224086344242">
        <ele>265.2</ele>
      </trkpt>
      <trkpt lat="24.815732343122363" lon="121.30230657756329">
        <ele>266.0</ele>
      </trkpt>
      <trkpt lat="24.815713986754417" lon="121.30236491560936">
        <ele>266.4</ele>
      </trkpt>
      <trkpt lat="24.815698564052582" lon="121.30242241546512">
        <ele>267.0</ele>
      </trkpt>
      <trkpt lat="24.81568423099816" lon="121.30248201079667">
        <ele>267.6</ele>
      </trkpt>
      <trkpt lat="24.815633604303002" lon="121.30265761166811">
        <ele>268.6</ele>
      </trkpt>
      <trkpt lat="24.81556755490601" lon="121.30281317979097">
        <ele>269.2</ele>
      </trkpt>
      <trkpt lat="24.81552899815142" lon="121.30291015841067">
        <ele>269.8</ele>
      </trkpt>
      <trkpt lat="24.815460769459605" lon="121.3030656427145">
        <ele>271.0</ele>
      </trkpt>
      <trkpt lat="24.81543369591236" lon="121.30318089388311">
        <ele>272.0</ele>
      </trkpt>
      <trkpt lat="24.81542531400919" lon="121.30333629436791">
        <ele>272.8</ele>
      </trkpt>
      <trkpt lat="24.815429085865617" lon="121.30341717973351">
        <ele>273.0</ele>
      </trkpt>
      <trkpt lat="24.815448950976133" lon="121.30366126075387">
        <ele>274.2</ele>
      </trkpt>
      <trkpt lat="24.81546336784959" lon="121.30369973368943">
        <ele>274.4</ele>
      </trkpt>
      <trkpt lat="24.815528746694326" lon="121.30381347611547">
        <ele>275.2</ele>
      </trkpt>
      <trkpt lat="24.815618935972452" lon="121.3039274699986">
        <ele>275.6</ele>
      </trkpt>
      <trkpt lat="24.815736785531044" lon="121.30408412776887">
        <ele>276.0</ele>
      </trkpt>
      <trkpt lat="24.815774420276284" lon="121.30416920408607">
        <ele>276.2</ele>
      </trkpt>
      <trkpt lat="24.815787663683295" lon="121.30421790294349">
        <ele>276.0</ele>
      </trkpt>
      <trkpt lat="24.815861843526363" lon="121.30445888265967">
        <ele>276.8</ele>
      </trkpt>
      <trkpt lat="24.815878523513675" lon="121.30449710413814">
        <ele>277.2</ele>
      </trkpt>
      <trkpt lat="24.815887408331037" lon="121.30453951656818">
        <ele>277.4</ele>
      </trkpt>
      <trkpt lat="24.815918002277613" lon="121.30463297478855">
        <ele>278.0</ele>
      </trkpt>
      <trkpt lat="24.815940968692303" lon="121.30468234419823">
        <ele>278.4</ele>
      </trkpt>
      <trkpt lat="24.81600735336542" lon="121.30483724176884">
        <ele>279.0</ele>
      </trkpt>
      <trkpt lat="24.81605269946158" lon="121.30494176410139">
        <ele>278.8</ele>
      </trkpt>
      <trkpt lat="24.816236263141036" lon="121.30526069551706">
        <ele>277.6</ele>
      </trkpt>
      <trkpt lat="24.816284710541368" lon="121.30531903356314">
        <ele>277.0</ele>
      </trkpt>
      <trkpt lat="24.816424436867237" lon="121.30539773963392">
        <ele>275.0</ele>
      </trkpt>
      <trkpt lat="24.816584028303623" lon="121.3054381404072">
        <ele>273.4</ele>
      </trkpt>
      <trkpt lat="24.81675300747156" lon="121.30549983121455">
        <ele>272.8</ele>
      </trkpt>
      <trkpt lat="24.81683984398842" lon="121.30567576736212">
        <ele>272.6</ele>
      </trkpt>
      <trkpt lat="24.816860714927316" lon="121.3058821298182">
        <ele>272.2</ele>
      </trkpt>
      <trkpt lat="24.816857697442174" lon="121.30599008873105">
        <ele>271.6</ele>
      </trkpt>
      <trkpt lat="24.816873036324978" lon="121.30609930492938">
        <ele>270.4</ele>
      </trkpt>
      <trkpt lat="24.816920896992087" lon="121.30630482919514">
        <ele>269.0</ele>
      </trkpt>
      <trkpt lat="24.817036651074886" lon="121.3064622413367">
        <ele>267.8</ele>
      </trkpt>
      <trkpt lat="24.81711451895535" lon="121.30651161074638">
        <ele>267.4</ele>
      </trkpt>
      <trkpt lat="24.817200433462858" lon="121.3065417855978">
        <ele>267.0</ele>
      </trkpt>
      <trkpt lat="24.817291041836143" lon="121.30656198598444">
        <ele>266.4</ele>
      </trkpt>
      <trkpt lat="24.817381566390395" lon="121.30658118054271">
        <ele>266.4</ele>
      </trkpt>
      <trkpt lat="24.817554065957665" lon="121.30663583055139">
        <ele>265.8</ele>
      </trkpt>
      <trkpt lat="24.81768725439906" lon="121.30675594322383">
        <ele>265.2</ele>
      </trkpt>
      <trkpt lat="24.817795464769006" lon="121.3069025427103">
        <ele>264.2</ele>
      </trkpt>
      <trkpt lat="24.81783628463745" lon="121.30698636174202">
        <ele>264.0</ele>
      </trkpt>
      <trkpt lat="24.817862352356315" lon="121.30707923322916">
        <ele>263.6</ele>
      </trkpt>
      <trkpt lat="24.817875176668167" lon="121.30717788822949">
        <ele>263.2</ele>
      </trkpt>
      <trkpt lat="24.81786352582276" lon="121.30737075582147">
        <ele>262.2</ele>
      </trkpt>
      <trkpt lat="24.81785145588219" lon="121.30747318267822">
        <ele>261.6</ele>
      </trkpt>
      <trkpt lat="24.817839050665498" lon="121.30769211798906">
        <ele>260.4</ele>
      </trkpt>
      <trkpt lat="24.817821364849806" lon="121.30802596919239">
        <ele>259.6</ele>
      </trkpt>
      <trkpt lat="24.81779127381742" lon="121.30859786644578">
        <ele>259.6</ele>
      </trkpt>
      <trkpt lat="24.817782724276185" lon="121.30882292054594">
        <ele>259.6</ele>
      </trkpt>
      <trkpt lat="24.817669903859496" lon="121.30898443982005">
        <ele>260.2</ele>
      </trkpt>
      <trkpt lat="24.817488184198737" lon="121.30901260301471">
        <ele>261.0</ele>
      </trkpt>
      <trkpt lat="24.817320043221116" lon="121.30902584642172">
        <ele>261.4</ele>
      </trkpt>
      <trkpt lat="24.81724929995835" lon="121.30906792357564">
        <ele>261.4</ele>
      </trkpt>
      <trkpt lat="24.817196913063526" lon="121.30912751890719">
        <ele>261.2</ele>
      </trkpt>
      <trkpt lat="24.81711409986019" lon="121.30925014615059">
        <ele>261.4</ele>
      </trkpt>
      <trkpt lat="24.817071352154016" lon="121.3093027845025">
        <ele>261.6</ele>
      </trkpt>
      <trkpt lat="24.816914359107614" lon="121.30952197127044">
        <ele>262.6</ele>
      </trkpt>
      <trkpt lat="24.816803550347686" lon="121.30967913195491">
        <ele>263.4</ele>
      </trkpt>
      <trkpt lat="24.816721994429827" lon="121.309779798612">
        <ele>263.8</ele>
      </trkpt>
      <trkpt lat="24.81665577739477" lon="121.30989035591483">
        <ele>264.0</ele>
      </trkpt>
      <trkpt lat="24.816616298630834" lon="121.31002069450915">
        <ele>264.4</ele>
      </trkpt>
      <trkpt lat="24.816629709675908" lon="121.31015094928443">
        <ele>264.8</ele>
      </trkpt>
      <trkpt lat="24.8166595492512" lon="121.31021104753017">
        <ele>265.0</ele>
      </trkpt>
      <trkpt lat="24.816700955852866" lon="121.31026117131114">
        <ele>265.2</ele>
      </trkpt>
      <trkpt lat="24.81680908240378" lon="121.31033836863935">
        <ele>265.6</ele>
      </trkpt>
      <trkpt lat="24.816940426826477" lon="121.31037290208042">
        <ele>265.8</ele>
      </trkpt>
      <trkpt lat="24.817073196172714" lon="121.31039469502866">
        <ele>265.8</ele>
      </trkpt>
      <trkpt lat="24.817257514223456" lon="121.31044456735253">
        <ele>266.0</ele>
      </trkpt>
      <trkpt lat="24.817308727651834" lon="121.3104862254113">
        <ele>266.2</ele>
      </trkpt>
      <trkpt lat="24.8173466976732" lon="121.3105396181345">
        <ele>266.2</ele>
      </trkpt>
      <trkpt lat="24.81739397160709" lon="121.31064422428608">
        <ele>267.0</ele>
      </trkpt>
      <trkpt lat="24.817402688786387" lon="121.31069309078157">
        <ele>267.4</ele>
      </trkpt>
      <trkpt lat="24.81741115450859" lon="121.31073483265936">
        <ele>267.8</ele>
      </trkpt>
      <trkpt lat="24.817413669079542" lon="121.31077699363232">
        <ele>268.4</ele>
      </trkpt>
      <trkpt lat="24.817412411794066" lon="121.31090481765568">
        <ele>269.8</ele>
      </trkpt>
      <trkpt lat="24.81741844676435" lon="121.31094614043832">
        <ele>270.2</ele>
      </trkpt>
      <trkpt lat="24.817443173378706" lon="121.3110230024904">
        <ele>271.0</ele>
      </trkpt>
      <trkpt lat="24.817495476454496" lon="121.3111126050353">
        <ele>272.2</ele>
      </trkpt>
      <trkpt lat="24.81751911342144" lon="121.31113590672612">
        <ele>272.4</ele>
      </trkpt>
      <trkpt lat="24.81760167516768" lon="121.31119223311543">
        <ele>273.2</ele>
      </trkpt>
      <trkpt lat="24.817629670724273" lon="121.3112077396363">
        <ele>273.4</ele>
      </trkpt>
      <trkpt lat="24.81768080033362" lon="121.31123313680291">
        <ele>273.8</ele>
      </trkpt>
      <trkpt lat="24.81774726882577" lon="121.31123481318355">
        <ele>274.4</ele>
      </trkpt>
      <trkpt lat="24.81781139038503" lon="121.31121880374849">
        <ele>274.8</ele>
      </trkpt>
      <trkpt lat="24.81789722107351" lon="121.31116071715951">
        <ele>275.4</ele>
      </trkpt>
      <trkpt lat="24.817952290177345" lon="121.31110372021794">
        <ele>275.6</ele>
      </trkpt>
      <trkpt lat="24.81799696572125" lon="121.31103892810643">
        <ele>276.6</ele>
      </trkpt>
      <trkpt lat="24.81804884970188" lon="121.31093021482229">
        <ele>277.6</ele>
      </trkpt>
      <trkpt lat="24.818065110594034" lon="121.31089056842029">
        <ele>277.8</ele>
      </trkpt>
      <trkpt lat="24.818162508308887" lon="121.31069535389543">
        <ele>278.8</ele>
      </trkpt>
      <trkpt lat="24.818201065063477" lon="121.31063139997423">
        <ele>279.0</ele>
      </trkpt>
      <trkpt lat="24.81829024851322" lon="121.31047784350812">
        <ele>279.8</ele>
      </trkpt>
      <trkpt lat="24.81833023019135" lon="121.31042352877557">
        <ele>280.0</ele>
      </trkpt>
      <trkpt lat="24.81850122101605" lon="121.31026452407241">
        <ele>280.0</ele>
      </trkpt>
      <trkpt lat="24.818654023110867" lon="121.3101870752871">
        <ele>281.0</ele>
      </trkpt>
      <trkpt lat="24.818782852962613" lon="121.31015396676958">
        <ele>281.8</ele>
      </trkpt>
      <trkpt lat="24.818817721679807" lon="121.31014441139996">
        <ele>282.0</ele>
      </trkpt>
      <trkpt lat="24.81901377439499" lon="121.31007978692651">
        <ele>282.6</ele>
      </trkpt>
      <trkpt lat="24.819094156846404" lon="121.31005715578794">
        <ele>282.6</ele>
      </trkpt>
      <trkpt lat="24.819252490997314" lon="121.31000535562634">
        <ele>283.0</ele>
      </trkpt>
      <trkpt lat="24.81934117153287" lon="121.30999253131449">
        <ele>283.0</ele>
      </trkpt>
      <trkpt lat="24.819478886201978" lon="121.30998549051583">
        <ele>283.2</ele>
      </trkpt>
      <trkpt lat="24.819616181775928" lon="121.31002455018461">
        <ele>283.4</ele>
      </trkpt>
      <trkpt lat="24.819794548675418" lon="121.31017257459462">
        <ele>284.0</ele>
      </trkpt>
      <trkpt lat="24.819930586963892" lon="121.3102957047522">
        <ele>284.8</ele>
      </trkpt>
      <trkpt lat="24.819964533671737" lon="121.31038094870746">
        <ele>285.0</ele>
      </trkpt>
      <trkpt lat="24.819969478994608" lon="121.31042378023267">
        <ele>285.2</ele>
      </trkpt>
      <trkpt lat="24.82005220837891" lon="121.3108070846647">
        <ele>285.6</ele>
      </trkpt>
      <trkpt lat="24.82008053921163" lon="121.31085678935051">
        <ele>285.4</ele>
      </trkpt>
      <trkpt lat="24.820115575566888" lon="121.31090330891311">
        <ele>285.0</ele>
      </trkpt>
      <trkpt lat="24.82019134797156" lon="121.3110005389899">
        <ele>284.0</ele>
      </trkpt>
      <trkpt lat="24.820235688239336" lon="121.31105267442763">
        <ele>283.4</ele>
      </trkpt>
      <trkpt lat="24.820284554734826" lon="121.31110682152212">
        <ele>282.8</ele>
      </trkpt>
      <trkpt lat="24.820420341566205" lon="121.31128879263997">
        <ele>282.6</ele>
      </trkpt>
      <trkpt lat="24.820452025160193" lon="121.31135366857052">
        <ele>282.6</ele>
      </trkpt>
      <trkpt lat="24.820475410670042" lon="121.31142248399556">
        <ele>282.8</ele>
      </trkpt>
      <trkpt lat="24.820554116740823" lon="121.31163395941257">
        <ele>281.4</ele>
      </trkpt>
      <trkpt lat="24.820580016821623" lon="121.31170646287501">
        <ele>280.6</ele>
      </trkpt>
      <trkpt lat="24.820608934387565" lon="121.31178072653711">
        <ele>280.0</ele>
      </trkpt>
      <trkpt lat="24.820714378729463" lon="121.31200200878084">
        <ele>279.4</ele>
      </trkpt>
      <trkpt lat="24.82082367874682" lon="121.31212547421455">
        <ele>279.0</ele>
      </trkpt>
      <trkpt lat="24.821257861331105" lon="121.31251179613173">
        <ele>277.6</ele>
      </trkpt>
      <trkpt lat="24.821516359224916" lon="121.31267448887229">
        <ele>277.4</ele>
      </trkpt>
      <trkpt lat="24.821587102487683" lon="121.31270064041018">
        <ele>277.2</ele>
      </trkpt>
      <trkpt lat="24.821874015033245" lon="121.31280147470534">
        <ele>277.4</ele>
      </trkpt>
      <trkpt lat="24.82202815823257" lon="121.31279284134507">
        <ele>278.2</ele>
      </trkpt>
      <trkpt lat="24.822245500981808" lon="121.31272645667195">
        <ele>278.0</ele>
      </trkpt>
      <trkpt lat="24.82237952761352" lon="121.31266233511269">
        <ele>278.4</ele>
      </trkpt>
      <trkpt lat="24.822444319725037" lon="121.3126288075">
        <ele>278.8</ele>
      </trkpt>
      <trkpt lat="24.822788313031197" lon="121.31246058270335">
        <ele>277.2</ele>
      </trkpt>
      <trkpt lat="24.82291747815907" lon="121.31239947862923">
        <ele>276.6</ele>
      </trkpt>
      <trkpt lat="24.823421146720648" lon="121.3121279887855">
        <ele>277.6</ele>
      </trkpt>
      <trkpt lat="24.82373697683215" lon="121.31195314228535">
        <ele>278.2</ele>
      </trkpt>
      <trkpt lat="24.823861699551344" lon="121.31189497187734">
        <ele>278.2</ele>
      </trkpt>
      <trkpt lat="24.823992373421788" lon="121.3118499610573">
        <ele>277.8</ele>
      </trkpt>
      <trkpt lat="24.824128495529294" lon="121.31183068268001">
        <ele>277.2</ele>
      </trkpt>
      <trkpt lat="24.824197394773364" lon="121.31182045675814">
        <ele>277.0</ele>
      </trkpt>
      <trkpt lat="24.82471506111324" lon="121.31172724999487">
        <ele>276.8</ele>
      </trkpt>
      <trkpt lat="24.825087385252118" lon="121.31153790280223">
        <ele>278.4</ele>
      </trkpt>
      <trkpt lat="24.825228368863463" lon="121.3114550895989">
        <ele>279.4</ele>
      </trkpt>
      <trkpt lat="24.825397599488497" lon="121.31135065108538">
        <ele>280.2</ele>
      </trkpt>
      <trkpt lat="24.82543590478599" lon="121.3113287743181">
        <ele>280.6</ele>
      </trkpt>
      <trkpt lat="24.825527099892497" lon="121.31127638742328">
        <ele>281.8</ele>
      </trkpt>
      <trkpt lat="24.825570099055767" lon="121.31125710904598">
        <ele>282.4</ele>
      </trkpt>
      <trkpt lat="24.8256167024374" lon="121.31123397499323">
        <ele>282.8</ele>
      </trkpt>
      <trkpt lat="24.82561720535159" lon="121.31121980957687">
        <ele>282.8</ele>
      </trkpt>
      <trkpt lat="24.825671771541238" lon="121.31118779070675">
        <ele>280.8</ele>
      </trkpt>
      <trkpt lat="24.825670095160604" lon="121.31116432137787">
        <ele>281.0</ele>
      </trkpt>
      <trkpt lat="24.825642686337233" lon="121.311109168455">
        <ele>281.0</ele>
      </trkpt>
      <trkpt lat="24.825503211468458" lon="121.31088922731578">
        <ele>281.2</ele>
      </trkpt>
      <trkpt lat="24.825260639190674" lon="121.31047943606973">
        <ele>281.0</ele>
      </trkpt>
      <trkpt lat="24.825005577877164" lon="121.31004433147609">
        <ele>280.6</ele>
      </trkpt>
      <trkpt lat="24.82494715601206" lon="121.30990510806441">
        <ele>280.2</ele>
      </trkpt>
      <trkpt lat="24.82492469251156" lon="121.30975062958896">
        <ele>279.4</ele>
      </trkpt>
      <trkpt lat="24.82492435723543" lon="121.30966940894723">
        <ele>279.2</ele>
      </trkpt>
      <trkpt lat="24.824948832392693" lon="121.3093690853566">
        <ele>279.0</ele>
      </trkpt>
      <trkpt lat="24.824968948960304" lon="121.3092216476798">
        <ele>278.0</ele>
      </trkpt>
      <trkpt lat="24.825008176267147" lon="121.30881244316697">
        <ele>277.0</ele>
      </trkpt>
      <trkpt lat="24.82501521706581" lon="121.30872309207916">
        <ele>276.8</ele>
      </trkpt>
      <trkpt lat="24.825032902881503" lon="121.30844757892191">
        <ele>275.6</ele>
      </trkpt>
      <trkpt lat="24.82504488900304" lon="121.30825865082443">
        <ele>274.4</ele>
      </trkpt>
      <trkpt lat="24.825051594525576" lon="121.30816142074764">
        <ele>274.2</ele>
      </trkpt>
      <trkpt lat="24.825077913701534" lon="121.30787274800241">
        <ele>273.4</ele>
      </trkpt>
      <trkpt lat="24.825114961713552" lon="121.3075296767056">
        <ele>272.6</ele>
      </trkpt>
      <trkpt lat="24.825134072452784" lon="121.30745281465352">
        <ele>272.8</ele>
      </trkpt>
      <trkpt lat="24.825228368863463" lon="121.30723957903683">
        <ele>273.6</ele>
      </trkpt>
      <trkpt lat="24.82539089396596" lon="121.30693992599845">
        <ele>272.2</ele>
      </trkpt>
      <trkpt lat="24.82551159337163" lon="121.30671638064086">
        <ele>272.4</ele>
      </trkpt>
      <trkpt lat="24.82573396526277" lon="121.30631664767861">
        <ele>273.0</ele>
      </trkpt>
      <trkpt lat="24.825784005224705" lon="121.30625747144222">
        <ele>273.2</ele>
      </trkpt>
      <trkpt lat="24.825836643576622" lon="121.30620558746159">
        <ele>273.4</ele>
      </trkpt>
      <trkpt lat="24.8260207939893" lon="121.30607298575342">
        <ele>273.8</ele>
      </trkpt>
      <trkpt lat="24.826416252180934" lon="121.3058456685394">
        <ele>272.2</ele>
      </trkpt>
      <trkpt lat="24.826480206102133" lon="121.30580644123256">
        <ele>272.0</ele>
      </trkpt>
      <trkpt lat="24.826884213835" lon="121.3054846599698">
        <ele>272.0</ele>
      </trkpt>
      <trkpt lat="24.827115638181567" lon="121.30526673048735">
        <ele>271.0</ele>
      </trkpt>
      <trkpt lat="24.827329963445663" lon="121.30506657063961">
        <ele>271.8</ele>
      </trkpt>
      <trkpt lat="24.8274368327111" lon="121.30496925674379">
        <ele>272.0</ele>
      </trkpt>
      <trkpt lat="24.827691977843642" lon="121.30471402779222">
        <ele>270.8</ele>
      </trkpt>
      <trkpt lat="24.827795159071684" lon="121.30462610162795">
        <ele>270.4</ele>
      </trkpt>
      <trkpt lat="24.827856346964836" lon="121.3045953400433">
        <ele>270.4</ele>
      </trkpt>
      <trkpt lat="24.82799137942493" lon="121.30457446910441">
        <ele>270.8</ele>
      </trkpt>
      <trkpt lat="24.828133285045624" lon="121.30461042746902">
        <ele>271.4</ele>
      </trkpt>
      <trkpt lat="24.828196903690696" lon="121.30465443246067">
        <ele>272.0</ele>
      </trkpt>
      <trkpt lat="24.82825381681323" lon="121.30471444688737">
        <ele>272.4</ele>
      </trkpt>
      <trkpt lat="24.828329924494028" lon="121.3048598729074">
        <ele>272.8</ele>
      </trkpt>
      <trkpt lat="24.828455485403538" lon="121.30515089258552">
        <ele>273.0</ele>
      </trkpt>
      <trkpt lat="24.828539891168475" lon="121.30535264499485">
        <ele>273.2</ele>
      </trkpt>
      <trkpt lat="24.828644916415215" lon="121.30555364303291">
        <ele>273.2</ele>
      </trkpt>
      <trkpt lat="24.828742062672973" lon="121.3056678045541">
        <ele>272.8</ele>
      </trkpt>
      <trkpt lat="24.828856559470296" lon="121.30575329996645">
        <ele>273.2</ele>
      </trkpt>
      <trkpt lat="24.82898329384625" lon="121.30580836907029">
        <ele>273.8</ele>
      </trkpt>
      <trkpt lat="24.829048588871956" lon="121.305828737095">
        <ele>274.2</ele>
      </trkpt>
      <trkpt lat="24.829181358218193" lon="121.3058530446142">
        <ele>274.6</ele>
      </trkpt>
      <trkpt lat="24.82930733822286" lon="121.30586352199316">
        <ele>275.0</ele>
      </trkpt>
      <trkpt lat="24.829500624909997" lon="121.305868383497">
        <ele>275.4</ele>
      </trkpt>
      <trkpt lat="24.82987596653402" lon="121.30588154308498">
        <ele>275.6</ele>
      </trkpt>
      <trkpt lat="24.83040519990027" lon="121.30589034408331">
        <ele>275.4</ele>
      </trkpt>
      <trkpt lat="24.830950861796737" lon="121.30587064661086">
        <ele>275.4</ele>
      </trkpt>
      <trkpt lat="24.831017246469855" lon="121.30585664883256">
        <ele>275.4</ele>
      </trkpt>
      <trkpt lat="24.831083631142974" lon="121.30583502352238">
        <ele>275.4</ele>
      </trkpt>
      <trkpt lat="24.831261411309242" lon="121.30577433854342">
        <ele>276.4</ele>
      </trkpt>
      <trkpt lat="24.831322683021426" lon="121.3057544734329">
        <ele>276.6</ele>
      </trkpt>
      <trkpt lat="24.831823837012053" lon="121.30557610653341">
        <ele>277.0</ele>
      </trkpt>
      <trkpt lat="24.832283249124885" lon="121.30542187951505">
        <ele>277.2</ele>
      </trkpt>
      <trkpt lat="24.83263084664941" lon="121.30520403385162">
        <ele>276.2</ele>
      </trkpt>
      <trkpt lat="24.833121187984943" lon="121.30487856455147">
        <ele>276.6</ele>
      </trkpt>
      <trkpt lat="24.83317717909813" lon="121.30484176799655">
        <ele>276.4</ele>
      </trkpt>
      <trkpt lat="24.83550751581788" lon="121.30240053869784">
        <ele>274.2</ele>
      </trkpt>
      <trkpt lat="24.835629053413868" lon="121.30234119482338">
        <ele>274.4</ele>
      </trkpt>
      <trkpt lat="24.835780849680305" lon="121.30231563001871">
        <ele>273.8</ele>
      </trkpt>
      <trkpt lat="24.835852850228548" lon="121.30233189091086">
        <ele>273.8</ele>
      </trkpt>
      <trkpt lat="24.835925102233887" lon="121.30236164666712">
        <ele>273.6</ele>
      </trkpt>
      <trkpt lat="24.836080837994814" lon="121.30242727696896">
        <ele>273.0</ele>
      </trkpt>
      <trkpt lat="24.836159041151404" lon="121.30246273241937">
        <ele>272.8</ele>
      </trkpt>
      <trkpt lat="24.83640706166625" lon="121.30253355950117">
        <ele>272.4</ele>
      </trkpt>
      <trkpt lat="24.836579142138362" lon="121.30249659530818">
        <ele>272.2</ele>
      </trkpt>
      <trkpt lat="24.83666312880814" lon="121.3024667557329">
        <ele>271.8</ele>
      </trkpt>
      <trkpt lat="24.836833281442523" lon="121.30240305326879">
        <ele>270.8</ele>
      </trkpt>
      <trkpt lat="24.83692011795938" lon="121.30237229168415">
        <ele>270.0</ele>
      </trkpt>
      <trkpt lat="24.83700804412365" lon="121.30234312266111">
        <ele>269.4</ele>
      </trkpt>
      <trkpt lat="24.837184147909284" lon="121.302276737988">
        <ele>268.2</ele>
      </trkpt>
      <trkpt lat="24.837337201461196" lon="121.30218629725277">
        <ele>267.6</ele>
      </trkpt>
      <trkpt lat="24.837394701316953" lon="121.3021213375032">
        <ele>267.0</ele>
      </trkpt>
      <trkpt lat="24.83744448982179" lon="121.30204774439335">
        <ele>266.4</ele>
      </trkpt>
      <trkpt lat="24.837523866444826" lon="121.30188035778701">
        <ele>266.2</ele>
      </trkpt>
      <trkpt lat="24.83756418339908" lon="121.3017894141376">
        <ele>265.8</ele>
      </trkpt>
      <trkpt lat="24.837692845612764" lon="121.30152462981641">
        <ele>264.8</ele>
      </trkpt>
      <trkpt lat="24.837797535583377" lon="121.30125615745783">
        <ele>263.6</ele>
      </trkpt>
      <trkpt lat="24.837838523089886" lon="121.30107359960675">
        <ele>263.4</ele>
      </trkpt>
      <trkpt lat="24.83784355223179" lon="121.3008884433657">
        <ele>262.2</ele>
      </trkpt>
      <trkpt lat="24.837843384593725" lon="121.30079381167889">
        <ele>261.2</ele>
      </trkpt>
      <trkpt lat="24.837839361280203" lon="121.30069624632597">
        <ele>260.4</ele>
      </trkpt>
      <trkpt lat="24.837837517261505" lon="121.30059549584985">
        <ele>259.8</ele>
      </trkpt>
      <trkpt lat="24.83784941956401" lon="121.30019911564887">
        <ele>259.4</ele>
      </trkpt>
      <trkpt lat="24.83789836987853" lon="121.30010448396206">
        <ele>259.6</ele>
      </trkpt>
      <trkpt lat="24.837967436760664" lon="121.30003156140447">
        <ele>259.6</ele>
      </trkpt>
      <trkpt lat="24.83804647810757" lon="121.29997213371098">
        <ele>259.4</ele>
      </trkpt>
      <trkpt lat="24.838131051510572" lon="121.29992050118744">
        <ele>258.8</ele>
      </trkpt>
      <trkpt lat="24.83822333626449" lon="121.29987850785255">
        <ele>257.6</ele>
      </trkpt>
      <trkpt lat="24.83831704594195" lon="121.29984498023987">
        <ele>257.0</ele>
      </trkpt>
      <trkpt lat="24.83840891160071" lon="121.29981740377843">
        <ele>256.2</ele>
      </trkpt>
      <trkpt lat="24.838670594617724" lon="121.29969050176442">
        <ele>255.6</ele>
      </trkpt>
      <trkpt lat="24.83874896541238" lon="121.29962788894773">
        <ele>254.6</ele>
      </trkpt>
      <trkpt lat="24.838889194652438" lon="121.29948757588863">
        <ele>252.8</ele>
      </trkpt>
      <trkpt lat="24.83900402672589" lon="121.29932144656777">
        <ele>251.4</ele>
      </trkpt>
      <trkpt lat="24.83923042193055" lon="121.29885667003691">
        <ele>250.4</ele>
      </trkpt>
      <trkpt lat="24.83934818767011" lon="121.29856254905462">
        <ele>250.0</ele>
      </trkpt>
      <trkpt lat="24.839399065822363" lon="121.29835920408368">
        <ele>249.4</ele>
      </trkpt>
      <trkpt lat="24.839421110227704" lon="121.29825593903661">
        <ele>249.0</ele>
      </trkpt>
      <trkpt lat="24.839451871812344" lon="121.29804454743862">
        <ele>248.2</ele>
      </trkpt>
      <trkpt lat="24.839486991986632" lon="121.29771480336785">
        <ele>247.0</ele>
      </trkpt>
      <trkpt lat="24.839508030563593" lon="121.29760273732245">
        <ele>246.8</ele>
      </trkpt>
      <trkpt lat="24.8395405523479" lon="121.29749343730509">
        <ele>246.6</ele>
      </trkpt>
      <trkpt lat="24.8396232817322" lon="121.29728120751679">
        <ele>245.8</ele>
      </trkpt>
      <trkpt lat="24.839671477675438" lon="121.29718297161162">
        <ele>245.6</ele>
      </trkpt>
      <trkpt lat="24.839771557599306" lon="121.29699991084635">
        <ele>245.8</ele>
      </trkpt>
      <trkpt lat="24.839969035238028" lon="121.29664133302867">
        <ele>247.0</ele>
      </trkpt>
      <trkpt lat="24.84021303243935" lon="121.29619373939931">
        <ele>246.0</ele>
      </trkpt>
      <trkpt lat="24.84024966135621" lon="121.29609634168446">
        <ele>245.8</ele>
      </trkpt>
      <trkpt lat="24.840275729075074" lon="121.295997351408">
        <ele>245.6</ele>
      </trkpt>
      <trkpt lat="24.840303556993604" lon="121.29579501226544">
        <ele>244.6</ele>
      </trkpt>
      <trkpt lat="24.840305149555206" lon="121.29569409415126">
        <ele>244.2</ele>
      </trkpt>
      <trkpt lat="24.84029559418559" lon="121.29559460096061">
        <ele>244.0</ele>
      </trkpt>
      <trkpt lat="24.84027899801731" lon="121.29549460485578">
        <ele>243.6</ele>
      </trkpt>
      <trkpt lat="24.84023943543434" lon="121.29528757184744">
        <ele>243.4</ele>
      </trkpt>
      <trkpt lat="24.840196184813976" lon="121.29506913945079">
        <ele>243.2</ele>
      </trkpt>
      <trkpt lat="24.8401431273669" lon="121.29484810866416">
        <ele>242.8</ele>
      </trkpt>
      <trkpt lat="24.84011965803802" lon="121.29473729990423">
        <ele>242.4</ele>
      </trkpt>
      <trkpt lat="24.840064169839025" lon="121.29451149143279">
        <ele>241.6</ele>
      </trkpt>
      <trkpt lat="24.84003709629178" lon="121.2943965755403">
        <ele>241.2</ele>
      </trkpt>
      <trkpt lat="24.839991414919496" lon="121.29416967742145">
        <ele>239.6</ele>
      </trkpt>
      <trkpt lat="24.839982697740197" lon="121.29405895248055">
        <ele>238.8</ele>
      </trkpt>
      <trkpt lat="24.83997590839863" lon="121.29394537769258">
        <ele>238.0</ele>
      </trkpt>
      <trkpt lat="24.8399705439806" lon="121.29383356310427">
        <ele>237.2</ele>
      </trkpt>
      <trkpt lat="24.839969789609313" lon="121.29372082650661">
        <ele>236.6</ele>
      </trkpt>
      <trkpt lat="24.839972304180264" lon="121.29349661059678">
        <ele>235.4</ele>
      </trkpt>
      <trkpt lat="24.839985044673085" lon="121.29327331669629">
        <ele>233.0</ele>
      </trkpt>
      <trkpt lat="24.839991917833686" lon="121.29316250793636">
        <ele>232.2</ele>
      </trkpt>
      <trkpt lat="24.839999210089445" lon="121.29305421374738">
        <ele>231.4</ele>
      </trkpt>
      <trkpt lat="24.840033994987607" lon="121.29263428039849">
        <ele>232.8</ele>
      </trkpt>
      <trkpt lat="24.840066600590944" lon="121.29243034869432">
        <ele>231.4</ele>
      </trkpt>
      <trkpt lat="24.84009325504303" lon="121.29233546555042">
        <ele>230.8</ele>
      </trkpt>
      <trkpt lat="24.84013181179762" lon="121.29225164651871">
        <ele>230.4</ele>
      </trkpt>
      <trkpt lat="24.840220073238015" lon="121.292096497491">
        <ele>230.4</ele>
      </trkpt>
      <trkpt lat="24.840266089886427" lon="121.29202458076179">
        <ele>231.6</ele>
      </trkpt>
      <trkpt lat="24.840350998565555" lon="121.2918810825795">
        <ele>232.8</ele>
      </trkpt>
      <trkpt lat="24.840423669666052" lon="121.29173515364528">
        <ele>234.2</ele>
      </trkpt>
      <trkpt lat="24.840485360473394" lon="121.29159006290138">
        <ele>234.4</ele>
      </trkpt>
      <trkpt lat="24.84060731716454" lon="121.29126417450607">
        <ele>232.8</ele>
      </trkpt>
      <trkpt lat="24.840671522542834" lon="121.29108488559723">
        <ele>232.2</ele>
      </trkpt>
      <trkpt lat="24.840737404301763" lon="121.29089914262295">
        <ele>231.6</ele>
      </trkpt>
      <trkpt lat="24.84090445563197" lon="121.2904180213809">
        <ele>233.0</ele>
      </trkpt>
      <trkpt lat="24.840943096205592" lon="121.29032146185637">
        <ele>233.0</ele>
      </trkpt>
      <trkpt lat="24.841095143929124" lon="121.28992005251348">
        <ele>232.0</ele>
      </trkpt>
      <trkpt lat="24.841283820569515" lon="121.28941420465708">
        <ele>230.8</ele>
      </trkpt>
      <trkpt lat="24.841470904648304" lon="121.28892160020769">
        <ele>229.8</ele>
      </trkpt>
      <trkpt lat="24.841640554368496" lon="121.28856461495161">
        <ele>229.8</ele>
      </trkpt>
      <trkpt lat="24.841934591531754" lon="121.28817745484412">
        <ele>228.8</ele>
      </trkpt>
      <trkpt lat="24.84218512661755" lon="121.28790219314396">
        <ele>227.4</ele>
      </trkpt>
      <trkpt lat="24.842425854876637" lon="121.2876409292221">
        <ele>226.8</ele>
      </trkpt>
      <trkpt lat="24.842518558725715" lon="121.28752944990993">
        <ele>228.0</ele>
      </trkpt>
      <trkpt lat="24.842569436877966" lon="121.28747421316803">
        <ele>228.8</ele>
      </trkpt>
      <trkpt lat="24.842618722468615" lon="121.28742618486285">
        <ele>229.8</ele>
      </trkpt>
      <trkpt lat="24.84266499057412" lon="121.28738134168088">
        <ele>230.6</ele>
      </trkpt>
      <trkpt lat="24.842822151258588" lon="121.2872146256268">
        <ele>231.2</ele>
      </trkpt>
      <trkpt lat="24.842889457941055" lon="121.28714463673532">
        <ele>230.2</ele>
      </trkpt>
      <trkpt lat="24.84294980764389" lon="121.28706928342581">
        <ele>229.6</ele>
      </trkpt>
      <trkpt lat="24.843007810413837" lon="121.28699627704918">
        <ele>229.6</ele>
      </trkpt>
      <trkpt lat="24.84304117038846" lon="121.2869680300355">
        <ele>229.8</ele>
      </trkpt>
      <trkpt lat="24.843094144016504" lon="121.28692176192999">
        <ele>230.6</ele>
      </trkpt>
      <trkpt lat="24.84311551786959" lon="121.28689728677273">
        <ele>230.8</ele>
      </trkpt>
      <trkpt lat="24.843208556994796" lon="121.28678371198475">
        <ele>231.0</ele>
      </trkpt>
      <trkpt lat="24.843263709917665" lon="121.28674046136439">
        <ele>231.6</ele>
      </trkpt>
      <trkpt lat="24.84331039711833" lon="121.28669746220112">
        <ele>232.2</ele>
      </trkpt>
      <trkpt lat="24.843395305797458" lon="121.2866088654846">
        <ele>232.0</ele>
      </trkpt>
      <trkpt lat="24.843472000211477" lon="121.28657232038677">
        <ele>232.2</ele>
      </trkpt>
      <trkpt lat="24.843488596379757" lon="121.28655077889562">
        <ele>232.0</ele>
      </trkpt>
      <trkpt lat="24.843483231961727" lon="121.286557065323">
        <ele>231.8</ele>
      </trkpt>
      <trkpt lat="24.843461271375418" lon="121.28660903312266">
        <ele>231.0</ele>
      </trkpt>
      <trkpt lat="24.843342332169414" lon="121.28670332953334">
        <ele>230.8</ele>
      </trkpt>
      <trkpt lat="24.84332464635372" lon="121.28671129234135">
        <ele>230.6</ele>
      </trkpt>
      <trkpt lat="24.843294890597463" lon="121.28673367202282">
        <ele>230.2</ele>
      </trkpt>
      <trkpt lat="24.84326689504087" lon="121.28675797954202">
        <ele>230.0</ele>
      </trkpt>
      <trkpt lat="24.843242252245545" lon="121.2867965362966">
        <ele>230.0</ele>
      </trkpt>
      <trkpt lat="24.84321710653603" lon="121.28684045746922">
        <ele>230.2</ele>
      </trkpt>
      <trkpt lat="24.843168826773763" lon="121.28688680939376">
        <ele>230.2</ele>
      </trkpt>
      <trkpt lat="24.843163546174765" lon="121.28688060678542">
        <ele>229.8</ele>
      </trkpt>
      <trkpt lat="24.84321408905089" lon="121.28678195178509">
        <ele>229.4</ele>
      </trkpt>
      <trkpt lat="24.843233283609152" lon="121.28677122294903">
        <ele>229.6</ele>
      </trkpt>
      <trkpt lat="24.843272930011153" lon="121.28673048689961">
        <ele>229.8</ele>
      </trkpt>
      <trkpt lat="24.843300255015492" lon="121.28670140169561">
        <ele>230.0</ele>
      </trkpt>
      <trkpt lat="24.843328585848212" lon="121.28667332231998">
        <ele>230.4</ele>
      </trkpt>
      <trkpt lat="24.84342774376273" lon="121.28658355213702">
        <ele>230.4</ele>
      </trkpt>
      <trkpt lat="24.843475352972746" lon="121.286546504125">
        <ele>230.4</ele>
      </trkpt>
      <trkpt lat="24.843580210581422" lon="121.28647810779512">
        <ele>231.0</ele>
      </trkpt>
      <trkpt lat="24.843671238049865" lon="121.28642940893769">
        <ele>230.4</ele>
      </trkpt>
      <trkpt lat="24.84400760382414" lon="121.28628356382251">
        <ele>231.4</ele>
      </trkpt>
      <trkpt lat="24.844225281849504" lon="121.28618717193604">
        <ele>231.4</ele>
      </trkpt>
      <trkpt lat="24.844318237155676" lon="121.28614936955273">
        <ele>231.2</ele>
      </trkpt>
      <trkpt lat="24.844508422538638" lon="121.2860631197691">
        <ele>231.8</ele>
      </trkpt>
      <trkpt lat="24.844660134986043" lon="121.28599329851568">
        <ele>232.6</ele>
      </trkpt>
      <trkpt lat="24.84471185132861" lon="121.28597443923354">
        <ele>232.8</ele>
      </trkpt>
      <trkpt lat="24.84490337781608" lon="121.2858728505671">
        <ele>233.6</ele>
      </trkpt>
      <trkpt lat="24.844995494931936" lon="121.2858157698065">
        <ele>233.8</ele>
      </trkpt>
      <trkpt lat="24.845267739146948" lon="121.28560706041753">
        <ele>233.8</ele>
      </trkpt>
      <trkpt lat="24.845357006415725" lon="121.28554319031537">
        <ele>233.4</ele>
      </trkpt>
      <trkpt lat="24.84567392617464" lon="121.28538879565895">
        <ele>233.6</ele>
      </trkpt>
      <trkpt lat="24.846171727404" lon="121.28527605906129">
        <ele>233.0</ele>
      </trkpt>
      <trkpt lat="24.846696769818664" lon="121.28519383259118">
        <ele>233.0</ele>
      </trkpt>
      <trkpt lat="24.846952250227332" lon="121.285145804286">
        <ele>232.6</ele>
      </trkpt>
      <trkpt lat="24.847237234935164" lon="121.28509366884828">
        <ele>232.0</ele>
      </trkpt>
      <trkpt lat="24.847307642921805" lon="121.28507799468935">
        <ele>231.4</ele>
      </trkpt>
      <trkpt lat="24.847451141104102" lon="121.28505318425596">
        <ele>230.0</ele>
      </trkpt>
      <trkpt lat="24.847903680056334" lon="121.28500272519886">
        <ele>231.2</ele>
      </trkpt>
      <trkpt lat="24.84797819517553" lon="121.28500708378851">
        <ele>231.2</ele>
      </trkpt>
      <trkpt lat="24.84817558899522" lon="121.28504874184728">
        <ele>230.6</ele>
      </trkpt>
      <trkpt lat="24.84829192981124" lon="121.28510573878884">
        <ele>230.6</ele>
      </trkpt>
      <trkpt lat="24.84846048988402" lon="121.28523331135511">
        <ele>231.4</ele>
      </trkpt>
      <trkpt lat="24.848539531230927" lon="121.28529131412506">
        <ele>231.8</ele>
      </trkpt>
      <trkpt lat="24.848679341375828" lon="121.28541645593941">
        <ele>230.4</ele>
      </trkpt>
      <trkpt lat="24.84876064583659" lon="121.2855171225965">
        <ele>229.8</ele>
      </trkpt>
      <trkpt lat="24.84881864860654" lon="121.28564729355276">
        <ele>230.0</ele>
      </trkpt>
      <trkpt lat="24.848831137642264" lon="121.28579992800951">
        <ele>230.4</ele>
      </trkpt>
      <trkpt lat="24.848828874528408" lon="121.28587963990867">
        <ele>230.6</ele>
      </trkpt>
      <trkpt lat="24.848817475140095" lon="121.28603403456509">
        <ele>231.2</ele>
      </trkpt>
      <trkpt lat="24.848816636949778" lon="121.28634324297309">
        <ele>230.0</ele>
      </trkpt>
      <trkpt lat="24.848827868700027" lon="121.28642370924354">
        <ele>229.2</ele>
      </trkpt>
      <trkpt lat="24.84884412959218" lon="121.28650308586657">
        <ele>228.6</ele>
      </trkpt>
      <trkpt lat="24.848916800692677" lon="121.28665236756206">
        <ele>227.2</ele>
      </trkpt>
      <trkpt lat="24.848963487893343" lon="121.28671925514936">
        <ele>226.8</ele>
      </trkpt>
      <trkpt lat="24.849118385463953" lon="121.28692980855703">
        <ele>225.8</ele>
      </trkpt>
      <trkpt lat="24.849331621080637" lon="121.28722971305251">
        <ele>224.4</ele>
      </trkpt>
      <trkpt lat="24.849385684356093" lon="121.28730112686753">
        <ele>224.0</ele>
      </trkpt>
      <trkpt lat="24.849498504772782" lon="121.28743674606085">
        <ele>223.2</ele>
      </trkpt>
      <trkpt lat="24.849705286324024" lon="121.28770027309656">
        <ele>223.0</ele>
      </trkpt>
      <trkpt lat="24.84980679117143" lon="121.28781300969422">
        <ele>224.8</ele>
      </trkpt>
      <trkpt lat="24.8499171808362" lon="121.28791937604547">
        <ele>226.0</ele>
      </trkpt>
      <trkpt lat="24.850031677633524" lon="121.28801283426583">
        <ele>226.0</ele>
      </trkpt>
      <trkpt lat="24.85053962096572" lon="121.28835045732558">
        <ele>225.2</ele>
      </trkpt>
      <trkpt lat="24.850600473582745" lon="121.28839110955596">
        <ele>224.6</ele>
      </trkpt>
      <trkpt lat="24.85079577192664" lon="121.2885217834264">
        <ele>223.0</ele>
      </trkpt>
      <trkpt lat="24.851182093843818" lon="121.28879168070853">
        <ele>222.6</ele>
      </trkpt>
      <trkpt lat="24.85151644796133" lon="121.2890157289803">
        <ele>221.6</ele>
      </trkpt>
      <trkpt lat="24.851842587813735" lon="121.28924371674657">
        <ele>221.2</ele>
      </trkpt>
      <trkpt lat="24.85217266716063" lon="121.28947128541768">
        <ele>220.4</ele>
      </trkpt>
      <trkpt lat="24.852433344349265" lon="121.28966365009546">
        <ele>219.2</ele>
      </trkpt>
      <trkpt lat="24.852631241083145" lon="121.28980798646808">
        <ele>218.4</ele>
      </trkpt>
      <trkpt lat="24.852695614099503" lon="121.28985257819295">
        <ele>217.8</ele>
      </trkpt>
      <trkpt lat="24.853023011237383" lon="121.29007411189377">
        <ele>219.6</ele>
      </trkpt>
      <trkpt lat="24.85322266817093" lon="121.29019992426038">
        <ele>220.2</ele>
      </trkpt>
      <trkpt lat="24.853750811889768" lon="121.29050293006003">
        <ele>219.8</ele>
      </trkpt>
      <trkpt lat="24.85387796536088" lon="121.29058247432113">
        <ele>219.4</ele>
      </trkpt>
      <trkpt lat="24.854335449635983" lon="121.29090920090675">
        <ele>217.8</ele>
      </trkpt>
      <trkpt lat="24.85451851040125" lon="121.29106334410608">
        <ele>216.6</ele>
      </trkpt>
      <trkpt lat="24.854754377156496" lon="121.29127012565732">
        <ele>216.4</ele>
      </trkpt>
      <trkpt lat="24.854983119294047" lon="121.29148771986365">
        <ele>218.0</ele>
      </trkpt>
      <trkpt lat="24.85526575706899" lon="121.29176474176347">
        <ele>217.6</ele>
      </trkpt>
      <trkpt lat="24.85554085113108" lon="121.29204050637782">
        <ele>216.8</ele>
      </trkpt>
      <trkpt lat="24.855644116178155" lon="121.29214410670102">
        <ele>218.0</ele>
      </trkpt>
      <trkpt lat="24.85575132071972" lon="121.29225290380418">
        <ele>218.8</ele>
      </trkpt>
      <trkpt lat="24.85613781027496" lon="121.29273352213204">
        <ele>217.8</ele>
      </trkpt>
      <trkpt lat="24.856515247374773" lon="121.29324926063418">
        <ele>217.6</ele>
      </trkpt>
      <trkpt lat="24.856561850756407" lon="121.29331715404987">
        <ele>217.8</ele>
      </trkpt>
      <trkpt lat="24.856905173510313" lon="121.29374739713967">
        <ele>216.8</ele>
      </trkpt>
      <trkpt lat="24.857009192928672" lon="121.2938650790602">
        <ele>217.0</ele>
      </trkpt>
      <trkpt lat="24.85743415541947" lon="121.2943135946989">
        <ele>217.6</ele>
      </trkpt>
      <trkpt lat="24.857611348852515" lon="121.29447997547686">
        <ele>216.2</ele>
      </trkpt>
      <trkpt lat="24.85789348371327" lon="121.29473889246583">
        <ele>215.0</ele>
      </trkpt>
      <trkpt lat="24.85800730995834" lon="121.29484098404646">
        <ele>213.8</ele>
      </trkpt>
      <trkpt lat="24.85818383283913" lon="121.29496939480305">
        <ele>213.6</ele>
      </trkpt>
      <trkpt lat="24.85825516283512" lon="121.29499303176999">
        <ele>213.8</ele>
      </trkpt>
      <trkpt lat="24.85832297243178" lon="121.29500761628151">
        <ele>213.8</ele>
      </trkpt>
      <trkpt lat="24.85853553749621" lon="121.29501851275563">
        <ele>214.6</ele>
      </trkpt>
      <trkpt lat="24.858604185283184" lon="121.29502270370722">
        <ele>215.2</ele>
      </trkpt>
      <trkpt lat="24.859032249078155" lon="121.29505262710154">
        <ele>214.0</ele>
      </trkpt>
      <trkpt lat="24.859240371733904" lon="121.29506603814662">
        <ele>214.8</ele>
      </trkpt>
      <trkpt lat="24.859378840774298" lon="121.29507534205914">
        <ele>215.2</ele>
      </trkpt>
      <trkpt lat="24.859810173511505" lon="121.29510585218668">
        <ele>215.2</ele>
      </trkpt>
      <trkpt lat="24.86017587594688" lon="121.29513661377132">
        <ele>214.0</ele>
      </trkpt>
      <trkpt lat="24.860753137618303" lon="121.29518724046648">
        <ele>214.0</ele>
      </trkpt>
      <trkpt lat="24.861117666587234" lon="121.29520836286247">
        <ele>214.4</ele>
      </trkpt>
      <trkpt lat="24.8611712269485" lon="121.29520920105278">
        <ele>214.6</ele>
      </trkpt>
      <trkpt lat="24.861303996294737" lon="121.29521657712758">
        <ele>215.2</ele>
      </trkpt>
      <trkpt lat="24.861332243308425" lon="121.29522135481238">
        <ele>215.4</ele>
      </trkpt>
      <trkpt lat="24.861358059570193" lon="121.29521230235696">
        <ele>216.2</ele>
      </trkpt>
      <trkpt lat="24.861417654901743" lon="121.29521624185145">
        <ele>214.8</ele>
      </trkpt>
      <trkpt lat="24.861449673771858" lon="121.29520911723375">
        <ele>214.6</ele>
      </trkpt>
      <trkpt lat="24.861573139205575" lon="121.29516771063209">
        <ele>213.8</ele>
      </trkpt>
      <trkpt lat="24.861676320433617" lon="121.29513007588685">
        <ele>213.4</ele>
      </trkpt>
      <trkpt lat="24.861731892451644" lon="121.29511104896665">
        <ele>213.6</ele>
      </trkpt>
      <trkpt lat="24.86185091547668" lon="121.29507224075496">
        <ele>213.4</ele>
      </trkpt>
      <trkpt lat="24.86208787187934" lon="121.29499328322709">
        <ele>213.8</ele>
      </trkpt>
      <trkpt lat="24.862336814403534" lon="121.29489638842642">
        <ele>212.6</ele>
      </trkpt>
      <trkpt lat="24.862534627318382" lon="121.29482547752559">
        <ele>211.4</ele>
      </trkpt>
      <trkpt lat="24.862668234854937" lon="121.29477669484913">
        <ele>212.0</ele>
      </trkpt>
      <trkpt lat="24.862882560119033" lon="121.29469715058804">
        <ele>212.6</ele>
      </trkpt>
      <trkpt lat="24.86344330944121" lon="121.29448944702744">
        <ele>212.0</ele>
      </trkpt>
      <trkpt lat="24.863583454862237" lon="121.29444091580808">
        <ele>212.4</ele>
      </trkpt>
      <trkpt lat="24.863865170627832" lon="121.29433278925717">
        <ele>211.4</ele>
      </trkpt>
      <trkpt lat="24.864426087588072" lon="121.29413045011461">
        <ele>211.6</ele>
      </trkpt>
      <trkpt lat="24.86497669480741" lon="121.293980833143">
        <ele>210.4</ele>
      </trkpt>
      <trkpt lat="24.865572229027748" lon="121.29394487477839">
        <ele>211.2</ele>
      </trkpt>
      <trkpt lat="24.866192741319537" lon="121.29390355199575">
        <ele>211.6</ele>
      </trkpt>
      <trkpt lat="24.866432044655085" lon="121.29389651119709">
        <ele>210.8</ele>
      </trkpt>
      <trkpt lat="24.86659691669047" lon="121.29388259723783">
        <ele>210.2</ele>
      </trkpt>
      <trkpt lat="24.866853654384613" lon="121.29382853396237">
        <ele>209.2</ele>
      </trkpt>
      <trkpt lat="24.86694250255823" lon="121.29380665719509">
        <ele>209.0</ele>
      </trkpt>
      <trkpt lat="24.86711877398193" lon="121.29375535994768">
        <ele>208.0</ele>
      </trkpt>
      <trkpt lat="24.867303343489766" lon="121.29373147152364">
        <ele>207.0</ele>
      </trkpt>
      <trkpt lat="24.867396466434002" lon="121.29372728057206">
        <ele>206.6</ele>
      </trkpt>
      <trkpt lat="24.867772394791245" lon="121.29375686869025">
        <ele>205.4</ele>
      </trkpt>
      <trkpt lat="24.86794757656753" lon="121.2937955930829">
        <ele>205.0</ele>
      </trkpt>
      <trkpt lat="24.868380669504404" lon="121.29392995499074">
        <ele>205.4</ele>
      </trkpt>
      <trkpt lat="24.86856121569872" lon="121.29389156587422">
        <ele>205.0</ele>
      </trkpt>
      <trkpt lat="24.868643442168832" lon="121.2938389275223">
        <ele>204.4</ele>
      </trkpt>
      <trkpt lat="24.868816109374166" lon="121.29372753202915">
        <ele>202.4</ele>
      </trkpt>
      <trkpt lat="24.868910741060972" lon="121.29367682151496">
        <ele>201.4</ele>
      </trkpt>
      <trkpt lat="24.86901031807065" lon="121.29362334497273">
        <ele>200.4</ele>
      </trkpt>
      <trkpt lat="24.869113080203533" lon="121.29357011988759">
        <ele>199.2</ele>
      </trkpt>
      <trkpt lat="24.869219781830907" lon="121.29351144656539">
        <ele>197.6</ele>
      </trkpt>
      <trkpt lat="24.869331931695342" lon="121.29345444962382">
        <ele>195.8</ele>
      </trkpt>
      <trkpt lat="24.86945749260485" lon="121.29341195337474">
        <ele>193.6</ele>
      </trkpt>
      <trkpt lat="24.86959126777947" lon="121.29339745268226">
        <ele>192.2</ele>
      </trkpt>
      <trkpt lat="24.86972621642053" lon="121.29340633749962">
        <ele>190.6</ele>
      </trkpt>
      <trkpt lat="24.869864266365767" lon="121.29342536441982">
        <ele>188.8</ele>
      </trkpt>
      <trkpt lat="24.870002064853907" lon="121.29344900138676">
        <ele>187.0</ele>
      </trkpt>
      <trkpt lat="24.870139863342047" lon="121.29346777684987">
        <ele>185.6</ele>
      </trkpt>
      <trkpt lat="24.870280930772424" lon="121.29348370246589">
        <ele>184.2</ele>
      </trkpt>
      <trkpt lat="24.870559461414814" lon="121.29353064112365">
        <ele>182.8</ele>
      </trkpt>
      <trkpt lat="24.87081477418542" lon="121.29357028752565">
        <ele>181.4</ele>
      </trkpt>
      <trkpt lat="24.870941005647182" lon="121.29354413598776">
        <ele>180.4</ele>
      </trkpt>
      <trkpt lat="24.871046282351017" lon="121.29348487593234">
        <ele>179.2</ele>
      </trkpt>
      <trkpt lat="24.871143512427807" lon="121.2934036552906">
        <ele>178.2</ele>
      </trkpt>
      <trkpt lat="24.871250549331307" lon="121.29333383403718">
        <ele>177.0</ele>
      </trkpt>
      <trkpt lat="24.871373930945992" lon="121.29328697919846">
        <ele>175.6</ele>
      </trkpt>
      <trkpt lat="24.87150720320642" lon="121.29327708855271">
        <ele>174.2</ele>
      </trkpt>
      <trkpt lat="24.871643241494894" lon="121.2933050841093">
        <ele>172.8</ele>
      </trkpt>
      <trkpt lat="24.871779698878527" lon="121.29333450458944">
        <ele>171.0</ele>
      </trkpt>
      <trkpt lat="24.87191271968186" lon="121.29337021149695">
        <ele>169.2</ele>
      </trkpt>
      <trkpt lat="24.872042974457145" lon="121.29341295920312">
        <ele>167.6</ele>
      </trkpt>
      <trkpt lat="24.872164763510227" lon="121.29347749985754">
        <ele>166.4</ele>
      </trkpt>
      <trkpt lat="24.872273560613394" lon="121.2935698684305">
        <ele>165.0</ele>
      </trkpt>
      <trkpt lat="24.872367354109883" lon="121.29367539659142">
        <ele>164.2</ele>
      </trkpt>
      <trkpt lat="24.872452598065138" lon="121.29378846846521">
        <ele>163.8</ele>
      </trkpt>
      <trkpt lat="24.87261889502406" lon="121.29402475431561">
        <ele>162.4</ele>
      </trkpt>
      <trkpt lat="24.872714448720217" lon="121.2941375747323">
        <ele>161.6</ele>
      </trkpt>
      <trkpt lat="24.872826598584652" lon="121.29422256723046">
        <ele>160.8</ele>
      </trkpt>
      <trkpt lat="24.87294469960034" lon="121.29428761079907">
        <ele>160.0</ele>
      </trkpt>
      <trkpt lat="24.87306682392955" lon="121.29433765076101">
        <ele>159.2</ele>
      </trkpt>
      <trkpt lat="24.873325573280454" lon="121.29442038014531">
        <ele>157.4</ele>
      </trkpt>
      <trkpt lat="24.873590860515833" lon="121.29447461105883">
        <ele>156.2</ele>
      </trkpt>
      <trkpt lat="24.8738497775048" lon="121.29452305845916">
        <ele>155.0</ele>
      </trkpt>
      <trkpt lat="24.873980367556214" lon="121.29454895853996">
        <ele>153.6</ele>
      </trkpt>
      <trkpt lat="24.87411053851247" lon="121.2945710029453">
        <ele>152.2</ele>
      </trkpt>
      <trkpt lat="24.874239452183247" lon="121.29460000433028">
        <ele>151.0</ele>
      </trkpt>
      <trkpt lat="24.874370712786913" lon="121.294638896361">
        <ele>149.6</ele>
      </trkpt>
      <trkpt lat="24.874630132690072" lon="121.29473118111491">
        <ele>147.8</ele>
      </trkpt>
      <trkpt lat="24.874882930889726" lon="121.29484433680773">
        <ele>146.4</ele>
      </trkpt>
      <trkpt lat="24.87512592226267" lon="121.2949370406568">
        <ele>144.6</ele>
      </trkpt>
      <trkpt lat="24.875244107097387" lon="121.29497333429754">
        <ele>144.0</ele>
      </trkpt>
      <trkpt lat="24.875467317178845" lon="121.29504374228418">
        <ele>143.2</ele>
      </trkpt>
      <trkpt lat="24.875746434554458" lon="121.29516972228885">
        <ele>142.8</ele>
      </trkpt>
      <trkpt lat="24.875897141173482" lon="121.29531263373792">
        <ele>141.8</ele>
      </trkpt>
      <trkpt lat="24.8759791161865" lon="121.29538186825812">
        <ele>141.0</ele>
      </trkpt>
      <trkpt lat="24.876073077321053" lon="121.29543710500002">
        <ele>140.2</ele>
      </trkpt>
      <trkpt lat="24.876170391216874" lon="121.29546761512756">
        <ele>139.2</ele>
      </trkpt>
      <trkpt lat="24.876269130036235" lon="121.29547901451588">
        <ele>138.2</ele>
      </trkpt>
      <trkpt lat="24.876362336799502" lon="121.29547038115561">
        <ele>137.8</ele>
      </trkpt>
      <trkpt lat="24.87644389271736" lon="121.2954431399703">
        <ele>137.2</ele>
      </trkpt>
      <trkpt lat="24.876513965427876" lon="121.29540290683508">
        <ele>136.8</ele>
      </trkpt>
      <trkpt lat="24.876578422263265" lon="121.2953548785299">
        <ele>136.6</ele>
      </trkpt>
      <trkpt lat="24.87669258378446" lon="121.29522512666881">
        <ele>135.8</ele>
      </trkpt>
      <trkpt lat="24.87674530595541" lon="121.29514826461673">
        <ele>135.4</ele>
      </trkpt>
      <trkpt lat="24.87684102728963" lon="121.29500761628151">
        <ele>134.2</ele>
      </trkpt>
      <trkpt lat="24.876978071406484" lon="121.29480552859604">
        <ele>133.4</ele>
      </trkpt>
      <trkpt lat="24.87713481299579" lon="121.2945522274822">
        <ele>133.2</ele>
      </trkpt>
      <trkpt lat="24.877168256789446" lon="121.2945022713393">
        <ele>133.0</ele>
      </trkpt>
      <trkpt lat="24.87730965949595" lon="121.29431049339473">
        <ele>132.0</ele>
      </trkpt>
      <trkpt lat="24.87738199532032" lon="121.29419758915901">
        <ele>131.8</ele>
      </trkpt>
      <trkpt lat="24.877664800733328" lon="121.29376206547022">
        <ele>131.0</ele>
      </trkpt>
      <trkpt lat="24.87769707106054" lon="121.29371361806989">
        <ele>131.0</ele>
      </trkpt>
      <trkpt lat="24.877786757424474" lon="121.29356257617474">
        <ele>131.0</ele>
      </trkpt>
      <trkpt lat="24.87790485844016" lon="121.2933552917093">
        <ele>131.0</ele>
      </trkpt>
      <trkpt lat="24.8780548106879" lon="121.29308514297009">
        <ele>131.2</ele>
      </trkpt>
      <trkpt lat="24.878257904201746" lon="121.29278657957911">
        <ele>129.8</ele>
      </trkpt>
      <trkpt lat="24.87832697108388" lon="121.29269924014807">
        <ele>129.6</ele>
      </trkpt>
      <trkpt lat="24.87844373099506" lon="121.29249262623489">
        <ele>131.0</ele>
      </trkpt>
      <trkpt lat="24.878527550026774" lon="121.29234669730067">
        <ele>130.8</ele>
      </trkpt>
      <trkpt lat="24.878573063760996" lon="121.29228659905493">
        <ele>130.8</ele>
      </trkpt>
      <trkpt lat="24.87862603738904" lon="121.29221174865961">
        <ele>131.0</ele>
      </trkpt>
      <trkpt lat="24.87869879230857" lon="121.2920985929668">
        <ele>130.2</ele>
      </trkpt>
      <trkpt lat="24.878722010180354" lon="121.29206263460219">
        <ele>130.0</ele>
      </trkpt>
      <trkpt lat="24.878872884437442" lon="121.29184017889202">
        <ele>129.6</ele>
      </trkpt>
      <trkpt lat="24.87907555885613" lon="121.29153482615948">
        <ele>128.6</ele>
      </trkpt>
      <trkpt lat="24.879108583554626" lon="121.2914971075952">
        <ele>128.4</ele>
      </trkpt>
      <trkpt lat="24.87931259907782" lon="121.29118689335883">
        <ele>128.6</ele>
      </trkpt>
      <trkpt lat="24.87948903813958" lon="121.29090978763998">
        <ele>128.6</ele>
      </trkpt>
      <trkpt lat="24.879667656496167" lon="121.29061214625835">
        <ele>128.0</ele>
      </trkpt>
      <trkpt lat="24.879918359220028" lon="121.29022783599794">
        <ele>128.4</ele>
      </trkpt>
      <trkpt lat="24.880099073052406" lon="121.28994343802333">
        <ele>128.6</ele>
      </trkpt>
      <trkpt lat="24.88013000227511" lon="121.28989691846073">
        <ele>128.6</ele>
      </trkpt>
      <trkpt lat="24.88023268058896" lon="121.2897166237235">
        <ele>128.8</ele>
      </trkpt>
      <trkpt lat="24.880235446617007" lon="121.28969508223236">
        <ele>128.8</ele>
      </trkpt>
      <trkpt lat="24.880334101617336" lon="121.28963640891016">
        <ele>128.2</ele>
      </trkpt>
      <trkpt lat="24.880353631451726" lon="121.28956558182836">
        <ele>128.2</ele>
      </trkpt>
      <trkpt lat="24.8804222792387" lon="121.28947044722736">
        <ele>127.4</ele>
      </trkpt>
      <trkpt lat="24.880550354719162" lon="121.28927263431251">
        <ele>126.8</ele>
      </trkpt>
      <trkpt lat="24.880610955879092" lon="121.28917766734958">
        <ele>126.6</ele>
      </trkpt>
      <trkpt lat="24.88064800389111" lon="121.28911891020834">
        <ele>126.4</ele>
      </trkpt>
      <trkpt lat="24.880698211491108" lon="121.28902888856828">
        <ele>126.2</ele>
      </trkpt>
      <trkpt lat="24.88077071495354" lon="121.28890508785844">
        <ele>126.2</ele>
      </trkpt>
      <trkpt lat="24.880832321941853" lon="121.28882470540702">
        <ele>126.4</ele>
      </trkpt>
      <trkpt lat="24.880930306389928" lon="121.2887448258698">
        <ele>126.4</ele>
      </trkpt>
      <trkpt lat="24.881037091836333" lon="121.28874071873724">
        <ele>126.0</ele>
      </trkpt>
      <trkpt lat="24.881204897537827" lon="121.28878924995661">
        <ele>125.2</ele>
      </trkpt>
      <trkpt lat="24.881258960813284" lon="121.28879997879267">
        <ele>125.0</ele>
      </trkpt>
      <trkpt lat="24.881503963842988" lon="121.28884909674525">
        <ele>125.0</ele>
      </trkpt>
      <trkpt lat="24.88170688971877" lon="121.28888404928148">
        <ele>124.2</ele>
      </trkpt>
      <trkpt lat="24.882049625739455" lon="121.28896242007613">
        <ele>124.2</ele>
      </trkpt>
      <trkpt lat="24.882209049537778" lon="121.28904271870852">
        <ele>124.0</ele>
      </trkpt>
      <trkpt lat="24.882259089499712" lon="121.28905520774424">
        <ele>125.2</ele>
      </trkpt>
      <trkpt lat="24.882323294878006" lon="121.28907398320735">
        <ele>125.0</ele>
      </trkpt>
      <trkpt lat="24.882467044517398" lon="121.28908102400601">
        <ele>124.2</ele>
      </trkpt>
      <trkpt lat="24.882502583786845" lon="121.28908077254891">
        <ele>124.2</ele>
      </trkpt>
      <trkpt lat="24.882619343698025" lon="121.28906954079866">
        <ele>124.8</ele>
      </trkpt>
      <trkpt lat="24.88266745582223" lon="121.28906266763806">
        <ele>124.4</ele>
      </trkpt>
      <trkpt lat="24.88275831565261" lon="121.28907172009349">
        <ele>124.2</ele>
      </trkpt>
      <trkpt lat="24.88283366896212" lon="121.28908119164407">
        <ele>124.4</ele>
      </trkpt>
      <trkpt lat="24.8828761652112" lon="121.28908563405275">
        <ele>124.2</ele>
      </trkpt>
      <trkpt lat="24.88296853378415" lon="121.28908932209015">
        <ele>123.6</ele>
      </trkpt>
      <trkpt lat="24.883022010326385" lon="121.2890936806798">
        <ele>123.4</ele>
      </trkpt>
      <trkpt lat="24.883124521002173" lon="121.28910491243005">
        <ele>123.4</ele>
      </trkpt>
      <trkpt lat="24.88318738527596" lon="121.28911329433322">
        <ele>123.6</ele>
      </trkpt>
      <trkpt lat="24.883340438827872" lon="121.28913458436728">
        <ele>123.2</ele>
      </trkpt>
      <trkpt lat="24.88357052206993" lon="121.28918546251953">
        <ele>123.0</ele>
      </trkpt>
      <trkpt lat="24.883739752694964" lon="121.28921211697161">
        <ele>123.2</ele>
      </trkpt>
      <trkpt lat="24.883798426017165" lon="121.28921899013221">
        <ele>123.0</ele>
      </trkpt>
      <trkpt lat="24.883934380486608" lon="121.28927171230316">
        <ele>122.6</ele>
      </trkpt>
      <trkpt lat="24.884061785414815" lon="121.28930171951652">
        <ele>122.4</ele>
      </trkpt>
      <trkpt lat="24.884094977751374" lon="121.28930641338229">
        <ele>122.4</ele>
      </trkpt>
      <trkpt lat="24.884128756821156" lon="121.28930884413421">
        <ele>122.2</ele>
      </trkpt>
      <trkpt lat="24.884244091808796" lon="121.28932041116059">
        <ele>122.0</ele>
      </trkpt>
      <trkpt lat="24.884271835908294" lon="121.28931689076126">
        <ele>122.2</ele>
      </trkpt>
      <trkpt lat="24.88427418284118" lon="121.28930884413421">
        <ele>122.4</ele>
      </trkpt>
      <trkpt lat="24.884331515058875" lon="121.28932619467378">
        <ele>121.4</ele>
      </trkpt>
      <trkpt lat="24.88435464911163" lon="121.28932870924473">
        <ele>121.0</ele>
      </trkpt>
      <trkpt lat="24.884463027119637" lon="121.28936349414289">
        <ele>120.6</ele>
      </trkpt>
      <trkpt lat="24.884476605802774" lon="121.28939794376493">
        <ele>120.6</ele>
      </trkpt>
      <trkpt lat="24.88446864299476" lon="121.2895009573549">
        <ele>121.4</ele>
      </trkpt>
      <trkpt lat="24.884450286626816" lon="121.28962459042668">
        <ele>121.6</ele>
      </trkpt>
      <trkpt lat="24.884443413466215" lon="121.28976163454354">
        <ele>121.6</ele>
      </trkpt>
      <trkpt lat="24.884432768449187" lon="121.28996271640062">
        <ele>121.4</ele>
      </trkpt>
      <trkpt lat="24.884425392374396" lon="121.29016530700028">
        <ele>120.4</ele>
      </trkpt>
      <trkpt lat="24.884433606639504" lon="121.2902161013335">
        <ele>120.6</ele>
      </trkpt>
      <trkpt lat="24.88447593525052" lon="121.29035524092615">
        <ele>120.0</ele>
      </trkpt>
      <trkpt lat="24.88448867574334" lon="121.2904042750597">
        <ele>120.2</ele>
      </trkpt>
      <trkpt lat="24.884518263861537" lon="121.29050435498357">
        <ele>121.0</ele>
      </trkpt>
      <trkpt lat="24.884555311873555" lon="121.29060653038323">
        <ele>122.2</ele>
      </trkpt>
      <trkpt lat="24.884633012115955" lon="121.29081473685801">
        <ele>123.4</ele>
      </trkpt>
      <trkpt lat="24.88469386473298" lon="121.29099871963263">
        <ele>121.6</ele>
      </trkpt>
      <trkpt lat="24.884735019877553" lon="121.291115982458">
        <ele>119.6</ele>
      </trkpt>
      <trkpt lat="24.88481104373932" lon="121.29134849645197">
        <ele>120.4</ele>
      </trkpt>
      <trkpt lat="24.884834680706263" lon="121.29140390083194">
        <ele>121.2</ele>
      </trkpt>
      <trkpt lat="24.884959319606423" lon="121.2917769793421">
        <ele>122.2</ele>
      </trkpt>
      <trkpt lat="24.885024279356003" lon="121.2919622194022">
        <ele>121.2</ele>
      </trkpt>
      <trkpt lat="24.885071385651827" lon="121.2920893728733">
        <ele>121.0</ele>
      </trkpt>
      <trkpt lat="24.88528026267886" lon="121.29267258569598">
        <ele>120.0</ele>
      </trkpt>
      <trkpt lat="24.885476902127266" lon="121.2932625040412">
        <ele>120.4</ele>
      </trkpt>
      <trkpt lat="24.885599026456475" lon="121.29361647181213">
        <ele>119.0</ele>
      </trkpt>
      <trkpt lat="24.885676642879844" lon="121.29382928833365">
        <ele>118.0</ele>
      </trkpt>
      <trkpt lat="24.885851070284843" lon="121.29433035850525">
        <ele>117.6</ele>
      </trkpt>
      <trkpt lat="24.88592022098601" lon="121.29448098130524">
        <ele>118.2</ele>
      </trkpt>
      <trkpt lat="24.885950982570648" lon="121.29455658607185">
        <ele>118.8</ele>
      </trkpt>
      <trkpt lat="24.88619774580002" lon="121.29497475922108">
        <ele>117.6</ele>
      </trkpt>
      <trkpt lat="24.88624577410519" lon="121.29504265263677">
        <ele>117.4</ele>
      </trkpt>
      <trkpt lat="24.886294808238745" lon="121.29511071369052">
        <ele>119.6</ele>
      </trkpt>
      <trkpt lat="24.886604016646743" lon="121.29551279358566">
        <ele>118.4</ele>
      </trkpt>
      <trkpt lat="24.886752711609006" lon="121.29570817574859">
        <ele>117.4</ele>
      </trkpt>
      <trkpt lat="24.887110786512494" lon="121.29618141800165">
        <ele>118.0</ele>
      </trkpt>
      <trkpt lat="24.88721807487309" lon="121.29631443880498">
        <ele>116.6</ele>
      </trkpt>
      <trkpt lat="24.8872693721205" lon="121.2963876966387">
        <ele>115.8</ele>
      </trkpt>
      <trkpt lat="24.887536922469735" lon="121.29672481678426">
        <ele>117.0</ele>
      </trkpt>
      <trkpt lat="24.887643372640014" lon="121.29685741849244">
        <ele>116.2</ele>
      </trkpt>
      <trkpt lat="24.887754935771227" lon="121.29698884673417">
        <ele>115.8</ele>
      </trkpt>
      <trkpt lat="24.88806632347405" lon="121.29729025997221">
        <ele>116.2</ele>
      </trkpt>
      <trkpt lat="24.88836681470275" lon="121.29763810895383">
        <ele>115.8</ele>
      </trkpt>
      <trkpt lat="24.888407718390226" lon="121.2977244425565">
        <ele>115.6</ele>
      </trkpt>
      <trkpt lat="24.88843579776585" lon="121.29782083444297">
        <ele>115.2</ele>
      </trkpt>
      <trkpt lat="24.88846513442695" lon="121.29802686162293">
        <ele>114.6</ele>
      </trkpt>
      <trkpt lat="24.888519700616598" lon="121.29854075610638">
        <ele>113.4</ele>
      </trkpt>
      <trkpt lat="24.888541158288717" lon="121.29885273054242">
        <ele>113.0</ele>
      </trkpt>
      <trkpt lat="24.888599580153823" lon="121.2993962969631">
        <ele>114.4</ele>
      </trkpt>
      <trkpt lat="24.88862388767302" lon="121.29947198554873">
        <ele>115.2</ele>
      </trkpt>
      <trkpt lat="24.88865473307669" lon="121.2995411362499">
        <ele>115.6</ele>
      </trkpt>
      <trkpt lat="24.888694463297725" lon="121.29960224032402">
        <ele>116.4</ele>
      </trkpt>
      <trkpt lat="24.888741988688707" lon="121.29965596832335">
        <ele>116.4</ele>
      </trkpt>
      <trkpt lat="24.88884667865932" lon="121.29973316565156">
        <ele>116.6</ele>
      </trkpt>
      <trkpt lat="24.888966623693705" lon="121.29977499134839">
        <ele>116.8</ele>
      </trkpt>
      <trkpt lat="24.889157647266984" lon="121.29981857724488">
        <ele>115.4</ele>
      </trkpt>
      <trkpt lat="24.889294607564807" lon="121.29984791390598">
        <ele>114.2</ele>
      </trkpt>
      <trkpt lat="24.88943114876747" lon="121.29986660555005">
        <ele>114.0</ele>
      </trkpt>
      <trkpt lat="24.889892488718033" lon="121.29992879927158">
        <ele>112.4</ele>
      </trkpt>
      <trkpt lat="24.890091391280293" lon="121.29995629191399">
        <ele>111.8</ele>
      </trkpt>
      <trkpt lat="24.89062238484621" lon="121.30005301907659">
        <ele>112.6</ele>
      </trkpt>
      <trkpt lat="24.89096445031464" lon="121.3001027237624">
        <ele>113.4</ele>
      </trkpt>
      <trkpt lat="24.89131866954267" lon="121.30016533657908">
        <ele>114.2</ele>
      </trkpt>
      <trkpt lat="24.891900289803743" lon="121.30024722777307">
        <ele>113.8</ele>
      </trkpt>
      <trkpt lat="24.892296502366662" lon="121.30032769404352">
        <ele>112.0</ele>
      </trkpt>
      <trkpt lat="24.892591880634427" lon="121.30036666989326">
        <ele>111.4</ele>
      </trkpt>
      <trkpt lat="24.892884073778987" lon="121.30042274482548">
        <ele>113.2</ele>
      </trkpt>
      <trkpt lat="24.892956241965294" lon="121.30044269375503">
        <ele>114.4</ele>
      </trkpt>
      <trkpt lat="24.893102338537574" lon="121.30047831684351">
        <ele>113.4</ele>
      </trkpt>
      <trkpt lat="24.89317744038999" lon="121.30049424245954">
        <ele>113.0</ele>
      </trkpt>
      <trkpt lat="24.893251033499837" lon="121.30050807259977">
        <ele>112.2</ele>
      </trkpt>
      <trkpt lat="24.89339872263372" lon="121.30053967237473">
        <ele>110.8</ele>
      </trkpt>
      <trkpt lat="24.893813878297806" lon="121.3006252516061">
        <ele>110.8</ele>
      </trkpt>
      <trkpt lat="24.89436473697424" lon="121.30074519664049">
        <ele>110.6</ele>
      </trkpt>
      <trkpt lat="24.894509073346853" lon="121.30077570676804">
        <ele>109.8</ele>
      </trkpt>
      <trkpt lat="24.894577553495765" lon="121.30078895017505">
        <ele>109.6</ele>
      </trkpt>
      <trkpt lat="24.89513972774148" lon="121.3008913770318">
        <ele>109.4</ele>
      </trkpt>
      <trkpt lat="24.89527652040124" lon="121.30091945640743">
        <ele>109.2</ele>
      </trkpt>
      <trkpt lat="24.89548615179956" lon="121.30098081193864">
        <ele>108.2</ele>
      </trkpt>
      <trkpt lat="24.89577692002058" lon="121.3010932970792">
        <ele>107.6</ele>
      </trkpt>
      <trkpt lat="24.8958932608366" lon="121.30119731649756">
        <ele>107.2</ele>
      </trkpt>
      <trkpt lat="24.895936343818903" lon="121.30126336589456">
        <ele>107.2</ele>
      </trkpt>
      <trkpt lat="24.895972721278667" lon="121.30133394151926">
        <ele>107.4</ele>
      </trkpt>
      <trkpt lat="24.89602217450738" lon="121.30149043165147">
        <ele>107.2</ele>
      </trkpt>
      <trkpt lat="24.89603483118117" lon="121.30157299339771">
        <ele>107.4</ele>
      </trkpt>
      <trkpt lat="24.896043464541435" lon="121.30165312439203">
        <ele>108.0</ele>
      </trkpt>
      <trkpt lat="24.896034579724073" lon="121.30180902779102">
        <ele>108.8</ele>
      </trkpt>
      <trkpt lat="24.896018654108047" lon="121.30188387818635">
        <ele>109.2</ele>
      </trkpt>
      <trkpt lat="24.895995017141104" lon="121.30196074023843">
        <ele>109.2</ele>
      </trkpt>
      <trkpt lat="24.895841795951128" lon="121.3024868723005">
        <ele>110.2</ele>
      </trkpt>
      <trkpt lat="24.89572076126933" lon="121.30278585478663">
        <ele>109.8</ele>
      </trkpt>
      <trkpt lat="24.895669715479016" lon="121.30284855142236">
        <ele>109.6</ele>
      </trkpt>
      <trkpt lat="24.89561414346099" lon="121.30290353670716">
        <ele>109.4</ele>
      </trkpt>
      <trkpt lat="24.89544373936951" lon="121.30303747951984">
        <ele>109.2</ele>
      </trkpt>
      <trkpt lat="24.895157078281045" lon="121.30316664464772">
        <ele>110.2</ele>
      </trkpt>
      <trkpt lat="24.895100248977542" lon="121.30319061689079">
        <ele>110.4</ele>
      </trkpt>
      <trkpt lat="24.894870249554515" lon="121.30330109037459">
        <ele>111.4</ele>
      </trkpt>
      <trkpt lat="24.894657600671053" lon="121.30345640704036">
        <ele>112.0</ele>
      </trkpt>
      <trkpt lat="24.894447969272733" lon="121.30373124964535">
        <ele>112.2</ele>
      </trkpt>
      <trkpt lat="24.894409580156207" lon="121.30380023270845">
        <ele>112.4</ele>
      </trkpt>
      <trkpt lat="24.894264321774244" lon="121.30415990017354">
        <ele>112.4</ele>
      </trkpt>
      <trkpt lat="24.89406617358327" lon="121.3047787360847">
        <ele>111.6</ele>
      </trkpt>
      <trkpt lat="24.894020995125175" lon="121.30493011325598">
        <ele>112.0</ele>
      </trkpt>
      <trkpt lat="24.893885040655732" lon="121.30543596111238">
        <ele>113.4</ele>
      </trkpt>
      <trkpt lat="24.89387020468712" lon="121.30551022477448">
        <ele>113.6</ele>
      </trkpt>
      <trkpt lat="24.893795354291797" lon="121.30609947256744">
        <ele>113.6</ele>
      </trkpt>
      <trkpt lat="24.893730645999312" lon="121.30670355632901">
        <ele>114.4</ele>
      </trkpt>
      <trkpt lat="24.89372570067644" lon="121.30677874200046">
        <ele>114.8</ele>
      </trkpt>
      <trkpt lat="24.89370860159397" lon="121.3070563506335">
        <ele>115.6</ele>
      </trkpt>
      <trkpt lat="24.893705416470766" lon="121.30726556293666">
        <ele>115.2</ele>
      </trkpt>
      <trkpt lat="24.89371874369681" lon="121.30762464366853">
        <ele>116.6</ele>
      </trkpt>
      <trkpt lat="24.893720168620348" lon="121.30769706331193">
        <ele>116.8</ele>
      </trkpt>
      <trkpt lat="24.89379501901567" lon="121.30809520371258">
        <ele>116.2</ele>
      </trkpt>
      <trkpt lat="24.893831061199307" lon="121.30822436884046">
        <ele>115.6</ele>
      </trkpt>
      <trkpt lat="24.89393575116992" lon="121.30859996192157">
        <ele>116.8</ele>
      </trkpt>
      <trkpt lat="24.893951173871756" lon="121.30866073071957">
        <ele>116.8</ele>
      </trkpt>
      <trkpt lat="24.894063994288445" lon="121.30909013561904">
        <ele>117.8</ele>
      </trkpt>
      <trkpt lat="24.894078746438026" lon="121.30915543064475">
        <ele>118.2</ele>
      </trkpt>
      <trkpt lat="24.89412819966674" lon="121.30935341119766">
        <ele>119.2</ele>
      </trkpt>
      <trkpt lat="24.894216880202293" lon="121.30966521799564">
        <ele>118.6</ele>
      </trkpt>
      <trkpt lat="24.894367503002286" lon="121.3100850675255">
        <ele>118.2</ele>
      </trkpt>
      <trkpt lat="24.89438862539828" lon="121.31014248356223">
        <ele>118.4</ele>
      </trkpt>
      <trkpt lat="24.894439671188593" lon="121.31025689654052">
        <ele>119.2</ele>
      </trkpt>
      <trkpt lat="24.89449272863567" lon="121.310366531834">
        <ele>120.2</ele>
      </trkpt>
      <trkpt lat="24.89460756070912" lon="121.31059686653316">
        <ele>120.8</ele>
      </trkpt>
      <trkpt lat="24.89488801918924" lon="121.3110734615475">
        <ele>120.6</ele>
      </trkpt>
      <trkpt lat="24.895090190693736" lon="121.31142835132778">
        <ele>119.2</ele>
      </trkpt>
      <trkpt lat="24.895165795460343" lon="121.31158869713545">
        <ele>119.0</ele>
      </trkpt>
      <trkpt lat="24.89527216181159" lon="121.31184811703861">
        <ele>118.0</ele>
      </trkpt>
      <trkpt lat="24.89536645822227" lon="121.31211248226464">
        <ele>116.8</ele>
      </trkpt>
      <trkpt lat="24.895431669428945" lon="121.31228447891772">
        <ele>116.0</ele>
      </trkpt>
      <trkpt lat="24.895581202581525" lon="121.31282854825258">
        <ele>117.2</ele>
      </trkpt>
      <trkpt lat="24.895594865083694" lon="121.31302082911134">
        <ele>117.2</ele>
      </trkpt>
      <trkpt lat="24.895578688010573" lon="121.31321872584522">
        <ele>116.8</ele>
      </trkpt>
      <trkpt lat="24.895466538146138" lon="121.31378500722349">
        <ele>116.0</ele>
      </trkpt>
      <trkpt lat="24.89531021565199" lon="121.31433636881411">
        <ele>115.8</ele>
      </trkpt>
      <trkpt lat="24.89524818956852" lon="121.31451725028455">
        <ele>115.0</ele>
      </trkpt>
      <trkpt lat="24.895182894542813" lon="121.31469863466918">
        <ele>114.8</ele>
      </trkpt>
      <trkpt lat="24.894987177103758" lon="121.31511588580906">
        <ele>114.8</ele>
      </trkpt>
      <trkpt lat="24.894739827141166" lon="121.3154627289623">
        <ele>115.8</ele>
      </trkpt>
      <trkpt lat="24.894551150500774" lon="121.31567604839802">
        <ele>117.0</ele>
      </trkpt>
      <trkpt lat="24.894514689221978" lon="121.31572810001671">
        <ele>117.2</ele>
      </trkpt>
      <trkpt lat="24.894316624850035" lon="121.31601434201002">
        <ele>116.8</ele>
      </trkpt>
      <trkpt lat="24.89428410306573" lon="121.3161033578217">
        <ele>117.6</ele>
      </trkpt>
      <trkpt lat="24.89426557905972" lon="121.31619354709983">
        <ele>118.2</ele>
      </trkpt>
      <trkpt lat="24.894256945699453" lon="121.316236294806">
        <ele>118.6</ele>
      </trkpt>
      <trkpt lat="24.894246133044362" lon="121.31632044911385">
        <ele>119.4</ele>
      </trkpt>
      <trkpt lat="24.894256945699453" lon="121.31647408939898">
        <ele>120.2</ele>
      </trkpt>
      <trkpt lat="24.89429147914052" lon="121.31662731058896">
        <ele>120.6</ele>
      </trkpt>
      <trkpt lat="24.894314529374242" lon="121.31671540439129">
        <ele>121.0</ele>
      </trkpt>
      <trkpt lat="24.894432043656707" lon="121.31693182513118">
        <ele>121.2</ele>
      </trkpt>
      <trkpt lat="24.894681572914124" lon="121.31729459390044">
        <ele>121.4</ele>
      </trkpt>
      <trkpt lat="24.89470730535686" lon="121.31733180955052">
        <ele>121.8</ele>
      </trkpt>
      <trkpt lat="24.89485968835652" lon="121.3175991922617">
        <ele>120.8</ele>
      </trkpt>
      <trkpt lat="24.89496479742229" lon="121.31783438846469">
        <ele>122.2</ele>
      </trkpt>
      <trkpt lat="24.89497745409608" lon="121.31788484752178">
        <ele>122.6</ele>
      </trkpt>
      <trkpt lat="24.895004695281386" lon="121.3182223867625">
        <ele>122.6</ele>
      </trkpt>
      <trkpt lat="24.894983740523458" lon="121.31839144974947">
        <ele>122.6</ele>
      </trkpt>
      <trkpt lat="24.894944429397583" lon="121.31856730207801">
        <ele>123.0</ele>
      </trkpt>
      <trkpt lat="24.89488567225635" lon="121.3189496845007">
        <ele>123.2</ele>
      </trkpt>
      <trkpt lat="24.89488374441862" lon="121.31908656097949">
        <ele>123.2</ele>
      </trkpt>
      <trkpt lat="24.894892880693078" lon="121.31915202364326">
        <ele>123.2</ele>
      </trkpt>
      <trkpt lat="24.894953900948167" lon="121.3194066658616">
        <ele>122.8</ele>
      </trkpt>
      <trkpt lat="24.895107373595238" lon="121.3197729550302">
        <ele>122.8</ele>
      </trkpt>
      <trkpt lat="24.89538892172277" lon="121.32029062137008">
        <ele>122.4</ele>
      </trkpt>
      <trkpt lat="24.89542806521058" lon="121.32035549730062">
        <ele>122.2</ele>
      </trkpt>
      <trkpt lat="24.89571682177484" lon="121.3208781927824">
        <ele>121.4</ele>
      </trkpt>
      <trkpt lat="24.895837688818574" lon="121.32132872007787">
        <ele>122.8</ele>
      </trkpt>
      <trkpt lat="24.89586543291807" lon="121.32181830704212">
        <ele>121.0</ele>
      </trkpt>
      <trkpt lat="24.89585847593844" lon="121.32197362370789">
        <ele>122.2</ele>
      </trkpt>
      <trkpt lat="24.895831905305386" lon="121.32220974192023">
        <ele>123.4</ele>
      </trkpt>
      <trkpt lat="24.895820673555136" lon="121.3222807366401">
        <ele>123.6</ele>
      </trkpt>
      <trkpt lat="24.895777674391866" lon="121.32249103859067">
        <ele>124.4</ele>
      </trkpt>
      <trkpt lat="24.89569720812142" lon="121.32274425588548">
        <ele>125.2</ele>
      </trkpt>
      <trkpt lat="24.895666278898716" lon="121.32280066609383">
        <ele>125.4</ele>
      </trkpt>
      <trkpt lat="24.89562830887735" lon="121.32285405881703">
        <ele>125.6</ele>
      </trkpt>
      <trkpt lat="24.89558883011341" lon="121.32289982400835">
        <ele>125.8</ele>
      </trkpt>
      <trkpt lat="24.895550021901727" lon="121.32294232025743">
        <ele>126.0</ele>
      </trkpt>
      <trkpt lat="24.895468801259995" lon="121.32302706129849">
        <ele>126.6</ele>
      </trkpt>
      <trkpt lat="24.89542311988771" lon="121.32305941544473">
        <ele>127.0</ele>
      </trkpt>
      <trkpt lat="24.89532538689673" lon="121.32311222143471">
        <ele>127.8</ele>
      </trkpt>
      <trkpt lat="24.895277777686715" lon="121.32313803769648">
        <ele>128.0</ele>
      </trkpt>
      <trkpt lat="24.895186834037304" lon="121.32318958640099">
        <ele>128.8</ele>
      </trkpt>
      <trkpt lat="24.895029505714774" lon="121.32326820865273">
        <ele>129.8</ele>
      </trkpt>
      <trkpt lat="24.89498977549374" lon="121.32328815758228">
        <ele>130.0</ele>
      </trkpt>
      <trkpt lat="24.894784754142165" lon="121.32338421419263">
        <ele>131.0</ele>
      </trkpt>
      <trkpt lat="24.894620049744844" lon="121.32347490638494">
        <ele>131.8</ele>
      </trkpt>
      <trkpt lat="24.894573697820306" lon="121.32350080646574">
        <ele>132.0</ele>
      </trkpt>
      <trkpt lat="24.89438535645604" lon="121.32362586446106">
        <ele>133.2</ele>
      </trkpt>
      <trkpt lat="24.894339758902788" lon="121.32366224192083">
        <ele>133.4</ele>
      </trkpt>
      <trkpt lat="24.89421679638326" lon="121.32378679700196">
        <ele>134.2</ele>
      </trkpt>
      <trkpt lat="24.89410581998527" lon="121.3239103462547">
        <ele>135.4</ele>
      </trkpt>
      <trkpt lat="24.89392259158194" lon="121.32410673424602">
        <ele>136.4</ele>
      </trkpt>
      <trkpt lat="24.893764844164252" lon="121.32425174117088">
        <ele>137.4</ele>
      </trkpt>
      <trkpt lat="24.893722431734204" lon="121.32428644225001">
        <ele>137.4</ele>
      </trkpt>
      <trkpt lat="24.893485056236386" lon="121.32450596429408">
        <ele>138.4</ele>
      </trkpt>
      <trkpt lat="24.893444068729877" lon="121.32453287020326">
        <ele>138.8</ele>
      </trkpt>
      <trkpt lat="24.8931700643152" lon="121.32467209361494">
        <ele>139.4</ele>
      </trkpt>
      <trkpt lat="24.89290963858366" lon="121.32480109110475">
        <ele>140.0</ele>
      </trkpt>
      <trkpt lat="24.89282112568617" lon="121.32484367117286">
        <ele>140.4</ele>
      </trkpt>
      <trkpt lat="24.892511749640107" lon="121.32503964006901">
        <ele>140.8</ele>
      </trkpt>
      <trkpt lat="24.892475036904216" lon="121.3250797893852">
        <ele>141.6</ele>
      </trkpt>
      <trkpt lat="24.892411082983017" lon="121.32516260258853">
        <ele>142.6</ele>
      </trkpt>
      <trkpt lat="24.89238442853093" lon="121.32520618848503">
        <ele>143.0</ele>
      </trkpt>
      <trkpt lat="24.8923272639513" lon="121.32533979602158">
        <ele>143.8</ele>
      </trkpt>
      <trkpt lat="24.89217571914196" lon="121.32570608519018">
        <ele>144.8</ele>
      </trkpt>
      <trkpt lat="24.89215660840273" lon="121.32575604133308">
        <ele>145.0</ele>
      </trkpt>
      <trkpt lat="24.89201797172427" lon="121.32614311762154">
        <ele>144.8</ele>
      </trkpt>
      <trkpt lat="24.891952173784375" lon="121.32638895884156">
        <ele>143.6</ele>
      </trkpt>
      <trkpt lat="24.891919903457165" lon="121.32658283226192">
        <ele>143.2</ele>
      </trkpt>
      <trkpt lat="24.89191671833396" lon="121.32664687000215">
        <ele>143.0</ele>
      </trkpt>
      <trkpt lat="24.89194848574698" lon="121.3269136659801">
        <ele>142.8</ele>
      </trkpt>
      <trkpt lat="24.891963405534625" lon="121.32698575034738">
        <ele>142.6</ele>
      </trkpt>
      <trkpt lat="24.89207262173295" lon="121.32732907310128">
        <ele>142.2</ele>
      </trkpt>
      <trkpt lat="24.892122074961662" lon="121.32746066898108">
        <ele>141.8</ele>
      </trkpt>
      <trkpt lat="24.89225392229855" lon="121.32784489542246">
        <ele>142.2</ele>
      </trkpt>
      <trkpt lat="24.89230521954596" lon="121.32798043079674">
        <ele>143.2</ele>
      </trkpt>
      <trkpt lat="24.892377303913236" lon="121.32816332392395">
        <ele>143.4</ele>
      </trkpt>
      <trkpt lat="24.8923980910331" lon="121.32821981795132">
        <ele>143.6</ele>
      </trkpt>
      <trkpt lat="24.89246246404946" lon="121.32837287150323">
        <ele>144.4</ele>
      </trkpt>
      <trkpt lat="24.892490543425083" lon="121.32842282764614">
        <ele>144.8</ele>
      </trkpt>
      <trkpt lat="24.892520466819406" lon="121.3284711074084">
        <ele>145.0</ele>
      </trkpt>
      <trkpt lat="24.892608979716897" lon="121.32860203273594">
        <ele>146.4</ele>
      </trkpt>
      <trkpt lat="24.892647033557296" lon="121.32864134386182">
        <ele>146.8</ele>
      </trkpt>
      <trkpt lat="24.892686177045107" lon="121.32868065498769">
        <ele>147.4</ele>
      </trkpt>
      <trkpt lat="24.892766727134585" lon="121.32875684648752">
        <ele>147.8</ele>
      </trkpt>
      <trkpt lat="24.892940064892173" lon="121.32890277542174">
        <ele>148.4</ele>
      </trkpt>
      <trkpt lat="24.89313301630318" lon="121.32905230857432">
        <ele>149.0</ele>
      </trkpt>
      <trkpt lat="24.893403332680464" lon="121.32926135323942">
        <ele>149.4</ele>
      </trkpt>
      <trkpt lat="24.89344557747245" lon="121.32929387502372">
        <ele>149.6</ele>
      </trkpt>
      <trkpt lat="24.89358488470316" lon="121.32941440679133">
        <ele>150.6</ele>
      </trkpt>
      <trkpt lat="24.89380583167076" lon="121.32962001487613">
        <ele>151.0</ele>
      </trkpt>
      <trkpt lat="24.893919993191957" lon="121.32973367348313">
        <ele>151.6</ele>
      </trkpt>
      <trkpt lat="24.894074387848377" lon="121.32988848723471">
        <ele>152.6</ele>
      </trkpt>
      <trkpt lat="24.89431343972683" lon="121.3301117811352">
        <ele>154.2</ele>
      </trkpt>
      <trkpt lat="24.894391894340515" lon="121.3301881402731">
        <ele>155.2</ele>
      </trkpt>
      <trkpt lat="24.894466158002615" lon="121.33025921881199">
        <ele>155.8</ele>
      </trkpt>
      <trkpt lat="24.89453916437924" lon="121.33033339865506">
        <ele>156.4</ele>
      </trkpt>
      <trkpt lat="24.894739743322134" lon="121.33053414523602">
        <ele>156.0</ele>
      </trkpt>
      <trkpt lat="24.89500343799591" lon="121.33083505555987">
        <ele>157.2</ele>
      </trkpt>
      <trkpt lat="24.895033948123455" lon="121.33086824789643">
        <ele>157.6</ele>
      </trkpt>
      <trkpt lat="24.89528146572411" lon="121.33115256205201">
        <ele>158.4</ele>
      </trkpt>
      <trkpt lat="24.89534650929272" lon="121.3312202040106">
        <ele>158.6</ele>
      </trkpt>
      <trkpt lat="24.895538119599223" lon="121.33143461309373">
        <ele>160.2</ele>
      </trkpt>
      <trkpt lat="24.895570557564497" lon="121.33147048763931">
        <ele>160.8</ele>
      </trkpt>
      <trkpt lat="24.89560198970139" lon="121.33150384761393">
        <ele>161.2</ele>
      </trkpt>
      <trkpt lat="24.8958242777735" lon="121.33176033385098">
        <ele>162.6</ele>
      </trkpt>
      <trkpt lat="24.895950006321073" lon="121.33190517313778">
        <ele>163.2</ele>
      </trkpt>
      <trkpt lat="24.89612577483058" lon="121.33213207125664">
        <ele>163.6</ele>
      </trkpt>
      <trkpt lat="24.89618436433375" lon="121.3322080951184">
        <ele>164.2</ele>
      </trkpt>
      <trkpt lat="24.896290227770805" lon="121.3323653396219">
        <ele>164.8</ele>
      </trkpt>
      <trkpt lat="24.896379746496677" lon="121.33255368098617">
        <ele>165.6</ele>
      </trkpt>
      <trkpt lat="24.89638871513307" lon="121.33260472677648">
        <ele>165.8</ele>
      </trkpt>
      <trkpt lat="24.896387793123722" lon="121.33265770040452">
        <ele>166.0</ele>
      </trkpt>
      <trkpt lat="24.896363401785493" lon="121.33276004344225">
        <ele>166.8</ele>
      </trkpt>
      <trkpt lat="24.896314116194844" lon="121.33284696377814">
        <ele>167.4</ele>
      </trkpt>
      <trkpt lat="24.896252173930407" lon="121.3329245802015">
        <ele>167.6</ele>
      </trkpt>
      <trkpt lat="24.896215461194515" lon="121.33295190520585">
        <ele>167.8</ele>
      </trkpt>
      <trkpt lat="24.896172378212214" lon="121.332973446697">
        <ele>168.0</ele>
      </trkpt>
      <trkpt lat="24.89608076401055" lon="121.33301015943289">
        <ele>168.2</ele>
      </trkpt>
      <trkpt lat="24.896038100123405" lon="121.33301862515509">
        <ele>168.2</ele>
      </trkpt>
      <trkpt lat="24.895961321890354" lon="121.33302449248731">
        <ele>169.0</ele>
      </trkpt>
      <trkpt lat="24.89588052034378" lon="121.33301183581352">
        <ele>169.2</ele>
      </trkpt>
      <trkpt lat="24.895505849272013" lon="121.33293505758047">
        <ele>168.2</ele>
      </trkpt>
      <trkpt lat="24.895455054938793" lon="121.33292307145894">
        <ele>167.8</ele>
      </trkpt>
      <trkpt lat="24.895285740494728" lon="121.33289189077914">
        <ele>166.6</ele>
      </trkpt>
      <trkpt lat="24.895156491547823" lon="121.33286808617413">
        <ele>166.0</ele>
      </trkpt>
      <trkpt lat="24.895013496279716" lon="121.33284193463624">
        <ele>165.0</ele>
      </trkpt>
      <trkpt lat="24.894857509061694" lon="121.33281033486128">
        <ele>163.2</ele>
      </trkpt>
      <trkpt lat="24.894775450229645" lon="121.33279524743557">
        <ele>162.2</ele>
      </trkpt>
      <trkpt lat="24.894690290093422" lon="121.33278074674308">
        <ele>161.4</ele>
      </trkpt>
      <trkpt lat="24.894513096660376" lon="121.33275920525193">
        <ele>160.2</ele>
      </trkpt>
      <trkpt lat="24.8942475579679" lon="121.33274436928332">
        <ele>159.4</ele>
      </trkpt>
      <trkpt lat="24.89406223408878" lon="121.33274420164526">
        <ele>159.0</ele>
      </trkpt>
      <trkpt lat="24.89376568235457" lon="121.33277554996312">
        <ele>157.2</ele>
      </trkpt>
      <trkpt lat="24.893677923828363" lon="121.33282475173473">
        <ele>156.2</ele>
      </trkpt>
      <trkpt lat="24.893613886088133" lon="121.33290463127196">
        <ele>155.4</ele>
      </trkpt>
      <trkpt lat="24.89357030019164" lon="121.333002531901">
        <ele>155.0</ele>
      </trkpt>
      <trkpt lat="24.893546914681792" lon="121.33310688659549">
        <ele>154.4</ele>
      </trkpt>
      <trkpt lat="24.893534425646067" lon="121.33321392349899">
        <ele>154.0</ele>
      </trkpt>
      <trkpt lat="24.893522690981627" lon="121.3333207089454">
        <ele>153.4</ele>
      </trkpt>
      <trkpt lat="24.893502658233047" lon="121.33343084715307">
        <ele>152.8</ele>
      </trkpt>
      <trkpt lat="24.893468040972948" lon="121.33353788405657">
        <ele>152.2</ele>
      </trkpt>
      <trkpt lat="24.89342068322003" lon="121.33363477885723">
        <ele>151.4</ele>
      </trkpt>
      <trkpt lat="24.893366619944572" lon="121.33372211828828">
        <ele>150.8</ele>
      </trkpt>
      <trkpt lat="24.893300822004676" lon="121.33380115963519">
        <ele>150.4</ele>
      </trkpt>
      <trkpt lat="24.8932287376374" lon="121.33386771194637">
        <ele>150.0</ele>
      </trkpt>
      <trkpt lat="24.893149444833398" lon="121.33392521180212">
        <ele>149.8</ele>
      </trkpt>
      <trkpt lat="24.8930699005723" lon="121.33397005498409">
        <ele>149.6</ele>
      </trkpt>
      <trkpt lat="24.89290963858366" lon="121.33401188068092">
        <ele>149.6</ele>
      </trkpt>
      <trkpt lat="24.89265457727015" lon="121.33401514962316">
        <ele>149.4</ele>
      </trkpt>
      <trkpt lat="24.89256313070655" lon="121.33402604609728">
        <ele>149.2</ele>
      </trkpt>
      <trkpt lat="24.892472019419074" lon="121.33404649794102">
        <ele>148.6</ele>
      </trkpt>
      <trkpt lat="24.89238685928285" lon="121.33408295921981">
        <ele>147.8</ele>
      </trkpt>
      <trkpt lat="24.8923032078892" lon="121.33413693867624">
        <ele>146.8</ele>
      </trkpt>
      <trkpt lat="24.892233721911907" lon="121.33420944213867">
        <ele>146.0</ele>
      </trkpt>
      <trkpt lat="24.89218359813094" lon="121.33430072106421">
        <ele>145.0</ele>
      </trkpt>
      <trkpt lat="24.892145628109574" lon="121.33440281264484">
        <ele>144.0</ele>
      </trkpt>
      <trkpt lat="24.892121655866504" lon="121.33451588451862">
        <ele>142.8</ele>
      </trkpt>
      <trkpt lat="24.89213607273996" lon="121.33474906906486">
        <ele>141.0</ele>
      </trkpt>
      <trkpt lat="24.892177898436785" lon="121.33485635742545">
        <ele>140.0</ele>
      </trkpt>
      <trkpt lat="24.892244534567" lon="121.33495761081576">
        <ele>139.2</ele>
      </trkpt>
      <trkpt lat="24.89233648404479" lon="121.33503086864948">
        <ele>138.6</ele>
      </trkpt>
      <trkpt lat="24.89244452677667" lon="121.33507571183145">
        <ele>137.4</ele>
      </trkpt>
      <trkpt lat="24.892554748803377" lon="121.33509163744748">
        <ele>135.6</ele>
      </trkpt>
      <trkpt lat="24.89266731776297" lon="121.33508736267686">
        <ele>133.4</ele>
      </trkpt>
      <trkpt lat="24.892778964713216" lon="121.33506682701409">
        <ele>130.8</ele>
      </trkpt>
      <trkpt lat="24.89289153367281" lon="121.33504344150424">
        <ele>129.4</ele>
      </trkpt>
      <trkpt lat="24.89300401881337" lon="121.33503313176334">
        <ele>128.0</ele>
      </trkpt>
      <trkpt lat="24.893114240840077" lon="121.33504335768521">
        <ele>127.6</ele>
      </trkpt>
      <trkpt lat="24.893226893618703" lon="121.3350607920438">
        <ele>125.8</ele>
      </trkpt>
      <trkpt lat="24.89343736320734" lon="121.33510462939739">
        <ele>124.8</ele>
      </trkpt>
      <trkpt lat="24.89374036900699" lon="121.3351596146822">
        <ele>124.6</ele>
      </trkpt>
      <trkpt lat="24.893933152779937" lon="121.33520806208253">
        <ele>123.6</ele>
      </trkpt>
      <trkpt lat="24.89412090741098" lon="121.33525533601642">
        <ele>122.6</ele>
      </trkpt>
      <trkpt lat="24.894305979833007" lon="121.3353115785867">
        <ele>121.2</ele>
      </trkpt>
      <trkpt lat="24.894395247101784" lon="121.33535038679838">
        <ele>120.0</ele>
      </trkpt>
      <trkpt lat="24.894486106932163" lon="121.33539967238903">
        <ele>119.8</ele>
      </trkpt>
      <trkpt lat="24.894637567922473" lon="121.335539650172">
        <ele>120.4</ele>
      </trkpt>
      <trkpt lat="24.89478056319058" lon="121.33570753969252">
        <ele>121.6</ele>
      </trkpt>
      <trkpt lat="24.89499606192112" lon="121.33596645668149">
        <ele>121.0</ele>
      </trkpt>
      <trkpt lat="24.895071499049664" lon="121.3360486831516">
        <ele>119.6</ele>
      </trkpt>
      <trkpt lat="24.895146349444985" lon="121.33612990379333">
        <ele>118.2</ele>
      </trkpt>
      <trkpt lat="24.895312897861004" lon="121.33628555573523">
        <ele>116.0</ele>
      </trkpt>
      <trkpt lat="24.895402416586876" lon="121.33636090904474">
        <ele>114.6</ele>
      </trkpt>
      <trkpt lat="24.89558690227568" lon="121.3365064188838">
        <ele>113.2</ele>
      </trkpt>
      <trkpt lat="24.89594640210271" lon="121.33677296340466">
        <ele>113.0</ele>
      </trkpt>
      <trkpt lat="24.896231135353446" lon="121.3369176350534">
        <ele>113.4</ele>
      </trkpt>
      <trkpt lat="24.89633146673441" lon="121.33693557232618">
        <ele>113.2</ele>
      </trkpt>
      <trkpt lat="24.896434731781483" lon="121.33694110438228">
        <ele>113.2</ele>
      </trkpt>
      <trkpt lat="24.89662860520184" lon="121.33693892508745">
        <ele>111.2</ele>
      </trkpt>
      <trkpt lat="24.896726086735725" lon="121.33693548850715">
        <ele>108.4</ele>
      </trkpt>
      <trkpt lat="24.896825328469276" lon="121.33692517876625">
        <ele>106.2</ele>
      </trkpt>
      <trkpt lat="24.896918199956417" lon="121.33692224510014">
        <ele>105.2</ele>
      </trkpt>
      <trkpt lat="24.897007634863257" lon="121.33692207746208">
        <ele>106.2</ele>
      </trkpt>
      <trkpt lat="24.897192372009158" lon="121.33695057593286">
        <ele>108.0</ele>
      </trkpt>
      <trkpt lat="24.89736101590097" lon="121.33703456260264">
        <ele>108.8</ele>
      </trkpt>
      <trkpt lat="24.897432597354054" lon="121.3370904698968">
        <ele>107.8</ele>
      </trkpt>
      <trkpt lat="24.89749437198043" lon="121.33715643547475">
        <ele>106.4</ele>
      </trkpt>
      <trkpt lat="24.897551704198122" lon="121.33722743019462">
        <ele>104.8</ele>
      </trkpt>
      <trkpt lat="24.897607108578086" lon="121.3372987601906">
        <ele>103.6</ele>
      </trkpt>
      <trkpt lat="24.897662764415145" lon="121.33737025782466">
        <ele>102.8</ele>
      </trkpt>
      <trkpt lat="24.897946324199438" lon="121.33778340183198">
        <ele>104.8</ele>
      </trkpt>
      <trkpt lat="24.898000555112958" lon="121.33784668520093">
        <ele>105.2</ele>
      </trkpt>
      <trkpt lat="24.898295598104596" lon="121.33816385641694">
        <ele>103.4</ele>
      </trkpt>
      <trkpt lat="24.898361144587398" lon="121.33822194300592">
        <ele>103.0</ele>
      </trkpt>
      <trkpt lat="24.898426523432136" lon="121.33828195743263">
        <ele>102.4</ele>
      </trkpt>
      <trkpt lat="24.898554515093565" lon="121.33840207010508">
        <ele>101.0</ele>
      </trkpt>
      <trkpt lat="24.898665072396398" lon="121.33853274397552">
        <ele>99.4</ele>
      </trkpt>
      <trkpt lat="24.898710334673524" lon="121.33860290050507">
        <ele>99.0</ele>
      </trkpt>
      <trkpt lat="24.898890294134617" lon="121.33895510807633">
        <ele>98.2</ele>
      </trkpt>
      <trkpt lat="24.898955086246133" lon="121.3390792440623">
        <ele>99.4</ele>
      </trkpt>
      <trkpt lat="24.89900914952159" lon="121.33918921463192">
        <ele>100.8</ele>
      </trkpt>
      <trkpt lat="24.899112414568663" lon="121.33942290209234">
        <ele>99.6</ele>
      </trkpt>
      <trkpt lat="24.89913663826883" lon="121.33947545662522">
        <ele>99.0</ele>
      </trkpt>
      <trkpt lat="24.89934677258134" lon="121.33991693146527">
        <ele>99.8</ele>
      </trkpt>
      <trkpt lat="24.899515248835087" lon="121.34021817706525">
        <ele>99.8</ele>
      </trkpt>
      <trkpt lat="24.89957702346146" lon="121.34031197056174">
        <ele>99.2</ele>
      </trkpt>
      <trkpt lat="24.899609545245767" lon="121.34036184288561">
        <ele>99.0</ele>
      </trkpt>
      <trkpt lat="24.8997201025486" lon="121.34051397442818">
        <ele>99.2</ele>
      </trkpt>
      <trkpt lat="24.899834264069796" lon="121.34065914899111">
        <ele>98.6</ele>
      </trkpt>
      <trkpt lat="24.899876592680812" lon="121.3407006394118">
        <ele>98.2</ele>
      </trkpt>
      <trkpt lat="24.899916741997004" lon="121.34073827415705">
        <ele>98.0</ele>
      </trkpt>
      <trkpt lat="24.900004165247083" lon="121.34080465883017">
        <ele>97.4</ele>
      </trkpt>
      <trkpt lat="24.90016191266477" lon="121.34088646620512">
        <ele>97.4</ele>
      </trkpt>
      <trkpt lat="24.900335166603327" lon="121.34092988446355">
        <ele>96.2</ele>
      </trkpt>
      <trkpt lat="24.900452932342887" lon="121.34093985892832">
        <ele>94.6</ele>
      </trkpt>
      <trkpt lat="24.90051219239831" lon="121.34094178676605">
        <ele>93.4</ele>
      </trkpt>
      <trkpt lat="24.900568686425686" lon="121.34094069711864">
        <ele>92.4</ele>
      </trkpt>
      <trkpt lat="24.90080581046641" lon="121.34094161912799">
        <ele>93.4</ele>
      </trkpt>
      <trkpt lat="24.900938160717487" lon="121.3409463968128">
        <ele>93.6</ele>
      </trkpt>
      <trkpt lat="24.90119816735387" lon="121.34094597771764">
        <ele>92.4</ele>
      </trkpt>
      <trkpt lat="24.9013917054981" lon="121.34095746092498">
        <ele>91.6</ele>
      </trkpt>
      <trkpt lat="24.90145616233349" lon="121.34096466936171">
        <ele>91.4</ele>
      </trkpt>
      <trkpt lat="24.90151542238891" lon="121.34098310954869">
        <ele>91.0</ele>
      </trkpt>
      <trkpt lat="24.90162773989141" lon="121.34105410426855">
        <ele>91.2</ele>
      </trkpt>
      <trkpt lat="24.901766292750835" lon="121.34117715060711">
        <ele>91.8</ele>
      </trkpt>
      <trkpt lat="24.901847932487726" lon="121.34127790108323">
        <ele>91.6</ele>
      </trkpt>
      <trkpt lat="24.901921525597572" lon="121.34135912172496">
        <ele>91.4</ele>
      </trkpt>
      <trkpt lat="24.901997549459338" lon="121.34144738316536">
        <ele>92.0</ele>
      </trkpt>
      <trkpt lat="24.902037363499403" lon="121.34149700403214">
        <ele>92.6</ele>
      </trkpt>
      <trkpt lat="24.90214523859322" lon="121.3416401669383">
        <ele>91.8</ele>
      </trkpt>
      <trkpt lat="24.902180023491383" lon="121.34168752469122">
        <ele>90.4</ele>
      </trkpt>
      <trkpt lat="24.9022170715034" lon="121.3417384866625">
        <ele>90.6</ele>
      </trkpt>
      <trkpt lat="24.902289239689708" lon="121.34182440117002">
        <ele>91.8</ele>
      </trkpt>
      <trkpt lat="24.90233081392944" lon="121.34186044335365">
        <ele>92.0</ele>
      </trkpt>
      <trkpt lat="24.902412286028266" lon="121.34196613915265">
        <ele>92.0</ele>
      </trkpt>
      <trkpt lat="24.90267681889236" lon="121.34229311719537">
        <ele>90.4</ele>
      </trkpt>
      <trkpt lat="24.90284345112741" lon="121.34257315658033">
        <ele>91.6</ele>
      </trkpt>
      <trkpt lat="24.902861304581165" lon="121.3426264654845">
        <ele>92.2</ele>
      </trkpt>
      <trkpt lat="24.902894496917725" lon="121.34277541190386">
        <ele>92.8</ele>
      </trkpt>
      <trkpt lat="24.902915870770812" lon="121.34291362948716">
        <ele>93.2</ele>
      </trkpt>
      <trkpt lat="24.90301050245762" lon="121.34330942295492">
        <ele>93.8</ele>
      </trkpt>
      <trkpt lat="24.90315467119217" lon="121.34353179484606">
        <ele>93.0</ele>
      </trkpt>
      <trkpt lat="24.903273358941078" lon="121.34366858750582">
        <ele>92.6</ele>
      </trkpt>
      <trkpt lat="24.903459018096328" lon="121.34387570433319">
        <ele>92.6</ele>
      </trkpt>
      <trkpt lat="24.903689939528704" lon="121.34414744563401">
        <ele>91.2</ele>
      </trkpt>
      <trkpt lat="24.90375422872603" lon="121.34427635930479">
        <ele>90.4</ele>
      </trkpt>
      <trkpt lat="24.903812734410167" lon="121.34440745227039">
        <ele>90.0</ele>
      </trkpt>
      <trkpt lat="24.90393695421517" lon="121.34473585523665">
        <ele>90.0</ele>
      </trkpt>
      <trkpt lat="24.90415647625923" lon="121.34533289819956">
        <ele>90.4</ele>
      </trkpt>
      <trkpt lat="24.90433668717742" lon="121.34582307189703">
        <ele>90.0</ele>
      </trkpt>
      <trkpt lat="24.904551347717643" lon="121.34637082926929">
        <ele>89.6</ele>
      </trkpt>
      <trkpt lat="24.904580432921648" lon="121.34645548649132">
        <ele>89.2</ele>
      </trkpt>
      <trkpt lat="24.904603231698275" lon="121.34654366411269">
        <ele>88.8</ele>
      </trkpt>
      <trkpt lat="24.90460591390729" lon="121.3467276468873">
        <ele>88.2</ele>
      </trkpt>
      <trkpt lat="24.904583282768726" lon="121.34681322611868">
        <ele>88.0</ele>
      </trkpt>
      <trkpt lat="24.904545648023486" lon="121.34689318947494">
        <ele>88.0</ele>
      </trkpt>
      <trkpt lat="24.904439952224493" lon="121.34702729992568">
        <ele>88.0</ele>
      </trkpt>
      <trkpt lat="24.904317827895284" lon="121.34714975953102">
        <ele>87.8</ele>
      </trkpt>
      <trkpt lat="24.904138036072254" lon="121.34732058271766">
        <ele>86.8</ele>
      </trkpt>
      <trkpt lat="24.90390711463988" lon="121.34754655882716">
        <ele>86.0</ele>
      </trkpt>
      <trkpt lat="24.903647527098656" lon="121.34793958626688">
        <ele>86.0</ele>
      </trkpt>
      <trkpt lat="24.903529593721032" lon="121.34816832840443">
        <ele>85.8</ele>
      </trkpt>
      <trkpt lat="24.903314094990492" lon="121.3485493697226">
        <ele>85.6</ele>
      </trkpt>
      <trkpt lat="24.902991391718388" lon="121.34911313652992">
        <ele>85.0</ele>
      </trkpt>
      <trkpt lat="24.902858203276992" lon="121.349396109581">
        <ele>86.0</ele>
      </trkpt>
      <trkpt lat="24.902842277660966" lon="121.3494680263102">
        <ele>86.0</ele>
      </trkpt>
      <trkpt lat="24.902837499976158" lon="121.34954170323908">
        <ele>86.0</ele>
      </trkpt>
      <trkpt lat="24.902853425592184" lon="121.34968293830752">
        <ele>85.8</ele>
      </trkpt>
      <trkpt lat="24.902982925996184" lon="121.35001955553889">
        <ele>85.6</ele>
      </trkpt>
      <trkpt lat="24.9031996820122" lon="121.35054987855256">
        <ele>86.2</ele>
      </trkpt>
      <trkpt lat="24.903321973979473" lon="121.3510330952704">
        <ele>86.4</ele>
      </trkpt>
      <trkpt lat="24.90342389792204" lon="121.35147088207304">
        <ele>84.2</ele>
      </trkpt>
      <trkpt lat="24.903460443019867" lon="121.35162812657654">
        <ele>83.0</ele>
      </trkpt>
      <trkpt lat="24.903498999774456" lon="121.35179333388805">
        <ele>81.6</ele>
      </trkpt>
      <trkpt lat="24.90352121181786" lon="121.35196482762694">
        <ele>81.4</ele>
      </trkpt>
      <trkpt lat="24.903529342263937" lon="121.35214227251709">
        <ele>81.2</ele>
      </trkpt>
      <trkpt lat="24.903534539043903" lon="121.3524110801518">
        <ele>80.4</ele>
      </trkpt>
      <trkpt lat="24.903544764965773" lon="121.35264703072608">
        <ele>80.0</ele>
      </trkpt>
      <trkpt lat="24.903576197102666" lon="121.35304131545126">
        <ele>80.6</ele>
      </trkpt>
      <trkpt lat="24.90359882824123" lon="121.35323368012905">
        <ele>81.4</ele>
      </trkpt>
      <trkpt lat="24.903616765514016" lon="121.35350005701184">
        <ele>81.6</ele>
      </trkpt>
      <trkpt lat="24.90363009274006" lon="121.35416021570563">
        <ele>81.6</ele>
      </trkpt>
      <trkpt lat="24.903528168797493" lon="121.35468358173966">
        <ele>80.6</ele>
      </trkpt>
      <trkpt lat="24.90350553765893" lon="121.3547576777637">
        <ele>80.4</ele>
      </trkpt>
      <trkpt lat="24.903440661728382" lon="121.35505741462111">
        <ele>79.0</ele>
      </trkpt>
      <trkpt lat="24.903436303138733" lon="121.35512857697904">
        <ele>78.6</ele>
      </trkpt>
      <trkpt lat="24.90342549048364" lon="121.35543216951191">
        <ele>77.8</ele>
      </trkpt>
      <trkpt lat="24.903440158814192" lon="121.35573542676866">
        <ele>76.8</ele>
      </trkpt>
      <trkpt lat="24.903457760810852" lon="121.3558092713356">
        <ele>76.8</ele>
      </trkpt>
      <trkpt lat="24.903482487425208" lon="121.35588001459837">
        <ele>76.8</ele>
      </trkpt>
      <trkpt lat="24.9035123270005" lon="121.3559458963573">
        <ele>76.6</ele>
      </trkpt>
      <trkpt lat="24.903546273708344" lon="121.35600741952658">
        <ele>76.2</ele>
      </trkpt>
      <trkpt lat="24.903585081920028" lon="121.35606810450554">
        <ele>75.2</ele>
      </trkpt>
      <trkpt lat="24.903773590922356" lon="121.35630832985044">
        <ele>75.6</ele>
      </trkpt>
      <trkpt lat="24.90403468720615" lon="121.3566039595753">
        <ele>75.4</ele>
      </trkpt>
      <trkpt lat="24.904181119054556" lon="121.35677880607545">
        <ele>74.2</ele>
      </trkpt>
      <trkpt lat="24.90422730334103" lon="121.35683538392186">
        <ele>74.0</ele>
      </trkpt>
      <trkpt lat="24.904614463448524" lon="121.35727845132351">
        <ele>74.0</ele>
      </trkpt>
      <trkpt lat="24.904830548912287" lon="121.35747022926807">
        <ele>72.8</ele>
      </trkpt>
      <trkpt lat="24.905001036822796" lon="121.3575984723866">
        <ele>72.8</ele>
      </trkpt>
      <trkpt lat="24.905427927151322" lon="121.35794347152114">
        <ele>72.4</ele>
      </trkpt>
      <trkpt lat="24.905474530532956" lon="121.35801295749843">
        <ele>71.6</ele>
      </trkpt>
      <trkpt lat="24.905537394806743" lon="121.35816726833582">
        <ele>71.2</ele>
      </trkpt>
      <trkpt lat="24.905667984858155" lon="121.35862684808671">
        <ele>72.0</ele>
      </trkpt>
      <trkpt lat="24.905877616256475" lon="121.3591836579144">
        <ele>72.4</ele>
      </trkpt>
      <trkpt lat="24.90592866204679" lon="121.35932497680187">
        <ele>72.6</ele>
      </trkpt>
      <trkpt lat="24.90615203976631" lon="121.35990508832037">
        <ele>72.6</ele>
      </trkpt>
      <trkpt lat="24.906197637319565" lon="121.36003165505826">
        <ele>72.6</ele>
      </trkpt>
      <trkpt lat="24.90627215243876" lon="121.3602526858449">
        <ele>72.6</ele>
      </trkpt>
      <trkpt lat="24.90630836226046" lon="121.36036081239581">
        <ele>71.4</ele>
      </trkpt>
      <trkpt lat="24.906458985060453" lon="121.36082676239312">
        <ele>71.4</ele>
      </trkpt>
      <trkpt lat="24.90646367892623" lon="121.36087847873569">
        <ele>71.6</ele>
      </trkpt>
      <trkpt lat="24.906466444954276" lon="121.3609747029841">
        <ele>72.4</ele>
      </trkpt>
      <trkpt lat="24.906460912898183" lon="121.36102147400379">
        <ele>73.0</ele>
      </trkpt>
      <trkpt lat="24.90641917102039" lon="121.3612405769527">
        <ele>73.6</ele>
      </trkpt>
      <trkpt lat="24.906382709741592" lon="121.36137477122247">
        <ele>73.8</ele>
      </trkpt>
      <trkpt lat="24.906401820480824" lon="121.36162497103214">
        <ele>74.2</ele>
      </trkpt>
      <trkpt lat="24.90641925483942" lon="121.36171222664416">
        <ele>75.4</ele>
      </trkpt>
      <trkpt lat="24.906486812978983" lon="121.36195530183613">
        <ele>76.6</ele>
      </trkpt>
      <trkpt lat="24.906496703624725" lon="121.36199234984815">
        <ele>76.6</ele>
      </trkpt>
      <trkpt lat="24.906549844890833" lon="121.36212914250791">
        <ele>76.4</ele>
      </trkpt>
      <trkpt lat="24.90656920708716" lon="121.36214883998036">
        <ele>77.2</ele>
      </trkpt>
      <trkpt lat="24.906569458544254" lon="121.36218563653529">
        <ele>75.8</ele>
      </trkpt>
      <trkpt lat="24.906577672809362" lon="121.36220726184547">
        <ele>75.6</ele>
      </trkpt>
      <trkpt lat="24.906609188765287" lon="121.36230113916099">
        <ele>75.2</ele>
      </trkpt>
      <trkpt lat="24.906702479347587" lon="121.36257246136665">
        <ele>75.0</ele>
      </trkpt>
      <trkpt lat="24.906721506267786" lon="121.36262870393693">
        <ele>74.0</ele>
      </trkpt>
      <trkpt lat="24.90673935972154" lon="121.36268285103142">
        <ele>72.8</ele>
      </trkpt>
      <trkpt lat="24.906758051365614" lon="121.36274009943008">
        <ele>71.6</ele>
      </trkpt>
      <trkpt lat="24.90679736249149" lon="121.3628638163209">
        <ele>70.2</ele>
      </trkpt>
      <trkpt lat="24.906840194016695" lon="121.36299641802907">
        <ele>70.0</ele>
      </trkpt>
      <trkpt lat="24.90704085677862" lon="121.36356772854924">
        <ele>69.4</ele>
      </trkpt>
      <trkpt lat="24.90709005855024" lon="121.3637132383883">
        <ele>69.2</ele>
      </trkpt>
      <trkpt lat="24.9071576166898" lon="121.36391784064472">
        <ele>68.0</ele>
      </trkpt>
      <trkpt lat="24.907200951129198" lon="121.36404105462134">
        <ele>67.4</ele>
      </trkpt>
      <trkpt lat="24.90732181817293" lon="121.36436677537858">
        <ele>69.0</ele>
      </trkpt>
      <trkpt lat="24.9073700979352" lon="121.36448462493718">
        <ele>70.4</ele>
      </trkpt>
      <trkpt lat="24.907392729073763" lon="121.36454405263066">
        <ele>71.4</ele>
      </trkpt>
      <trkpt lat="24.907400775700808" lon="121.36456257663667">
        <ele>71.8</ele>
      </trkpt>
      <trkpt lat="24.907431453466415" lon="121.36460515670478">
        <ele>71.4</ele>
      </trkpt>
      <trkpt lat="24.907477889209986" lon="121.36468847282231">
        <ele>70.2</ele>
      </trkpt>
      <trkpt lat="24.90755818784237" lon="121.36476684361696">
        <ele>71.2</ele>
      </trkpt>
      <trkpt lat="24.907596074044704" lon="121.3647923246026">
        <ele>71.6</ele>
      </trkpt>
      <trkpt lat="24.907635636627674" lon="121.36481738649309">
        <ele>71.8</ele>
      </trkpt>
      <trkpt lat="24.90797300823033" lon="121.36498460546136">
        <ele>70.2</ele>
      </trkpt>
      <trkpt lat="24.90838849917054" lon="121.36517135426402">
        <ele>68.8</ele>
      </trkpt>
      <trkpt lat="24.908506935462356" lon="121.36522407643497">
        <ele>68.0</ele>
      </trkpt>
      <trkpt lat="24.90894438698888" lon="121.36540613137186">
        <ele>69.0</ele>
      </trkpt>
      <trkpt lat="24.909359123557806" lon="121.36558089405298">
        <ele>66.2</ele>
      </trkpt>
      <trkpt lat="24.909449899569154" lon="121.36562841944396">
        <ele>64.6</ele>
      </trkpt>
      <trkpt lat="24.909516535699368" lon="121.36566010303795">
        <ele>64.8</ele>
      </trkpt>
      <trkpt lat="24.9096305295825" lon="121.36572388932109">
        <ele>65.8</ele>
      </trkpt>
      <trkpt lat="24.909651316702366" lon="121.36573034338653">
        <ele>65.8</ele>
      </trkpt>
      <trkpt lat="24.909779811277986" lon="121.3657958060503">
        <ele>66.0</ele>
      </trkpt>
      <trkpt lat="24.909872347489" lon="121.36584299616516">
        <ele>66.0</ele>
      </trkpt>
      <trkpt lat="24.909905707463622" lon="121.36585062369704">
        <ele>66.0</ele>
      </trkpt>
      <trkpt lat="24.90991626866162" lon="121.36584701947868">
        <ele>66.0</ele>
      </trkpt>
      <trkpt lat="24.910029927268624" lon="121.36587048880756">
        <ele>66.4</ele>
      </trkpt>
      <trkpt lat="24.91009430028498" lon="121.36592329479754">
        <ele>66.2</ele>
      </trkpt>
      <trkpt lat="24.91012883372605" lon="121.3659445848316">
        <ele>66.0</ele>
      </trkpt>
      <trkpt lat="24.91022019647062" lon="121.36596805416048">
        <ele>65.6</ele>
      </trkpt>
      <trkpt lat="24.910271745175123" lon="121.3659757655114">
        <ele>65.2</ele>
      </trkpt>
      <trkpt lat="24.910438461229205" lon="121.3659942895174">
        <ele>65.0</ele>
      </trkpt>
      <trkpt lat="24.910561256110668" lon="121.36600099503994">
        <ele>64.6</ele>
      </trkpt>
      <trkpt lat="24.910682877525687" lon="121.36599705554545">
        <ele>64.2</ele>
      </trkpt>
      <trkpt lat="24.910801062360406" lon="121.36599177494645">
        <ele>63.4</ele>
      </trkpt>
      <trkpt lat="24.911255529150367" lon="121.36598750017583">
        <ele>64.2</ele>
      </trkpt>
      <trkpt lat="24.91152534261346" lon="121.36599470861256">
        <ele>64.4</ele>
      </trkpt>
      <trkpt lat="24.91161578334868" lon="121.36600334197283">
        <ele>64.0</ele>
      </trkpt>
      <trkpt lat="24.9116388335824" lon="121.36600887402892">
        <ele>63.8</ele>
      </trkpt>
      <trkpt lat="24.91177118383348" lon="121.36600183323026">
        <ele>63.4</ele>
      </trkpt>
      <trkpt lat="24.911993807181716" lon="121.36600133031607">
        <ele>62.4</ele>
      </trkpt>
      <trkpt lat="24.91224031895399" lon="121.36599378660321">
        <ele>61.4</ele>
      </trkpt>
      <trkpt lat="24.912390522658825" lon="121.36599026620388">
        <ele>61.2</ele>
      </trkpt>
      <trkpt lat="24.9128304887563" lon="121.36598682962358">
        <ele>61.6</ele>
      </trkpt>
      <trkpt lat="24.913384281098843" lon="121.36597249656916">
        <ele>61.2</ele>
      </trkpt>
      <trkpt lat="24.913505651056767" lon="121.36596629396081">
        <ele>60.6</ele>
      </trkpt>
      <trkpt lat="24.9135609716177" lon="121.36596855707467">
        <ele>60.2</ele>
      </trkpt>
      <trkpt lat="24.91385559551418" lon="121.36598959565163">
        <ele>60.6</ele>
      </trkpt>
      <trkpt lat="24.913916615769267" lon="121.3659993186593">
        <ele>60.4</ele>
      </trkpt>
      <trkpt lat="24.914470575749874" lon="121.36604114435613">
        <ele>60.4</ele>
      </trkpt>
      <trkpt lat="24.914598148316145" lon="121.36605656705797">
        <ele>60.2</ele>
      </trkpt>
      <trkpt lat="24.915198208764195" lon="121.36609847657382">
        <ele>59.2</ele>
      </trkpt>
      <trkpt lat="24.9157022126019" lon="121.36614767834544">
        <ele>59.8</ele>
      </trkpt>
      <trkpt lat="24.915892397984862" lon="121.36618154123425">
        <ele>60.2</ele>
      </trkpt>
      <trkpt lat="24.916333202272654" lon="121.36626527644694">
        <ele>59.2</ele>
      </trkpt>
      <trkpt lat="24.916398413479328" lon="121.36627709493041">
        <ele>59.0</ele>
      </trkpt>
      <trkpt lat="24.916894203051925" lon="121.36637164279819">
        <ele>58.4</ele>
      </trkpt>
      <trkpt lat="24.916954468935728" lon="121.36638253927231">
        <ele>57.8</ele>
      </trkpt>
      <trkpt lat="24.91701071150601" lon="121.3663931004703">
        <ele>56.6</ele>
      </trkpt>
      <trkpt lat="24.91737289354205" lon="121.36645101942122">
        <ele>57.2</ele>
      </trkpt>
      <trkpt lat="24.91777841001749" lon="121.36654774658382">
        <ele>56.0</ele>
      </trkpt>
      <trkpt lat="24.91824301891029" lon="121.36665461584926">
        <ele>55.2</ele>
      </trkpt>
      <trkpt lat="24.918360114097595" lon="121.36667213402689">
        <ele>53.8</ele>
      </trkpt>
      <trkpt lat="24.918473018333316" lon="121.36669937521219">
        <ele>54.8</ele>
      </trkpt>
      <trkpt lat="24.91859782487154" lon="121.36672284454107">
        <ele>56.0</ele>
      </trkpt>
      <trkpt lat="24.91873218677938" lon="121.36675260029733">
        <ele>57.0</ele>
      </trkpt>
      <trkpt lat="24.91884701885283" lon="121.366783445701">
        <ele>57.0</ele>
      </trkpt>
      <trkpt lat="24.91891449317336" lon="121.36680674739182">
        <ele>57.2</ele>
      </trkpt>
      <trkpt lat="24.918971993029118" lon="121.36681797914207">
        <ele>57.4</ele>
      </trkpt>
      <trkpt lat="24.919022284448147" lon="121.36685008183122">
        <ele>56.8</ele>
      </trkpt>
      <trkpt lat="24.919045753777027" lon="121.36686097830534">
        <ele>56.8</ele>
      </trkpt>
      <trkpt lat="24.9191611725837" lon="121.36695041321218">
        <ele>56.8</ele>
      </trkpt>
      <trkpt lat="24.919229736551642" lon="121.3669956754893">
        <ele>55.6</ele>
      </trkpt>
      <trkpt lat="24.919294025748968" lon="121.36704789474607">
        <ele>54.4</ele>
      </trkpt>
      <trkpt lat="24.919378431513906" lon="121.36712299659848">
        <ele>54.4</ele>
      </trkpt>
      <trkpt lat="24.919520001858473" lon="121.36729306541383">
        <ele>55.2</ele>
      </trkpt>
      <trkpt lat="24.919739942997694" lon="121.36755022220314">
        <ele>53.8</ele>
      </trkpt>
      <trkpt lat="24.919776488095522" lon="121.36760495603085">
        <ele>53.4</ele>
      </trkpt>
      <trkpt lat="24.919840274378657" lon="121.36771417222917">
        <ele>52.4</ele>
      </trkpt>
      <trkpt lat="24.919888554140925" lon="121.36783931404352">
        <ele>51.6</ele>
      </trkpt>
      <trkpt lat="24.919938258826733" lon="121.36810787022114">
        <ele>53.2</ele>
      </trkpt>
      <trkpt lat="24.91994739510119" lon="121.3681564014405">
        <ele>53.4</ele>
      </trkpt>
      <trkpt lat="24.91996550001204" lon="121.36838397011161">
        <ele>54.4</ele>
      </trkpt>
      <trkpt lat="24.91997036151588" lon="121.36842973530293">
        <ele>54.8</ele>
      </trkpt>
      <trkpt lat="24.920000787824392" lon="121.3687367644161">
        <ele>54.2</ele>
      </trkpt>
      <trkpt lat="24.9200124386698" lon="121.36893013492227">
        <ele>53.2</ele>
      </trkpt>
      <trkpt lat="24.92002517916262" lon="121.36906726285815">
        <ele>52.2</ele>
      </trkpt>
      <trkpt lat="24.92004169151187" lon="121.36920019984245">
        <ele>51.2</ele>
      </trkpt>
      <trkpt lat="24.920069938525558" lon="121.3695190474391">
        <ele>53.2</ele>
      </trkpt>
      <trkpt lat="24.920075638219714" lon="121.36956682428718">
        <ele>53.6</ele>
      </trkpt>
      <trkpt lat="24.920118050649762" lon="121.36972767300904">
        <ele>53.8</ele>
      </trkpt>
      <trkpt lat="24.920129533857107" lon="121.36975684203207">
        <ele>53.4</ele>
      </trkpt>
      <trkpt lat="24.920173455029726" lon="121.36983973905444">
        <ele>53.0</ele>
      </trkpt>
      <trkpt lat="24.920179825276136" lon="121.36987720616162">
        <ele>53.0</ele>
      </trkpt>
      <trkpt lat="24.920195247977972" lon="121.36991249397397">
        <ele>53.0</ele>
      </trkpt>
      <trkpt lat="24.920211005955935" lon="121.36995482258499">
        <ele>52.8</ele>
      </trkpt>
      <trkpt lat="24.920227015390992" lon="121.36999782174826">
        <ele>52.6</ele>
      </trkpt>
      <trkpt lat="24.920269595459104" lon="121.37007962912321">
        <ele>52.4</ele>
      </trkpt>
      <trkpt lat="24.920304883271456" lon="121.37011173181236">
        <ele>52.6</ele>
      </trkpt>
      <trkpt lat="24.920379482209682" lon="121.37017224915326">
        <ele>54.0</ele>
      </trkpt>
      <trkpt lat="24.920509485527873" lon="121.37025539763272">
        <ele>54.4</ele>
      </trkpt>
      <trkpt lat="24.920559944584966" lon="121.37028347700834">
        <ele>53.8</ele>
      </trkpt>
      <trkpt lat="24.9206773750484" lon="121.3703309185803">
        <ele>53.4</ele>
      </trkpt>
      <trkpt lat="24.920739568769932" lon="121.37035204097629">
        <ele>53.0</ele>
      </trkpt>
      <trkpt lat="24.920868230983615" lon="121.37039830908179">
        <ele>52.4</ele>
      </trkpt>
      <trkpt lat="24.9210019223392" lon="121.37043275870383">
        <ele>51.8</ele>
      </trkpt>
      <trkpt lat="24.92140794172883" lon="121.37053384445608">
        <ele>50.8</ele>
      </trkpt>
      <trkpt lat="24.921835251152515" lon="121.37064213864505">
        <ele>51.0</ele>
      </trkpt>
      <trkpt lat="24.921984700486064" lon="121.37067809700966">
        <ele>51.4</ele>
      </trkpt>
      <trkpt lat="24.922290137037635" lon="121.37075688689947">
        <ele>49.6</ele>
      </trkpt>
      <trkpt lat="24.92260219529271" lon="121.37083735316992">
        <ele>48.8</ele>
      </trkpt>
      <trkpt lat="24.922682913020253" lon="121.37085621245205">
        <ele>48.0</ele>
      </trkpt>
      <trkpt lat="24.92292271926999" lon="121.37091832235456">
        <ele>46.6</ele>
      </trkpt>
      <trkpt lat="24.923086250200868" lon="121.37096400372684">
        <ele>45.6</ele>
      </trkpt>
      <trkpt lat="24.923536274582148" lon="121.37107707560062">
        <ele>45.8</ele>
      </trkpt>
      <trkpt lat="24.923820588737726" lon="121.3711523450911">
        <ele>45.2</ele>
      </trkpt>
      <trkpt lat="24.92395704612136" lon="121.37118595652282">
        <ele>44.2</ele>
      </trkpt>
      <trkpt lat="24.924086797982454" lon="121.37121604755521">
        <ele>43.0</ele>
      </trkpt>
      <trkpt lat="24.92444822564721" lon="121.37131378054619">
        <ele>44.0</ele>
      </trkpt>
      <trkpt lat="24.924555765464902" lon="121.37134093791246">
        <ele>45.2</ele>
      </trkpt>
      <trkpt lat="24.924784088507295" lon="121.37140061706305">
        <ele>44.4</ele>
      </trkpt>
      <trkpt lat="24.924842175096273" lon="121.37141830287874">
        <ele>44.0</ele>
      </trkpt>
      <trkpt lat="24.925290271639824" lon="121.37152098119259">
        <ele>43.0</ele>
      </trkpt>
      <trkpt lat="24.92535648867488" lon="121.37153732590377">
        <ele>43.0</ele>
      </trkpt>
      <trkpt lat="24.925707271322608" lon="121.37160672806203">
        <ele>42.6</ele>
      </trkpt>
      <trkpt lat="24.92577281780541" lon="121.37162047438323">
        <ele>41.8</ele>
      </trkpt>
      <trkpt lat="24.925839956849813" lon="121.37163740582764">
        <ele>41.6</ele>
      </trkpt>
      <trkpt lat="24.92618093267083" lon="121.37173010967672">
        <ele>42.8</ele>
      </trkpt>
      <trkpt lat="24.92638411000371" lon="121.37179833836854">
        <ele>43.6</ele>
      </trkpt>
      <trkpt lat="24.92683170363307" lon="121.3719243183732">
        <ele>43.8</ele>
      </trkpt>
      <trkpt lat="24.926878474652767" lon="121.37197880074382">
        <ele>44.0</ele>
      </trkpt>
      <trkpt lat="24.926896495744586" lon="121.37203965336084">
        <ele>44.0</ele>
      </trkpt>
      <trkpt lat="24.926882162690163" lon="121.37211081571877">
        <ele>44.2</ele>
      </trkpt>
      <trkpt lat="24.92686590179801" lon="121.37218214571476">
        <ele>44.4</ele>
      </trkpt>
      <trkpt lat="24.926820807158947" lon="121.37237585149705">
        <ele>44.2</ele>
      </trkpt>
      <trkpt lat="24.926794404163957" lon="121.37252613902092">
        <ele>42.8</ele>
      </trkpt>
      <trkpt lat="24.92675199173391" lon="121.37284305877984">
        <ele>42.6</ele>
      </trkpt>
      <trkpt lat="24.926726846024394" lon="121.37343775480986">
        <ele>42.8</ele>
      </trkpt>
      <trkpt lat="24.926788872107863" lon="121.37398978695273">
        <ele>42.6</ele>
      </trkpt>
      <trkpt lat="24.92692843079567" lon="121.3744059484452">
        <ele>42.6</ele>
      </trkpt>
      <trkpt lat="24.92720746435225" lon="121.37488866224885">
        <ele>43.0</ele>
      </trkpt>
      <trkpt lat="24.92747811600566" lon="121.37531069107354">
        <ele>42.0</ele>
      </trkpt>
      <trkpt lat="24.927600659430027" lon="121.37545561417937">
        <ele>42.8</ele>
      </trkpt>
      <trkpt lat="24.927722699940205" lon="121.37557161971927">
        <ele>43.0</ele>
      </trkpt>
      <trkpt lat="24.927736362442374" lon="121.37564060278237">
        <ele>43.0</ele>
      </trkpt>
      <trkpt lat="24.927739463746548" lon="121.37576448731124">
        <ele>41.8</ele>
      </trkpt>
      <trkpt lat="24.927810123190284" lon="121.37592131271958">
        <ele>42.6</ele>
      </trkpt>
      <trkpt lat="24.927839627489448" lon="121.37596699409187">
        <ele>42.8</ele>
      </trkpt>
      <trkpt lat="24.927871394902468" lon="121.37601342983544">
        <ele>41.8</ele>
      </trkpt>
      <trkpt lat="24.927898049354553" lon="121.37607109732926">
        <ele>39.8</ele>
      </trkpt>
      <trkpt lat="24.927925625815988" lon="121.37612507678568">
        <ele>36.6</ele>
      </trkpt>
      <trkpt lat="24.927961667999625" lon="121.37617117725313">
        <ele>37.2</ele>
      </trkpt>
      <trkpt lat="24.92799117229879" lon="121.37622415088117">
        <ele>38.4</ele>
      </trkpt>
      <trkpt lat="24.928022269159555" lon="121.37627637013793">
        <ele>40.0</ele>
      </trkpt>
      <trkpt lat="24.928085133433342" lon="121.37639011256397">
        <ele>41.8</ele>
      </trkpt>
      <trkpt lat="24.928210945799947" lon="121.37656789273024">
        <ele>42.2</ele>
      </trkpt>
      <trkpt lat="24.928380511701107" lon="121.3768233731389">
        <ele>41.2</ele>
      </trkpt>
      <trkpt lat="24.928429713472724" lon="121.37688833288848">
        <ele>40.6</ele>
      </trkpt>
      <trkpt lat="24.92860145866871" lon="121.37713920325041">
        <ele>41.4</ele>
      </trkpt>
      <trkpt lat="24.928650744259357" lon="121.37719879858196">
        <ele>42.2</ele>
      </trkpt>
      <trkpt lat="24.928703466430306" lon="121.37725244276226">
        <ele>42.2</ele>
      </trkpt>
      <trkpt lat="24.928920725360513" lon="121.37747623957694">
        <ele>41.8</ele>
      </trkpt>
      <trkpt lat="24.92903145030141" lon="121.3775924127549">
        <ele>40.8</ele>
      </trkpt>
      <trkpt lat="24.929142091423273" lon="121.37769970111549">
        <ele>39.8</ele>
      </trkpt>
      <trkpt lat="24.92919917218387" lon="121.37775686569512">
        <ele>39.8</ele>
      </trkpt>
      <trkpt lat="24.92955288849771" lon="121.37802265584469">
        <ele>38.6</ele>
      </trkpt>
      <trkpt lat="24.929714407771826" lon="121.37814486399293">
        <ele>37.6</ele>
      </trkpt>
      <trkpt lat="24.929857989773154" lon="121.3782499730587">
        <ele>39.0</ele>
      </trkpt>
      <trkpt lat="24.929910711944103" lon="121.37829246930778">
        <ele>39.8</ele>
      </trkpt>
      <trkpt lat="24.92996385321021" lon="121.37833287008107">
        <ele>40.6</ele>
      </trkpt>
      <trkpt lat="24.93034933693707" lon="121.37857963331044">
        <ele>41.0</ele>
      </trkpt>
      <trkpt lat="24.930383199825883" lon="121.37869949452579">
        <ele>40.8</ele>
      </trkpt>
      <trkpt lat="24.930373476818204" lon="121.37875858694315">
        <ele>40.6</ele>
      </trkpt>
      <trkpt lat="24.930308936163783" lon="121.37899311259389">
        <ele>39.4</ele>
      </trkpt>
      <trkpt lat="24.930290831252933" lon="121.37910316698253">
        <ele>38.6</ele>
      </trkpt>
      <trkpt lat="24.93028429336846" lon="121.37915739789605">
        <ele>38.0</ele>
      </trkpt>
      <trkpt lat="24.930240288376808" lon="121.37943374924362">
        <ele>37.8</ele>
      </trkpt>
      <trkpt lat="24.930228469893336" lon="121.37947356328368">
        <ele>38.4</ele>
      </trkpt>
      <trkpt lat="24.930221680551767" lon="121.3795293867588">
        <ele>39.4</ele>
      </trkpt>
      <trkpt lat="24.930221680551767" lon="121.37956333346665">
        <ele>40.0</ele>
      </trkpt>
      <trkpt lat="24.930221429094672" lon="121.37956643477082">
        <ele>40.0</ele>
      </trkpt>
      <trkpt lat="24.930215729400516" lon="121.37973063625395">
        <ele>39.4</ele>
      </trkpt>
      <trkpt lat="24.9302164837718" lon="121.37977765873075">
        <ele>39.0</ele>
      </trkpt>
      <trkpt lat="24.930207934230566" lon="121.38000497594476">
        <ele>38.2</ele>
      </trkpt>
      <trkpt lat="24.930202150717378" lon="121.38012458570302">
        <ele>37.2</ele>
      </trkpt>
      <trkpt lat="24.930200558155775" lon="121.38018183410168">
        <ele>36.8</ele>
      </trkpt>
      <trkpt lat="24.930211706086993" lon="121.38068223372102">
        <ele>35.4</ele>
      </trkpt>
      <trkpt lat="24.930231235921383" lon="121.38086747378111">
        <ele>34.0</ele>
      </trkpt>
      <trkpt lat="24.930270547047257" lon="121.38117601163685">
        <ele>35.2</ele>
      </trkpt>
      <trkpt lat="24.930286640301347" lon="121.38129629194736">
        <ele>36.2</ele>
      </trkpt>
      <trkpt lat="24.93033265694976" lon="121.38158680871129">
        <ele>35.2</ele>
      </trkpt>
      <trkpt lat="24.930341625586152" lon="121.38164564967155">
        <ele>34.8</ele>
      </trkpt>
      <trkpt lat="24.930393593385816" lon="121.38189014978707">
        <ele>36.2</ele>
      </trkpt>
      <trkpt lat="24.930452769622207" lon="121.38213984668255">
        <ele>36.6</ele>
      </trkpt>
      <trkpt lat="24.930495684966445" lon="121.38233673758805">
        <ele>34.8</ele>
      </trkpt>
      <trkpt lat="24.93058637715876" lon="121.38271518051624">
        <ele>34.6</ele>
      </trkpt>
      <trkpt lat="24.930620910599828" lon="121.38283940032125">
        <ele>36.0</ele>
      </trkpt>
      <trkpt lat="24.93067773990333" lon="121.3830282445997">
        <ele>37.0</ele>
      </trkpt>
      <trkpt lat="24.930805144831538" lon="121.38341163285077">
        <ele>36.0</ele>
      </trkpt>
      <trkpt lat="24.930849066004157" lon="121.38354088179767">
        <ele>35.2</ele>
      </trkpt>
      <trkpt lat="24.931088285520673" lon="121.38410146348178">
        <ele>36.2</ele>
      </trkpt>
      <trkpt lat="24.931113850325346" lon="121.38415896333754">
        <ele>36.4</ele>
      </trkpt>
      <trkpt lat="24.9313130043447" lon="121.38455769047141">
        <ele>36.8</ele>
      </trkpt>
      <trkpt lat="24.931348375976086" lon="121.38462013565004">
        <ele>37.2</ele>
      </trkpt>
      <trkpt lat="24.931493382900953" lon="121.38487184420228">
        <ele>36.2</ele>
      </trkpt>
      <trkpt lat="24.931530179455876" lon="121.38493328355253">
        <ele>35.0</ele>
      </trkpt>
      <trkpt lat="24.931610394269228" lon="121.38505088165402">
        <ele>33.4</ele>
      </trkpt>
      <trkpt lat="24.931658757850528" lon="121.38510175980628">
        <ele>34.8</ele>
      </trkpt>
      <trkpt lat="24.931707037612796" lon="121.38515791855752">
        <ele>36.0</ele>
      </trkpt>
      <trkpt lat="24.931755233556032" lon="121.3852096349001">
        <ele>37.4</ele>
      </trkpt>
      <trkpt lat="24.93191591463983" lon="121.3853592518717">
        <ele>38.2</ele>
      </trkpt>
      <trkpt lat="24.932023286819458" lon="121.38545480556786">
        <ele>38.4</ele>
      </trkpt>
      <trkpt lat="24.93243584409356" lon="121.38584456406534">
        <ele>39.0</ele>
      </trkpt>
      <trkpt lat="24.932486889883876" lon="121.38589250855148">
        <ele>39.0</ele>
      </trkpt>
      <trkpt lat="24.932846892625093" lon="121.38629131950438">
        <ele>38.6</ele>
      </trkpt>
      <trkpt lat="24.933104468509555" lon="121.38662114739418">
        <ele>37.0</ele>
      </trkpt>
      <trkpt lat="24.933139253407717" lon="121.38666900806129">
        <ele>35.8</ele>
      </trkpt>
      <trkpt lat="24.933172026649117" lon="121.3867166172713">
        <ele>34.8</ele>
      </trkpt>
      <trkpt lat="24.933239752426744" lon="121.38680605217814">
        <ele>32.8</ele>
      </trkpt>
      <trkpt lat="24.933375790715218" lon="121.38700772076845">
        <ele>33.2</ele>
      </trkpt>
      <trkpt lat="24.933452485129237" lon="121.38711635023355">
        <ele>34.2</ele>
      </trkpt>
      <trkpt lat="24.933490538969636" lon="121.38716689310968">
        <ele>34.8</ele>
      </trkpt>
      <trkpt lat="24.933601347729564" lon="121.38735389336944">
        <ele>34.2</ele>
      </trkpt>
      <trkpt lat="24.933631271123886" lon="121.38742597773671">
        <ele>34.2</ele>
      </trkpt>
      <trkpt lat="24.93366320617497" lon="121.38749311678112">
        <ele>35.6</ele>
      </trkpt>
      <trkpt lat="24.933667480945587" lon="121.3874854054302">
        <ele>36.2</ele>
      </trkpt>
      <trkpt lat="24.933710983023047" lon="121.38745321892202">
        <ele>35.6</ele>
      </trkpt>
      <trkpt lat="24.93372824974358" lon="121.38743788003922">
        <ele>35.8</ele>
      </trkpt>
      <trkpt lat="24.933771332725883" lon="121.38740150257945">
        <ele>36.2</ele>
      </trkpt>
      <trkpt lat="24.93385867215693" lon="121.3873556535691">
        <ele>36.0</ele>
      </trkpt>
      <trkpt lat="24.93393293581903" lon="121.38739152811468">
        <ele>35.2</ele>
      </trkpt>
      <trkpt lat="24.933972246944904" lon="121.3874113932252">
        <ele>34.6</ele>
      </trkpt>
      <trkpt lat="24.934107111766934" lon="121.38747618533671">
        <ele>33.4</ele>
      </trkpt>
      <trkpt lat="24.93424667045474" lon="121.38756277039647">
        <ele>32.4</ele>
      </trkpt>
      <trkpt lat="24.93429453112185" lon="121.38759185560048">
        <ele>32.6</ele>
      </trkpt>
      <trkpt lat="24.934491086751223" lon="121.38771959580481">
        <ele>33.4</ele>
      </trkpt>
      <trkpt lat="24.934692084789276" lon="121.38785353861749">
        <ele>33.0</ele>
      </trkpt>
      <trkpt lat="24.93474405258894" lon="121.38788698241115">
        <ele>32.8</ele>
      </trkpt>
      <trkpt lat="24.934845892712474" lon="121.38795428909361">
        <ele>31.8</ele>
      </trkpt>
      <trkpt lat="24.935081591829658" lon="121.3881379365921">
        <ele>33.4</ele>
      </trkpt>
      <trkpt lat="24.935233052819967" lon="121.38825410977006">
        <ele>33.6</ele>
      </trkpt>
      <trkpt lat="24.935328606516123" lon="121.38833574950695">
        <ele>32.0</ele>
      </trkpt>
      <trkpt lat="24.935575118288398" lon="121.38854118995368">
        <ele>31.0</ele>
      </trkpt>
      <trkpt lat="24.935761531814933" lon="121.38871285133064">
        <ele>31.8</ele>
      </trkpt>
      <trkpt lat="24.93603997863829" lon="121.3889717683196">
        <ele>32.0</ele>
      </trkpt>
      <trkpt lat="24.936219351366162" lon="121.38913337141275">
        <ele>31.6</ele>
      </trkpt>
      <trkpt lat="24.936251621693373" lon="121.38915214687586">
        <ele>31.8</ele>
      </trkpt>
      <trkpt lat="24.93633795529604" lon="121.38922196812928">
        <ele>33.0</ele>
      </trkpt>
      <trkpt lat="24.93632722645998" lon="121.38922766782343">
        <ele>33.4</ele>
      </trkpt>
      <trkpt lat="24.936392521485686" lon="121.38928424566984">
        <ele>33.8</ele>
      </trkpt>
      <trkpt lat="24.936413057148457" lon="121.38935314491391">
        <ele>33.8</ele>
      </trkpt>
      <trkpt lat="24.936442645266652" lon="121.38940100558102">
        <ele>34.0</ele>
      </trkpt>
      <trkpt lat="24.93654808960855" lon="121.38952036388218">
        <ele>33.8</ele>
      </trkpt>
      <trkpt lat="24.93658077903092" lon="121.38956059701741">
        <ele>33.4</ele>
      </trkpt>
      <trkpt lat="24.936726037412882" lon="121.38975346460938">
        <ele>31.8</ele>
      </trkpt>
      <trkpt lat="24.936787895858288" lon="121.38985555619001">
        <ele>32.0</ele>
      </trkpt>
      <trkpt lat="24.936990486457944" lon="121.39018840156496">
        <ele>32.4</ele>
      </trkpt>
      <trkpt lat="24.937055110931396" lon="121.39029703103006">
        <ele>32.8</ele>
      </trkpt>
      <trkpt lat="24.937121411785483" lon="121.39041169546545">
        <ele>33.0</ele>
      </trkpt>
      <trkpt lat="24.93742810562253" lon="121.39092911034822">
        <ele>33.6</ele>
      </trkpt>
      <trkpt lat="24.937463980168104" lon="121.39098451472819">
        <ele>33.4</ele>
      </trkpt>
      <trkpt lat="24.937745612114668" lon="121.3914586789906">
        <ele>34.0</ele>
      </trkpt>
      <trkpt lat="24.937786851078272" lon="121.3915223814547">
        <ele>34.0</ele>
      </trkpt>
      <trkpt lat="24.938080804422498" lon="121.39190099202096">
        <ele>33.6</ele>
      </trkpt>
      <trkpt lat="24.93818406946957" lon="121.39206343330443">
        <ele>32.8</ele>
      </trkpt>
      <trkpt lat="24.938312061131" lon="121.39228178188205">
        <ele>32.2</ele>
      </trkpt>
      <trkpt lat="24.93857005611062" lon="121.3926817663014">
        <ele>32.2</ele>
      </trkpt>
      <trkpt lat="24.938833499327302" lon="121.39313162304461">
        <ele>32.4</ele>
      </trkpt>
      <trkpt lat="24.93899996392429" lon="121.39341367408633">
        <ele>32.0</ele>
      </trkpt>
      <trkpt lat="24.93906056508422" lon="121.39350981451571">
        <ele>31.6</ele>
      </trkpt>
      <trkpt lat="24.939134493470192" lon="121.39366655610502">
        <ele>31.6</ele>
      </trkpt>
      <trkpt lat="24.93915435858071" lon="121.39372078701854">
        <ele>31.8</ele>
      </trkpt>
      <trkpt lat="24.939273465424776" lon="121.39397417195141">
        <ele>33.2</ele>
      </trkpt>
      <trkpt lat="24.93936608545482" lon="121.39418682083488">
        <ele>33.6</ele>
      </trkpt>
      <trkpt lat="24.93952978402376" lon="121.39459845609963">
        <ele>33.6</ele>
      </trkpt>
      <trkpt lat="24.93965132161975" lon="121.39491043053567">
        <ele>33.4</ele>
      </trkpt>
      <trkpt lat="24.93969834409654" lon="121.39504998922348">
        <ele>33.8</ele>
      </trkpt>
      <trkpt lat="24.939729189500213" lon="121.3951198104769">
        <ele>34.4</ele>
      </trkpt>
      <trkpt lat="24.939762633293867" lon="121.3952011987567">
        <ele>34.8</ele>
      </trkpt>
      <trkpt lat="24.939749473705888" lon="121.39521419070661">
        <ele>34.8</ele>
      </trkpt>
      <trkpt lat="24.93973832577467" lon="121.3951977621764">
        <ele>35.2</ele>
      </trkpt>
      <trkpt lat="24.939731787890196" lon="121.39516741968691">
        <ele>34.0</ele>
      </trkpt>
      <trkpt lat="24.9396850168705" lon="121.39506289735436">
        <ele>33.8</ele>
      </trkpt>
      <trkpt lat="24.93964947760105" lon="121.39498067088425">
        <ele>33.4</ele>
      </trkpt>
      <trkpt lat="24.939612597227097" lon="121.39486617408693">
        <ele>32.4</ele>
      </trkpt>
      <trkpt lat="24.93959574960172" lon="121.39483205974102">
        <ele>32.2</ele>
      </trkpt>
      <trkpt lat="24.93953757919371" lon="121.3947656750679">
        <ele>31.4</ele>
      </trkpt>
      <trkpt lat="24.939524671062827" lon="121.3947608973831">
        <ele>31.4</ele>
      </trkpt>
      <trkpt lat="24.93950237520039" lon="121.39473902061582">
        <ele>31.2</ele>
      </trkpt>
      <trkpt lat="24.939483096823096" lon="121.39472275972366">
        <ele>30.8</ele>
      </trkpt>
      <trkpt lat="24.939602706581354" lon="121.39469065703452">
        <ele>30.2</ele>
      </trkpt>
      <trkpt lat="24.939632546156645" lon="121.39467665925622">
        <ele>30.0</ele>
      </trkpt>
      <trkpt lat="24.93972365744412" lon="121.39469979330897">
        <ele>30.0</ele>
      </trkpt>
      <trkpt lat="24.93976422585547" lon="121.39470448717475">
        <ele>30.0</ele>
      </trkpt>
      <trkpt lat="24.93990445509553" lon="121.39472167007625">
        <ele>30.6</ele>
      </trkpt>
      <trkpt lat="24.93993479758501" lon="121.39475997537374">
        <ele>30.8</ele>
      </trkpt>
      <trkpt lat="24.93996220640838" lon="121.39480129815638">
        <ele>30.8</ele>
      </trkpt>
      <trkpt lat="24.940025489777327" lon="121.39487966895103">
        <ele>30.6</ele>
      </trkpt>
      <trkpt lat="24.940103525295854" lon="121.3949451316148">
        <ele>30.4</ele>
      </trkpt>
      <trkpt lat="24.940247358754277" lon="121.3950040563941">
        <ele>30.4</ele>
      </trkpt>
      <trkpt lat="24.940329417586327" lon="121.3950262684375">
        <ele>30.4</ele>
      </trkpt>
      <trkpt lat="24.94041013531387" lon="121.39507706277072">
        <ele>30.2</ele>
      </trkpt>
      <trkpt lat="24.940488003194332" lon="121.39515794813633">
        <ele>30.0</ele>
      </trkpt>
      <trkpt lat="24.940556650981307" lon="121.3952270988375">
        <ele>29.8</ele>
      </trkpt>
      <trkpt lat="24.940733425319195" lon="121.39535693451762">
        <ele>30.2</ele>
      </trkpt>
      <trkpt lat="24.941041208803654" lon="121.39552440494299">
        <ele>29.4</ele>
      </trkpt>
      <trkpt lat="24.94114858098328" lon="121.39557109214365">
        <ele>29.0</ele>
      </trkpt>
      <trkpt lat="24.941319823265076" lon="121.39572339132428">
        <ele>29.0</ele>
      </trkpt>
      <trkpt lat="24.9414533469826" lon="121.39583336189389">
        <ele>27.8</ele>
      </trkpt>
      <trkpt lat="24.94148813188076" lon="121.39587510377169">
        <ele>27.4</ele>
      </trkpt>
      <trkpt lat="24.9415447935462" lon="121.39596336521208">
        <ele>28.0</ele>
      </trkpt>
      <trkpt lat="24.941564491018653" lon="121.3960104715079">
        <ele>29.2</ele>
      </trkpt>
      <trkpt lat="24.941625595092773" lon="121.39615749008954">
        <ele>30.4</ele>
      </trkpt>
      <trkpt lat="24.941661721095443" lon="121.39625036157668">
        <ele>30.8</ele>
      </trkpt>
      <trkpt lat="24.941754089668393" lon="121.39645580202341">
        <ele>31.4</ele>
      </trkpt>
      <trkpt lat="24.941868167370558" lon="121.3966632541269">
        <ele>31.6</ele>
      </trkpt>
      <trkpt lat="24.942050306126475" lon="121.39699324965477">
        <ele>30.2</ele>
      </trkpt>
      <trkpt lat="24.942111242562532" lon="121.39711126685143">
        <ele>30.2</ele>
      </trkpt>
      <trkpt lat="24.942304529249668" lon="121.39748744666576">
        <ele>29.2</ele>
      </trkpt>
      <trkpt lat="24.94236722588539" lon="121.39761057682335">
        <ele>29.4</ele>
      </trkpt>
      <trkpt lat="24.942639051005244" lon="121.39812933281064">
        <ele>29.0</ele>
      </trkpt>
      <trkpt lat="24.94267785921693" lon="121.39819697476923">
        <ele>28.8</ele>
      </trkpt>
      <trkpt lat="24.942750446498394" lon="121.39832647517323">
        <ele>27.8</ele>
      </trkpt>
      <trkpt lat="24.94282554835081" lon="121.39845672994852">
        <ele>26.6</ele>
      </trkpt>
      <trkpt lat="24.942941470071673" lon="121.39866041019559">
        <ele>25.2</ele>
      </trkpt>
      <trkpt lat="24.942981703206897" lon="121.39873266220093">
        <ele>25.0</ele>
      </trkpt>
      <trkpt lat="24.943061666563153" lon="121.39887507073581">
        <ele>24.0</ele>
      </trkpt>
      <trkpt lat="24.94335176423192" lon="121.39939424581826">
        <ele>24.2</ele>
      </trkpt>
      <trkpt lat="24.943582266569138" lon="121.39975533820689">
        <ele>22.8</ele>
      </trkpt>
      <trkpt lat="24.943718053400517" lon="121.39996195212007">
        <ele>21.6</ele>
      </trkpt>
      <trkpt lat="24.94379784911871" lon="121.40009614638984">
        <ele>20.8</ele>
      </trkpt>
      <trkpt lat="24.943836573511362" lon="121.40015766955912">
        <ele>20.6</ele>
      </trkpt>
      <trkpt lat="24.94390639476478" lon="121.40027199871838">
        <ele>21.6</ele>
      </trkpt>
      <trkpt lat="24.943979820236564" lon="121.40038155019283">
        <ele>22.8</ele>
      </trkpt>
      <trkpt lat="24.944017119705677" lon="121.40043569728732">
        <ele>23.0</ele>
      </trkpt>
      <trkpt lat="24.94435398839414" lon="121.40095772221684">
        <ele>22.8</ele>
      </trkpt>
      <trkpt lat="24.94469052180648" lon="121.40149667859077">
        <ele>23.2</ele>
      </trkpt>
      <trkpt lat="24.944794792681932" lon="121.40165258198977">
        <ele>24.0</ele>
      </trkpt>
      <trkpt lat="24.945042310282588" lon="121.40199028886855">
        <ele>25.0</ele>
      </trkpt>
      <trkpt lat="24.94508245959878" lon="121.40203471295536">
        <ele>25.2</ele>
      </trkpt>
      <trkpt lat="24.945285385474563" lon="121.40226999297738">
        <ele>26.2</ele>
      </trkpt>
      <trkpt lat="24.945364175364375" lon="121.402353560552">
        <ele>27.0</ele>
      </trkpt>
      <trkpt lat="24.945402648299932" lon="121.40238943509758">
        <ele>27.2</ele>
      </trkpt>
      <trkpt lat="24.94554857723415" lon="121.40255221165717">
        <ele>28.0</ele>
      </trkpt>
      <trkpt lat="24.94557548314333" lon="121.40265229158103">
        <ele>28.0</ele>
      </trkpt>
      <trkpt lat="24.945625020191073" lon="121.4027280639857">
        <ele>27.8</ele>
      </trkpt>
      <trkpt lat="24.945670617744327" lon="121.40276846475899">
        <ele>27.6</ele>
      </trkpt>
      <trkpt lat="24.94593808427453" lon="121.40303987078369">
        <ele>27.2</ele>
      </trkpt>
      <trkpt lat="24.94599860161543" lon="121.4030718896538">
        <ele>26.8</ele>
      </trkpt>
      <trkpt lat="24.946244778111577" lon="121.40320373699069">
        <ele>26.2</ele>
      </trkpt>
      <trkpt lat="24.946306888014078" lon="121.4032378513366">
        <ele>26.2</ele>
      </trkpt>
      <trkpt lat="24.946445859968662" lon="121.40328914858401">
        <ele>25.8</ele>
      </trkpt>
      <trkpt lat="24.946584161370993" lon="121.40330901369452">
        <ele>25.8</ele>
      </trkpt>
      <trkpt lat="24.9467892665416" lon="121.40335268341005">
        <ele>25.0</ele>
      </trkpt>
      <trkpt lat="24.946972243487835" lon="121.40343373641372">
        <ele>24.2</ele>
      </trkpt>
      <trkpt lat="24.947032341733575" lon="121.40346156433225">
        <ele>23.8</ele>
      </trkpt>
      <trkpt lat="24.947285307571292" lon="121.4035793300718">
        <ele>22.4</ele>
      </trkpt>
      <trkpt lat="24.947536010295153" lon="121.40369432978332">
        <ele>23.2</ele>
      </trkpt>
      <trkpt lat="24.947597701102495" lon="121.4037212356925">
        <ele>23.6</ele>
      </trkpt>
      <trkpt lat="24.9477856233716" lon="121.40380404889584">
        <ele>24.8</ele>
      </trkpt>
      <trkpt lat="24.948224751278758" lon="121.40399314463139">
        <ele>25.0</ele>
      </trkpt>
      <trkpt lat="24.948694724589586" lon="121.40420428477228">
        <ele>24.8</ele>
      </trkpt>
      <trkpt lat="24.94880637153983" lon="121.4042841643095">
        <ele>24.4</ele>
      </trkpt>
      <trkpt lat="24.948903433978558" lon="121.40438441187143">
        <ele>24.6</ele>
      </trkpt>
      <trkpt lat="24.949190011247993" lon="121.4047802053392">
        <ele>24.4</ele>
      </trkpt>
      <trkpt lat="24.949489161372185" lon="121.4052892383188">
        <ele>25.0</ele>
      </trkpt>
      <trkpt lat="24.949812786653638" lon="121.40581143088639">
        <ele>25.4</ele>
      </trkpt>
      <trkpt lat="24.949852852150798" lon="121.4058730378747">
        <ele>25.0</ele>
      </trkpt>
      <trkpt lat="24.950138004496694" lon="121.40636907890439">
        <ele>24.6</ele>
      </trkpt>
      <trkpt lat="24.950191313400865" lon="121.40649396926165">
        <ele>24.4</ele>
      </trkpt>
      <trkpt lat="24.95031821541488" lon="121.40674551017582">
        <ele>23.8</ele>
      </trkpt>
      <trkpt lat="24.950510412454605" lon="121.40717550180852">
        <ele>24.0</ele>
      </trkpt>
      <trkpt lat="24.950529523193836" lon="121.40724138356745">
        <ele>23.4</ele>
      </trkpt>
      <trkpt lat="24.950664890930057" lon="121.40763072296977">
        <ele>25.0</ele>
      </trkpt>
      <trkpt lat="24.950687354430556" lon="121.40769065357745">
        <ele>25.2</ele>
      </trkpt>
      <trkpt lat="24.950891118496656" lon="121.40809558331966">
        <ele>25.8</ele>
      </trkpt>
      <trkpt lat="24.95111801661551" lon="121.40840018168092">
        <ele>24.8</ele>
      </trkpt>
      <trkpt lat="24.95126746594906" lon="121.4085666462779">
        <ele>26.2</ele>
      </trkpt>
      <trkpt lat="24.951352793723345" lon="121.4086395688355">
        <ele>26.6</ele>
      </trkpt>
      <trkpt lat="24.951669881120324" lon="121.40895070508122">
        <ele>25.4</ele>
      </trkpt>
      <trkpt lat="24.951756549999118" lon="121.4090693090111">
        <ele>25.0</ele>
      </trkpt>
      <trkpt lat="24.95190759189427" lon="121.40929830260575">
        <ele>24.6</ele>
      </trkpt>
      <trkpt lat="24.951934330165386" lon="121.40935622155666">
        <ele>24.4</ele>
      </trkpt>
      <trkpt lat="24.951956290751696" lon="121.40941715799272">
        <ele>24.0</ele>
      </trkpt>
      <trkpt lat="24.952008677646518" lon="121.40960575081408">
        <ele>23.2</ele>
      </trkpt>
      <trkpt lat="24.952034326270223" lon="121.40965084545314">
        <ele>23.0</ele>
      </trkpt>
      <trkpt lat="24.952081264927983" lon="121.40967062674463">
        <ele>22.6</ele>
      </trkpt>
      <trkpt lat="24.952133735641837" lon="121.40968278050423">
        <ele>22.0</ele>
      </trkpt>
      <trkpt lat="24.952243538573384" lon="121.40972276218235">
        <ele>21.0</ele>
      </trkpt>
      <trkpt lat="24.95233523659408" lon="121.40980582684278">
        <ele>19.8</ele>
      </trkpt>
      <trkpt lat="24.952375637367368" lon="121.40985704027116">
        <ele>20.2</ele>
      </trkpt>
      <trkpt lat="24.952435148879886" lon="121.40997405163944">
        <ele>20.6</ele>
      </trkpt>
      <trkpt lat="24.952458534389734" lon="121.41004068776965">
        <ele>20.6</ele>
      </trkpt>
      <trkpt lat="24.952483596280217" lon="121.41010623425245">
        <ele>21.0</ele>
      </trkpt>
      <trkpt lat="24.952555764466524" lon="121.41022416763008">
        <ele>20.6</ele>
      </trkpt>
      <trkpt lat="24.95265324600041" lon="121.41032106243074">
        <ele>21.0</ele>
      </trkpt>
      <trkpt lat="24.953021965920925" lon="121.41057134605944">
        <ele>20.4</ele>
      </trkpt>
      <trkpt lat="24.953359672799706" lon="121.41069288365543">
        <ele>21.2</ele>
      </trkpt>
      <trkpt lat="24.95342672802508" lon="121.41071333549917">
        <ele>21.4</ele>
      </trkpt>
      <trkpt lat="24.95354851707816" lon="121.41075231134892">
        <ele>22.2</ele>
      </trkpt>
      <trkpt lat="24.953839955851436" lon="121.41085884533823">
        <ele>22.6</ele>
      </trkpt>
      <trkpt lat="24.95437178760767" lon="121.41102145425975">
        <ele>22.8</ele>
      </trkpt>
      <trkpt lat="24.95490688830614" lon="121.41122236847878">
        <ele>21.6</ele>
      </trkpt>
      <trkpt lat="24.954957766458392" lon="121.41125857830048">
        <ele>21.0</ele>
      </trkpt>
      <trkpt lat="24.95522489771247" lon="121.41143241897225">
        <ele>21.8</ele>
      </trkpt>
      <trkpt lat="24.955281894654036" lon="121.4114597439766">
        <ele>22.4</ele>
      </trkpt>
      <trkpt lat="24.955564280971885" lon="121.41160852275789">
        <ele>21.4</ele>
      </trkpt>
      <trkpt lat="24.955784305930138" lon="121.41172042116523">
        <ele>22.0</ele>
      </trkpt>
      <trkpt lat="24.956262577325106" lon="121.41188135370612">
        <ele>22.0</ele>
      </trkpt>
      <trkpt lat="24.956716876477003" lon="121.41195176169276">
        <ele>21.6</ele>
      </trkpt>
      <trkpt lat="24.957151394337416" lon="121.41195628792048">
        <ele>22.2</ele>
      </trkpt>
      <trkpt lat="24.957403521984816" lon="121.41192426905036">
        <ele>20.2</ele>
      </trkpt>
      <trkpt lat="24.957588678225875" lon="121.41187950968742">
        <ele>21.8</ele>
      </trkpt>
      <trkpt lat="24.957650704309344" lon="121.41186241060495">
        <ele>22.6</ele>
      </trkpt>
      <trkpt lat="24.958132412284613" lon="121.4116873126477">
        <ele>21.8</ele>
      </trkpt>
      <trkpt lat="24.958655359223485" lon="121.41149494796991">
        <ele>20.8</ele>
      </trkpt>
      <trkpt lat="24.958713948726654" lon="121.41147843562067">
        <ele>20.6</ele>
      </trkpt>
      <trkpt lat="24.95906808413565" lon="121.41140844672918">
        <ele>21.0</ele>
      </trkpt>
      <trkpt lat="24.95960452593863" lon="121.41138288192451">
        <ele>20.6</ele>
      </trkpt>
      <trkpt lat="24.959715250879526" lon="121.41136100515723">
        <ele>21.2</ele>
      </trkpt>
      <trkpt lat="24.959800159558654" lon="121.4112829696387">
        <ele>22.0</ele>
      </trkpt>
      <trkpt lat="24.95997542515397" lon="121.41099060885608">
        <ele>21.8</ele>
      </trkpt>
      <trkpt lat="24.960093777626753" lon="121.41095045953989">
        <ele>21.0</ele>
      </trkpt>
      <trkpt lat="24.96015664190054" lon="121.41094299964607">
        <ele>21.0</ele>
      </trkpt>
      <trkpt lat="24.960220512002707" lon="121.4109467715025">
        <ele>20.4</ele>
      </trkpt>
      <trkpt lat="24.960431652143598" lon="121.41097065992653">
        <ele>19.6</ele>
      </trkpt>
      <trkpt lat="24.960790146142244" lon="121.41099002212286">
        <ele>20.2</ele>
      </trkpt>
      <trkpt lat="24.961052918806672" lon="121.41103117726743">
        <ele>20.0</ele>
      </trkpt>
      <trkpt lat="24.961492298170924" lon="121.41112287528813">
        <ele>20.2</ele>
      </trkpt>
      <trkpt lat="24.961848445236683" lon="121.4112295769155">
        <ele>19.2</ele>
      </trkpt>
      <trkpt lat="24.962031925097108" lon="121.41129596158862">
        <ele>19.2</ele>
      </trkpt>
      <trkpt lat="24.962212974205613" lon="121.4113730750978">
        <ele>18.2</ele>
      </trkpt>
      <trkpt lat="24.962508184835315" lon="121.41151967458427">
        <ele>17.6</ele>
      </trkpt>
      <trkpt lat="24.962715469300747" lon="121.41163769178092">
        <ele>17.2</ele>
      </trkpt>
      <trkpt lat="24.962784368544817" lon="121.41172930598259">
        <ele>17.8</ele>
      </trkpt>
      <trkpt lat="24.96278948150575" lon="121.41178764402866">
        <ele>18.8</ele>
      </trkpt>
      <trkpt lat="24.962775064632297" lon="121.41184204258025">
        <ele>20.6</ele>
      </trkpt>
      <trkpt lat="24.96274841018021" lon="121.41189275309443">
        <ele>22.0</ele>
      </trkpt>
      <trkpt lat="24.962722342461348" lon="121.4119460619986">
        <ele>23.0</ele>
      </trkpt>
      <trkpt lat="24.962707674130797" lon="121.41200263984501">
        <ele>23.6</ele>
      </trkpt>
      <trkpt lat="24.96270725503564" lon="121.41212468035519">
        <ele>22.6</ele>
      </trkpt>
      <trkpt lat="24.962714463472366" lon="121.41218318603933">
        <ele>21.8</ele>
      </trkpt>
      <trkpt lat="24.96272888034582" lon="121.41224563121796">
        <ele>21.0</ele>
      </trkpt>
      <trkpt lat="24.962753104045987" lon="121.41230355016887">
        <ele>20.4</ele>
      </trkpt>
      <trkpt lat="24.962789313867688" lon="121.41235635615885">
        <ele>20.2</ele>
      </trkpt>
      <trkpt lat="24.96283281594515" lon="121.41240254044533">
        <ele>19.8</ele>
      </trkpt>
      <trkpt lat="24.962882855907083" lon="121.41244654543698">
        <ele>19.4</ele>
      </trkpt>
      <trkpt lat="24.96297455392778" lon="121.4125216472894">
        <ele>17.8</ele>
      </trkpt>
      <trkpt lat="24.963066754862666" lon="121.4126080647111">
        <ele>17.6</ele>
      </trkpt>
      <trkpt lat="24.96343882754445" lon="121.41298139467835">
        <ele>17.8</ele>
      </trkpt>
      <trkpt lat="24.96352826245129" lon="121.41307988204062">
        <ele>16.6</ele>
      </trkpt>
      <trkpt lat="24.96373873203993" lon="121.41333351843059">
        <ele>17.6</ele>
      </trkpt>
      <trkpt lat="24.963776785880327" lon="121.4133882522583">
        <ele>18.0</ele>
      </trkpt>
      <trkpt lat="24.96407208032906" lon="121.41382100991905">
        <ele>17.0</ele>
      </trkpt>
      <trkpt lat="24.964106529951096" lon="121.41387700103223">
        <ele>16.6</ele>
      </trkpt>
      <trkpt lat="24.964368464425206" lon="121.41437203623354">
        <ele>16.8</ele>
      </trkpt>
      <trkpt lat="24.96455437503755" lon="121.41482440754771">
        <ele>17.6</ele>
      </trkpt>
      <trkpt lat="24.964600978419185" lon="121.41495843417943">
        <ele>17.8</ele>
      </trkpt>
      <trkpt lat="24.964701645076275" lon="121.41521676443517">
        <ele>16.6</ele>
      </trkpt>
      <trkpt lat="24.96479518711567" lon="121.41549236141145">
        <ele>16.0</ele>
      </trkpt>
      <trkpt lat="24.965002303943038" lon="121.41608957201242">
        <ele>17.4</ele>
      </trkpt>
      <trkpt lat="24.965025186538696" lon="121.41615201719105">
        <ele>17.6</ele>
      </trkpt>
      <trkpt lat="24.965067766606808" lon="121.41628738492727">
        <ele>17.4</ele>
      </trkpt>
      <trkpt lat="24.965116465464234" lon="121.4164153765887">
        <ele>16.6</ele>
      </trkpt>
      <trkpt lat="24.965226519852877" lon="121.41674562357366">
        <ele>17.0</ele>
      </trkpt>
      <trkpt lat="24.965425338596106" lon="121.41732850112021">
        <ele>16.0</ele>
      </trkpt>
      <trkpt lat="24.965565903112292" lon="121.41771130263805">
        <ele>15.2</ele>
      </trkpt>
      <trkpt lat="24.96565575711429" lon="121.41794758848846">
        <ele>15.0</ele>
      </trkpt>
      <trkpt lat="24.965848121792078" lon="121.41852216795087">
        <ele>16.2</ele>
      </trkpt>
      <trkpt lat="24.96586924418807" lon="121.41858176328242">
        <ele>16.0</ele>
      </trkpt>
      <trkpt lat="24.965931102633476" lon="121.41877178102732">
        <ele>15.0</ele>
      </trkpt>
      <trkpt lat="24.966056160628796" lon="121.41914150677621">
        <ele>14.6</ele>
      </trkpt>
      <trkpt lat="24.966251542791724" lon="121.41969546675682">
        <ele>15.6</ele>
      </trkpt>
      <trkpt lat="24.966273671016097" lon="121.41975414007902">
        <ele>16.0</ele>
      </trkpt>
      <trkpt lat="24.96629487723112" lon="121.41981348395348">
        <ele>16.2</ele>
      </trkpt>
      <trkpt lat="24.966470142826438" lon="121.42031790688634">
        <ele>16.2</ele>
      </trkpt>
      <trkpt lat="24.966538539156318" lon="121.42050976864994">
        <ele>15.0</ele>
      </trkpt>
      <trkpt lat="24.966694274917245" lon="121.42096599563956">
        <ele>16.2</ele>
      </trkpt>
      <trkpt lat="24.96671548113227" lon="121.42103045247495">
        <ele>16.4</ele>
      </trkpt>
      <trkpt lat="24.96692033484578" lon="121.42161609604955">
        <ele>17.4</ele>
      </trkpt>
      <trkpt lat="24.967130050063133" lon="121.42221414484084">
        <ele>16.8</ele>
      </trkpt>
      <trkpt lat="24.967153016477823" lon="121.42227784730494">
        <ele>16.8</ele>
      </trkpt>
      <trkpt lat="24.96735267341137" lon="121.42287572845817">
        <ele>16.8</ele>
      </trkpt>
      <trkpt lat="24.9673770647496" lon="121.42294328659773">
        <ele>16.2</ele>
      </trkpt>
      <trkpt lat="24.967475133016706" lon="121.42321578226984">
        <ele>17.6</ele>
      </trkpt>
      <trkpt lat="24.967562640085816" lon="121.42349288798869">
        <ele>18.6</ele>
      </trkpt>
      <trkpt lat="24.96766925789416" lon="121.4238409884274">
        <ele>17.6</ele>
      </trkpt>
      <trkpt lat="24.96776112355292" lon="121.42408154904842">
        <ele>16.8</ele>
      </trkpt>
      <trkpt lat="24.967814851552248" lon="121.42419973388314">
        <ele>16.4</ele>
      </trkpt>
      <trkpt lat="24.9679053761065" lon="121.42444658093154">
        <ele>17.4</ele>
      </trkpt>
      <trkpt lat="24.967954410240054" lon="121.42456660978496">
        <ele>17.6</ele>
      </trkpt>
      <trkpt lat="24.968027835711837" lon="121.42475419677794">
        <ele>17.4</ele>
      </trkpt>
      <trkpt lat="24.96813353151083" lon="121.42479903995991">
        <ele>18.2</ele>
      </trkpt>
      <trkpt lat="24.968187175691128" lon="121.42476903274655">
        <ele>18.4</ele>
      </trkpt>
      <trkpt lat="24.96823369525373" lon="121.4247324038297">
        <ele>18.8</ele>
      </trkpt>
      <trkpt lat="24.968364369124174" lon="121.42461396753788">
        <ele>19.6</ele>
      </trkpt>
      <trkpt lat="24.96846134774387" lon="121.42454959452152">
        <ele>20.2</ele>
      </trkpt>
      <trkpt lat="24.968515913933516" lon="121.4245526958257">
        <ele>20.6</ele>
      </trkpt>
      <trkpt lat="24.968559499830008" lon="121.42458722926676">
        <ele>20.6</ele>
      </trkpt>
      <trkpt lat="24.968576347455382" lon="121.42464472912252">
        <ele>20.8</ele>
      </trkpt>
      <trkpt lat="24.968593446537852" lon="121.42470826394856">
        <ele>20.8</ele>
      </trkpt>
      <trkpt lat="24.968727556988597" lon="121.42504521645606">
        <ele>20.6</ele>
      </trkpt>
      <trkpt lat="24.968832582235336" lon="121.425293488428">
        <ele>19.6</ele>
      </trkpt>
      <trkpt lat="24.968887651339173" lon="121.42543363384902">
        <ele>19.0</ele>
      </trkpt>
      <trkpt lat="24.96886594220996" lon="121.42550630494952">
        <ele>19.0</ele>
      </trkpt>
      <trkpt lat="24.96881221421063" lon="121.4255508966744">
        <ele>19.0</ele>
      </trkpt>
      <trkpt lat="24.968751277774572" lon="121.4255802333355">
        <ele>19.2</ele>
      </trkpt>
      <trkpt lat="24.968645833432674" lon="121.42567092552781">
        <ele>19.0</ele>
      </trkpt>
      <trkpt lat="24.968635104596615" lon="121.425737477839">
        <ele>18.6</ele>
      </trkpt>
      <trkpt lat="24.96866712346673" lon="121.42580101266503">
        <ele>18.0</ele>
      </trkpt>
      <trkpt lat="24.96870861388743" lon="121.42585708759725">
        <ele>17.4</ele>
      </trkpt>
      <trkpt lat="24.968873066827655" lon="121.4260842371732">
        <ele>16.6</ele>
      </trkpt>
      <trkpt lat="24.96891145594418" lon="121.42614508979023">
        <ele>16.4</ele>
      </trkpt>
      <trkpt lat="24.96895001269877" lon="121.42620250582695">
        <ele>16.0</ele>
      </trkpt>
      <trkpt lat="24.969275817275047" lon="121.42671321518719">
        <ele>16.2</ele>
      </trkpt>
      <trkpt lat="24.969573123380542" lon="121.42717815935612">
        <ele>16.8</ele>
      </trkpt>
      <trkpt lat="24.969613440334797" lon="121.42723716795444">
        <ele>16.4</ele>
      </trkpt>
      <trkpt lat="24.96996682137251" lon="121.42776883207262">
        <ele>15.8</ele>
      </trkpt>
      <trkpt lat="24.97000495903194" lon="121.4278216380626">
        <ele>15.2</ele>
      </trkpt>
      <trkpt lat="24.970078887417912" lon="121.42793621867895">
        <ele>14.2</ele>
      </trkpt>
      <trkpt lat="24.970192713662982" lon="121.42810989171267">
        <ele>15.2</ele>
      </trkpt>
      <trkpt lat="24.97030444443226" lon="121.42828725278378">
        <ele>16.0</ele>
      </trkpt>
      <trkpt lat="24.9703817255795" lon="121.42840920947492">
        <ele>16.4</ele>
      </trkpt>
      <trkpt lat="24.9706666264683" lon="121.42882746644318">
        <ele>16.4</ele>
      </trkpt>
      <trkpt lat="24.970827978104353" lon="121.42905008979142">
        <ele>15.4</ele>
      </trkpt>
      <trkpt lat="24.971162835136056" lon="121.42951930873096">
        <ele>16.0</ele>
      </trkpt>
      <trkpt lat="24.971528286114335" lon="121.43003982491791">
        <ele>16.2</ele>
      </trkpt>
      <trkpt lat="24.971569860354066" lon="121.4300990011543">
        <ele>16.8</ele>
      </trkpt>
      <trkpt lat="24.971610931679606" lon="121.43015759065747">
        <ele>17.4</ele>
      </trkpt>
      <trkpt lat="24.97194830328226" lon="121.43062840215862">
        <ele>16.8</ele>
      </trkpt>
      <trkpt lat="24.97228735126555" lon="121.43110675737262">
        <ele>16.8</ele>
      </trkpt>
      <trkpt lat="24.972426407039165" lon="121.43129685893655">
        <ele>16.8</ele>
      </trkpt>
      <trkpt lat="24.972714241594076" lon="121.43165593966842">
        <ele>16.0</ele>
      </trkpt>
      <trkpt lat="24.97281163930893" lon="121.43177353776991">
        <ele>15.6</ele>
      </trkpt>
      <trkpt lat="24.972975002601743" lon="121.43196254968643">
        <ele>15.0</ele>
      </trkpt>
      <trkpt lat="24.973229058086872" lon="121.43212381750345">
        <ele>16.4</ele>
      </trkpt>
      <trkpt lat="24.97327834367752" lon="121.4321717619896">
        <ele>16.8</ele>
      </trkpt>
      <trkpt lat="24.973426200449467" lon="121.4323163498193">
        <ele>15.4</ele>
      </trkpt>
      <trkpt lat="24.973541451618075" lon="121.43240695819259">
        <ele>13.6</ele>
      </trkpt>
      <trkpt lat="24.973832303658128" lon="121.43262103199959">
        <ele>14.0</ele>
      </trkpt>
      <trkpt lat="24.97389441356063" lon="121.43266235478222">
        <ele>14.0</ele>
      </trkpt>
      <trkpt lat="24.97439573518932" lon="121.43302017822862">
        <ele>13.0</ele>
      </trkpt>
      <trkpt lat="24.974602265283465" lon="121.43321329727769">
        <ele>12.8</ele>
      </trkpt>
      <trkpt lat="24.974689772352576" lon="121.43333634361625">
        <ele>13.2</ele>
      </trkpt>
      <trkpt lat="24.975032592192292" lon="121.43382676877081">
        <ele>13.0</ele>
      </trkpt>
      <trkpt lat="24.975079530850053" lon="121.43388577736914">
        <ele>13.0</ele>
      </trkpt>
      <trkpt lat="24.97543467208743" lon="121.43426162190735">
        <ele>14.0</ele>
      </trkpt>
      <trkpt lat="24.975788220763206" lon="121.43453160300851">
        <ele>12.4</ele>
      </trkpt>
      <trkpt lat="24.975846391171217" lon="121.4345733448863">
        <ele>12.4</ele>
      </trkpt>
      <trkpt lat="24.9759007897228" lon="121.43461282365024">
        <ele>12.0</ele>
      </trkpt>
      <trkpt lat="24.976069685071707" lon="121.43472815863788">
        <ele>11.8</ele>
      </trkpt>
      <trkpt lat="24.976331116631627" lon="121.43490962684155">
        <ele>11.8</ele>
      </trkpt>
      <trkpt lat="24.976404374465346" lon="121.43493653275073">
        <ele>11.0</ele>
      </trkpt>
      <trkpt lat="24.9765482917428" lon="121.43503032624722">
        <ele>11.4</ele>
      </trkpt>
      <trkpt lat="24.97691659256816" lon="121.43527164123952">
        <ele>12.2</ele>
      </trkpt>
      <trkpt lat="24.97697283513844" lon="121.43530952744186">
        <ele>12.6</ele>
      </trkpt>
      <trkpt lat="24.97709210962057" lon="121.43538588657975">
        <ele>13.4</ele>
      </trkpt>
      <trkpt lat="24.977504080161452" lon="121.43564916215837">
        <ele>12.6</ele>
      </trkpt>
      <trkpt lat="24.97801998630166" lon="121.43597949296236">
        <ele>14.0</ele>
      </trkpt>
      <trkpt lat="24.978137332946062" lon="121.43605157732964">
        <ele>13.6</ele>
      </trkpt>
      <trkpt lat="24.978665560483932" lon="121.43637419678271">
        <ele>12.8</ele>
      </trkpt>
      <trkpt lat="24.978723814710975" lon="121.43640889786184">
        <ele>12.4</ele>
      </trkpt>
      <trkpt lat="24.97878081165254" lon="121.43644133582711">
        <ele>12.0</ele>
      </trkpt>
      <trkpt lat="24.979247767478228" lon="121.43670067191124">
        <ele>12.8</ele>
      </trkpt>
      <trkpt lat="24.9796480871737" lon="121.4369154162705">
        <ele>13.2</ele>
      </trkpt>
      <trkpt lat="24.97970432974398" lon="121.4369460940361">
        <ele>13.2</ele>
      </trkpt>
      <trkpt lat="24.98017681762576" lon="121.43717324361205">
        <ele>12.0</ele>
      </trkpt>
      <trkpt lat="24.98023632913828" lon="121.43720182590187">
        <ele>12.0</ele>
      </trkpt>
      <trkpt lat="24.980751229450107" lon="121.43743098713458">
        <ele>12.0</ele>
      </trkpt>
      <trkpt lat="24.980806801468134" lon="121.43745521083474">
        <ele>12.2</ele>
      </trkpt>
      <trkpt lat="24.980960860848427" lon="121.43754648976028">
        <ele>13.4</ele>
      </trkpt>
      <trkpt lat="24.981160685420036" lon="121.43767389468849">
        <ele>13.6</ele>
      </trkpt>
      <trkpt lat="24.981329245492816" lon="121.43775804899633">
        <ele>14.6</ele>
      </trkpt>
      <trkpt lat="24.98139060102403" lon="121.43777900375426">
        <ele>15.0</ele>
      </trkpt>
      <trkpt lat="24.98150140978396" lon="121.43782770261168">
        <ele>15.0</ele>
      </trkpt>
      <trkpt lat="24.981888318434358" lon="121.43797463737428">
        <ele>12.6</ele>
      </trkpt>
      <trkpt lat="24.982011448591948" lon="121.43801805563271">
        <ele>11.4</ele>
      </trkpt>
      <trkpt lat="24.982123095542192" lon="121.43805610947311">
        <ele>12.6</ele>
      </trkpt>
      <trkpt lat="24.982230216264725" lon="121.43808980472386">
        <ele>13.4</ele>
      </trkpt>
      <trkpt lat="24.98251092620194" lon="121.43817286938429">
        <ele>11.0</ele>
      </trkpt>
      <trkpt lat="24.982582423835993" lon="121.43818384967744">
        <ele>10.6</ele>
      </trkpt>
      <trkpt lat="24.98292725533247" lon="121.4382151979953">
        <ele>12.2</ele>
      </trkpt>
      <trkpt lat="24.98305918648839" lon="121.43823497928679">
        <ele>12.6</ele>
      </trkpt>
      <trkpt lat="24.983564279973507" lon="121.43837353214622">
        <ele>12.2</ele>
      </trkpt>
      <trkpt lat="24.98413994908333" lon="121.4385177846998">
        <ele>12.2</ele>
      </trkpt>
      <trkpt lat="24.98464680276811" lon="121.43863948993385">
        <ele>11.8</ele>
      </trkpt>
      <trkpt lat="24.984929356724024" lon="121.43870084546506">
        <ele>11.0</ele>
      </trkpt>
      <trkpt lat="24.98504100367427" lon="121.43873034976423">
        <ele>10.8</ele>
      </trkpt>
      <trkpt lat="24.985540146008134" lon="121.43885599449277">
        <ele>10.0</ele>
      </trkpt>
      <trkpt lat="24.985864190384746" lon="121.43893755041063">
        <ele>9.6</ele>
      </trkpt>
      <trkpt lat="24.986031660810113" lon="121.43898515962064">
        <ele>10.8</ele>
      </trkpt>
      <trkpt lat="24.986091256141663" lon="121.43899848684669">
        <ele>11.8</ele>
      </trkpt>
      <trkpt lat="24.986262330785394" lon="121.43903863616288">
        <ele>10.8</ele>
      </trkpt>
      <trkpt lat="24.98648051172495" lon="121.43908423371613">
        <ele>9.8</ele>
      </trkpt>
      <trkpt lat="24.98653633520007" lon="121.43909756094217">
        <ele>9.4</ele>
      </trkpt>
      <trkpt lat="24.98706162907183" lon="121.43923385068774">
        <ele>10.0</ele>
      </trkpt>
      <trkpt lat="24.987169168889523" lon="121.43925740383565">
        <ele>10.6</ele>
      </trkpt>
      <trkpt lat="24.987585749477148" lon="121.43935278989375">
        <ele>9.8</ele>
      </trkpt>
      <trkpt lat="24.987949188798666" lon="121.43943065777421">
        <ele>9.4</ele>
      </trkpt>
      <trkpt lat="24.988169549033046" lon="121.43946879543364">
        <ele>10.8</ele>
      </trkpt>
      <trkpt lat="24.988331822678447" lon="121.43950290977955">
        <ele>10.6</ele>
      </trkpt>
      <trkpt lat="24.98848982155323" lon="121.43952780403197">
        <ele>9.6</ele>
      </trkpt>
      <trkpt lat="24.988745469599962" lon="121.43957273103297">
        <ele>10.6</ele>
      </trkpt>
      <trkpt lat="24.988902043551207" lon="121.43959485925734">
        <ele>11.8</ele>
      </trkpt>
      <trkpt lat="24.989175209775567" lon="121.43965546041727">
        <ele>10.6</ele>
      </trkpt>
      <trkpt lat="24.989666137844324" lon="121.43973466940224">
        <ele>10.6</ele>
      </trkpt>
      <trkpt lat="24.98988775536418" lon="121.43976484425366">
        <ele>11.8</ele>
      </trkpt>
      <trkpt lat="24.99006067402661" lon="121.43978496082127">
        <ele>10.6</ele>
      </trkpt>
      <trkpt lat="24.990112725645304" lon="121.43979175016284">
        <ele>9.0</ele>
      </trkpt>
      <trkpt lat="24.99022202566266" lon="121.43980608321726">
        <ele>8.2</ele>
      </trkpt>
      <trkpt lat="24.990383880212903" lon="121.43982343375683">
        <ele>11.2</ele>
      </trkpt>
      <trkpt lat="24.99055176973343" lon="121.43984455615282">
        <ele>12.2</ele>
      </trkpt>
      <trkpt lat="24.990668445825577" lon="121.43985436297953">
        <ele>11.0</ele>
      </trkpt>
      <trkpt lat="24.990783110260963" lon="121.43986534327269">
        <ele>9.6</ele>
      </trkpt>
      <trkpt lat="24.990888638421893" lon="121.4398817718029">
        <ele>8.6</ele>
      </trkpt>
      <trkpt lat="24.991047056391835" lon="121.4398960210383">
        <ele>9.8</ele>
      </trkpt>
      <trkpt lat="24.991099946200848" lon="121.43990146927536">
        <ele>10.8</ele>
      </trkpt>
      <trkpt lat="24.991476461291313" lon="121.43992745317519">
        <ele>9.8</ele>
      </trkpt>
      <trkpt lat="24.991578720510006" lon="121.43993927165866">
        <ele>9.4</ele>
      </trkpt>
      <trkpt lat="24.991695061326027" lon="121.43994715064764">
        <ele>8.6</ele>
      </trkpt>
      <trkpt lat="24.992063445970416" lon="121.43997313454747">
        <ele>9.4</ele>
      </trkpt>
      <trkpt lat="24.992175344377756" lon="121.43998629413545">
        <ele>10.0</ele>
      </trkpt>
      <trkpt lat="24.99229034408927" lon="121.43999534659088">
        <ele>11.4</ele>
      </trkpt>
      <trkpt lat="24.992400482296944" lon="121.44000356085598">
        <ele>13.2</ele>
      </trkpt>
      <trkpt lat="24.992454880848527" lon="121.44000540487468">
        <ele>13.8</ele>
      </trkpt>
      <trkpt lat="24.992510117590427" lon="121.44000691361725">
        <ele>14.2</ele>
      </trkpt>
      <trkpt lat="24.992905240505934" lon="121.44002384506166">
        <ele>13.0</ele>
      </trkpt>
      <trkpt lat="24.99295787885785" lon="121.44002946093678">
        <ele>12.6</ele>
      </trkpt>
      <trkpt lat="24.99337068758905" lon="121.44005502574146">
        <ele>12.0</ele>
      </trkpt>
      <trkpt lat="24.993964713066816" lon="121.44008888863027">
        <ele>12.8</ele>
      </trkpt>
      <trkpt lat="24.99402204528451" lon="121.44009567797184">
        <ele>13.0</ele>
      </trkpt>
      <trkpt lat="24.994325302541256" lon="121.44013490527868">
        <ele>14.2</ele>
      </trkpt>
      <trkpt lat="24.99436989426613" lon="121.44012962467968">
        <ele>14.4</ele>
      </trkpt>
      <trkpt lat="24.994450947269797" lon="121.44009777344763">
        <ele>15.2</ele>
      </trkpt>
      <trkpt lat="24.99448975548148" lon="121.44006785005331">
        <ele>15.4</ele>
      </trkpt>
      <trkpt lat="24.994520852342248" lon="121.44003314897418">
        <ele>15.6</ele>
      </trkpt>
      <trkpt lat="24.99457365833223" lon="121.43995662219822">
        <ele>16.0</ele>
      </trkpt>
      <trkpt lat="24.994596289470792" lon="121.4399132039398">
        <ele>16.0</ele>
      </trkpt>
      <trkpt lat="24.9947408773005" lon="121.43957164138556">
        <ele>15.0</ele>
      </trkpt>
      <trkpt lat="24.994831318035722" lon="121.43950249068439">
        <ele>14.2</ele>
      </trkpt>
      <trkpt lat="24.994882196187973" lon="121.43949394114316">
        <ele>13.8</ele>
      </trkpt>
      <trkpt lat="24.994930559769273" lon="121.43948530778289">
        <ele>13.4</ele>
      </trkpt>
      <trkpt lat="24.99497724696994" lon="121.43949503079057">
        <ele>12.8</ele>
      </trkpt>
      <trkpt lat="24.99501538462937" lon="121.43951405771077">
        <ele>12.4</ele>
      </trkpt>
      <trkpt lat="24.995119152590632" lon="121.43952093087137">
        <ele>13.6</ele>
      </trkpt>
      <trkpt lat="24.995127953588963" lon="121.43950131721795">
        <ele>14.0</ele>
      </trkpt>
      <trkpt lat="24.995091492310166" lon="121.43947692587972">
        <ele>15.2</ele>
      </trkpt>
      <trkpt lat="24.995162151753902" lon="121.43956636078656">
        <ele>13.6</ele>
      </trkpt>
      <trkpt lat="24.9951986130327" lon="121.4395553804934">
        <ele>13.8</ele>
      </trkpt>
      <trkpt lat="24.995393827557564" lon="121.43946158699691">
        <ele>13.4</ele>
      </trkpt>
      <trkpt lat="24.995430037379265" lon="121.43944524228573">
        <ele>13.2</ele>
      </trkpt>
      <trkpt lat="24.995526261627674" lon="121.43939117901027">
        <ele>12.6</ele>
      </trkpt>
      <trkpt lat="24.995624413713813" lon="121.4393325895071">
        <ele>12.2</ele>
      </trkpt>
      <trkpt lat="24.995713597163558" lon="121.43932454288006">
        <ele>12.0</ele>
      </trkpt>
      <trkpt lat="24.99580169096589" lon="121.4393434021622">
        <ele>11.8</ele>
      </trkpt>
      <trkpt lat="24.995844522491097" lon="121.43935949541628">
        <ele>12.0</ele>
      </trkpt>
      <trkpt lat="24.9960498791188" lon="121.43944725394249">
        <ele>11.2</ele>
      </trkpt>
      <trkpt lat="24.996203016489744" lon="121.4395281393081">
        <ele>10.2</ele>
      </trkpt>
      <trkpt lat="24.99645640142262" lon="121.43965319730341">
        <ele>10.8</ele>
      </trkpt>
      <trkpt lat="24.996509542688727" lon="121.43967574462295">
        <ele>11.8</ele>
      </trkpt>
      <trkpt lat="24.99661817215383" lon="121.43972176127136">
        <ele>12.8</ele>
      </trkpt>
      <trkpt lat="24.996848003938794" lon="121.43978076986969">
        <ele>13.2</ele>
      </trkpt>
      <trkpt lat="24.996912041679025" lon="121.43979024142027">
        <ele>13.6</ele>
      </trkpt>
      <trkpt lat="24.997171545401216" lon="121.43983433023095">
        <ele>12.8</ele>
      </trkpt>
      <trkpt lat="24.997310182079673" lon="121.43985603936017">
        <ele>12.6</ele>
      </trkpt>
      <trkpt lat="24.997646966949105" lon="121.43990809097886">
        <ele>11.6</ele>
      </trkpt>
      <trkpt lat="24.997910745441914" lon="121.43996894359589">
        <ele>10.8</ele>
      </trkpt>
      <trkpt lat="24.998412569984794" lon="121.44006483256817">
        <ele>12.2</ele>
      </trkpt>
      <trkpt lat="24.99870023690164" lon="121.44008260220289">
        <ele>10.4</ele>
      </trkpt>
      <trkpt lat="24.998842142522335" lon="121.44011453725398">
        <ele>9.0</ele>
      </trkpt>
      <trkpt lat="24.998918334022164" lon="121.44012719392776">
        <ele>8.8</ele>
      </trkpt>
      <trkpt lat="24.999238857999444" lon="121.44012970849872">
        <ele>8.6</ele>
      </trkpt>
      <trkpt lat="24.999804636463523" lon="121.44014647230506">
        <ele>9.2</ele>
      </trkpt>
      <trkpt lat="25.00000915490091" lon="121.44015083089471">
        <ele>10.6</ele>
      </trkpt>
      <trkpt lat="25.000557079911232" lon="121.44016466103494">
        <ele>9.4</ele>
      </trkpt>
      <trkpt lat="25.00062547624111" lon="121.4401682652533">
        <ele>9.2</ele>
      </trkpt>
      <trkpt lat="25.000759502872825" lon="121.4401687681675">
        <ele>8.6</ele>
      </trkpt>
      <trkpt lat="25.000824965536594" lon="121.44017069600523">
        <ele>8.0</ele>
      </trkpt>
      <trkpt lat="25.00101246871054" lon="121.44017740152776">
        <ele>9.4</ele>
      </trkpt>
      <trkpt lat="25.001077009364963" lon="121.44017949700356">
        <ele>10.4</ele>
      </trkpt>
      <trkpt lat="25.001143980771303" lon="121.44018284976482">
        <ele>11.4</ele>
      </trkpt>
      <trkpt lat="25.0014135427773" lon="121.44019156694412">
        <ele>10.4</ele>
      </trkpt>
      <trkpt lat="25.001545725390315" lon="121.44019835628569">
        <ele>9.4</ele>
      </trkpt>
      <trkpt lat="25.001913188025355" lon="121.44022249616683">
        <ele>11.0</ele>
      </trkpt>
      <trkpt lat="25.001976052299142" lon="121.44022660329938">
        <ele>11.2</ele>
      </trkpt>
      <trkpt lat="25.00255297869444" lon="121.44026541151106">
        <ele>11.6</ele>
      </trkpt>
      <trkpt lat="25.002619279548526" lon="121.44027044065297">
        <ele>11.4</ele>
      </trkpt>
      <trkpt lat="25.00316192395985" lon="121.44030740484595">
        <ele>11.2</ele>
      </trkpt>
      <trkpt lat="25.003232331946492" lon="121.44031109288335">
        <ele>10.6</ele>
      </trkpt>
      <trkpt lat="25.003300979733467" lon="121.44031452946365">
        <ele>9.8</ele>
      </trkpt>
      <trkpt lat="25.00336711294949" lon="121.44031670875847">
        <ele>8.8</ele>
      </trkpt>
      <trkpt lat="25.00369593501091" lon="121.44035585224628">
        <ele>9.6</ele>
      </trkpt>
      <trkpt lat="25.004089465364814" lon="121.44039725884795">
        <ele>9.8</ele>
      </trkpt>
      <trkpt lat="25.004288954660296" lon="121.44041603431106">
        <ele>9.6</ele>
      </trkpt>
      <trkpt lat="25.00454225577414" lon="121.44043933600187">
        <ele>9.6</ele>
      </trkpt>
      <trkpt lat="25.0046600215137" lon="121.44046104513109">
        <ele>10.0</ele>
      </trkpt>
      <trkpt lat="25.004794215783477" lon="121.44048241898417">
        <ele>9.8</ele>
      </trkpt>
      <trkpt lat="25.004918100312352" lon="121.44049256108701">
        <ele>10.4</ele>
      </trkpt>
      <trkpt lat="25.00497912056744" lon="121.44049935042858">
        <ele>11.0</ele>
      </trkpt>
      <trkpt lat="25.00552771613002" lon="121.44055232405663">
        <ele>10.8</ele>
      </trkpt>
      <trkpt lat="25.006045550107956" lon="121.44062164239585">
        <ele>10.4</ele>
      </trkpt>
      <trkpt lat="25.006175553426147" lon="121.4406347181648">
        <ele>9.8</ele>
      </trkpt>
      <trkpt lat="25.006702272221446" lon="121.44069029018283">
        <ele>10.4</ele>
      </trkpt>
      <trkpt lat="25.00730342231691" lon="121.4407607819885">
        <ele>10.6</ele>
      </trkpt>
      <trkpt lat="25.00737441703677" lon="121.44076555967331">
        <ele>11.0</ele>
      </trkpt>
      <trkpt lat="25.00771933235228" lon="121.44080679863691">
        <ele>9.6</ele>
      </trkpt>
      <trkpt lat="25.00799937173724" lon="121.44084610976279">
        <ele>8.8</ele>
      </trkpt>
      <trkpt lat="25.00859398394823" lon="121.44095473922789">
        <ele>9.4</ele>
      </trkpt>
      <trkpt lat="25.008727088570595" lon="121.44097954966128">
        <ele>9.8</ele>
      </trkpt>
      <trkpt lat="25.00925414264202" lon="121.4410800486803">
        <ele>8.2</ele>
      </trkpt>
      <trkpt lat="25.009315498173237" lon="121.44109438173473">
        <ele>7.8</ele>
      </trkpt>
      <trkpt lat="25.009866943582892" lon="121.44121633842587">
        <ele>8.2</ele>
      </trkpt>
      <trkpt lat="25.009989151731133" lon="121.44126654602587">
        <ele>8.6</ele>
      </trkpt>
      <trkpt lat="25.01029634848237" lon="121.44133192487061">
        <ele>9.4</ele>
      </trkpt>
      <trkpt lat="25.010852655395865" lon="121.44148229621351">
        <ele>10.2</ele>
      </trkpt>
      <trkpt lat="25.011400412768126" lon="121.44164557568729">
        <ele>9.6</ele>
      </trkpt>
      <trkpt lat="25.011517172679305" lon="121.44168396480381">
        <ele>8.6</ele>
      </trkpt>
      <trkpt lat="25.012032072991133" lon="121.44186032004654">
        <ele>8.2</ele>
      </trkpt>
      <trkpt lat="25.0120890699327" lon="121.44188219681382">
        <ele>8.2</ele>
      </trkpt>
      <trkpt lat="25.012604389339685" lon="121.44206911325455">
        <ele>9.2</ele>
      </trkpt>
      <trkpt lat="25.012720227241516" lon="121.4421110227704">
        <ele>8.8</ele>
      </trkpt>
      <trkpt lat="25.012953830882907" lon="121.44221076741815">
        <ele>8.0</ele>
      </trkpt>
      <trkpt lat="25.01317234709859" lon="121.44230087287724">
        <ele>9.4</ele>
      </trkpt>
      <trkpt lat="25.013723960146308" lon="121.44253958947957">
        <ele>10.0</ele>
      </trkpt>
      <trkpt lat="25.014149509370327" lon="121.442712508142">
        <ele>10.4</ele>
      </trkpt>
      <trkpt lat="25.014208517968655" lon="121.44273698329926">
        <ele>10.4</ele>
      </trkpt>
      <trkpt lat="25.014447988942266" lon="121.44284410402179">
        <ele>9.4</ele>
      </trkpt>
      <trkpt lat="25.01456592231989" lon="121.44289297051728">
        <ele>8.2</ele>
      </trkpt>
      <trkpt lat="25.01473892480135" lon="121.44297368824482">
        <ele>8.6</ele>
      </trkpt>
      <trkpt lat="25.014795502647758" lon="121.44300118088722">
        <ele>9.4</ele>
      </trkpt>
      <trkpt lat="25.014916034415364" lon="121.44305147230625">
        <ele>10.6</ele>
      </trkpt>
      <trkpt lat="25.015101609751582" lon="121.44312405958772">
        <ele>9.2</ele>
      </trkpt>
      <trkpt lat="25.015218453481793" lon="121.44317510537803">
        <ele>6.2</ele>
      </trkpt>
      <trkpt lat="25.015385001897812" lon="121.44325171597302">
        <ele>7.6</ele>
      </trkpt>
      <trkpt lat="25.015845503658056" lon="121.4434464275837">
        <ele>9.2</ele>
      </trkpt>
      <trkpt lat="25.015905937179923" lon="121.44347098655999">
        <ele>9.4</ele>
      </trkpt>
      <trkpt lat="25.016431398689747" lon="121.44370031543076">
        <ele>9.0</ele>
      </trkpt>
      <trkpt lat="25.016543548554182" lon="121.44374364987016">
        <ele>9.0</ele>
      </trkpt>
      <trkpt lat="25.017018131911755" lon="121.44394556991756">
        <ele>8.2</ele>
      </trkpt>
      <trkpt lat="25.017077224329114" lon="121.4439694583416">
        <ele>7.6</ele>
      </trkpt>
      <trkpt lat="25.0175753608346" lon="121.44418663345277">
        <ele>8.6</ele>
      </trkpt>
      <trkpt lat="25.018100822344422" lon="121.444435659796">
        <ele>9.0</ele>
      </trkpt>
      <trkpt lat="25.01856341958046" lon="121.44465794786811">
        <ele>8.4</ele>
      </trkpt>
      <trkpt lat="25.018729465082288" lon="121.44474252127111">
        <ele>8.8</ele>
      </trkpt>
      <trkpt lat="25.018894085660577" lon="121.44483304582536">
        <ele>9.4</ele>
      </trkpt>
      <trkpt lat="25.019293315708637" lon="121.44504728727043">
        <ele>8.8</ele>
      </trkpt>
      <trkpt lat="25.019509820267558" lon="121.44517678767443">
        <ele>8.4</ele>
      </trkpt>
      <trkpt lat="25.019789272919297" lon="121.44532908685505">
        <ele>8.8</ele>
      </trkpt>
      <trkpt lat="25.02004936337471" lon="121.44547635689378">
        <ele>8.2</ele>
      </trkpt>
      <trkpt lat="25.020126895979047" lon="121.44557165913284">
        <ele>8.6</ele>
      </trkpt>
      <trkpt lat="25.020186575129628" lon="121.44568556919694">
        <ele>8.8</ele>
      </trkpt>
      <trkpt lat="25.02019202336669" lon="121.44573980011046">
        <ele>9.8</ele>
      </trkpt>
      <trkpt lat="25.020191771909595" lon="121.44579109735787">
        <ele>10.0</ele>
      </trkpt>
      <trkpt lat="25.02021884545684" lon="121.44595295190811">
        <ele>10.4</ele>
      </trkpt>
      <trkpt lat="25.020254720002413" lon="121.44608647562563">
        <ele>9.8</ele>
      </trkpt>
      <trkpt lat="25.020281206816435" lon="121.44613550975919">
        <ele>9.8</ele>
      </trkpt>
      <trkpt lat="25.02031615935266" lon="121.44618454389274">
        <ele>10.0</ele>
      </trkpt>
      <trkpt lat="25.020441049709916" lon="121.44624749198556">
        <ele>9.8</ele>
      </trkpt>
      <trkpt lat="25.0206939317286" lon="121.4464334025979">
        <ele>10.8</ele>
      </trkpt>
      <trkpt lat="25.020739613100886" lon="121.4464664272964">
        <ele>10.8</ele>
      </trkpt>
      <trkpt lat="25.02078613266349" lon="121.44649769179523">
        <ele>10.8</ele>
      </trkpt>
      <trkpt lat="25.02107354812324" lon="121.44672492519021">
        <ele>10.8</ele>
      </trkpt>
      <trkpt lat="25.021234899759293" lon="121.44685819745064">
        <ele>12.2</ele>
      </trkpt>
      <trkpt lat="25.02127965912223" lon="121.44688912667334">
        <ele>12.4</ele>
      </trkpt>
      <trkpt lat="25.021450147032738" lon="121.44700789824128">
        <ele>12.6</ele>
      </trkpt>
      <trkpt lat="25.02151284366846" lon="121.44711459986866">
        <ele>12.0</ele>
      </trkpt>
      <trkpt lat="25.02156749367714" lon="121.4472415857017">
        <ele>11.2</ele>
      </trkpt>
      <trkpt lat="25.021608732640743" lon="121.44729380495846">
        <ele>11.0</ele>
      </trkpt>
      <trkpt lat="25.02165357582271" lon="121.44734644331038">
        <ele>11.0</ele>
      </trkpt>
      <trkpt lat="25.02183529548347" lon="121.44751282408834">
        <ele>12.2</ele>
      </trkpt>
      <trkpt lat="25.021922467276454" lon="121.4475817233324">
        <ele>12.8</ele>
      </trkpt>
      <trkpt lat="25.022266963496804" lon="121.44784558564425">
        <ele>12.6</ele>
      </trkpt>
      <trkpt lat="25.022405264899135" lon="121.44796444103122">
        <ele>10.0</ele>
      </trkpt>
      <trkpt lat="25.022535771131516" lon="121.44807348959148">
        <ele>9.4</ele>
      </trkpt>
      <trkpt lat="25.022834250703454" lon="121.44832980819046">
        <ele>11.4</ele>
      </trkpt>
      <trkpt lat="25.022877333685756" lon="121.4483661018312">
        <ele>11.6</ele>
      </trkpt>
      <trkpt lat="25.023068860173225" lon="121.44854480400681">
        <ele>10.0</ele>
      </trkpt>
      <trkpt lat="25.02315016463399" lon="121.44861311651766">
        <ele>11.0</ele>
      </trkpt>
      <trkpt lat="25.023236079141498" lon="121.44867589697242">
        <ele>10.6</ele>
      </trkpt>
      <trkpt lat="25.023355185985565" lon="121.44878838211298">
        <ele>9.6</ele>
      </trkpt>
      <trkpt lat="25.023518381640315" lon="121.44892416894436">
        <ele>10.8</ele>
      </trkpt>
      <trkpt lat="25.023852987214923" lon="121.44929406233132">
        <ele>10.6</ele>
      </trkpt>
      <trkpt lat="25.024146856740117" lon="121.4496248960495">
        <ele>10.0</ele>
      </trkpt>
      <trkpt lat="25.024187844246626" lon="121.44966605119407">
        <ele>9.2</ele>
      </trkpt>
      <trkpt lat="25.02461557276547" lon="121.4500961266458">
        <ele>9.6</ele>
      </trkpt>
      <trkpt lat="25.02479838207364" lon="121.45027541555464">
        <ele>10.4</ele>
      </trkpt>
      <trkpt lat="25.02494447864592" lon="121.45041455514729">
        <ele>9.8</ele>
      </trkpt>
      <trkpt lat="25.02499426715076" lon="121.45046283490956">
        <ele>9.4</ele>
      </trkpt>
      <trkpt lat="25.025262907147408" lon="121.45074027590454">
        <ele>8.0</ele>
      </trkpt>
      <trkpt lat="25.025306660681963" lon="121.4507853705436">
        <ele>8.0</ele>
      </trkpt>
      <trkpt lat="25.0255224108696" lon="121.45101863890886">
        <ele>9.2</ele>
      </trkpt>
      <trkpt lat="25.025788033381104" lon="121.45129591226578">
        <ele>9.6</ele>
      </trkpt>
      <trkpt lat="25.02595298923552" lon="121.45147905685008">
        <ele>10.6</ele>
      </trkpt>
      <trkpt lat="25.02610302530229" lon="121.45165046676993">
        <ele>11.0</ele>
      </trkpt>
      <trkpt lat="25.026141414418817" lon="121.45170000381768">
        <ele>11.2</ele>
      </trkpt>
      <trkpt lat="25.026217019185424" lon="121.45178792998195">
        <ele>11.8</ele>
      </trkpt>
      <trkpt lat="25.026260437443852" lon="121.45182908512652">
        <ele>12.6</ele>
      </trkpt>
      <trkpt lat="25.02629689872265" lon="121.45188038237393">
        <ele>13.0</ele>
      </trkpt>
      <trkpt lat="25.02640259452164" lon="121.45202413201332">
        <ele>13.2</ele>
      </trkpt>
      <trkpt lat="25.026618093252182" lon="121.45227466709912">
        <ele>12.4</ele>
      </trkpt>
      <trkpt lat="25.026720436289907" lon="121.45239134319127">
        <ele>11.2</ele>
      </trkpt>
      <trkpt lat="25.02675035968423" lon="121.45242562517524">
        <ele>10.2</ele>
      </trkpt>
      <trkpt lat="25.02677969634533" lon="121.45246116444468">
        <ele>9.0</ele>
      </trkpt>
      <trkpt lat="25.026809200644493" lon="121.45249921828508">
        <ele>9.2</ele>
      </trkpt>
      <trkpt lat="25.026925038546324" lon="121.45263466984034">
        <ele>10.0</ele>
      </trkpt>
      <trkpt lat="25.027003828436136" lon="121.45273466594517">
        <ele>9.8</ele>
      </trkpt>
      <trkpt lat="25.027131317183375" lon="121.45288704894483">
        <ele>11.4</ele>
      </trkpt>
      <trkpt lat="25.02718227915466" lon="121.4529435429722">
        <ele>11.8</ele>
      </trkpt>
      <trkpt lat="25.02727028913796" lon="121.4530542679131">
        <ele>11.4</ele>
      </trkpt>
      <trkpt lat="25.027314042672515" lon="121.4531116001308">
        <ele>10.8</ele>
      </trkpt>
      <trkpt lat="25.027403393760324" lon="121.45320178940892">
        <ele>10.4</ele>
      </trkpt>
      <trkpt lat="25.027436753734946" lon="121.4532392565161">
        <ele>10.6</ele>
      </trkpt>
      <trkpt lat="25.02752878703177" lon="121.45337764173746">
        <ele>9.8</ele>
      </trkpt>
      <trkpt lat="25.02762207761407" lon="121.45348006859422">
        <ele>9.8</ele>
      </trkpt>
      <trkpt lat="25.027677062898874" lon="121.45354553125799">
        <ele>10.0</ele>
      </trkpt>
      <trkpt lat="25.027811592444777" lon="121.45370713435113">
        <ele>9.4</ele>
      </trkpt>
      <trkpt lat="25.027887281030416" lon="121.45382825285196">
        <ele>10.8</ele>
      </trkpt>
      <trkpt lat="25.027931621298194" lon="121.4538761973381">
        <ele>11.2</ele>
      </trkpt>
      <trkpt lat="25.027952659875154" lon="121.45389949902892">
        <ele>11.4</ele>
      </trkpt>
      <trkpt lat="25.02799297682941" lon="121.45395004190505">
        <ele>11.8</ele>
      </trkpt>
      <trkpt lat="25.028011752292514" lon="121.45397208631039">
        <ele>10.2</ele>
      </trkpt>
      <trkpt lat="25.028051231056452" lon="121.4540263172239">
        <ele>8.8</ele>
      </trkpt>
      <trkpt lat="25.02812884747982" lon="121.45407887175679">
        <ele>8.8</ele>
      </trkpt>
      <trkpt lat="25.028150556609035" lon="121.45407535135746">
        <ele>8.8</ele>
      </trkpt>
      <trkpt lat="25.028184168040752" lon="121.45403889007866">
        <ele>9.0</ele>
      </trkpt>
      <trkpt lat="25.028186263516545" lon="121.45401022396982">
        <ele>10.8</ele>
      </trkpt>
      <trkpt lat="25.028178300708532" lon="121.45398013293743">
        <ele>12.4</ele>
      </trkpt>
      <trkpt lat="25.028163297101855" lon="121.45396412350237">
        <ele>12.0</ele>
      </trkpt>
      <trkpt lat="25.028093392029405" lon="121.45389597862959">
        <ele>11.6</ele>
      </trkpt>
      <trkpt lat="25.028057852759957" lon="121.45385121926665">
        <ele>11.8</ele>
      </trkpt>
      <trkpt lat="25.02797093242407" lon="121.4537482894957">
        <ele>11.8</ele>
      </trkpt>
      <trkpt lat="25.027935141697526" lon="121.45369431003928">
        <ele>12.6</ele>
      </trkpt>
      <trkpt lat="25.02789583057165" lon="121.45364033058286">
        <ele>13.4</ele>
      </trkpt>
      <trkpt lat="25.02781653776765" lon="121.45353773608804">
        <ele>13.8</ele>
      </trkpt>
      <trkpt lat="25.027777394279838" lon="121.45348568446934">
        <ele>14.2</ele>
      </trkpt>
      <trkpt lat="25.02776130102575" lon="121.453463640064">
        <ele>14.6</ele>
      </trkpt>
      <trkpt lat="25.027719223871827" lon="121.45341066643596">
        <ele>15.8</ele>
      </trkpt>
      <trkpt lat="25.027661807835102" lon="121.45333766005933">
        <ele>16.6</ele>
      </trkpt>
      <trkpt lat="25.027650659903884" lon="121.45332072861493">
        <ele>16.8</ele>
      </trkpt>
      <trkpt lat="25.027598105371" lon="121.45325132645667">
        <ele>17.4</ele>
      </trkpt>
      <trkpt lat="25.027520656585693" lon="121.45314646884799">
        <ele>17.8</ele>
      </trkpt>
      <trkpt lat="25.027505485340953" lon="121.45303817465901">
        <ele>18.6</ele>
      </trkpt>
      <trkpt lat="25.027508167549968" lon="121.45299366675317">
        <ele>18.8</ele>
      </trkpt>
      <trkpt lat="25.027563823387027" lon="121.45295360125601">
        <ele>18.2</ele>
      </trkpt>
      <trkpt lat="25.02771503292024" lon="121.45286726765335">
        <ele>17.4</ele>
      </trkpt>
      <trkpt lat="25.027798684313893" lon="121.45275008864701">
        <ele>19.0</ele>
      </trkpt>
      <trkpt lat="25.027821734547615" lon="121.45273089408875">
        <ele>19.4</ele>
      </trkpt>
      <trkpt lat="25.027895076200366" lon="121.45268630236387">
        <ele>16.4</ele>
      </trkpt>
      <trkpt lat="25.027940338477492" lon="121.45265554077923">
        <ele>16.2</ele>
      </trkpt>
      <trkpt lat="25.02802725881338" lon="121.45259611308575">
        <ele>17.8</ele>
      </trkpt>
      <trkpt lat="25.02811702899635" lon="121.45256023854017">
        <ele>16.4</ele>
      </trkpt>
      <trkpt lat="25.028139241039753" lon="121.45254716277122">
        <ele>16.8</ele>
      </trkpt>
      <trkpt lat="25.028179306536913" lon="121.45251774229109">
        <ele>17.6</ele>
      </trkpt>
      <trkpt lat="25.028269914910197" lon="121.4524551294744">
        <ele>17.2</ele>
      </trkpt>
      <trkpt lat="25.02831551246345" lon="121.4524175785482">
        <ele>16.8</ele>
      </trkpt>
      <trkpt lat="25.028416262939572" lon="121.45234893076122">
        <ele>18.6</ele>
      </trkpt>
      <trkpt lat="25.028516594320536" lon="121.45229587331414">
        <ele>18.8</ele>
      </trkpt>
      <trkpt lat="25.028542075306177" lon="121.4522859826684">
        <ele>19.0</ele>
      </trkpt>
      <trkpt lat="25.028735948726535" lon="121.45220467820764">
        <ele>18.6</ele>
      </trkpt>
      <trkpt lat="25.028952788561583" lon="121.45207702182233">
        <ele>18.8</ele>
      </trkpt>
      <trkpt lat="25.029128808528185" lon="121.45195858553052">
        <ele>17.8</ele>
      </trkpt>
      <trkpt lat="25.029154708608985" lon="121.45194014534354">
        <ele>17.2</ele>
      </trkpt>
      <trkpt lat="25.029383534565568" lon="121.45180611871183">
        <ele>17.4</ele>
      </trkpt>
      <trkpt lat="25.029559889808297" lon="121.45167401991785">
        <ele>18.4</ele>
      </trkpt>
      <trkpt lat="25.02961965277791" lon="121.45163118839264">
        <ele>18.2</ele>
      </trkpt>
      <trkpt lat="25.029714200645685" lon="121.45154368132353">
        <ele>19.2</ele>
      </trkpt>
      <trkpt lat="25.029734820127487" lon="121.45152205601335">
        <ele>20.8</ele>
      </trkpt>
      <trkpt lat="25.029761977493763" lon="121.45149908959866">
        <ele>21.8</ele>
      </trkpt>
      <trkpt lat="25.02984546124935" lon="121.45144041627645">
        <ele>22.0</ele>
      </trkpt>
      <trkpt lat="25.02990111708641" lon="121.45140630193055">
        <ele>20.6</ele>
      </trkpt>
      <trkpt lat="25.029926598072052" lon="121.4513813238591">
        <ele>18.6</ele>
      </trkpt>
      <trkpt lat="25.02998711541295" lon="121.45134444348514">
        <ele>17.8</ele>
      </trkpt>
      <trkpt lat="25.030017709359527" lon="121.45132231526077">
        <ele>17.4</ele>
      </trkpt>
      <trkpt lat="25.03004629164934" lon="121.45130580291152">
        <ele>19.8</ele>
      </trkpt>
      <trkpt lat="25.030070347711444" lon="121.45129113458097">
        <ele>21.8</ele>
      </trkpt>
      <trkpt lat="25.030198004096746" lon="121.45124486647546">
        <ele>20.0</ele>
      </trkpt>
      <trkpt lat="25.030233040452003" lon="121.45123061724007">
        <ele>18.8</ele>
      </trkpt>
      <trkpt lat="25.030271094292402" lon="121.45121821202338">
        <ele>17.8</ele>
      </trkpt>
      <trkpt lat="25.030380729585886" lon="121.45116523839533">
        <ele>17.0</ele>
      </trkpt>
      <trkpt lat="25.03045231103897" lon="121.45110757090151">
        <ele>17.8</ele>
      </trkpt>
      <trkpt lat="25.030599161982536" lon="121.45096910186112">
        <ele>19.0</ele>
      </trkpt>
      <trkpt lat="25.030664959922433" lon="121.45089634694159">
        <ele>20.4</ele>
      </trkpt>
      <trkpt lat="25.030699158087373" lon="121.45086960867047">
        <ele>20.6</ele>
      </trkpt>
      <trkpt lat="25.030767805874348" lon="121.45082543604076">
        <ele>21.8</ele>
      </trkpt>
      <trkpt lat="25.030929995700717" lon="121.45070716738701">
        <ele>20.6</ele>
      </trkpt>
      <trkpt lat="25.030991435050964" lon="121.45065972581506">
        <ele>19.4</ele>
      </trkpt>
      <trkpt lat="25.03112453967333" lon="121.45061672665179">
        <ele>19.6</ele>
      </trkpt>
      <trkpt lat="25.031274911016226" lon="121.45058018155396">
        <ele>20.6</ele>
      </trkpt>
      <trkpt lat="25.031372644007206" lon="121.45051631145179">
        <ele>20.0</ele>
      </trkpt>
      <trkpt lat="25.03142368979752" lon="121.45046191290021">
        <ele>19.2</ele>
      </trkpt>
      <trkpt lat="25.03149543888867" lon="121.45035613328218">
        <ele>19.6</ele>
      </trkpt>
      <trkpt lat="25.03161613829434" lon="121.45026753656566">
        <ele>19.4</ele>
      </trkpt>
      <trkpt lat="25.031641870737076" lon="121.45025605335832">
        <ele>19.2</ele>
      </trkpt>
      <trkpt lat="25.03169333562255" lon="121.4502433128655">
        <ele>19.0</ele>
      </trkpt>
      <trkpt lat="25.03174128010869" lon="121.45025605335832">
        <ele>18.0</ele>
      </trkpt>
      <trkpt lat="25.031759971752763" lon="121.45026477053761">
        <ele>17.8</ele>
      </trkpt>
      <trkpt lat="25.031823506578803" lon="121.45029217936099">
        <ele>17.4</ele>
      </trkpt>
      <trkpt lat="25.03170993179083" lon="121.45024104975164">
        <ele>16.0</ele>
      </trkpt>
      <trkpt lat="25.031656371429563" lon="121.45024239085615">
        <ele>16.2</ele>
      </trkpt>
    </trkseg>
  </trk>
</gpx>
