<?xml version="1.0" encoding="UTF-8"?>
<gpx creator="Garmin Connect" version="1.1" schemaLocation="http://www.topografix.com/GPX/1/1 http://www.topografix.com/GPX/11.xsd" xmlns="http://www.topografix.com/GPX/1/1" xmlns:xsi="http://www.w3.org/2001/XMLSchema-instance" xsi:schemaLocation="http://www.topografix.com/GPX/1/1 http://www.topografix.com/GPX/1/1/gpx.xsd http://www.garmin.com/xmlschemas/GpxExtensions/v3 http://www.garmin.com/xmlschemas/GpxExtensionsv3.xsd http://www.garmin.com/xmlschemas/TrackPointExtension/v1 http://www.garmin.com/xmlschemas/TrackPointExtensionv1.xsd http://www.garmin.com/xmlschemas/PowerExtension/v1 http://www.garmin.com/xmlschemas/PowerExtensionv1.xsd http://www.topografix.com/GPX/gpx_style/0/2 http://www.topografix.com/GPX/gpx_style/0/2/gpx_style.xsd" xmlns:gpxtpx="http://www.garmin.com/xmlschemas/TrackPointExtension/v1" xmlns:gpxx="http://www.garmin.com/xmlschemas/GpxExtensions/v3" xmlns:gpxpx="http://www.garmin.com/xmlschemas/PowerExtension/v1" xmlns:gpx_style="http://www.topografix.com/GPX/gpx_style/0/2">
  <metadata>
    <name>石門水庫-台7乙</name>
    <author>
      <name>gpx.studio</name>
      <link href="https://gpx.studio"/>
    </author>
    <link href="connect.garmin.com">
      <text>Garmin Connect</text>
    </link>
    <time>2026-05-02T11:08:51.000Z</time>
  </metadata>
  <trk>
    <name>石門水庫-台7乙</name>
    <trkseg>
      <trkpt lat="25.023551490157843" lon="121.44893992692232">
        <ele>10.2</ele>
      </trkpt>
      <trkpt lat="25.023266337811947" lon="121.44867598079145">
        <ele>10.2</ele>
      </trkpt>
      <trkpt lat="25.023033739998937" lon="121.4485180657357">
        <ele>8.8</ele>
      </trkpt>
      <trkpt lat="25.022460501641035" lon="121.44801020622253">
        <ele>8.6</ele>
      </trkpt>
      <trkpt lat="25.021719876676798" lon="121.44742246717215">
        <ele>7.8</ele>
      </trkpt>
      <trkpt lat="25.0215557590127" lon="121.44725591875613">
        <ele>7.2</ele>
      </trkpt>
      <trkpt lat="25.021464228630066" lon="121.44705165177584">
        <ele>6.8</ele>
      </trkpt>
      <trkpt lat="25.02143070101738" lon="121.44701762124896">
        <ele>6.8</ele>
      </trkpt>
      <trkpt lat="25.020256312564015" lon="121.44608085975051">
        <ele>7</ele>
      </trkpt>
      <trkpt lat="25.020150281488895" lon="121.44591037184">
        <ele>5.8</ele>
      </trkpt>
      <trkpt lat="25.02016662620008" lon="121.44571096636355">
        <ele>5</ele>
      </trkpt>
      <trkpt lat="25.02011088654399" lon="121.44556637853384">
        <ele>4.6</ele>
      </trkpt>
      <trkpt lat="25.02001172862947" lon="121.44546244293451">
        <ele>4.2</ele>
      </trkpt>
      <trkpt lat="25.01978541724384" lon="121.44531668163836">
        <ele>4.2</ele>
      </trkpt>
      <trkpt lat="25.01852486282587" lon="121.44462106749415">
        <ele>6</ele>
      </trkpt>
      <trkpt lat="25.017719445750117" lon="121.44424312748015">
        <ele>5.8</ele>
      </trkpt>
      <trkpt lat="25.01290563493967" lon="121.44216575659811">
        <ele>2</ele>
      </trkpt>
      <trkpt lat="25.0121046602726" lon="121.44185529090464">
        <ele>2.6</ele>
      </trkpt>
      <trkpt lat="25.011609876528382" lon="121.44168932922184">
        <ele>3</ele>
      </trkpt>
      <trkpt lat="25.010826839134097" lon="121.44143301062286">
        <ele>3.4</ele>
      </trkpt>
      <trkpt lat="25.010433057323098" lon="121.44133477471769">
        <ele>3</ele>
      </trkpt>
      <trkpt lat="25.01008721999824" lon="121.44128004088998">
        <ele>3.8</ele>
      </trkpt>
      <trkpt lat="25.009873313829303" lon="121.4411870855838">
        <ele>4</ele>
      </trkpt>
      <trkpt lat="25.00905909575522" lon="121.44101408310235">
        <ele>4.8</ele>
      </trkpt>
      <trkpt lat="25.00784724019468" lon="121.4407985843718">
        <ele>4.4</ele>
      </trkpt>
      <trkpt lat="25.005426965653896" lon="121.4405377395451">
        <ele>5.2</ele>
      </trkpt>
      <trkpt lat="25.003367699682713" lon="121.44030237570405">
        <ele>5.2</ele>
      </trkpt>
      <trkpt lat="25.001035602763295" lon="121.44014831632376">
        <ele>4.6</ele>
      </trkpt>
      <trkpt lat="24.99965359456837" lon="121.44010372459888">
        <ele>6</ele>
      </trkpt>
      <trkpt lat="24.998959489166737" lon="121.44011797383428">
        <ele>6.4</ele>
      </trkpt>
      <trkpt lat="24.998625721782446" lon="121.44004689529538">
        <ele>8</ele>
      </trkpt>
      <trkpt lat="24.998284997418523" lon="121.44004002213478">
        <ele>7.6</ele>
      </trkpt>
      <trkpt lat="24.99778308905661" lon="121.43992410041392">
        <ele>7.6</ele>
      </trkpt>
      <trkpt lat="24.997345469892025" lon="121.43986911512911">
        <ele>9.6</ele>
      </trkpt>
      <trkpt lat="24.996684808284044" lon="121.43972410820425">
        <ele>7</ele>
      </trkpt>
      <trkpt lat="24.996363781392574" lon="121.43960600718856">
        <ele>7.2</ele>
      </trkpt>
      <trkpt lat="24.995990032330155" lon="121.43942051567137">
        <ele>6</ele>
      </trkpt>
      <trkpt lat="24.99569113366306" lon="121.439324375242">
        <ele>5.8</ele>
      </trkpt>
      <trkpt lat="24.995544366538525" lon="121.43934256397188">
        <ele>5</ele>
      </trkpt>
      <trkpt lat="24.99521629884839" lon="121.43944079987705">
        <ele>7.2</ele>
      </trkpt>
      <trkpt lat="24.99489376321435" lon="121.43947047181427">
        <ele>7.8</ele>
      </trkpt>
      <trkpt lat="24.994786893948913" lon="121.43950944766402">
        <ele>7.6</ele>
      </trkpt>
      <trkpt lat="24.994706930592656" lon="121.43959594890475">
        <ele>7.2</ele>
      </trkpt>
      <trkpt lat="24.994498640298843" lon="121.44004010595381">
        <ele>7</ele>
      </trkpt>
      <trkpt lat="24.99440669082105" lon="121.44011076539755">
        <ele>7</ele>
      </trkpt>
      <trkpt lat="24.99435229226947" lon="121.44012534990907">
        <ele>7.6</ele>
      </trkpt>
      <trkpt lat="24.993953900411725" lon="121.44007028080523">
        <ele>8</ele>
      </trkpt>
      <trkpt lat="24.99191265553236" lon="121.43996735103428">
        <ele>7.6</ele>
      </trkpt>
      <trkpt lat="24.98991508036852" lon="121.4397681131959">
        <ele>7</ele>
      </trkpt>
      <trkpt lat="24.988396195694804" lon="121.43951791338623">
        <ele>6.2</ele>
      </trkpt>
      <trkpt lat="24.987740144133568" lon="121.43938656896353">
        <ele>8</ele>
      </trkpt>
      <trkpt lat="24.986585788428783" lon="121.43912798725069">
        <ele>8.2</ele>
      </trkpt>
      <trkpt lat="24.98483380302787" lon="121.43866916187108">
        <ele>7.4</ele>
      </trkpt>
      <trkpt lat="24.983069160953164" lon="121.43824696540833">
        <ele>7.4</ele>
      </trkpt>
      <trkpt lat="24.982449570670724" lon="121.43816515803337">
        <ele>7.8</ele>
      </trkpt>
      <trkpt lat="24.982030307874084" lon="121.4380307123065">
        <ele>9.2</ele>
      </trkpt>
      <trkpt lat="24.981233021244407" lon="121.43771823495626">
        <ele>8.2</ele>
      </trkpt>
      <trkpt lat="24.980827337130904" lon="121.43746493384242">
        <ele>7.4</ele>
      </trkpt>
      <trkpt lat="24.980364236980677" lon="121.43727843649685">
        <ele>6.8</ele>
      </trkpt>
      <trkpt lat="24.978958507999778" lon="121.43655180931091">
        <ele>7</ele>
      </trkpt>
      <trkpt lat="24.978247052058578" lon="121.43612449988723">
        <ele>7.4</ele>
      </trkpt>
      <trkpt lat="24.97698850929737" lon="121.43529636785388">
        <ele>8.4</ele>
      </trkpt>
      <trkpt lat="24.976083347573876" lon="121.4347303379327">
        <ele>8.8</ele>
      </trkpt>
      <trkpt lat="24.975603483617306" lon="121.43437980674207">
        <ele>8.2</ele>
      </trkpt>
      <trkpt lat="24.97533928602934" lon="121.4341507293284">
        <ele>7.8</ele>
      </trkpt>
      <trkpt lat="24.97497819364071" lon="121.4337461348623">
        <ele>8.6</ele>
      </trkpt>
      <trkpt lat="24.974748278036714" lon="121.43339493311942">
        <ele>8.2</ele>
      </trkpt>
      <trkpt lat="24.974551387131214" lon="121.43314070999622">
        <ele>9</ele>
      </trkpt>
      <trkpt lat="24.9741290230304" lon="121.43282295204699">
        <ele>9.4</ele>
      </trkpt>
      <trkpt lat="24.97322168201208" lon="121.43222381360829">
        <ele>10.8</ele>
      </trkpt>
      <trkpt lat="24.97294600121677" lon="121.43197746947408">
        <ele>10.4</ele>
      </trkpt>
      <trkpt lat="24.97271784581244" lon="121.43164814449847">
        <ele>11</ele>
      </trkpt>
      <trkpt lat="24.972181571647525" lon="121.43096560612321">
        <ele>10.6</ele>
      </trkpt>
      <trkpt lat="24.971424099057913" lon="121.42987176775932">
        <ele>10.4</ele>
      </trkpt>
      <trkpt lat="24.970954209566116" lon="121.42924756743014">
        <ele>10.8</ele>
      </trkpt>
      <trkpt lat="24.969766242429614" lon="121.4274881221354">
        <ele>12.6</ele>
      </trkpt>
      <trkpt lat="24.968951772898436" lon="121.42620543949306">
        <ele>11.4</ele>
      </trkpt>
      <trkpt lat="24.968639630824327" lon="121.4257855899632">
        <ele>12.2</ele>
      </trkpt>
      <trkpt lat="24.968612557277083" lon="121.42572431825101">
        <ele>12.4</ele>
      </trkpt>
      <trkpt lat="24.96863284148276" lon="121.42567184753716">
        <ele>12.8</ele>
      </trkpt>
      <trkpt lat="24.968837779015303" lon="121.42553421668708">
        <ele>13.8</ele>
      </trkpt>
      <trkpt lat="24.968875078484416" lon="121.42544570378959">
        <ele>14.2</ele>
      </trkpt>
      <trkpt lat="24.968596380203962" lon="121.42468605190516">
        <ele>15.4</ele>
      </trkpt>
      <trkpt lat="24.96853661723435" lon="121.4245714712888">
        <ele>15.2</ele>
      </trkpt>
      <trkpt lat="24.968483224511147" lon="121.4245458226651">
        <ele>15.2</ele>
      </trkpt>
      <trkpt lat="24.968427317216992" lon="121.42456049099565">
        <ele>15</ele>
      </trkpt>
      <trkpt lat="24.968094555661082" lon="121.42480717040598">
        <ele>15</ele>
      </trkpt>
      <trkpt lat="24.968036385253072" lon="121.42478688620031">
        <ele>14.4</ele>
      </trkpt>
      <trkpt lat="24.968006294220686" lon="121.42473089508712">
        <ele>14</ele>
      </trkpt>
      <trkpt lat="24.96763413771987" lon="121.42372959293425">
        <ele>12.6</ele>
      </trkpt>
      <trkpt lat="24.967434480786324" lon="121.42308577895164">
        <ele>12.8</ele>
      </trkpt>
      <trkpt lat="24.967148741707206" lon="121.42231640405953">
        <ele>13</ele>
      </trkpt>
      <trkpt lat="24.96689678169787" lon="121.42150235362351">
        <ele>15.2</ele>
      </trkpt>
      <trkpt lat="24.96589799411595" lon="121.41868519596756">
        <ele>14.6</ele>
      </trkpt>
      <trkpt lat="24.96449268423021" lon="121.41462148167193">
        <ele>14.4</ele>
      </trkpt>
      <trkpt lat="24.964225301519036" lon="121.41404572874308">
        <ele>15.6</ele>
      </trkpt>
      <trkpt lat="24.964023465290666" lon="121.41371204517782">
        <ele>15.8</ele>
      </trkpt>
      <trkpt lat="24.96376672759652" lon="121.41335648484528">
        <ele>16</ele>
      </trkpt>
      <trkpt lat="24.963327180594206" lon="121.41284829005599">
        <ele>16.2</ele>
      </trkpt>
      <trkpt lat="24.96288428083062" lon="121.4124785643071">
        <ele>17.8</ele>
      </trkpt>
      <trkpt lat="24.9627766571939" lon="121.41235828399658">
        <ele>17</ele>
      </trkpt>
      <trkpt lat="24.962715972214937" lon="121.4122227486223">
        <ele>16.6</ele>
      </trkpt>
      <trkpt lat="24.962692838162184" lon="121.4121033065021">
        <ele>17</ele>
      </trkpt>
      <trkpt lat="24.96270482428372" lon="121.41199450939894">
        <ele>18</ele>
      </trkpt>
      <trkpt lat="24.962782943621278" lon="121.4117925055325">
        <ele>18.4</ele>
      </trkpt>
      <trkpt lat="24.962771711871028" lon="121.41174305230379">
        <ele>18.4</ele>
      </trkpt>
      <trkpt lat="24.96270440518856" lon="121.41165328212082">
        <ele>18.2</ele>
      </trkpt>
      <trkpt lat="24.962080623954535" lon="121.41131951473653">
        <ele>17.6</ele>
      </trkpt>
      <trkpt lat="24.961613165214658" lon="121.41115221194923">
        <ele>18.2</ele>
      </trkpt>
      <trkpt lat="24.96094479225576" lon="121.4109916985035">
        <ele>16</ele>
      </trkpt>
      <trkpt lat="24.96006133966148" lon="121.41091659665108">
        <ele>19</ele>
      </trkpt>
      <trkpt lat="24.959937371313572" lon="121.410998320207">
        <ele>19.2</ele>
      </trkpt>
      <trkpt lat="24.959764117375016" lon="121.41129604540765">
        <ele>19.6</ele>
      </trkpt>
      <trkpt lat="24.959662863984704" lon="121.41136377118528">
        <ele>19.2</ele>
      </trkpt>
      <trkpt lat="24.95923178270459" lon="121.41137768514454">
        <ele>19.2</ele>
      </trkpt>
      <trkpt lat="24.95877387933433" lon="121.41144406981766">
        <ele>19.2</ele>
      </trkpt>
      <trkpt lat="24.95788749307394" lon="121.41179569065571">
        <ele>18</ele>
      </trkpt>
      <trkpt lat="24.957395559176803" lon="121.41191370785236">
        <ele>18.2</ele>
      </trkpt>
      <trkpt lat="24.95703681372106" lon="121.4119500014931">
        <ele>19.2</ele>
      </trkpt>
      <trkpt lat="24.956595841795206" lon="121.41192619688809">
        <ele>18.8</ele>
      </trkpt>
      <trkpt lat="24.95616124011576" lon="121.41183734871447">
        <ele>17.8</ele>
      </trkpt>
      <trkpt lat="24.955892516300082" lon="121.41174456104636">
        <ele>18.6</ele>
      </trkpt>
      <trkpt lat="24.955160105600953" lon="121.41138229519129">
        <ele>18.2</ele>
      </trkpt>
      <trkpt lat="24.954909570515156" lon="121.41120837070048">
        <ele>18.4</ele>
      </trkpt>
      <trkpt lat="24.954776130616665" lon="121.4111447520554">
        <ele>18.4</ele>
      </trkpt>
      <trkpt lat="24.95325674302876" lon="121.41064938157797">
        <ele>18.8</ele>
      </trkpt>
      <trkpt lat="24.9528971593827" lon="121.41049272380769">
        <ele>19</ele>
      </trkpt>
      <trkpt lat="24.952703034505248" lon="121.4103558473289">
        <ele>19</ele>
      </trkpt>
      <trkpt lat="24.952520225197077" lon="121.41018913127482">
        <ele>19</ele>
      </trkpt>
      <trkpt lat="24.95238795876503" lon="121.40988629311323">
        <ele>18.2</ele>
      </trkpt>
      <trkpt lat="24.952336912974715" lon="121.40982233919203">
        <ele>18.2</ele>
      </trkpt>
      <trkpt lat="24.952272539958358" lon="121.40977405942976">
        <ele>18</ele>
      </trkpt>
      <trkpt lat="24.952050000429153" lon="121.40969325788319">
        <ele>18.4</ele>
      </trkpt>
      <trkpt lat="24.95200247503817" lon="121.4096377696842">
        <ele>18.6</ele>
      </trkpt>
      <trkpt lat="24.951929720118642" lon="121.40937206335366">
        <ele>19.8</ele>
      </trkpt>
      <trkpt lat="24.95173911564052" lon="121.40906117856503">
        <ele>21.2</ele>
      </trkpt>
      <trkpt lat="24.95162663049996" lon="121.40892346389592">
        <ele>21.8</ele>
      </trkpt>
      <trkpt lat="24.95112346485257" lon="121.40843865461648">
        <ele>22.6</ele>
      </trkpt>
      <trkpt lat="24.950874522328377" lon="121.40810036100447">
        <ele>22.2</ele>
      </trkpt>
      <trkpt lat="24.950711159035563" lon="121.40778318978846">
        <ele>21.8</ele>
      </trkpt>
      <trkpt lat="24.950461965054274" lon="121.40702873468399">
        <ele>20.2</ele>
      </trkpt>
      <trkpt lat="24.950095172971487" lon="121.40626212581992">
        <ele>21.2</ele>
      </trkpt>
      <trkpt lat="24.94937173090875" lon="121.40508606098592">
        <ele>23.6</ele>
      </trkpt>
      <trkpt lat="24.949127649888396" lon="121.40465280041099">
        <ele>22.4</ele>
      </trkpt>
      <trkpt lat="24.948877450078726" lon="121.40431802719831">
        <ele>22.2</ele>
      </trkpt>
      <trkpt lat="24.948692712932825" lon="121.4041736908257">
        <ele>22.6</ele>
      </trkpt>
      <trkpt lat="24.947216408327222" lon="121.4035539329052">
        <ele>25</ele>
      </trkpt>
      <trkpt lat="24.946922371163964" lon="121.40340523794293">
        <ele>25.8</ele>
      </trkpt>
      <trkpt lat="24.9467409029603" lon="121.40333751216531">
        <ele>25.6</ele>
      </trkpt>
      <trkpt lat="24.94640462100506" lon="121.40327003784478">
        <ele>26.2</ele>
      </trkpt>
      <trkpt lat="24.94627864100039" lon="121.40321748331189">
        <ele>26.2</ele>
      </trkpt>
      <trkpt lat="24.945919141173363" lon="121.40303266234696">
        <ele>26.4</ele>
      </trkpt>
      <trkpt lat="24.945621667429805" lon="121.40275111421943">
        <ele>25.6</ele>
      </trkpt>
      <trkpt lat="24.945547403767705" lon="121.402549110353">
        <ele>24.8</ele>
      </trkpt>
      <trkpt lat="24.94516703300178" lon="121.40215717256069">
        <ele>23.2</ele>
      </trkpt>
      <trkpt lat="24.94485329836607" lon="121.40174453146756">
        <ele>20.4</ele>
      </trkpt>
      <trkpt lat="24.94341228157282" lon="121.39948753640056">
        <ele>21.6</ele>
      </trkpt>
      <trkpt lat="24.942450542002916" lon="121.39776664786041">
        <ele>28.6</ele>
      </trkpt>
      <trkpt lat="24.94172659702599" lon="121.39640232548118">
        <ele>30.8</ele>
      </trkpt>
      <trkpt lat="24.941531801596284" lon="121.39595272019506">
        <ele>30.2</ele>
      </trkpt>
      <trkpt lat="24.941479079425335" lon="121.3958793785423">
        <ele>29.8</ele>
      </trkpt>
      <trkpt lat="24.941132990643382" lon="121.39558081515133">
        <ele>28.6</ele>
      </trkpt>
      <trkpt lat="24.940906427800655" lon="121.39547931030393">
        <ele>28.6</ele>
      </trkpt>
      <trkpt lat="24.940352719277143" lon="121.3950851932168">
        <ele>27.4</ele>
      </trkpt>
      <trkpt lat="24.94011702015996" lon="121.39499424956739">
        <ele>27.4</ele>
      </trkpt>
      <trkpt lat="24.940019622445107" lon="121.39491369947791">
        <ele>27.4</ele>
      </trkpt>
      <trkpt lat="24.93993278592825" lon="121.39476207084954">
        <ele>27.6</ele>
      </trkpt>
      <trkpt lat="24.939887104555964" lon="121.39472661539912">
        <ele>27.4</ele>
      </trkpt>
      <trkpt lat="24.9397090729326" lon="121.39470205642283">
        <ele>27.4</ele>
      </trkpt>
      <trkpt lat="24.9395864456892" lon="121.39472820796072">
        <ele>28.4</ele>
      </trkpt>
      <trkpt lat="24.939515702426434" lon="121.3947173114866">
        <ele>28.4</ele>
      </trkpt>
      <trkpt lat="24.93949600495398" lon="121.39474463649094">
        <ele>28</ele>
      </trkpt>
      <trkpt lat="24.93950480595231" lon="121.39477355405688">
        <ele>27.8</ele>
      </trkpt>
      <trkpt lat="24.939585104584694" lon="121.39483558014035">
        <ele>28.4</ele>
      </trkpt>
      <trkpt lat="24.939702954143286" lon="121.39513850212097">
        <ele>30.8</ele>
      </trkpt>
      <trkpt lat="24.939795909449458" lon="121.39525442384183">
        <ele>31.8</ele>
      </trkpt>
      <trkpt lat="24.939822563901544" lon="121.39532919041812">
        <ele>31.4</ele>
      </trkpt>
      <trkpt lat="24.93982767686248" lon="121.39547361060977">
        <ele>30.8</ele>
      </trkpt>
      <trkpt lat="24.939751736819744" lon="121.39554276131094">
        <ele>31.2</ele>
      </trkpt>
      <trkpt lat="24.93841557763517" lon="121.39548123814166">
        <ele>29.2</ele>
      </trkpt>
      <trkpt lat="24.937929259613156" lon="121.3954890333116">
        <ele>28.4</ele>
      </trkpt>
      <trkpt lat="24.937616111710668" lon="121.3955236505717">
        <ele>27.4</ele>
      </trkpt>
      <trkpt lat="24.936819160357118" lon="121.39582959003747">
        <ele>28.4</ele>
      </trkpt>
      <trkpt lat="24.93668253533542" lon="121.39585867524147">
        <ele>28</ele>
      </trkpt>
      <trkpt lat="24.93654079735279" lon="121.39584258198738">
        <ele>27.8</ele>
      </trkpt>
      <trkpt lat="24.93642395362258" lon="121.39575733803213">
        <ele>28.2</ele>
      </trkpt>
      <trkpt lat="24.936335859820247" lon="121.39562096446753">
        <ele>28.8</ele>
      </trkpt>
      <trkpt lat="24.93627634830773" lon="121.39546757563949">
        <ele>29.4</ele>
      </trkpt>
      <trkpt lat="24.93583118543029" lon="121.39347846619785">
        <ele>30.2</ele>
      </trkpt>
      <trkpt lat="24.935628259554505" lon="121.39267673715949">
        <ele>31.2</ele>
      </trkpt>
      <trkpt lat="24.935506051406264" lon="121.39205798506737">
        <ele>30</ele>
      </trkpt>
      <trkpt lat="24.935494987294078" lon="121.39175715856254">
        <ele>30.2</ele>
      </trkpt>
      <trkpt lat="24.93544922210276" lon="121.39135080389678">
        <ele>29.8</ele>
      </trkpt>
      <trkpt lat="24.935404462739825" lon="121.39113505370915">
        <ele>30.2</ele>
      </trkpt>
      <trkpt lat="24.935314105823636" lon="121.39085040427744">
        <ele>30.2</ele>
      </trkpt>
      <trkpt lat="24.935061978176236" lon="121.39024900272489">
        <ele>29.8</ele>
      </trkpt>
      <trkpt lat="24.9348324816674" lon="121.3897802028805">
        <ele>30</ele>
      </trkpt>
      <trkpt lat="24.933916004374623" lon="121.38768422417343">
        <ele>32.4</ele>
      </trkpt>
      <trkpt lat="24.93372087366879" lon="121.38729413039982">
        <ele>31</ele>
      </trkpt>
      <trkpt lat="24.93323815986514" lon="121.386583680287">
        <ele>31.6</ele>
      </trkpt>
      <trkpt lat="24.932796601206064" lon="121.38601974584162">
        <ele>34</ele>
      </trkpt>
      <trkpt lat="24.932602057233453" lon="121.38580759987235">
        <ele>34.2</ele>
      </trkpt>
      <trkpt lat="24.93186704814434" lon="121.38512740842998">
        <ele>32.2</ele>
      </trkpt>
      <trkpt lat="24.931650795042515" lon="121.38487880118191">
        <ele>32</ele>
      </trkpt>
      <trkpt lat="24.93125382810831" lon="121.38415519148111">
        <ele>32.8</ele>
      </trkpt>
      <trkpt lat="24.930924335494637" lon="121.38339252211154">
        <ele>33.6</ele>
      </trkpt>
      <trkpt lat="24.93066843599081" lon="121.38249339535832">
        <ele>34</ele>
      </trkpt>
      <trkpt lat="24.93034732528031" lon="121.38100150041282">
        <ele>34.2</ele>
      </trkpt>
      <trkpt lat="24.93032142519951" lon="121.38036665506661">
        <ele>34.2</ele>
      </trkpt>
      <trkpt lat="24.930356377735734" lon="121.37963759712875">
        <ele>34.2</ele>
      </trkpt>
      <trkpt lat="24.930450171232224" lon="121.37911389581859">
        <ele>34.4</ele>
      </trkpt>
      <trkpt lat="24.930546563118696" lon="121.3787108939141">
        <ele>34.8</ele>
      </trkpt>
      <trkpt lat="24.93059895001352" lon="121.37859212234616">
        <ele>35</ele>
      </trkpt>
      <trkpt lat="24.930343385785818" lon="121.37847544625401">
        <ele>34</ele>
      </trkpt>
      <trkpt lat="24.929972486570477" lon="121.37822600081563">
        <ele>33.6</ele>
      </trkpt>
      <trkpt lat="24.92973117157817" lon="121.37812122702599">
        <ele>34</ele>
      </trkpt>
      <trkpt lat="24.92935348302126" lon="121.37790405191481">
        <ele>35.4</ele>
      </trkpt>
      <trkpt lat="24.92908132262528" lon="121.37768754735589">
        <ele>35.4</ele>
      </trkpt>
      <trkpt lat="24.928972106426954" lon="121.3775279559195">
        <ele>35.8</ele>
      </trkpt>
      <trkpt lat="24.928568014875054" lon="121.3770823739469">
        <ele>34.6</ele>
      </trkpt>
      <trkpt lat="24.92827070876956" lon="121.37668549083173">
        <ele>35.8</ele>
      </trkpt>
      <trkpt lat="24.927066564559937" lon="121.37462882325053">
        <ele>39.8</ele>
      </trkpt>
      <trkpt lat="24.926915019750595" lon="121.37431517243385">
        <ele>37.6</ele>
      </trkpt>
      <trkpt lat="24.92681745439768" lon="121.37397210113704">
        <ele>40</ele>
      </trkpt>
      <trkpt lat="24.926744531840086" lon="121.37352098710835">
        <ele>38.4</ele>
      </trkpt>
      <trkpt lat="24.926743861287832" lon="121.37338595464826">
        <ele>38</ele>
      </trkpt>
      <trkpt lat="24.92679071612656" lon="121.37313726358116">
        <ele>38.2</ele>
      </trkpt>
      <trkpt lat="24.926806474104524" lon="121.37277709320188">
        <ele>38</ele>
      </trkpt>
      <trkpt lat="24.92686539888382" lon="121.37240761891007">
        <ele>37.8</ele>
      </trkpt>
      <trkpt lat="24.926915857940912" lon="121.37219815514982">
        <ele>38</ele>
      </trkpt>
      <trkpt lat="24.926981991156936" lon="121.37202615849674">
        <ele>38.6</ele>
      </trkpt>
      <trkpt lat="24.927069079130888" lon="121.37190755456686">
        <ele>40.4</ele>
      </trkpt>
      <trkpt lat="24.92706086486578" lon="121.37186648324132">
        <ele>41</ele>
      </trkpt>
      <trkpt lat="24.926110273227096" lon="121.37156096287072">
        <ele>38.6</ele>
      </trkpt>
      <trkpt lat="24.925293708220124" lon="121.3714150339365">
        <ele>40.2</ele>
      </trkpt>
      <trkpt lat="24.924855334684253" lon="121.37128167785704">
        <ele>40.8</ele>
      </trkpt>
      <trkpt lat="24.92473505437374" lon="121.37126742862165">
        <ele>40.8</ele>
      </trkpt>
      <trkpt lat="24.924461133778095" lon="121.3711954280734">
        <ele>41.4</ele>
      </trkpt>
      <trkpt lat="24.923809356987476" lon="121.3710111938417">
        <ele>42.4</ele>
      </trkpt>
      <trkpt lat="24.923063786700368" lon="121.3708621636033">
        <ele>44.6</ele>
      </trkpt>
      <trkpt lat="24.921525539830327" lon="121.37045245617628">
        <ele>49.6</ele>
      </trkpt>
      <trkpt lat="24.92085389792919" lon="121.37029638513923">
        <ele>50.4</ele>
      </trkpt>
      <trkpt lat="24.92055776529014" lon="121.37017074041069">
        <ele>50.6</ele>
      </trkpt>
      <trkpt lat="24.920452991500497" lon="121.37008985504508">
        <ele>50.4</ele>
      </trkpt>
      <trkpt lat="24.920317204669118" lon="121.36993152089417">
        <ele>50.2</ele>
      </trkpt>
      <trkpt lat="24.920243779197335" lon="121.36981124058366">
        <ele>50.4</ele>
      </trkpt>
      <trkpt lat="24.920194912701845" lon="121.36966983787715">
        <ele>50.6</ele>
      </trkpt>
      <trkpt lat="24.92015853524208" lon="121.36943497695029">
        <ele>50.4</ele>
      </trkpt>
      <trkpt lat="24.92005099542439" lon="121.36809789575636">
        <ele>51.8</ele>
      </trkpt>
      <trkpt lat="24.920010594651103" lon="121.36787367984653">
        <ele>50.4</ele>
      </trkpt>
      <trkpt lat="24.919919734820724" lon="121.36760017834604">
        <ele>50.4</ele>
      </trkpt>
      <trkpt lat="24.919735081493855" lon="121.36733388528228">
        <ele>52.2</ele>
      </trkpt>
      <trkpt lat="24.919463843107224" lon="121.36705501936376">
        <ele>53.4</ele>
      </trkpt>
      <trkpt lat="24.919385388493538" lon="121.36700011789799">
        <ele>51</ele>
      </trkpt>
      <trkpt lat="24.9192785192281" lon="121.36686089448631">
        <ele>51.8</ele>
      </trkpt>
      <trkpt lat="24.91904206573963" lon="121.36673835106194">
        <ele>51.8</ele>
      </trkpt>
      <trkpt lat="24.918349888175726" lon="121.36655227281153">
        <ele>51.8</ele>
      </trkpt>
      <trkpt lat="24.91608342155814" lon="121.3660907652229">
        <ele>56.2</ele>
      </trkpt>
      <trkpt lat="24.91562308743596" lon="121.3660273142159">
        <ele>56.6</ele>
      </trkpt>
      <trkpt lat="24.914641650393605" lon="121.36596646159887">
        <ele>55.4</ele>
      </trkpt>
      <trkpt lat="24.9140081461519" lon="121.36589823290706">
        <ele>56</ele>
      </trkpt>
      <trkpt lat="24.913379587233067" lon="121.36587308719754">
        <ele>57.6</ele>
      </trkpt>
      <trkpt lat="24.911762718111277" lon="121.36588473804295">
        <ele>60.8</ele>
      </trkpt>
      <trkpt lat="24.911020919680595" lon="121.36592756956816">
        <ele>60.6</ele>
      </trkpt>
      <trkpt lat="24.910620851442218" lon="121.36597543023527">
        <ele>61.2</ele>
      </trkpt>
      <trkpt lat="24.91035078652203" lon="121.36595958843827">
        <ele>61.8</ele>
      </trkpt>
      <trkpt lat="24.910102179273963" lon="121.36586965061724">
        <ele>61.6</ele>
      </trkpt>
      <trkpt lat="24.909784086048603" lon="121.36568566784263">
        <ele>61.4</ele>
      </trkpt>
      <trkpt lat="24.90774393081665" lon="121.36477505788207">
        <ele>66.6</ele>
      </trkpt>
      <trkpt lat="24.907620968297124" lon="121.36470448225737">
        <ele>66.4</ele>
      </trkpt>
      <trkpt lat="24.90751770325005" lon="121.36460063047707">
        <ele>66</ele>
      </trkpt>
      <trkpt lat="24.90739155560732" lon="121.36432754807174">
        <ele>65.8</ele>
      </trkpt>
      <trkpt lat="24.907152419909835" lon="121.36358465999365">
        <ele>67</ele>
      </trkpt>
      <trkpt lat="24.906947314739227" lon="121.36306238360703">
        <ele>67.6</ele>
      </trkpt>
      <trkpt lat="24.906798116862774" lon="121.36254471726716">
        <ele>69.4</ele>
      </trkpt>
      <trkpt lat="24.90648865699768" lon="121.36165799573064">
        <ele>68.8</ele>
      </trkpt>
      <trkpt lat="24.90645102225244" lon="121.36138130910695">
        <ele>67.4</ele>
      </trkpt>
      <trkpt lat="24.906531488522887" lon="121.36082198470831">
        <ele>66.6</ele>
      </trkpt>
      <trkpt lat="24.90651397034526" lon="121.36071394197643">
        <ele>66.8</ele>
      </trkpt>
      <trkpt lat="24.90573621354997" lon="121.35868962854147">
        <ele>67.4</ele>
      </trkpt>
      <trkpt lat="24.90566144697368" lon="121.35830448009074">
        <ele>66.4</ele>
      </trkpt>
      <trkpt lat="24.905586512759328" lon="121.35807506740093">
        <ele>66.2</ele>
      </trkpt>
      <trkpt lat="24.905531024560332" lon="121.35797054506838">
        <ele>66.4</ele>
      </trkpt>
      <trkpt lat="24.90541661158204" lon="121.3578318245709">
        <ele>67</ele>
      </trkpt>
      <trkpt lat="24.904883103445172" lon="121.3574203569442">
        <ele>69.2</ele>
      </trkpt>
      <trkpt lat="24.9045536108315" lon="121.35711424984038">
        <ele>70.4</ele>
      </trkpt>
      <trkpt lat="24.903721874579787" lon="121.35612200014293">
        <ele>72.2</ele>
      </trkpt>
      <trkpt lat="24.903603941202164" lon="121.35594665072858">
        <ele>72.2</ele>
      </trkpt>
      <trkpt lat="24.90354459732771" lon="121.35580977424979">
        <ele>72.8</ele>
      </trkpt>
      <trkpt lat="24.90351341664791" lon="121.35559184476733">
        <ele>73.2</ele>
      </trkpt>
      <trkpt lat="24.90350503474474" lon="121.35508742183447">
        <ele>74.4</ele>
      </trkpt>
      <trkpt lat="24.903669906780124" lon="121.35430438444018">
        <ele>76.2</ele>
      </trkpt>
      <trkpt lat="24.903695723041892" lon="121.35400489903986">
        <ele>76.6</ele>
      </trkpt>
      <trkpt lat="24.903609473258257" lon="121.35218284092844">
        <ele>77</ele>
      </trkpt>
      <trkpt lat="24.903528336435556" lon="121.35167137719691">
        <ele>78.8</ele>
      </trkpt>
      <trkpt lat="24.903237484395504" lon="121.35051249526441">
        <ele>80.6</ele>
      </trkpt>
      <trkpt lat="24.9031634721905" lon="121.35027562268078">
        <ele>79.2</ele>
      </trkpt>
      <trkpt lat="24.902946297079325" lon="121.34978997521102">
        <ele>80</ele>
      </trkpt>
      <trkpt lat="24.902899023145437" lon="121.34960272349417">
        <ele>79.6</ele>
      </trkpt>
      <trkpt lat="24.90289525128901" lon="121.34950708597898">
        <ele>79</ele>
      </trkpt>
      <trkpt lat="24.902912685647607" lon="121.34941203519702">
        <ele>78.6</ele>
      </trkpt>
      <trkpt lat="24.90298569202423" lon="121.34924297221005">
        <ele>79.2</ele>
      </trkpt>
      <trkpt lat="24.903752971440554" lon="121.34789449162781">
        <ele>81.8</ele>
      </trkpt>
      <trkpt lat="24.903949443250895" lon="121.34763113223016">
        <ele>82</ele>
      </trkpt>
      <trkpt lat="24.9045467376709" lon="121.34700173512101">
        <ele>83.8</ele>
      </trkpt>
      <trkpt lat="24.904658552259207" lon="121.3468000665307">
        <ele>84</ele>
      </trkpt>
      <trkpt lat="24.904680009931326" lon="121.34664751589298">
        <ele>84.6</ele>
      </trkpt>
      <trkpt lat="24.90459032356739" lon="121.34628097526729">
        <ele>84.4</ele>
      </trkpt>
      <trkpt lat="24.903776105493307" lon="121.34414115920663">
        <ele>86.4</ele>
      </trkpt>
      <trkpt lat="24.90365356206894" lon="121.34394586086273">
        <ele>87.4</ele>
      </trkpt>
      <trkpt lat="24.903297498822212" lon="121.34356808848679">
        <ele>88.8</ele>
      </trkpt>
      <trkpt lat="24.903114773333073" lon="121.3433207385242">
        <ele>89.4</ele>
      </trkpt>
      <trkpt lat="24.903026930987835" lon="121.34309124201536">
        <ele>89.4</ele>
      </trkpt>
      <trkpt lat="24.902929784730077" lon="121.3425836339593">
        <ele>89</ele>
      </trkpt>
      <trkpt lat="24.902815790846944" lon="121.34233552962542">
        <ele>88</ele>
      </trkpt>
      <trkpt lat="24.901881460100412" lon="121.34117228910327">
        <ele>87.8</ele>
      </trkpt>
      <trkpt lat="24.901704853400588" lon="121.34098679758608">
        <ele>88.4</ele>
      </trkpt>
      <trkpt lat="24.901575688272715" lon="121.34089786559343">
        <ele>88.6</ele>
      </trkpt>
      <trkpt lat="24.90142296999693" lon="121.34085360914469">
        <ele>88.6</ele>
      </trkpt>
      <trkpt lat="24.900586707517505" lon="121.34085251949728">
        <ele>90.6</ele>
      </trkpt>
      <trkpt lat="24.90030901506543" lon="121.34082569740713">
        <ele>91.6</ele>
      </trkpt>
      <trkpt lat="24.900057893246412" lon="121.34072637185454">
        <ele>93.6</ele>
      </trkpt>
      <trkpt lat="24.89989352412522" lon="121.3405904173851">
        <ele>94.4</ele>
      </trkpt>
      <trkpt lat="24.899644078686833" lon="121.34027995169163">
        <ele>94.8</ele>
      </trkpt>
      <trkpt lat="24.899517009034753" lon="121.3400792889297">
        <ele>94.6</ele>
      </trkpt>
      <trkpt lat="24.8992451839149" lon="121.33951149880886">
        <ele>93.8</ele>
      </trkpt>
      <trkpt lat="24.89882784895599" lon="121.33858337067068">
        <ele>93</ele>
      </trkpt>
      <trkpt lat="24.898623330518603" lon="121.33832638151944">
        <ele>93</ele>
      </trkpt>
      <trkpt lat="24.89819459617138" lon="121.33794668130577">
        <ele>95.8</ele>
      </trkpt>
      <trkpt lat="24.898031735792756" lon="121.33774895220995">
        <ele>97.6</ele>
      </trkpt>
      <trkpt lat="24.897594870999455" lon="121.33711519651115">
        <ele>101.4</ele>
      </trkpt>
      <trkpt lat="24.897480960935354" lon="121.33699734695256">
        <ele>102.2</ele>
      </trkpt>
      <trkpt lat="24.89734685048461" lon="121.33690615184605">
        <ele>103.2</ele>
      </trkpt>
      <trkpt lat="24.897193629294634" lon="121.33685795590281">
        <ele>103.4</ele>
      </trkpt>
      <trkpt lat="24.896578984335065" lon="121.33688913658261">
        <ele>105.4</ele>
      </trkpt>
      <trkpt lat="24.896360719576478" lon="121.33686248213053">
        <ele>105.8</ele>
      </trkpt>
      <trkpt lat="24.89620733074844" lon="121.33681856095791">
        <ele>106.2</ele>
      </trkpt>
      <trkpt lat="24.895894937217236" lon="121.33664086461067">
        <ele>108</ele>
      </trkpt>
      <trkpt lat="24.895245423540473" lon="121.33612487465143">
        <ele>114</ele>
      </trkpt>
      <trkpt lat="24.89513830281794" lon="121.33601674810052">
        <ele>115.2</ele>
      </trkpt>
      <trkpt lat="24.894759859889746" lon="121.33551048114896">
        <ele>119.8</ele>
      </trkpt>
      <trkpt lat="24.894610662013292" lon="121.33536086417735">
        <ele>121.4</ele>
      </trkpt>
      <trkpt lat="24.894510246813297" lon="121.33529657498002">
        <ele>122</ele>
      </trkpt>
      <trkpt lat="24.89420346915722" lon="121.33517780341208">
        <ele>122.8</ele>
      </trkpt>
      <trkpt lat="24.89328774623573" lon="121.33499591611326">
        <ele>127.4</ele>
      </trkpt>
      <trkpt lat="24.893048023805022" lon="121.33497504517436">
        <ele>128.6</ele>
      </trkpt>
      <trkpt lat="24.89268676377833" lon="121.33500773459673">
        <ele>131.2</ele>
      </trkpt>
      <trkpt lat="24.89250110462308" lon="121.33500253781676">
        <ele>132.4</ele>
      </trkpt>
      <trkpt lat="24.89238627254963" lon="121.33495341986418">
        <ele>133.4</ele>
      </trkpt>
      <trkpt lat="24.892287282273173" lon="121.33487563580275">
        <ele>134.4</ele>
      </trkpt>
      <trkpt lat="24.892206396907568" lon="121.33461512625217">
        <ele>136.8</ele>
      </trkpt>
      <trkpt lat="24.89221134223044" lon="121.33448512293398">
        <ele>137.2</ele>
      </trkpt>
      <trkpt lat="24.892255598679185" lon="121.33435009047389">
        <ele>138</ele>
      </trkpt>
      <trkpt lat="24.892389876767993" lon="121.33420097641647">
        <ele>139.2</ele>
      </trkpt>
      <trkpt lat="24.892577631399035" lon="121.33414020761847">
        <ele>140.6</ele>
      </trkpt>
      <trkpt lat="24.893051628023386" lon="121.33410123176873">
        <ele>143.8</ele>
      </trkpt>
      <trkpt lat="24.893185906112194" lon="121.33404272608459">
        <ele>144.6</ele>
      </trkpt>
      <trkpt lat="24.893385646864772" lon="121.3338728249073">
        <ele>145.6</ele>
      </trkpt>
      <trkpt lat="24.893500227481127" lon="121.33369915187359">
        <ele>146.6</ele>
      </trkpt>
      <trkpt lat="24.89355554804206" lon="121.33355347439647">
        <ele>147</ele>
      </trkpt>
      <trkpt lat="24.893656047061086" lon="121.33305265568197">
        <ele>148.4</ele>
      </trkpt>
      <trkpt lat="24.893691334873438" lon="121.33298761211336">
        <ele>148.6</ele>
      </trkpt>
      <trkpt lat="24.89376568235457" lon="121.33292432874441">
        <ele>149</ele>
      </trkpt>
      <trkpt lat="24.893889231607318" lon="121.33289163932204">
        <ele>149.4</ele>
      </trkpt>
      <trkpt lat="24.894172372296453" lon="121.33287588134408">
        <ele>151</ele>
      </trkpt>
      <trkpt lat="24.894546456635" lon="121.33289767429233">
        <ele>153.2</ele>
      </trkpt>
      <trkpt lat="24.89566166885197" lon="121.33310386911035">
        <ele>161.4</ele>
      </trkpt>
      <trkpt lat="24.896025024354458" lon="121.33313823491335">
        <ele>161.8</ele>
      </trkpt>
      <trkpt lat="24.8961971886456" lon="121.33309481665492">
        <ele>161.2</ele>
      </trkpt>
      <trkpt lat="24.89633297547698" lon="121.33300286717713">
        <ele>160.8</ele>
      </trkpt>
      <trkpt lat="24.896443113684654" lon="121.3328576926142">
        <ele>160.4</ele>
      </trkpt>
      <trkpt lat="24.896486531943083" lon="121.33271276950836">
        <ele>160.2</ele>
      </trkpt>
      <trkpt lat="24.89649172872305" lon="121.332629872486">
        <ele>160</ele>
      </trkpt>
      <trkpt lat="24.89645853638649" lon="121.3324588816613">
        <ele>159</ele>
      </trkpt>
      <trkpt lat="24.896386116743088" lon="121.33230071514845">
        <ele>157.8</ele>
      </trkpt>
      <trkpt lat="24.89628603681922" lon="121.33214975707233">
        <ele>157.2</ele>
      </trkpt>
      <trkpt lat="24.89591865800321" lon="121.33170266635716">
        <ele>156.8</ele>
      </trkpt>
      <trkpt lat="24.894749969244003" lon="121.33040305227041">
        <ele>152.6</ele>
      </trkpt>
      <trkpt lat="24.893813207745552" lon="121.3294922746718">
        <ele>148.4</ele>
      </trkpt>
      <trkpt lat="24.892776366323233" lon="121.32864142768085">
        <ele>142.4</ele>
      </trkpt>
      <trkpt lat="24.89262138493359" lon="121.32846700027585">
        <ele>141.6</ele>
      </trkpt>
      <trkpt lat="24.892440168187022" lon="121.32814605720341">
        <ele>141.4</ele>
      </trkpt>
      <trkpt lat="24.89223623648286" lon="121.32761078886688">
        <ele>141.2</ele>
      </trkpt>
      <trkpt lat="24.892039094120264" lon="121.32702061906457">
        <ele>142.4</ele>
      </trkpt>
      <trkpt lat="24.891998525708914" lon="121.32671778090298">
        <ele>142.8</ele>
      </trkpt>
      <trkpt lat="24.89203490316868" lon="121.326421815902">
        <ele>143.2</ele>
      </trkpt>
      <trkpt lat="24.892116794362664" lon="121.32613959722221">
        <ele>143.2</ele>
      </trkpt>
      <trkpt lat="24.89241468720138" lon="121.32532412186265">
        <ele>141</ele>
      </trkpt>
      <trkpt lat="24.892520969733596" lon="121.32515396922827">
        <ele>140.4</ele>
      </trkpt>
      <trkpt lat="24.892746526747942" lon="121.32496043108404">
        <ele>139.4</ele>
      </trkpt>
      <trkpt lat="24.893450271338224" lon="121.32463403977454">
        <ele>137.4</ele>
      </trkpt>
      <trkpt lat="24.89375688135624" lon="121.32442323490977">
        <ele>135.8</ele>
      </trkpt>
      <trkpt lat="24.89396751858294" lon="121.32422097958624">
        <ele>134.6</ele>
      </trkpt>
      <trkpt lat="24.89437697455287" lon="121.3237538561225">
        <ele>131.6</ele>
      </trkpt>
      <trkpt lat="24.89454511553049" lon="121.3236225116998">
        <ele>130.8</ele>
      </trkpt>
      <trkpt lat="24.895003689453006" lon="121.32337021641433">
        <ele>127.2</ele>
      </trkpt>
      <trkpt lat="24.895382719114423" lon="121.32320249453187">
        <ele>125.6</ele>
      </trkpt>
      <trkpt lat="24.89556536078453" lon="121.32308959029615">
        <ele>124.8</ele>
      </trkpt>
      <trkpt lat="24.89564440213144" lon="121.32301348261535">
        <ele>124.4</ele>
      </trkpt>
      <trkpt lat="24.895764011889696" lon="121.32282530888915">
        <ele>123.2</ele>
      </trkpt>
      <trkpt lat="24.895842047408223" lon="121.32261643186212">
        <ele>122.4</ele>
      </trkpt>
      <trkpt lat="24.895884795114398" lon="121.32239364087582">
        <ele>121.8</ele>
      </trkpt>
      <trkpt lat="24.895935840904713" lon="121.32192584685981">
        <ele>120.6</ele>
      </trkpt>
      <trkpt lat="24.895941289141774" lon="121.32159769535065">
        <ele>120.4</ele>
      </trkpt>
      <trkpt lat="24.895924190059304" lon="121.32138890214264">
        <ele>120.8</ele>
      </trkpt>
      <trkpt lat="24.895863253623247" lon="121.32109209895134">
        <ele>122.2</ele>
      </trkpt>
      <trkpt lat="24.89571187645197" lon="121.32073000073433">
        <ele>122</ele>
      </trkpt>
      <trkpt lat="24.895331924781203" lon="121.3200716022402">
        <ele>122.2</ele>
      </trkpt>
      <trkpt lat="24.89511332474649" lon="121.31964580155909">
        <ele>120.8</ele>
      </trkpt>
      <trkpt lat="24.894986003637314" lon="121.3192916661501">
        <ele>120.6</ele>
      </trkpt>
      <trkpt lat="24.894963623955846" lon="121.31910902447999">
        <ele>121.2</ele>
      </trkpt>
      <trkpt lat="24.894967898726463" lon="121.31892629899085">
        <ele>121</ele>
      </trkpt>
      <trkpt lat="24.89508155733347" lon="121.31821534596384">
        <ele>121.2</ele>
      </trkpt>
      <trkpt lat="24.895035540685058" lon="121.31781083531678">
        <ele>121.2</ele>
      </trkpt>
      <trkpt lat="24.894947614520788" lon="121.31758024916053">
        <ele>121</ele>
      </trkpt>
      <trkpt lat="24.894867399707437" lon="121.31743557751179">
        <ele>120.6</ele>
      </trkpt>
      <trkpt lat="24.894428942352533" lon="121.31679008714855">
        <ele>120.2</ele>
      </trkpt>
      <trkpt lat="24.89435199648142" lon="121.31660208106041">
        <ele>119</ele>
      </trkpt>
      <trkpt lat="24.894315535202622" lon="121.31638959981501">
        <ele>117.4</ele>
      </trkpt>
      <trkpt lat="24.89433992654085" lon="121.31616446189582">
        <ele>116.4</ele>
      </trkpt>
      <trkpt lat="24.894433971494436" lon="121.31595550104976">
        <ele>115.2</ele>
      </trkpt>
      <trkpt lat="24.894560035318136" lon="121.31577068008482">
        <ele>114.2</ele>
      </trkpt>
      <trkpt lat="24.894844014197588" lon="121.31543456576765">
        <ele>112.8</ele>
      </trkpt>
      <trkpt lat="24.895063284784555" lon="121.31506056524813">
        <ele>111.8</ele>
      </trkpt>
      <trkpt lat="24.895336367189884" lon="121.31419999524951">
        <ele>113.2</ele>
      </trkpt>
      <trkpt lat="24.89536947570741" lon="121.31415917538106">
        <ele>111.2</ele>
      </trkpt>
      <trkpt lat="24.895610539242625" lon="121.31332500837743">
        <ele>112.8</ele>
      </trkpt>
      <trkpt lat="24.895638870075345" lon="121.31304170005023">
        <ele>113</ele>
      </trkpt>
      <trkpt lat="24.895629649981856" lon="121.31278982385993">
        <ele>113.4</ele>
      </trkpt>
      <trkpt lat="24.895522445440292" lon="121.312351282686">
        <ele>113.2</ele>
      </trkpt>
      <trkpt lat="24.89524969831109" lon="121.31156262941658">
        <ele>114.6</ele>
      </trkpt>
      <trkpt lat="24.89517241716385" lon="121.31139792501926">
        <ele>115.6</ele>
      </trkpt>
      <trkpt lat="24.894654247909784" lon="121.31052277050912">
        <ele>117.4</ele>
      </trkpt>
      <trkpt lat="24.894428020343184" lon="121.31002387963235">
        <ele>115.2</ele>
      </trkpt>
      <trkpt lat="24.894213192164898" lon="121.30937428213656">
        <ele>115.2</ele>
      </trkpt>
      <trkpt lat="24.894073382019997" lon="121.30875326693058">
        <ele>115.4</ele>
      </trkpt>
      <trkpt lat="24.89381262101233" lon="121.30792790092528">
        <ele>113.2</ele>
      </trkpt>
      <trkpt lat="24.89376618526876" lon="121.30766043439507">
        <ele>112.6</ele>
      </trkpt>
      <trkpt lat="24.893750846385956" lon="121.30738542415202">
        <ele>112</ele>
      </trkpt>
      <trkpt lat="24.893784541636705" lon="121.3068959210068">
        <ele>110.6</ele>
      </trkpt>
      <trkpt lat="24.893963411450386" lon="121.30551961250603">
        <ele>106.6</ele>
      </trkpt>
      <trkpt lat="24.89411168731749" lon="121.30492508411407">
        <ele>105.8</ele>
      </trkpt>
      <trkpt lat="24.894402120262384" lon="121.30403744056821">
        <ele>105.8</ele>
      </trkpt>
      <trkpt lat="24.894590210169554" lon="121.30369059741497">
        <ele>106.6</ele>
      </trkpt>
      <trkpt lat="24.894779725000262" lon="121.30347711034119">
        <ele>107</ele>
      </trkpt>
      <trkpt lat="24.894932275637984" lon="121.3033716659993">
        <ele>106.4</ele>
      </trkpt>
      <trkpt lat="24.89542404189706" lon="121.30315993912518">
        <ele>106.2</ele>
      </trkpt>
      <trkpt lat="24.895590003579855" lon="121.30306572653353">
        <ele>107.2</ele>
      </trkpt>
      <trkpt lat="24.89573886618018" lon="121.3029226474464">
        <ele>105.8</ele>
      </trkpt>
      <trkpt lat="24.895884208381176" lon="121.30266440100968">
        <ele>103.8</ele>
      </trkpt>
      <trkpt lat="24.896105071529746" lon="121.30194582045078">
        <ele>103.4</ele>
      </trkpt>
      <trkpt lat="24.896137425675988" lon="121.30169251933694">
        <ele>105.2</ele>
      </trkpt>
      <trkpt lat="24.896086296066642" lon="121.30134341306984">
        <ele>106.8</ele>
      </trkpt>
      <trkpt lat="24.896051343530416" lon="121.30126730538905">
        <ele>106.8</ele>
      </trkpt>
      <trkpt lat="24.89591178484261" lon="121.30108910612762">
        <ele>107.2</ele>
      </trkpt>
      <trkpt lat="24.895756719633937" lon="121.30097150802612">
        <ele>106.8</ele>
      </trkpt>
      <trkpt lat="24.895507274195552" lon="121.30092104896903">
        <ele>106.2</ele>
      </trkpt>
      <trkpt lat="24.895383389666677" lon="121.30085080862045">
        <ele>106.6</ele>
      </trkpt>
      <trkpt lat="24.894347302615643" lon="121.30065266042948">
        <ele>107</ele>
      </trkpt>
      <trkpt lat="24.893277771770954" lon="121.30039298906922">
        <ele>106.6</ele>
      </trkpt>
      <trkpt lat="24.89254075102508" lon="121.30025736987591">
        <ele>108.4</ele>
      </trkpt>
      <trkpt lat="24.89113250747323" lon="121.30005276761949">
        <ele>109</ele>
      </trkpt>
      <trkpt lat="24.889829540625215" lon="121.29982352256775">
        <ele>112</ele>
      </trkpt>
      <trkpt lat="24.889057651162148" lon="121.29971623420715">
        <ele>112.6</ele>
      </trkpt>
      <trkpt lat="24.888940807431936" lon="121.29968446679413">
        <ele>112.6</ele>
      </trkpt>
      <trkpt lat="24.888826897367835" lon="121.29961749538779">
        <ele>112.2</ele>
      </trkpt>
      <trkpt lat="24.888743916526437" lon="121.29950442351401">
        <ele>111.6</ele>
      </trkpt>
      <trkpt lat="24.888688176870346" lon="121.29935564473271">
        <ele>110.8</ele>
      </trkpt>
      <trkpt lat="24.888548031449318" lon="121.29795125685632">
        <ele>111</ele>
      </trkpt>
      <trkpt lat="24.88849832676351" lon="121.29770139232278">
        <ele>112.2</ele>
      </trkpt>
      <trkpt lat="24.88845130428672" lon="121.29758840426803">
        <ele>112.4</ele>
      </trkpt>
      <trkpt lat="24.888301519677043" lon="121.29738790914416">
        <ele>113</ele>
      </trkpt>
      <trkpt lat="24.887916538864374" lon="121.29702120088041">
        <ele>113.2</ele>
      </trkpt>
      <trkpt lat="24.887388898059726" lon="121.29640638828278">
        <ele>115.2</ele>
      </trkpt>
      <trkpt lat="24.88630243577063" lon="121.29498397931457">
        <ele>116</ele>
      </trkpt>
      <trkpt lat="24.885961040854454" lon="121.29439448006451">
        <ele>116.6</ele>
      </trkpt>
      <trkpt lat="24.885418228805065" lon="121.29284592345357">
        <ele>118.6</ele>
      </trkpt>
      <trkpt lat="24.88517079502344" lon="121.2922590225935">
        <ele>119.2</ele>
      </trkpt>
      <trkpt lat="24.884969796985388" lon="121.29163490608335">
        <ele>119.4</ele>
      </trkpt>
      <trkpt lat="24.88449496217072" lon="121.29035750404">
        <ele>119.2</ele>
      </trkpt>
      <trkpt lat="24.88442019559443" lon="121.29004980437458">
        <ele>119.6</ele>
      </trkpt>
      <trkpt lat="24.884408712387085" lon="121.28989004530013">
        <ele>119.4</ele>
      </trkpt>
      <trkpt lat="24.88448473624885" lon="121.28945267759264">
        <ele>115.8</ele>
      </trkpt>
      <trkpt lat="24.884436959400773" lon="121.28939769230783">
        <ele>116.2</ele>
      </trkpt>
      <trkpt lat="24.88437082618475" lon="121.28937908448279">
        <ele>116.6</ele>
      </trkpt>
      <trkpt lat="24.884300250560045" lon="121.28928939811885">
        <ele>115.2</ele>
      </trkpt>
      <trkpt lat="24.883683929219842" lon="121.28920348361135">
        <ele>118.4</ele>
      </trkpt>
      <trkpt lat="24.883237006142735" lon="121.28916962072253">
        <ele>119</ele>
      </trkpt>
      <trkpt lat="24.882423290982842" lon="121.28902117721736">
        <ele>120.4</ele>
      </trkpt>
      <trkpt lat="24.881875533610582" lon="121.2889573071152">
        <ele>122.4</ele>
      </trkpt>
      <trkpt lat="24.88100716844201" lon="121.28879972733557">
        <ele>122.2</ele>
      </trkpt>
      <trkpt lat="24.880922762677073" lon="121.28870685584843">
        <ele>120.4</ele>
      </trkpt>
      <trkpt lat="24.88043300807476" lon="121.28870048560202">
        <ele>121.6</ele>
      </trkpt>
      <trkpt lat="24.880099492147565" lon="121.2886050157249">
        <ele>121.4</ele>
      </trkpt>
      <trkpt lat="24.879505718126893" lon="121.28854466602206">
        <ele>122.6</ele>
      </trkpt>
      <trkpt lat="24.878992326557636" lon="121.28843712620437">
        <ele>123.4</ele>
      </trkpt>
      <trkpt lat="24.878536770120263" lon="121.28824803046882">
        <ele>123.8</ele>
      </trkpt>
      <trkpt lat="24.877924975007772" lon="121.28787863999605">
        <ele>125.8</ele>
      </trkpt>
      <trkpt lat="24.877086533233523" lon="121.28750908188522">
        <ele>124.6</ele>
      </trkpt>
      <trkpt lat="24.87663541920483" lon="121.2872923258692">
        <ele>125</ele>
      </trkpt>
      <trkpt lat="24.87634079530835" lon="121.28710607998073">
        <ele>125.8</ele>
      </trkpt>
      <trkpt lat="24.87591658718884" lon="121.28669377416372">
        <ele>127.4</ele>
      </trkpt>
      <trkpt lat="24.87581248395145" lon="121.28663652576506">
        <ele>127.6</ele>
      </trkpt>
      <trkpt lat="24.875021316111088" lon="121.28653761930764">
        <ele>127.4</ele>
      </trkpt>
      <trkpt lat="24.873935021460056" lon="121.2863580789417">
        <ele>129.4</ele>
      </trkpt>
      <trkpt lat="24.873279221355915" lon="121.28621759824455">
        <ele>130.2</ele>
      </trkpt>
      <trkpt lat="24.870998421683908" lon="121.28565542399883">
        <ele>130.6</ele>
      </trkpt>
      <trkpt lat="24.870672533288598" lon="121.28553338348866">
        <ele>131.6</ele>
      </trkpt>
      <trkpt lat="24.86862575635314" lon="121.28463350236416">
        <ele>134</ele>
      </trkpt>
      <trkpt lat="24.867722103372216" lon="121.2842065282166">
        <ele>133.4</ele>
      </trkpt>
      <trkpt lat="24.867472238838673" lon="121.28416419960558">
        <ele>133.2</ele>
      </trkpt>
      <trkpt lat="24.86628720536828" lon="121.28412941470742">
        <ele>137.4</ele>
      </trkpt>
      <trkpt lat="24.865641882643104" lon="121.28402807749808">
        <ele>136</ele>
      </trkpt>
      <trkpt lat="24.865172747522593" lon="121.28390369005501">
        <ele>137.8</ele>
      </trkpt>
      <trkpt lat="24.8626787122339" lon="121.28316197544336">
        <ele>139</ele>
      </trkpt>
      <trkpt lat="24.862310327589512" lon="121.28301252610981">
        <ele>136.6</ele>
      </trkpt>
      <trkpt lat="24.86135445535183" lon="121.28245085477829">
        <ele>136.6</ele>
      </trkpt>
      <trkpt lat="24.860998475924134" lon="121.28229796886444">
        <ele>137</ele>
      </trkpt>
      <trkpt lat="24.8608517087996" lon="121.28227726556361">
        <ele>137.6</ele>
      </trkpt>
      <trkpt lat="24.860633108764887" lon="121.28230601549149">
        <ele>138.4</ele>
      </trkpt>
      <trkpt lat="24.86001318320632" lon="121.28249863162637">
        <ele>139.4</ele>
      </trkpt>
      <trkpt lat="24.859431479126215" lon="121.28269325941801">
        <ele>139.4</ele>
      </trkpt>
      <trkpt lat="24.858924373984337" lon="121.2828787509352">
        <ele>140.8</ele>
      </trkpt>
      <trkpt lat="24.858022397384048" lon="121.28302149474621">
        <ele>141</ele>
      </trkpt>
      <trkpt lat="24.85762375406921" lon="121.282999785617">
        <ele>141</ele>
      </trkpt>
      <trkpt lat="24.856282733380795" lon="121.28277758136392">
        <ele>141.6</ele>
      </trkpt>
      <trkpt lat="24.855904122814536" lon="121.28273357637227">
        <ele>142.4</ele>
      </trkpt>
      <trkpt lat="24.855558117851615" lon="121.28267096355557">
        <ele>142.8</ele>
      </trkpt>
      <trkpt lat="24.855283023789525" lon="121.28258454613388">
        <ele>142.8</ele>
      </trkpt>
      <trkpt lat="24.854760663583875" lon="121.28232143819332">
        <ele>143.2</ele>
      </trkpt>
      <trkpt lat="24.854456903412938" lon="121.28211398608983">
        <ele>143.8</ele>
      </trkpt>
      <trkpt lat="24.854238471016288" lon="121.28190351650119">
        <ele>143.6</ele>
      </trkpt>
      <trkpt lat="24.853970082476735" lon="121.28153731115162">
        <ele>143.8</ele>
      </trkpt>
      <trkpt lat="24.85372055321932" lon="121.2810567766428">
        <ele>144.8</ele>
      </trkpt>
      <trkpt lat="24.85272428020835" lon="121.27830248326063">
        <ele>145.2</ele>
      </trkpt>
      <trkpt lat="24.852534933015704" lon="121.2778879981488">
        <ele>145.8</ele>
      </trkpt>
      <trkpt lat="24.852260844781995" lon="121.27754031680524">
        <ele>145.8</ele>
      </trkpt>
      <trkpt lat="24.85033937729895" lon="121.27574382349849">
        <ele>147.4</ele>
      </trkpt>
      <trkpt lat="24.84902341850102" lon="121.27490043640137">
        <ele>149.4</ele>
      </trkpt>
      <trkpt lat="24.847280234098434" lon="121.27352605573833">
        <ele>150.8</ele>
      </trkpt>
      <trkpt lat="24.84624272212386" lon="121.27272818237543">
        <ele>151.4</ele>
      </trkpt>
      <trkpt lat="24.84599486924708" lon="121.27258895896375">
        <ele>152</ele>
      </trkpt>
      <trkpt lat="24.845798397436738" lon="121.27254084683955">
        <ele>152.4</ele>
      </trkpt>
      <trkpt lat="24.84518576413393" lon="121.27246398478746">
        <ele>152.6</ele>
      </trkpt>
      <trkpt lat="24.842770602554083" lon="121.27222442999482">
        <ele>154.2</ele>
      </trkpt>
      <trkpt lat="24.842248829081655" lon="121.27219073474407">
        <ele>155.4</ele>
      </trkpt>
      <trkpt lat="24.841778436675668" lon="121.27220188267529">
        <ele>155.6</ele>
      </trkpt>
      <trkpt lat="24.840672612190247" lon="121.27230439335108">
        <ele>157</ele>
      </trkpt>
      <trkpt lat="24.839342487975955" lon="121.27215309999883">
        <ele>158.6</ele>
      </trkpt>
      <trkpt lat="24.838173631578684" lon="121.27223582938313">
        <ele>158.4</ele>
      </trkpt>
      <trkpt lat="24.837805246934295" lon="121.27221998758614">
        <ele>158.4</ele>
      </trkpt>
      <trkpt lat="24.8373387940228" lon="121.2721461430192">
        <ele>158</ele>
      </trkpt>
      <trkpt lat="24.836870916187763" lon="121.27203508280218">
        <ele>153.8</ele>
      </trkpt>
      <trkpt lat="24.83634897507727" lon="121.27187356352806">
        <ele>152.6</ele>
      </trkpt>
      <trkpt lat="24.835778418928385" lon="121.27165211364627">
        <ele>147.8</ele>
      </trkpt>
      <trkpt lat="24.83552704565227" lon="121.27160165458918">
        <ele>146.2</ele>
      </trkpt>
      <trkpt lat="24.83422039076686" lon="121.27160341478884">
        <ele>142</ele>
      </trkpt>
      <trkpt lat="24.83383633196354" lon="121.27158975228667">
        <ele>140.8</ele>
      </trkpt>
      <trkpt lat="24.83333014883101" lon="121.2715364433825">
        <ele>139.6</ele>
      </trkpt>
      <trkpt lat="24.832830419763923" lon="121.27152361907065">
        <ele>138.6</ele>
      </trkpt>
      <trkpt lat="24.832585752010345" lon="121.27148866653442">
        <ele>137.4</ele>
      </trkpt>
      <trkpt lat="24.83178318478167" lon="121.27124140039086">
        <ele>136.2</ele>
      </trkpt>
      <trkpt lat="24.831465343013406" lon="121.27111843787134">
        <ele>136.8</ele>
      </trkpt>
      <trkpt lat="24.831265937536955" lon="121.27101425081491">
        <ele>137</ele>
      </trkpt>
      <trkpt lat="24.831084553152323" lon="121.27087703906">
        <ele>137</ele>
      </trkpt>
      <trkpt lat="24.830928649753332" lon="121.27071501687169">
        <ele>137</ele>
      </trkpt>
      <trkpt lat="24.83024938032031" lon="121.26992158591747">
        <ele>136.8</ele>
      </trkpt>
      <trkpt lat="24.8297680914402" lon="121.26941900700331">
        <ele>136.4</ele>
      </trkpt>
      <trkpt lat="24.829493835568428" lon="121.2690875865519">
        <ele>137.8</ele>
      </trkpt>
      <trkpt lat="24.829198038205504" lon="121.26867226324975">
        <ele>136.8</ele>
      </trkpt>
      <trkpt lat="24.82894180342555" lon="121.268379567191">
        <ele>136</ele>
      </trkpt>
      <trkpt lat="24.828209560364485" lon="121.2676559574902">
        <ele>135.8</ele>
      </trkpt>
      <trkpt lat="24.827596424147487" lon="121.2668083794415">
        <ele>137.6</ele>
      </trkpt>
      <trkpt lat="24.82687692157924" lon="121.26608309336007">
        <ele>137</ele>
      </trkpt>
      <trkpt lat="24.826633259654045" lon="121.26579936593771">
        <ele>136.6</ele>
      </trkpt>
      <trkpt lat="24.826122047379613" lon="121.26513484865427">
        <ele>135.6</ele>
      </trkpt>
      <trkpt lat="24.825761457905173" lon="121.26459178514779">
        <ele>135.8</ele>
      </trkpt>
      <trkpt lat="24.825067603960633" lon="121.26334304921329">
        <ele>136.8</ele>
      </trkpt>
      <trkpt lat="24.824326476082206" lon="121.26207017339766">
        <ele>137.2</ele>
      </trkpt>
      <trkpt lat="24.823772180825472" lon="121.26134539023042">
        <ele>138</ele>
      </trkpt>
      <trkpt lat="24.823515275493264" lon="121.26093400642276">
        <ele>138.4</ele>
      </trkpt>
      <trkpt lat="24.823208581656218" lon="121.26027460210025">
        <ele>139.4</ele>
      </trkpt>
      <trkpt lat="24.82287297025323" lon="121.25944613479078">
        <ele>141.2</ele>
      </trkpt>
      <trkpt lat="24.822657890617847" lon="121.2587786000222">
        <ele>140.2</ele>
      </trkpt>
      <trkpt lat="24.822532329708338" lon="121.25851071439683">
        <ele>139.8</ele>
      </trkpt>
      <trkpt lat="24.822216499596834" lon="121.25793102197349">
        <ele>141.2</ele>
      </trkpt>
      <trkpt lat="24.822023883461952" lon="121.25770219601691">
        <ele>140.4</ele>
      </trkpt>
      <trkpt lat="24.821620378643274" lon="121.25706944614649">
        <ele>141</ele>
      </trkpt>
      <trkpt lat="24.821407813578844" lon="121.25684187747538">
        <ele>142.6</ele>
      </trkpt>
      <trkpt lat="24.82129222713411" lon="121.25663786195219">
        <ele>143.4</ele>
      </trkpt>
      <trkpt lat="24.821215365082026" lon="121.25645002350211">
        <ele>144</ele>
      </trkpt>
      <trkpt lat="24.820920741185546" lon="121.25596169382334">
        <ele>145</ele>
      </trkpt>
      <trkpt lat="24.820877155289054" lon="121.25592959113419">
        <ele>145</ele>
      </trkpt>
      <trkpt lat="24.820703901350498" lon="121.25589899718761">
        <ele>145.6</ele>
      </trkpt>
      <trkpt lat="24.82059795409441" lon="121.25584166496992">
        <ele>147</ele>
      </trkpt>
      <trkpt lat="24.8203291464597" lon="121.25551594421268">
        <ele>150.8</ele>
      </trkpt>
      <trkpt lat="24.819827238097787" lon="121.25517857261002">
        <ele>156.2</ele>
      </trkpt>
      <trkpt lat="24.81943739578128" lon="121.25504395924509">
        <ele>160</ele>
      </trkpt>
      <trkpt lat="24.819222232326865" lon="121.25491881743073">
        <ele>162.8</ele>
      </trkpt>
      <trkpt lat="24.819029364734888" lon="121.25476601533592">
        <ele>165.6</ele>
      </trkpt>
      <trkpt lat="24.81871579773724" lon="121.25440467149019">
        <ele>170</ele>
      </trkpt>
      <trkpt lat="24.818127555772662" lon="121.2538481131196">
        <ele>176.6</ele>
      </trkpt>
      <trkpt lat="24.817920438945293" lon="121.25369053333998">
        <ele>178.6</ele>
      </trkpt>
      <trkpt lat="24.81757191941142" lon="121.25350068323314">
        <ele>182.2</ele>
      </trkpt>
      <trkpt lat="24.817440826445818" lon="121.25346899963915">
        <ele>184</ele>
      </trkpt>
      <trkpt lat="24.817129522562027" lon="121.25333413481712">
        <ele>188</ele>
      </trkpt>
      <trkpt lat="24.816966243088245" lon="121.25321058556437">
        <ele>189.4</ele>
      </trkpt>
      <trkpt lat="24.816406667232513" lon="121.25287514179945">
        <ele>192.2</ele>
      </trkpt>
      <trkpt lat="24.81620474718511" lon="121.25271915458143">
        <ele>193</ele>
      </trkpt>
      <trkpt lat="24.815704012289643" lon="121.25218170695007">
        <ele>196.4</ele>
      </trkpt>
      <trkpt lat="24.815254993736744" lon="121.25172665342689">
        <ele>201</ele>
      </trkpt>
      <trkpt lat="24.814957352355123" lon="121.2512681633234">
        <ele>207</ele>
      </trkpt>
      <trkpt lat="24.81481117196381" lon="121.25113489106297">
        <ele>209.4</ele>
      </trkpt>
      <trkpt lat="24.8147133551538" lon="121.25101041980088">
        <ele>211.4</ele>
      </trkpt>
      <trkpt lat="24.814484529197216" lon="121.25054857693613">
        <ele>217</ele>
      </trkpt>
      <trkpt lat="24.81434597633779" lon="121.2500350177288">
        <ele>221.6</ele>
      </trkpt>
      <trkpt lat="24.81422276236117" lon="121.2499319203198">
        <ele>223.2</ele>
      </trkpt>
      <trkpt lat="24.813991505652666" lon="121.2495566625148">
        <ele>226</ele>
      </trkpt>
      <trkpt lat="24.81348792091012" lon="121.24906380660832">
        <ele>233.2</ele>
      </trkpt>
      <trkpt lat="24.813409633934498" lon="121.24891008250415">
        <ele>235.6</ele>
      </trkpt>
      <trkpt lat="24.81328222900629" lon="121.24841127544641">
        <ele>241.6</ele>
      </trkpt>
      <trkpt lat="24.813073184341192" lon="121.24801757745445">
        <ele>247.4</ele>
      </trkpt>
      <trkpt lat="24.81288006529212" lon="121.24776058830321">
        <ele>250.4</ele>
      </trkpt>
      <trkpt lat="24.81253649108112" lon="121.24755783006549">
        <ele>252.2</ele>
      </trkpt>
      <trkpt lat="24.812154360115528" lon="121.24736806377769">
        <ele>252.2</ele>
      </trkpt>
      <trkpt lat="24.811989488080144" lon="121.2472462747246">
        <ele>252.4</ele>
      </trkpt>
      <trkpt lat="24.811819503083825" lon="121.24715566635132">
        <ele>252.4</ele>
      </trkpt>
      <trkpt lat="24.811558993533254" lon="121.24714334495366">
        <ele>252.2</ele>
      </trkpt>
      <trkpt lat="24.81155974790454" lon="121.24731458723545">
        <ele>252</ele>
      </trkpt>
      <trkpt lat="24.81163023971021" lon="121.24740687198937">
        <ele>253</ele>
      </trkpt>
      <trkpt lat="24.811651781201363" lon="121.24750401824713">
        <ele>253.6</ele>
      </trkpt>
      <trkpt lat="24.811699390411377" lon="121.24759102240205">
        <ele>254.4</ele>
      </trkpt>
      <trkpt lat="24.811676172539592" lon="121.2475864123553">
        <ele>254.4</ele>
      </trkpt>
      <trkpt lat="24.811701821163297" lon="121.24778598546982">
        <ele>256.2</ele>
      </trkpt>
      <trkpt lat="24.811681704595685" lon="121.24795680865645">
        <ele>256.2</ele>
      </trkpt>
      <trkpt lat="24.811717495322227" lon="121.2483393587172">
        <ele>256.8</ele>
      </trkpt>
      <trkpt lat="24.81176409870386" lon="121.24854069203138">
        <ele>257.4</ele>
      </trkpt>
      <trkpt lat="24.81182067655027" lon="121.24863389879465">
        <ele>258.4</ele>
      </trkpt>
      <trkpt lat="24.811777006834745" lon="121.24875040724874">
        <ele>258.4</ele>
      </trkpt>
      <trkpt lat="24.81182511895895" lon="121.249123737216">
        <ele>262.4</ele>
      </trkpt>
      <trkpt lat="24.811776001006365" lon="121.24948164448142">
        <ele>264.8</ele>
      </trkpt>
      <trkpt lat="24.811808187514544" lon="121.24975028447807">
        <ele>266.8</ele>
      </trkpt>
      <trkpt lat="24.81188328936696" lon="121.24995823949575">
        <ele>268.2</ele>
      </trkpt>
      <trkpt lat="24.812086299061775" lon="121.2502480018884">
        <ele>271.2</ele>
      </trkpt>
      <trkpt lat="24.81223206035793" lon="121.25048604793847">
        <ele>273.2</ele>
      </trkpt>
      <trkpt lat="24.812279669567943" lon="121.25078628771007">
        <ele>275.4</ele>
      </trkpt>
      <trkpt lat="24.812260726466775" lon="121.25092567875981">
        <ele>276.8</ele>
      </trkpt>
      <trkpt lat="24.812473375350237" lon="121.25128492712975">
        <ele>279.2</ele>
      </trkpt>
      <trkpt lat="24.812501622363925" lon="121.25139908865094">
        <ele>280</ele>
      </trkpt>
      <trkpt lat="24.812554428353906" lon="121.2520559784025">
        <ele>284.2</ele>
      </trkpt>
      <trkpt lat="24.81262349523604" lon="121.25223736278713">
        <ele>285.2</ele>
      </trkpt>
      <trkpt lat="24.81276422739029" lon="121.25240131281316">
        <ele>286.2</ele>
      </trkpt>
      <trkpt lat="24.812810830771923" lon="121.25252092257142">
        <ele>287</ele>
      </trkpt>
      <trkpt lat="24.81285123154521" lon="121.25268889591098">
        <ele>288.4</ele>
      </trkpt>
      <trkpt lat="24.812896829098463" lon="121.25323212705553">
        <ele>291.6</ele>
      </trkpt>
      <trkpt lat="24.812997495755553" lon="121.25342910178006">
        <ele>293</ele>
      </trkpt>
      <trkpt lat="24.81304426677525" lon="121.25387962907553">
        <ele>295.6</ele>
      </trkpt>
      <trkpt lat="24.81325490400195" lon="121.25425656326115">
        <ele>298.8</ele>
      </trkpt>
      <trkpt lat="24.813291700556874" lon="121.25438002869487">
        <ele>299.8</ele>
      </trkpt>
      <trkpt lat="24.813294718042016" lon="121.25448823906481">
        <ele>300.6</ele>
      </trkpt>
      <trkpt lat="24.813257167115808" lon="121.2546560447663">
        <ele>302.2</ele>
      </trkpt>
      <trkpt lat="24.813282061368227" lon="121.2550762295723">
        <ele>304.8</ele>
      </trkpt>
      <trkpt lat="24.813259514048696" lon="121.25516138970852">
        <ele>305.2</ele>
      </trkpt>
      <trkpt lat="24.81315029785037" lon="121.2552834302187">
        <ele>306.6</ele>
      </trkpt>
      <trkpt lat="24.81302666477859" lon="121.25548048876226">
        <ele>309</ele>
      </trkpt>
      <trkpt lat="24.81291619129479" lon="121.25573839992285">
        <ele>311.6</ele>
      </trkpt>
      <trkpt lat="24.812863888219" lon="121.25599312596023">
        <ele>313.2</ele>
      </trkpt>
      <trkpt lat="24.812681833282113" lon="121.25658011063933">
        <ele>315.2</ele>
      </trkpt>
      <trkpt lat="24.812598936259747" lon="121.25710590742528">
        <ele>315.4</ele>
      </trkpt>
      <trkpt lat="24.812554931268096" lon="121.25774645246565">
        <ele>310</ele>
      </trkpt>
      <trkpt lat="24.81250480748713" lon="121.257903277874">
        <ele>308</ele>
      </trkpt>
      <trkpt lat="24.812392154708505" lon="121.25803898088634">
        <ele>306.2</ele>
      </trkpt>
      <trkpt lat="24.81231076642871" lon="121.25807275995612">
        <ele>305</ele>
      </trkpt>
      <trkpt lat="24.812224516645074" lon="121.25807317905128">
        <ele>304.4</ele>
      </trkpt>
      <trkpt lat="24.812147738412023" lon="121.25804090872407">
        <ele>304</ele>
      </trkpt>
      <trkpt lat="24.811632335186005" lon="121.25763120129704">
        <ele>302.6</ele>
      </trkpt>
      <trkpt lat="24.810833036899567" lon="121.2571947555989">
        <ele>308.4</ele>
      </trkpt>
      <trkpt lat="24.810740249231458" lon="121.25719282776117">
        <ele>309</ele>
      </trkpt>
      <trkpt lat="24.810632541775703" lon="121.25724378973246">
        <ele>309.8</ele>
      </trkpt>
      <trkpt lat="24.810442188754678" lon="121.25746104866266">
        <ele>310.6</ele>
      </trkpt>
      <trkpt lat="24.810340432450175" lon="121.2578099872917">
        <ele>310</ele>
      </trkpt>
      <trkpt lat="24.810274299234152" lon="121.25796597450972">
        <ele>309.6</ele>
      </trkpt>
      <trkpt lat="24.80995603837073" lon="121.25840468332171">
        <ele>308.4</ele>
      </trkpt>
      <trkpt lat="24.809709945693612" lon="121.2589115370065">
        <ele>305.4</ele>
      </trkpt>
      <trkpt lat="24.80969024822116" lon="121.25958778895438">
        <ele>306.6</ele>
      </trkpt>
      <trkpt lat="24.809717824682593" lon="121.2601235602051">
        <ele>310</ele>
      </trkpt>
      <trkpt lat="24.80968094430864" lon="121.26039949245751">
        <ele>313</ele>
      </trkpt>
      <trkpt lat="24.809553874656558" lon="121.2610009778291">
        <ele>316.6</ele>
      </trkpt>
      <trkpt lat="24.80955060571432" lon="121.26111094839871">
        <ele>316.8</ele>
      </trkpt>
      <trkpt lat="24.809579188004136" lon="121.26125738024712">
        <ele>317.4</ele>
      </trkpt>
      <trkpt lat="24.809620259329677" lon="121.26135746017098">
        <ele>318.4</ele>
      </trkpt>
      <trkpt lat="24.809695025905967" lon="121.2614238448441">
        <ele>318.6</ele>
      </trkpt>
      <trkpt lat="24.809826873242855" lon="121.26147422008216">
        <ele>319.2</ele>
      </trkpt>
      <trkpt lat="24.810100374743342" lon="121.26152660697699">
        <ele>321</ele>
      </trkpt>
      <trkpt lat="24.81049943715334" lon="121.26169600524008">
        <ele>324</ele>
      </trkpt>
      <trkpt lat="24.8108053766191" lon="121.2617367412895">
        <ele>325.6</ele>
      </trkpt>
      <trkpt lat="24.811111902818084" lon="121.26172349788249">
        <ele>326.6</ele>
      </trkpt>
      <trkpt lat="24.811678268015385" lon="121.26182617619634">
        <ele>329.6</ele>
      </trkpt>
      <trkpt lat="24.811816234141588" lon="121.26180639490485">
        <ele>329.8</ele>
      </trkpt>
      <trkpt lat="24.812033576890826" lon="121.26172953285277">
        <ele>328.8</ele>
      </trkpt>
      <trkpt lat="24.812269611284137" lon="121.26175459474325">
        <ele>328.6</ele>
      </trkpt>
      <trkpt lat="24.81236508116126" lon="121.26172006130219">
        <ele>328.6</ele>
      </trkpt>
      <trkpt lat="24.812781494110823" lon="121.26129191368818">
        <ele>326.6</ele>
      </trkpt>
      <trkpt lat="24.812851063907146" lon="121.26124405302107">
        <ele>326.2</ele>
      </trkpt>
      <trkpt lat="24.812931111082435" lon="121.26122485846281">
        <ele>325.6</ele>
      </trkpt>
      <trkpt lat="24.81317175552249" lon="121.26122636720538">
        <ele>324.4</ele>
      </trkpt>
      <trkpt lat="24.813616583123803" lon="121.26110675744712">
        <ele>324.8</ele>
      </trkpt>
      <trkpt lat="24.813780868425965" lon="121.26112486235797">
        <ele>324.2</ele>
      </trkpt>
      <trkpt lat="24.814108600839972" lon="121.26124019734561">
        <ele>321.8</ele>
      </trkpt>
      <trkpt lat="24.814325273036957" lon="121.26137590035796">
        <ele>322</ele>
      </trkpt>
      <trkpt lat="24.8146063182503" lon="121.26166448928416">
        <ele>328.2</ele>
      </trkpt>
      <trkpt lat="24.814976043999195" lon="121.26194612123072">
        <ele>329.4</ele>
      </trkpt>
      <trkpt lat="24.815612649545074" lon="121.26286980696023">
        <ele>329</ele>
      </trkpt>
      <trkpt lat="24.81577567756176" lon="121.26298950053751">
        <ele>328.8</ele>
      </trkpt>
      <trkpt lat="24.816085640341043" lon="121.26312520354986">
        <ele>329.2</ele>
      </trkpt>
      <trkpt lat="24.816428795456886" lon="121.2634651735425">
        <ele>331.6</ele>
      </trkpt>
      <trkpt lat="24.816750325262547" lon="121.26409331336617">
        <ele>333.6</ele>
      </trkpt>
      <trkpt lat="24.81709549203515" lon="121.26466764137149">
        <ele>337.4</ele>
      </trkpt>
      <trkpt lat="24.817418279126287" lon="121.26541002653539">
        <ele>345.6</ele>
      </trkpt>
      <trkpt lat="24.817534955218434" lon="121.26576055772603">
        <ele>347.6</ele>
      </trkpt>
      <trkpt lat="24.817630676552653" lon="121.26597907394171">
        <ele>347.4</ele>
      </trkpt>
      <trkpt lat="24.817695384845138" lon="121.26626162789762">
        <ele>345.4</ele>
      </trkpt>
      <trkpt lat="24.817692870274186" lon="121.26648215577006">
        <ele>343.2</ele>
      </trkpt>
      <trkpt lat="24.81755037792027" lon="121.26738228835166">
        <ele>333.8</ele>
      </trkpt>
      <trkpt lat="24.81754694133997" lon="121.26750558614731">
        <ele>332.6</ele>
      </trkpt>
      <trkpt lat="24.81757376343012" lon="121.26762310042977">
        <ele>330.2</ele>
      </trkpt>
      <trkpt lat="24.817621456459165" lon="121.26773969270289">
        <ele>329.2</ele>
      </trkpt>
      <trkpt lat="24.817837374284863" lon="121.26808997243643">
        <ele>325.2</ele>
      </trkpt>
      <trkpt lat="24.817888420075178" lon="121.26820832490921">
        <ele>325</ele>
      </trkpt>
      <trkpt lat="24.81804826296866" lon="121.26866857521236">
        <ele>327.2</ele>
      </trkpt>
      <trkpt lat="24.818221600726247" lon="121.2692588288337">
        <ele>334.6</ele>
      </trkpt>
      <trkpt lat="24.81838010251522" lon="121.26965822651982">
        <ele>335.6</ele>
      </trkpt>
      <trkpt lat="24.818606162443757" lon="121.2700773216784">
        <ele>334</ele>
      </trkpt>
      <trkpt lat="24.818667601794004" lon="121.27028577961028">
        <ele>333.2</ele>
      </trkpt>
      <trkpt lat="24.818617897108197" lon="121.27099388279021">
        <ele>335.2</ele>
      </trkpt>
      <trkpt lat="24.81857397593558" lon="121.2711117323488">
        <ele>335.8</ele>
      </trkpt>
      <trkpt lat="24.818443804979324" lon="121.27133527770638">
        <ele>337</ele>
      </trkpt>
      <trkpt lat="24.818345233798027" lon="121.27159645780921">
        <ele>338.6</ele>
      </trkpt>
      <trkpt lat="24.818354537710547" lon="121.27214899286628">
        <ele>339.2</ele>
      </trkpt>
      <trkpt lat="24.818383287638426" lon="121.27235535532236">
        <ele>338.4</ele>
      </trkpt>
      <trkpt lat="24.818425280973315" lon="121.27246264368296">
        <ele>338</ele>
      </trkpt>
      <trkpt lat="24.818640695884824" lon="121.2726902961731">
        <ele>333.4</ele>
      </trkpt>
      <trkpt lat="24.818701799958944" lon="121.27278023399413">
        <ele>331</ele>
      </trkpt>
      <trkpt lat="24.81873675249517" lon="121.27288517542183">
        <ele>329.6</ele>
      </trkpt>
      <trkpt lat="24.818735495209694" lon="121.27300000749528">
        <ele>327.8</ele>
      </trkpt>
      <trkpt lat="24.818568024784327" lon="121.27337828278542">
        <ele>328.8</ele>
      </trkpt>
      <trkpt lat="24.818557128310204" lon="121.27346210181713">
        <ele>329.4</ele>
      </trkpt>
      <trkpt lat="24.818600546568632" lon="121.2736293207854">
        <ele>329.8</ele>
      </trkpt>
      <trkpt lat="24.818685119971633" lon="121.27379100769758">
        <ele>329</ele>
      </trkpt>
      <trkpt lat="24.819044871255755" lon="121.27411547116935">
        <ele>325.2</ele>
      </trkpt>
      <trkpt lat="24.819161714985967" lon="121.27433541230857">
        <ele>322.8</ele>
      </trkpt>
      <trkpt lat="24.81917948462069" lon="121.27447119913995">
        <ele>320.8</ele>
      </trkpt>
      <trkpt lat="24.819160206243396" lon="121.2746066506952">
        <ele>319.2</ele>
      </trkpt>
      <trkpt lat="24.819110753014684" lon="121.2747332174331">
        <ele>318</ele>
      </trkpt>
      <trkpt lat="24.818987539038062" lon="121.27492197789252">
        <ele>319</ele>
      </trkpt>
      <trkpt lat="24.81885745190084" lon="121.27506757155061">
        <ele>322.8</ele>
      </trkpt>
      <trkpt lat="24.818794587627053" lon="121.27521467395127">
        <ele>325.2</ele>
      </trkpt>
      <trkpt lat="24.818814285099506" lon="121.27535632811487">
        <ele>326.4</ele>
      </trkpt>
      <trkpt lat="24.81894093565643" lon="121.27571339718997">
        <ele>326.6</ele>
      </trkpt>
      <trkpt lat="24.818970104679465" lon="121.27588874660432">
        <ele>325.2</ele>
      </trkpt>
      <trkpt lat="24.818892404437065" lon="121.27636048011482">
        <ele>323</ele>
      </trkpt>
      <trkpt lat="24.81890045106411" lon="121.27645695582032">
        <ele>322.8</ele>
      </trkpt>
      <trkpt lat="24.818974882364273" lon="121.27663205377758">
        <ele>322.6</ele>
      </trkpt>
      <trkpt lat="24.81906716711819" lon="121.27677664160728">
        <ele>322.8</ele>
      </trkpt>
      <trkpt lat="24.81951761059463" lon="121.27731023356318">
        <ele>324.6</ele>
      </trkpt>
      <trkpt lat="24.81964224949479" lon="121.27757971175015">
        <ele>325.2</ele>
      </trkpt>
      <trkpt lat="24.819668820127845" lon="121.27771549858153">
        <ele>325.8</ele>
      </trkpt>
      <trkpt lat="24.81966613791883" lon="121.27789906226099">
        <ele>326.8</ele>
      </trkpt>
      <trkpt lat="24.819611739367247" lon="121.27827859483659">
        <ele>327.8</ele>
      </trkpt>
      <trkpt lat="24.819368664175272" lon="121.27880967222154">
        <ele>325.6</ele>
      </trkpt>
      <trkpt lat="24.81933052651584" lon="121.27896322868764">
        <ele>325.4</ele>
      </trkpt>
      <trkpt lat="24.81934762559831" lon="121.27937939018011">
        <ele>322.8</ele>
      </trkpt>
      <trkpt lat="24.819373693317175" lon="121.27955725416541">
        <ele>322.2</ele>
      </trkpt>
      <trkpt lat="24.81943152844906" lon="121.27972707152367">
        <ele>321.6</ele>
      </trkpt>
      <trkpt lat="24.81959816068411" lon="121.28003996796906">
        <ele>320.8</ele>
      </trkpt>
      <trkpt lat="24.81963395141065" lon="121.2802126351744">
        <ele>320.4</ele>
      </trkpt>
      <trkpt lat="24.81967493891716" lon="121.2806246895343">
        <ele>320</ele>
      </trkpt>
      <trkpt lat="24.81967343017459" lon="121.2807872146368">
        <ele>319.8</ele>
      </trkpt>
      <trkpt lat="24.81963294558227" lon="121.2809597980231">
        <ele>318.8</ele>
      </trkpt>
      <trkpt lat="24.819584833458066" lon="121.28103657625616">
        <ele>318.4</ele>
      </trkpt>
      <trkpt lat="24.819396995007992" lon="121.28122692927718">
        <ele>317.6</ele>
      </trkpt>
      <trkpt lat="24.81935290619731" lon="121.28130144439638">
        <ele>317.6</ele>
      </trkpt>
      <trkpt lat="24.819335555657744" lon="121.28138408996165">
        <ele>317.6</ele>
      </trkpt>
      <trkpt lat="24.819340500980616" lon="121.28146983683109">
        <ele>317.4</ele>
      </trkpt>
      <trkpt lat="24.819552395492792" lon="121.2823483441025">
        <ele>314.8</ele>
      </trkpt>
      <trkpt lat="24.81963981874287" lon="121.28288713283837">
        <ele>313.2</ele>
      </trkpt>
      <trkpt lat="24.819692" lon="121.283023">
        <ele>318.05</ele>
      </trkpt>
      <trkpt lat="24.819841" lon="121.283127">
        <ele>314.86</ele>
      </trkpt>
      <trkpt lat="24.820071" lon="121.283204">
        <ele>312.39</ele>
      </trkpt>
      <trkpt lat="24.820375" lon="121.283252">
        <ele>312.83</ele>
      </trkpt>
      <trkpt lat="24.820699" lon="121.283268">
        <ele>313.41</ele>
      </trkpt>
      <trkpt lat="24.820982" lon="121.283411">
        <ele>305.46</ele>
      </trkpt>
      <trkpt lat="24.821025" lon="121.283497">
        <ele>303.52</ele>
      </trkpt>
      <trkpt lat="24.821091" lon="121.283857">
        <ele>296.92</ele>
      </trkpt>
      <trkpt lat="24.821178" lon="121.284029">
        <ele>295.19</ele>
      </trkpt>
      <trkpt lat="24.821353" lon="121.28413">
        <ele>295.25</ele>
      </trkpt>
      <trkpt lat="24.821452" lon="121.284137">
        <ele>295.63</ele>
      </trkpt>
      <trkpt lat="24.821628" lon="121.284192">
        <ele>291.97</ele>
      </trkpt>
      <trkpt lat="24.821768" lon="121.284297">
        <ele>289.36</ele>
      </trkpt>
      <trkpt lat="24.82179" lon="121.284446">
        <ele>287.4</ele>
      </trkpt>
      <trkpt lat="24.82175" lon="121.284745">
        <ele>282.41</ele>
      </trkpt>
      <trkpt lat="24.821734" lon="121.285067">
        <ele>277.67</ele>
      </trkpt>
      <trkpt lat="24.821754" lon="121.28532">
        <ele>274.61</ele>
      </trkpt>
      <trkpt lat="24.821787" lon="121.28553">
        <ele>271.29</ele>
      </trkpt>
      <trkpt lat="24.822025" lon="121.286036">
        <ele>267.49</ele>
      </trkpt>
      <trkpt lat="24.822224" lon="121.286364">
        <ele>269.83</ele>
      </trkpt>
      <trkpt lat="24.822522" lon="121.286606">
        <ele>269.74</ele>
      </trkpt>
      <trkpt lat="24.822887" lon="121.286842">
        <ele>262.85</ele>
      </trkpt>
      <trkpt lat="24.823103" lon="121.286954">
        <ele>262.41</ele>
      </trkpt>
      <trkpt lat="24.823322" lon="121.287003">
        <ele>261.84</ele>
      </trkpt>
      <trkpt lat="24.823394" lon="121.287282">
        <ele>262.18</ele>
      </trkpt>
      <trkpt lat="24.823195" lon="121.287719">
        <ele>261.79</ele>
      </trkpt>
      <trkpt lat="24.823156" lon="121.28777">
        <ele>262.23</ele>
      </trkpt>
      <trkpt lat="24.823049" lon="121.287813">
        <ele>262.97</ele>
      </trkpt>
      <trkpt lat="24.821761" lon="121.287555">
        <ele>271.83</ele>
      </trkpt>
      <trkpt lat="24.821253" lon="121.287424">
        <ele>275.49</ele>
      </trkpt>
      <trkpt lat="24.820862" lon="121.28726">
        <ele>282.6</ele>
      </trkpt>
      <trkpt lat="24.82069" lon="121.287239">
        <ele>285.89</ele>
      </trkpt>
      <trkpt lat="24.820497" lon="121.287271">
        <ele>287.36</ele>
      </trkpt>
      <trkpt lat="24.820491084828973" lon="121.28724128007889">
        <ele>283.2</ele>
      </trkpt>
      <trkpt lat="24.82047197408974" lon="121.28725318238139">
        <ele>283.2</ele>
      </trkpt>
      <trkpt lat="24.820377342402935" lon="121.28733918070793">
        <ele>284</ele>
      </trkpt>
      <trkpt lat="24.820271814242005" lon="121.28748200833797">
        <ele>285</ele>
      </trkpt>
      <trkpt lat="24.820198975503445" lon="121.28761435858905">
        <ele>285.6</ele>
      </trkpt>
      <trkpt lat="24.820109456777573" lon="121.28784896805882">
        <ele>286.8</ele>
      </trkpt>
      <trkpt lat="24.819834865629673" lon="121.28830343484879">
        <ele>290.6</ele>
      </trkpt>
      <trkpt lat="24.819667479023337" lon="121.28869126550853">
        <ele>292.4</ele>
      </trkpt>
      <trkpt lat="24.819608135148883" lon="121.28889620304108">
        <ele>293.6</ele>
      </trkpt>
      <trkpt lat="24.81943597085774" lon="121.28933985717595">
        <ele>295.4</ele>
      </trkpt>
      <trkpt lat="24.81940085068345" lon="121.28956952132285">
        <ele>296.6</ele>
      </trkpt>
      <trkpt lat="24.819430857896805" lon="121.28970438614488">
        <ele>296.6</ele>
      </trkpt>
      <trkpt lat="24.819541918113828" lon="121.2900001835078">
        <ele>296.8</ele>
      </trkpt>
      <trkpt lat="24.81956153176725" lon="121.29018751904368">
        <ele>297.4</ele>
      </trkpt>
      <trkpt lat="24.819512497633696" lon="121.29076771438122">
        <ele>297.6</ele>
      </trkpt>
      <trkpt lat="24.81945742852986" lon="121.29092219285667">
        <ele>297.6</ele>
      </trkpt>
      <trkpt lat="24.819379895925522" lon="121.2910205963999">
        <ele>297.8</ele>
      </trkpt>
      <trkpt lat="24.819007823243737" lon="121.29125998355448">
        <ele>300.8</ele>
      </trkpt>
      <trkpt lat="24.818880334496498" lon="121.29129300825298">
        <ele>302</ele>
      </trkpt>
      <trkpt lat="24.818462999537587" lon="121.29116577096283">
        <ele>307.2</ele>
      </trkpt>
      <trkpt lat="24.817822203040123" lon="121.29100969992578">
        <ele>311.4</ele>
      </trkpt>
      <trkpt lat="24.816723419353366" lon="121.29089604131877">
        <ele>313.8</ele>
      </trkpt>
      <trkpt lat="24.816608419641852" lon="121.29091322422028">
        <ele>314.4</ele>
      </trkpt>
      <trkpt lat="24.81648948043585" lon="121.29098639823496">
        <ele>315</ele>
      </trkpt>
      <trkpt lat="24.816440446302295" lon="121.29104842431843">
        <ele>315</ele>
      </trkpt>
      <trkpt lat="24.816395854577422" lon="121.29117457196116">
        <ele>315.2</ele>
      </trkpt>
      <trkpt lat="24.816356375813484" lon="121.2915269471705">
        <ele>314</ele>
      </trkpt>
      <trkpt lat="24.816312957555056" lon="121.29171109758317">
        <ele>313.4</ele>
      </trkpt>
      <trkpt lat="24.816252775490284" lon="121.29183690994978">
        <ele>312.8</ele>
      </trkpt>
      <trkpt lat="24.816120257601142" lon="121.29201779142022">
        <ele>311.4</ele>
      </trkpt>
      <trkpt lat="24.815811552107334" lon="121.29230076447129">
        <ele>312.2</ele>
      </trkpt>
      <trkpt lat="24.815520783886313" lon="121.29251374863088">
        <ele>313.4</ele>
      </trkpt>
      <trkpt lat="24.815273769199848" lon="121.29259740002453">
        <ele>312.4</ele>
      </trkpt>
      <trkpt lat="24.81487168930471" lon="121.29263285547495">
        <ele>309.2</ele>
      </trkpt>
      <trkpt lat="24.814784601330757" lon="121.29267065785825">
        <ele>308.4</ele>
      </trkpt>
      <trkpt lat="24.814709164202213" lon="121.29273511469364">
        <ele>307.8</ele>
      </trkpt>
      <trkpt lat="24.814598774537444" lon="121.29291750490665">
        <ele>305.2</ele>
      </trkpt>
      <trkpt lat="24.814248913899064" lon="121.29374647513032">
        <ele>301</ele>
      </trkpt>
      <trkpt lat="24.814224019646645" lon="121.29384320229292">
        <ele>301.8</ele>
      </trkpt>
      <trkpt lat="24.814231228083372" lon="121.29393649287522">
        <ele>302</ele>
      </trkpt>
      <trkpt lat="24.814386712387204" lon="121.29430311731994">
        <ele>299.6</ele>
      </trkpt>
      <trkpt lat="24.814403392374516" lon="121.29442004486918">
        <ele>299.2</ele>
      </trkpt>
      <trkpt lat="24.814304318279028" lon="121.29476697184145">
        <ele>297.4</ele>
      </trkpt>
      <trkpt lat="24.814293002709746" lon="121.29488850943744">
        <ele>297</ele>
      </trkpt>
      <trkpt lat="24.814313035458326" lon="121.29500619135797">
        <ele>296.4</ele>
      </trkpt>
      <trkpt lat="24.81436508707702" lon="121.29511465318501">
        <ele>296</ele>
      </trkpt>
      <trkpt lat="24.814443374052644" lon="121.29520257934928">
        <ele>295.4</ele>
      </trkpt>
      <trkpt lat="24.81474663130939" lon="121.29539276473224">
        <ele>291.8</ele>
      </trkpt>
      <trkpt lat="24.81482676230371" lon="121.29547918215394">
        <ele>291.4</ele>
      </trkpt>
      <trkpt lat="24.81487018056214" lon="121.29559770226479">
        <ele>291.2</ele>
      </trkpt>
      <trkpt lat="24.81489415280521" lon="121.29583843052387">
        <ele>291.4</ele>
      </trkpt>
      <trkpt lat="24.814948802813888" lon="121.29594068974257">
        <ele>290.6</ele>
      </trkpt>
      <trkpt lat="24.815334789454937" lon="121.29624302498996">
        <ele>284.6</ele>
      </trkpt>
      <trkpt lat="24.815636621788144" lon="121.29642801359296">
        <ele>282.6</ele>
      </trkpt>
      <trkpt lat="24.815817419439554" lon="121.29658710211515">
        <ele>281.6</ele>
      </trkpt>
      <trkpt lat="24.815892186015844" lon="121.29668173380196">
        <ele>281</ele>
      </trkpt>
      <trkpt lat="24.816009616479278" lon="121.29689471796155">
        <ele>280</ele>
      </trkpt>
      <trkpt lat="24.816122436895967" lon="121.29723200574517">
        <ele>279.4</ele>
      </trkpt>
      <trkpt lat="24.81624908745289" lon="121.29742872901261">
        <ele>278.8</ele>
      </trkpt>
      <trkpt lat="24.81661956757307" lon="121.29791412502527">
        <ele>273.4</ele>
      </trkpt>
      <trkpt lat="24.816662734374404" lon="121.29804471507668">
        <ele>272.4</ele>
      </trkpt>
      <trkpt lat="24.816832300275564" lon="121.29887770861387">
        <ele>264.8</ele>
      </trkpt>
      <trkpt lat="24.81684478931129" lon="121.2990215420723">
        <ele>263.4</ele>
      </trkpt>
      <trkpt lat="24.816818302497268" lon="121.29915456287563">
        <ele>263.2</ele>
      </trkpt>
      <trkpt lat="24.816704308614135" lon="121.29938129335642">
        <ele>263.8</ele>
      </trkpt>
      <trkpt lat="24.816665248945355" lon="121.29962319508195">
        <ele>263.6</ele>
      </trkpt>
      <trkpt lat="24.81668452732265" lon="121.29973241128027">
        <ele>263.6</ele>
      </trkpt>
      <trkpt lat="24.816808411851525" lon="121.29998076707125">
        <ele>262.6</ele>
      </trkpt>
      <trkpt lat="24.816810926422477" lon="121.30008243955672">
        <ele>262.4</ele>
      </trkpt>
      <trkpt lat="24.816744038835168" lon="121.3003442902118">
        <ele>261.4</ele>
      </trkpt>
      <trkpt lat="24.81667228974402" lon="121.30048418417573">
        <ele>261.8</ele>
      </trkpt>
      <trkpt lat="24.81661847792566" lon="121.30053338594735">
        <ele>262.6</ele>
      </trkpt>
      <trkpt lat="24.816270377486944" lon="121.30068702623248">
        <ele>267</ele>
      </trkpt>
      <trkpt lat="24.816208770498633" lon="121.3007639721036">
        <ele>267.6</ele>
      </trkpt>
      <trkpt lat="24.81614800170064" lon="121.30092876031995">
        <ele>266.6</ele>
      </trkpt>
      <trkpt lat="24.816033337265253" lon="121.30140024237335">
        <ele>264</ele>
      </trkpt>
      <trkpt lat="24.81586318463087" lon="121.3017793558538">
        <ele>263.6</ele>
      </trkpt>
      <trkpt lat="24.81571465730667" lon="121.30241428501904">
        <ele>268</ele>
      </trkpt>
      <trkpt lat="24.81558666564524" lon="121.30282575264573">
        <ele>269.4</ele>
      </trkpt>
      <trkpt lat="24.81545029208064" lon="121.3031161017716">
        <ele>271</ele>
      </trkpt>
      <trkpt lat="24.81542916968465" lon="121.3032570015639">
        <ele>271.4</ele>
      </trkpt>
      <trkpt lat="24.815432438626885" lon="121.30354793742299">
        <ele>272.2</ele>
      </trkpt>
      <trkpt lat="24.81547032482922" lon="121.30369059741497">
        <ele>273</ele>
      </trkpt>
      <trkpt lat="24.815752627328038" lon="121.30411765538156">
        <ele>274.6</ele>
      </trkpt>
      <trkpt lat="24.81602529063821" lon="121.30490203388035">
        <ele>279.6</ele>
      </trkpt>
      <trkpt lat="24.816267862915993" lon="121.30529372021556">
        <ele>276.8</ele>
      </trkpt>
      <trkpt lat="24.816408762708306" lon="121.30541332997382">
        <ele>275.4</ele>
      </trkpt>
      <trkpt lat="24.816679498180747" lon="121.30547954700887">
        <ele>272.8</ele>
      </trkpt>
      <trkpt lat="24.81675300747156" lon="121.30551039241254">
        <ele>272</ele>
      </trkpt>
      <trkpt lat="24.816815787926316" lon="121.3055681437254">
        <ele>271.4</ele>
      </trkpt>
      <trkpt lat="24.816851913928986" lon="121.30564919672906">
        <ele>271</ele>
      </trkpt>
      <trkpt lat="24.81688250787556" lon="121.30583049729466">
        <ele>269.8</ele>
      </trkpt>
      <trkpt lat="24.81687412597239" lon="121.30613015033305">
        <ele>268.4</ele>
      </trkpt>
      <trkpt lat="24.816939840093255" lon="121.3063298072666">
        <ele>267.4</ele>
      </trkpt>
      <trkpt lat="24.81700119562447" lon="121.30641723051667">
        <ele>266.8</ele>
      </trkpt>
      <trkpt lat="24.81717654503882" lon="121.30653742700815">
        <ele>264.6</ele>
      </trkpt>
      <trkpt lat="24.817476784810424" lon="121.30660800263286">
        <ele>261.4</ele>
      </trkpt>
      <trkpt lat="24.81757242232561" lon="121.30664991214871">
        <ele>261</ele>
      </trkpt>
      <trkpt lat="24.81772036291659" lon="121.30679525434971">
        <ele>261</ele>
      </trkpt>
      <trkpt lat="24.817868219688535" lon="121.3070529140532">
        <ele>261.2</ele>
      </trkpt>
      <trkpt lat="24.817881044000387" lon="121.30715056322515">
        <ele>261</ele>
      </trkpt>
      <trkpt lat="24.81783972121775" lon="121.30766881629825">
        <ele>259.2</ele>
      </trkpt>
      <trkpt lat="24.817826226353645" lon="121.30829184316099">
        <ele>258.4</ele>
      </trkpt>
      <trkpt lat="24.817797224968672" lon="121.30878427997231">
        <ele>258.6</ele>
      </trkpt>
      <trkpt lat="24.81777660548687" lon="121.3088717032224">
        <ele>258.4</ele>
      </trkpt>
      <trkpt lat="24.817735450342298" lon="121.30894948728383">
        <ele>258.8</ele>
      </trkpt>
      <trkpt lat="24.81767359189689" lon="121.30899860523641">
        <ele>258.8</ele>
      </trkpt>
      <trkpt lat="24.817383578047156" lon="121.30902425386012">
        <ele>260.8</ele>
      </trkpt>
      <trkpt lat="24.817319121211767" lon="121.30904629826546">
        <ele>261</ele>
      </trkpt>
      <trkpt lat="24.81721803545952" lon="121.30913816392422">
        <ele>261.8</ele>
      </trkpt>
      <trkpt lat="24.817003374919295" lon="121.30941384471953">
        <ele>262.8</ele>
      </trkpt>
      <trkpt lat="24.816694082692266" lon="121.30987191572785">
        <ele>264.8</ele>
      </trkpt>
      <trkpt lat="24.816620908677578" lon="121.310044080019">
        <ele>265.4</ele>
      </trkpt>
      <trkpt lat="24.816628452390432" lon="121.31016419269145">
        <ele>265.6</ele>
      </trkpt>
      <trkpt lat="24.816686203703284" lon="121.31026921793818">
        <ele>265.6</ele>
      </trkpt>
      <trkpt lat="24.816833892837167" lon="121.31036778911948">
        <ele>265.6</ele>
      </trkpt>
      <trkpt lat="24.817222645506263" lon="121.3104476686567">
        <ele>265.6</ele>
      </trkpt>
      <trkpt lat="24.817318953573704" lon="121.31050550378859">
        <ele>265.8</ele>
      </trkpt>
      <trkpt lat="24.81740185059607" lon="121.31064422428608">
        <ele>266.6</ele>
      </trkpt>
      <trkpt lat="24.817446442320943" lon="121.31097774021327">
        <ele>271</ele>
      </trkpt>
      <trkpt lat="24.817475024610758" lon="121.31106189452112">
        <ele>272</ele>
      </trkpt>
      <trkpt lat="24.81762212701142" lon="121.31121553480625">
        <ele>274.2</ele>
      </trkpt>
      <trkpt lat="24.817780377343297" lon="121.31125358864665">
        <ele>275.8</ele>
      </trkpt>
      <trkpt lat="24.81787232682109" lon="121.31121905520558">
        <ele>276.4</ele>
      </trkpt>
      <trkpt lat="24.817968467250466" lon="121.31111386232078">
        <ele>277.2</ele>
      </trkpt>
      <trkpt lat="24.81812847778201" lon="121.31076827645302">
        <ele>278</ele>
      </trkpt>
      <trkpt lat="24.818253116682172" lon="121.31055277772248">
        <ele>278.4</ele>
      </trkpt>
      <trkpt lat="24.81853106059134" lon="121.3102650269866">
        <ele>279.2</ele>
      </trkpt>
      <trkpt lat="24.8188301268965" lon="121.31016100756824">
        <ele>279.4</ele>
      </trkpt>
      <trkpt lat="24.819043278694153" lon="121.31006754934788">
        <ele>280.2</ele>
      </trkpt>
      <trkpt lat="24.819262214004993" lon="121.31000510416925">
        <ele>281</ele>
      </trkpt>
      <trkpt lat="24.819449800997972" lon="121.30997627042234">
        <ele>281.6</ele>
      </trkpt>
      <trkpt lat="24.819583743810654" lon="121.3100025895983">
        <ele>282</ele>
      </trkpt>
      <trkpt lat="24.81991147622466" lon="121.31026787683368">
        <ele>283.8</ele>
      </trkpt>
      <trkpt lat="24.819965371862054" lon="121.31034172140062">
        <ele>283.8</ele>
      </trkpt>
      <trkpt lat="24.82002086006105" lon="121.31069225259125">
        <ele>284.6</ele>
      </trkpt>
      <trkpt lat="24.82006981037557" lon="121.31083332002163">
        <ele>284.4</ele>
      </trkpt>
      <trkpt lat="24.820430567488074" lon="121.3113094959408">
        <ele>282.6</ele>
      </trkpt>
      <trkpt lat="24.82064983807504" lon="121.31189656443894">
        <ele>281</ele>
      </trkpt>
      <trkpt lat="24.820723347365856" lon="121.31202564574778">
        <ele>281.2</ele>
      </trkpt>
      <trkpt lat="24.820823846384883" lon="121.31213653832674">
        <ele>280.6</ele>
      </trkpt>
      <trkpt lat="24.821382835507393" lon="121.3126200903207">
        <ele>278.2</ele>
      </trkpt>
      <trkpt lat="24.821570422500372" lon="121.31271698512137">
        <ele>278</ele>
      </trkpt>
      <trkpt lat="24.821856329217553" lon="121.31279745139182">
        <ele>277.2</ele>
      </trkpt>
      <trkpt lat="24.821996055543423" lon="121.31280683912337">
        <ele>277.2</ele>
      </trkpt>
      <trkpt lat="24.822195628657937" lon="121.31276920437813">
        <ele>277.4</ele>
      </trkpt>
      <trkpt lat="24.82256317511201" lon="121.31257784552872">
        <ele>277.2</ele>
      </trkpt>
      <trkpt lat="24.823134569451213" lon="121.31232798099518">
        <ele>277.4</ele>
      </trkpt>
      <trkpt lat="24.823598843067884" lon="121.31204559467733">
        <ele>277</ele>
      </trkpt>
      <trkpt lat="24.823914673179388" lon="121.31189589388669">
        <ele>277.2</ele>
      </trkpt>
      <trkpt lat="24.824642641469836" lon="121.31178759969771">
        <ele>278.6</ele>
      </trkpt>
      <trkpt lat="24.82496878132224" lon="121.31163563579321">
        <ele>277.6</ele>
      </trkpt>
      <trkpt lat="24.825489381328225" lon="121.31130396388471">
        <ele>280.2</ele>
      </trkpt>
      <trkpt lat="24.825673950836062" lon="121.31123003549874">
        <ele>282.2</ele>
      </trkpt>
      <trkpt lat="24.82577637769282" lon="121.31129239685833">
        <ele>281</ele>
      </trkpt>
      <trkpt lat="24.825905794277787" lon="121.31133321672678">
        <ele>282</ele>
      </trkpt>
      <trkpt lat="24.826780864968896" lon="121.31131083704531">
        <ele>283.4</ele>
      </trkpt>
      <trkpt lat="24.826954705640674" lon="121.31136515177786">
        <ele>283.8</ele>
      </trkpt>
      <trkpt lat="24.827038189396262" lon="121.3114218134433">
        <ele>284</ele>
      </trkpt>
      <trkpt lat="24.827103903517127" lon="121.3114965800196">
        <ele>284.4</ele>
      </trkpt>
      <trkpt lat="24.82728336006403" lon="121.31182028912008">
        <ele>285.2</ele>
      </trkpt>
      <trkpt lat="24.827415961772203" lon="121.31200284697115">
        <ele>284.8</ele>
      </trkpt>
      <trkpt lat="24.827576726675034" lon="121.31216939538717">
        <ele>285.2</ele>
      </trkpt>
      <trkpt lat="24.82823026366532" lon="121.3126811105758">
        <ele>285.2</ele>
      </trkpt>
      <trkpt lat="24.828345514833927" lon="121.31283232010901">
        <ele>285.4</ele>
      </trkpt>
      <trkpt lat="24.828388011083007" lon="121.31295662373304">
        <ele>285.2</ele>
      </trkpt>
      <trkpt lat="24.82839647680521" lon="121.31302711553872">
        <ele>285.2</ele>
      </trkpt>
      <trkpt lat="24.828362865373492" lon="121.31315217353404">
        <ele>285.2</ele>
      </trkpt>
      <trkpt lat="24.827778143808246" lon="121.3138553313911">
        <ele>285.2</ele>
      </trkpt>
      <trkpt lat="24.827707735821605" lon="121.3139912020415">
        <ele>285.2</ele>
      </trkpt>
      <trkpt lat="24.827665574848652" lon="121.31414266303182">
        <ele>285</ele>
      </trkpt>
      <trkpt lat="24.827661467716098" lon="121.31422103382647">
        <ele>285.2</ele>
      </trkpt>
      <trkpt lat="24.8276942409575" lon="121.31437618285418">
        <ele>285</ele>
      </trkpt>
      <trkpt lat="24.828053237870336" lon="121.31552525795996">
        <ele>291.2</ele>
      </trkpt>
      <trkpt lat="24.82820000499487" lon="121.31574377417564">
        <ele>293</ele>
      </trkpt>
      <trkpt lat="24.828361943364143" lon="121.31589632481337">
        <ele>294.8</ele>
      </trkpt>
      <trkpt lat="24.828651705756783" lon="121.31624124012887">
        <ele>298.6</ele>
      </trkpt>
      <trkpt lat="24.829096281901002" lon="121.31661440245807">
        <ele>298.4</ele>
      </trkpt>
      <trkpt lat="24.829241540282965" lon="121.3167820405215">
        <ele>298.2</ele>
      </trkpt>
      <trkpt lat="24.829456619918346" lon="121.31718722172081">
        <ele>298.4</ele>
      </trkpt>
      <trkpt lat="24.829591484740376" lon="121.31763774901628">
        <ele>299.4</ele>
      </trkpt>
      <trkpt lat="24.82971964403987" lon="121.31790295243263">
        <ele>300</ele>
      </trkpt>
      <trkpt lat="24.830053243786097" lon="121.3183880969882">
        <ele>297</ele>
      </trkpt>
      <trkpt lat="24.830614998936653" lon="121.31914271973073">
        <ele>293.4</ele>
      </trkpt>
      <trkpt lat="24.830676019191742" lon="121.31920021958649">
        <ele>293.4</ele>
      </trkpt>
      <trkpt lat="24.830817840993404" lon="121.31926140747964">
        <ele>293.4</ele>
      </trkpt>
      <trkpt lat="24.83124330639839" lon="121.31933743134141">
        <ele>297.2</ele>
      </trkpt>
      <trkpt lat="24.83147732913494" lon="121.31941186264157">
        <ele>298.8</ele>
      </trkpt>
      <trkpt lat="24.83161118812859" lon="121.31947095505893">
        <ele>299.6</ele>
      </trkpt>
      <trkpt lat="24.831756530329585" lon="121.31959282793105">
        <ele>300.2</ele>
      </trkpt>
      <trkpt lat="24.831935819238424" lon="121.31995727308095">
        <ele>302</ele>
      </trkpt>
      <trkpt lat="24.83212960883975" lon="121.32045582868159">
        <ele>304.4</ele>
      </trkpt>
      <trkpt lat="24.83240227214992" lon="121.32098162546754">
        <ele>306.2</ele>
      </trkpt>
      <trkpt lat="24.83243881724775" lon="121.32116376422346">
        <ele>306.4</ele>
      </trkpt>
      <trkpt lat="24.832465387880802" lon="121.32162736728787">
        <ele>307</ele>
      </trkpt>
      <trkpt lat="24.83252976089716" lon="121.32219666615129">
        <ele>307.6</ele>
      </trkpt>
      <trkpt lat="24.832663452252746" lon="121.32273444905877">
        <ele>312.4</ele>
      </trkpt>
      <trkpt lat="24.832718772813678" lon="121.32313242182136">
        <ele>316.8</ele>
      </trkpt>
      <trkpt lat="24.832668732851744" lon="121.32344112731516">
        <ele>319.4</ele>
      </trkpt>
      <trkpt lat="24.83256697654724" lon="121.32374078035355">
        <ele>320.2</ele>
      </trkpt>
      <trkpt lat="24.832468992099166" lon="121.32440990768373">
        <ele>324.6</ele>
      </trkpt>
      <trkpt lat="24.83234317973256" lon="121.32473235949874">
        <ele>326.8</ele>
      </trkpt>
      <trkpt lat="24.832136817276478" lon="121.32509831339121">
        <ele>330.2</ele>
      </trkpt>
      <trkpt lat="24.831980410963297" lon="121.32525178603828">
        <ele>332.2</ele>
      </trkpt>
      <trkpt lat="24.831615798175335" lon="121.32553299888968">
        <ele>333.2</ele>
      </trkpt>
      <trkpt lat="24.831522591412067" lon="121.32563358172774">
        <ele>333</ele>
      </trkpt>
      <trkpt lat="24.831470204517245" lon="121.32573223672807">
        <ele>332.8</ele>
      </trkpt>
      <trkpt lat="24.83144899830222" lon="121.32585662417114">
        <ele>332</ele>
      </trkpt>
      <trkpt lat="24.831436509266496" lon="121.3264062255621">
        <ele>328.4</ele>
      </trkpt>
      <trkpt lat="24.831452937796712" lon="121.32656523026526">
        <ele>328.4</ele>
      </trkpt>
      <trkpt lat="24.831760050728917" lon="121.32735882885754">
        <ele>324.2</ele>
      </trkpt>
      <trkpt lat="24.832087447866797" lon="121.32899296469986">
        <ele>317.2</ele>
      </trkpt>
      <trkpt lat="24.832074288278818" lon="121.32924182340503">
        <ele>317</ele>
      </trkpt>
      <trkpt lat="24.83204117976129" lon="121.32945287972689">
        <ele>317</ele>
      </trkpt>
      <trkpt lat="24.83201" lon="121.32959">
        <ele>314.12</ele>
      </trkpt>
      <trkpt lat="24.832026" lon="121.329915">
        <ele>315.37</ele>
      </trkpt>
      <trkpt lat="24.832121" lon="121.33058">
        <ele>313.44</ele>
      </trkpt>
      <trkpt lat="24.832102" lon="121.330815">
        <ele>311.16</ele>
      </trkpt>
      <trkpt lat="24.83207" lon="121.330883">
        <ele>310.87</ele>
      </trkpt>
      <trkpt lat="24.832083" lon="121.330895">
        <ele>310.79</ele>
      </trkpt>
      <trkpt lat="24.83207" lon="121.330883">
        <ele>310.87</ele>
      </trkpt>
      <trkpt lat="24.831945" lon="121.331032">
        <ele>311</ele>
      </trkpt>
      <trkpt lat="24.831104" lon="121.33153">
        <ele>309.79</ele>
      </trkpt>
      <trkpt lat="24.83035" lon="121.331518">
        <ele>313.56</ele>
      </trkpt>
      <trkpt lat="24.829941" lon="121.331346">
        <ele>315.05</ele>
      </trkpt>
      <trkpt lat="24.829689" lon="121.331324">
        <ele>316.81</ele>
      </trkpt>
      <trkpt lat="24.82924" lon="121.331444">
        <ele>322.62</ele>
      </trkpt>
      <trkpt lat="24.829119" lon="121.3316">
        <ele>323.53</ele>
      </trkpt>
      <trkpt lat="24.829099" lon="121.331715">
        <ele>323.3</ele>
      </trkpt>
      <trkpt lat="24.829132" lon="121.331833">
        <ele>322.79</ele>
      </trkpt>
      <trkpt lat="24.829244" lon="121.332034">
        <ele>323.45</ele>
      </trkpt>
      <trkpt lat="24.829382" lon="121.332171">
        <ele>325.72</ele>
      </trkpt>
      <trkpt lat="24.829673" lon="121.332331">
        <ele>329.52</ele>
      </trkpt>
      <trkpt lat="24.829804" lon="121.332507">
        <ele>330.61</ele>
      </trkpt>
      <trkpt lat="24.829889" lon="121.332753">
        <ele>332.22</ele>
      </trkpt>
      <trkpt lat="24.829906" lon="121.332866">
        <ele>334.12</ele>
      </trkpt>
      <trkpt lat="24.82983" lon="121.333203">
        <ele>338.91</ele>
      </trkpt>
      <trkpt lat="24.829859" lon="121.333375">
        <ele>341.21</ele>
      </trkpt>
      <trkpt lat="24.829945" lon="121.333494">
        <ele>343.39</ele>
      </trkpt>
      <trkpt lat="24.830198" lon="121.333715">
        <ele>346.77</ele>
      </trkpt>
      <trkpt lat="24.830276" lon="121.333822">
        <ele>346.93</ele>
      </trkpt>
      <trkpt lat="24.83033" lon="121.333942">
        <ele>346.16</ele>
      </trkpt>
      <trkpt lat="24.83034" lon="121.334076">
        <ele>345.5</ele>
      </trkpt>
      <trkpt lat="24.830315" lon="121.334169">
        <ele>345.09</ele>
      </trkpt>
      <trkpt lat="24.830203" lon="121.3343">
        <ele>346.07</ele>
      </trkpt>
      <trkpt lat="24.829752" lon="121.334426">
        <ele>356.16</ele>
      </trkpt>
      <trkpt lat="24.829654" lon="121.334487">
        <ele>355.42</ele>
      </trkpt>
      <trkpt lat="24.829586" lon="121.334569">
        <ele>353.8</ele>
      </trkpt>
      <trkpt lat="24.829554" lon="121.334648">
        <ele>353.11</ele>
      </trkpt>
      <trkpt lat="24.829542" lon="121.334781">
        <ele>353.38</ele>
      </trkpt>
      <trkpt lat="24.829603" lon="121.335316">
        <ele>357.53</ele>
      </trkpt>
      <trkpt lat="24.829578" lon="121.335524">
        <ele>359.26</ele>
      </trkpt>
      <trkpt lat="24.829431" lon="121.336183">
        <ele>361.39</ele>
      </trkpt>
      <trkpt lat="24.829346" lon="121.336313">
        <ele>361.71</ele>
      </trkpt>
      <trkpt lat="24.829096" lon="121.336338">
        <ele>363.71</ele>
      </trkpt>
      <trkpt lat="24.828813" lon="121.336119">
        <ele>366.64</ele>
      </trkpt>
      <trkpt lat="24.828587" lon="121.336025">
        <ele>367.32</ele>
      </trkpt>
      <trkpt lat="24.828446" lon="121.336044">
        <ele>368.69</ele>
      </trkpt>
      <trkpt lat="24.828249" lon="121.336117">
        <ele>372.01</ele>
      </trkpt>
      <trkpt lat="24.827959" lon="121.336301">
        <ele>380.17</ele>
      </trkpt>
      <trkpt lat="24.827824" lon="121.336448">
        <ele>382.79</ele>
      </trkpt>
      <trkpt lat="24.827595" lon="121.33686">
        <ele>385.81</ele>
      </trkpt>
      <trkpt lat="24.827381" lon="121.336955">
        <ele>383.99</ele>
      </trkpt>
      <trkpt lat="24.826991" lon="121.33698">
        <ele>380.32</ele>
      </trkpt>
      <trkpt lat="24.826824" lon="121.337055">
        <ele>381.68</ele>
      </trkpt>
      <trkpt lat="24.826661" lon="121.337162">
        <ele>383.4</ele>
      </trkpt>
      <trkpt lat="24.826415" lon="121.337425">
        <ele>382.89</ele>
      </trkpt>
      <trkpt lat="24.826378" lon="121.337506">
        <ele>382.64</ele>
      </trkpt>
      <trkpt lat="24.826371" lon="121.337599">
        <ele>383.32</ele>
      </trkpt>
      <trkpt lat="24.82639" lon="121.337699">
        <ele>384.5</ele>
      </trkpt>
      <trkpt lat="24.826474" lon="121.337833">
        <ele>387.14</ele>
      </trkpt>
      <trkpt lat="24.826888" lon="121.338343">
        <ele>399.38</ele>
      </trkpt>
      <trkpt lat="24.826934" lon="121.338467">
        <ele>399.28</ele>
      </trkpt>
      <trkpt lat="24.826942" lon="121.33867">
        <ele>396.58</ele>
      </trkpt>
      <trkpt lat="24.826876" lon="121.33942">
        <ele>396.55</ele>
      </trkpt>
      <trkpt lat="24.826908" lon="121.339632">
        <ele>397.26</ele>
      </trkpt>
      <trkpt lat="24.826989" lon="121.339939">
        <ele>398.74</ele>
      </trkpt>
      <trkpt lat="24.826998" lon="121.340094">
        <ele>399.36</ele>
      </trkpt>
      <trkpt lat="24.826708" lon="121.341218">
        <ele>407.2</ele>
      </trkpt>
      <trkpt lat="24.826454" lon="121.341742">
        <ele>414.8</ele>
      </trkpt>
      <trkpt lat="24.826369" lon="121.341876">
        <ele>416.52</ele>
      </trkpt>
      <trkpt lat="24.826306" lon="121.341916">
        <ele>417.21</ele>
      </trkpt>
      <trkpt lat="24.826219" lon="121.341913">
        <ele>418.93</ele>
      </trkpt>
      <trkpt lat="24.826155" lon="121.341873">
        <ele>420.83</ele>
      </trkpt>
      <trkpt lat="24.826116" lon="121.341787">
        <ele>422.56</ele>
      </trkpt>
      <trkpt lat="24.826129" lon="121.341219">
        <ele>418.97</ele>
      </trkpt>
      <trkpt lat="24.826012" lon="121.340776">
        <ele>415.72</ele>
      </trkpt>
      <trkpt lat="24.825938" lon="121.34069">
        <ele>416.12</ele>
      </trkpt>
      <trkpt lat="24.825863" lon="121.340642">
        <ele>416.5</ele>
      </trkpt>
      <trkpt lat="24.825755" lon="121.340629">
        <ele>417.74</ele>
      </trkpt>
      <trkpt lat="24.825639" lon="121.340652">
        <ele>418.76</ele>
      </trkpt>
      <trkpt lat="24.825282" lon="121.340957">
        <ele>420.7</ele>
      </trkpt>
      <trkpt lat="24.824798" lon="121.341421">
        <ele>430.7</ele>
      </trkpt>
      <trkpt lat="24.824336" lon="121.341923">
        <ele>435.75</ele>
      </trkpt>
      <trkpt lat="24.823468" lon="121.342608">
        <ele>432.69</ele>
      </trkpt>
      <trkpt lat="24.823345" lon="121.342809">
        <ele>433.96</ele>
      </trkpt>
      <trkpt lat="24.823202" lon="121.343323">
        <ele>436.4</ele>
      </trkpt>
      <trkpt lat="24.823136" lon="121.343479">
        <ele>436.75</ele>
      </trkpt>
      <trkpt lat="24.823079" lon="121.343559">
        <ele>436.68</ele>
      </trkpt>
      <trkpt lat="24.82223" lon="121.344226">
        <ele>438.52</ele>
      </trkpt>
      <trkpt lat="24.821911" lon="121.344556">
        <ele>439.73</ele>
      </trkpt>
      <trkpt lat="24.821783" lon="121.344659">
        <ele>439.47</ele>
      </trkpt>
      <trkpt lat="24.821654" lon="121.344711">
        <ele>438.95</ele>
      </trkpt>
      <trkpt lat="24.821495" lon="121.344739">
        <ele>439.13</ele>
      </trkpt>
      <trkpt lat="24.821265" lon="121.344746">
        <ele>440.64</ele>
      </trkpt>
      <trkpt lat="24.820926" lon="121.344696">
        <ele>441.82</ele>
      </trkpt>
      <trkpt lat="24.82045" lon="121.344546">
        <ele>438.92</ele>
      </trkpt>
      <trkpt lat="24.820254" lon="121.344515">
        <ele>439.01</ele>
      </trkpt>
      <trkpt lat="24.820144" lon="121.344538">
        <ele>439.16</ele>
      </trkpt>
      <trkpt lat="24.820039" lon="121.344593">
        <ele>439.39</ele>
      </trkpt>
      <trkpt lat="24.819897" lon="121.344756">
        <ele>439.99</ele>
      </trkpt>
      <trkpt lat="24.819849" lon="121.344856">
        <ele>439.6</ele>
      </trkpt>
      <trkpt lat="24.819821" lon="121.345166">
        <ele>439.12</ele>
      </trkpt>
      <trkpt lat="24.819838" lon="121.345373">
        <ele>438.08</ele>
      </trkpt>
      <trkpt lat="24.819914" lon="121.345585">
        <ele>436.8</ele>
      </trkpt>
      <trkpt lat="24.820239" lon="121.345974">
        <ele>436.13</ele>
      </trkpt>
      <trkpt lat="24.820755" lon="121.346376">
        <ele>441.08</ele>
      </trkpt>
      <trkpt lat="24.821356" lon="121.346766">
        <ele>443.3</ele>
      </trkpt>
      <trkpt lat="24.821469" lon="121.34679">
        <ele>443.6</ele>
      </trkpt>
      <trkpt lat="24.82161" lon="121.346785">
        <ele>443.52</ele>
      </trkpt>
      <trkpt lat="24.821711" lon="121.346746">
        <ele>443.85</ele>
      </trkpt>
      <trkpt lat="24.822063" lon="121.346526">
        <ele>444.24</ele>
      </trkpt>
      <trkpt lat="24.822149" lon="121.346505">
        <ele>443.49</ele>
      </trkpt>
      <trkpt lat="24.8223" lon="121.346483">
        <ele>443.06</ele>
      </trkpt>
      <trkpt lat="24.822399" lon="121.346503">
        <ele>442.65</ele>
      </trkpt>
      <trkpt lat="24.822493" lon="121.346569">
        <ele>442.79</ele>
      </trkpt>
      <trkpt lat="24.822505" lon="121.346638">
        <ele>442.11</ele>
      </trkpt>
      <trkpt lat="24.822471" lon="121.346762">
        <ele>441.52</ele>
      </trkpt>
      <trkpt lat="24.822106" lon="121.347106">
        <ele>433.36</ele>
      </trkpt>
      <trkpt lat="24.821956" lon="121.34732">
        <ele>430.03</ele>
      </trkpt>
      <trkpt lat="24.821858" lon="121.347561">
        <ele>427.48</ele>
      </trkpt>
      <trkpt lat="24.821868" lon="121.347658">
        <ele>426.42</ele>
      </trkpt>
      <trkpt lat="24.821913" lon="121.347728">
        <ele>425.94</ele>
      </trkpt>
      <trkpt lat="24.82245" lon="121.348178">
        <ele>428.8</ele>
      </trkpt>
      <trkpt lat="24.8226" lon="121.348243">
        <ele>430.44</ele>
      </trkpt>
      <trkpt lat="24.82294" lon="121.348324">
        <ele>434.01</ele>
      </trkpt>
      <trkpt lat="24.823046" lon="121.348376">
        <ele>433.22</ele>
      </trkpt>
      <trkpt lat="24.823106" lon="121.348446">
        <ele>431.79</ele>
      </trkpt>
      <trkpt lat="24.823138" lon="121.348519">
        <ele>430.74</ele>
      </trkpt>
      <trkpt lat="24.823149" lon="121.348628">
        <ele>429.63</ele>
      </trkpt>
      <trkpt lat="24.823051" lon="121.349208">
        <ele>430.05</ele>
      </trkpt>
      <trkpt lat="24.823056" lon="121.349386">
        <ele>431.45</ele>
      </trkpt>
      <trkpt lat="24.823099" lon="121.349561">
        <ele>433.65</ele>
      </trkpt>
      <trkpt lat="24.82319" lon="121.349751">
        <ele>437.16</ele>
      </trkpt>
      <trkpt lat="24.823313" lon="121.349918">
        <ele>440.77</ele>
      </trkpt>
      <trkpt lat="24.823416" lon="121.350013">
        <ele>442.42</ele>
      </trkpt>
      <trkpt lat="24.823694" lon="121.350199">
        <ele>447.83</ele>
      </trkpt>
      <trkpt lat="24.823802" lon="121.350303">
        <ele>450.2</ele>
      </trkpt>
      <trkpt lat="24.823898" lon="121.350451">
        <ele>451.48</ele>
      </trkpt>
      <trkpt lat="24.82393" lon="121.35056">
        <ele>450.7</ele>
      </trkpt>
      <trkpt lat="24.823915" lon="121.351096">
        <ele>447.37</ele>
      </trkpt>
      <trkpt lat="24.823932" lon="121.351284">
        <ele>449.51</ele>
      </trkpt>
      <trkpt lat="24.824413" lon="121.353166">
        <ele>449.62</ele>
      </trkpt>
      <trkpt lat="24.824479" lon="121.353262">
        <ele>450.09</ele>
      </trkpt>
      <trkpt lat="24.824585" lon="121.353361">
        <ele>450.56</ele>
      </trkpt>
      <trkpt lat="24.825107" lon="121.353772">
        <ele>452.9</ele>
      </trkpt>
      <trkpt lat="24.825214" lon="121.353901">
        <ele>452.92</ele>
      </trkpt>
      <trkpt lat="24.8253" lon="121.354051">
        <ele>453.35</ele>
      </trkpt>
      <trkpt lat="24.825327" lon="121.354185">
        <ele>453.16</ele>
      </trkpt>
      <trkpt lat="24.825302" lon="121.354394">
        <ele>453.16</ele>
      </trkpt>
      <trkpt lat="24.825234" lon="121.354475">
        <ele>453.16</ele>
      </trkpt>
      <trkpt lat="24.824908" lon="121.354577">
        <ele>452.7</ele>
      </trkpt>
      <trkpt lat="24.824815" lon="121.354567">
        <ele>452.65</ele>
      </trkpt>
      <trkpt lat="24.824685" lon="121.354517">
        <ele>452.92</ele>
      </trkpt>
      <trkpt lat="24.824527" lon="121.354353">
        <ele>453.47</ele>
      </trkpt>
      <trkpt lat="24.8244" lon="121.354259">
        <ele>454.06</ele>
      </trkpt>
      <trkpt lat="24.82384" lon="121.354109">
        <ele>452.55</ele>
      </trkpt>
      <trkpt lat="24.823424" lon="121.353902">
        <ele>451.19</ele>
      </trkpt>
      <trkpt lat="24.822499" lon="121.353347">
        <ele>453.69</ele>
      </trkpt>
      <trkpt lat="24.821442" lon="121.352559">
        <ele>455.75</ele>
      </trkpt>
      <trkpt lat="24.821279" lon="121.352395">
        <ele>454.08</ele>
      </trkpt>
      <trkpt lat="24.821097" lon="121.352146">
        <ele>451.71</ele>
      </trkpt>
      <trkpt lat="24.820942" lon="121.351823">
        <ele>447.22</ele>
      </trkpt>
      <trkpt lat="24.820787" lon="121.351695">
        <ele>448.45</ele>
      </trkpt>
      <trkpt lat="24.82069" lon="121.351529">
        <ele>446.76</ele>
      </trkpt>
      <trkpt lat="24.820617" lon="121.351203">
        <ele>440.14</ele>
      </trkpt>
      <trkpt lat="24.820577" lon="121.351124">
        <ele>438.7</ele>
      </trkpt>
      <trkpt lat="24.820513" lon="121.351071">
        <ele>438.36</ele>
      </trkpt>
      <trkpt lat="24.820311" lon="121.351017">
        <ele>439.07</ele>
      </trkpt>
      <trkpt lat="24.819829" lon="121.351011">
        <ele>440.55</ele>
      </trkpt>
      <trkpt lat="24.819705" lon="121.350978">
        <ele>440.94</ele>
      </trkpt>
      <trkpt lat="24.819379" lon="121.350821">
        <ele>437.32</ele>
      </trkpt>
      <trkpt lat="24.818819" lon="121.350739">
        <ele>433.5</ele>
      </trkpt>
      <trkpt lat="24.818723" lon="121.35076">
        <ele>433.59</ele>
      </trkpt>
      <trkpt lat="24.818218" lon="121.351031">
        <ele>437.43</ele>
      </trkpt>
      <trkpt lat="24.81795" lon="121.35123">
        <ele>436.38</ele>
      </trkpt>
      <trkpt lat="24.817722" lon="121.35134">
        <ele>435.2</ele>
      </trkpt>
      <trkpt lat="24.817596" lon="121.351375">
        <ele>435</ele>
      </trkpt>
      <trkpt lat="24.817405" lon="121.351393">
        <ele>435</ele>
      </trkpt>
      <trkpt lat="24.816874" lon="121.351361">
        <ele>435.17</ele>
      </trkpt>
      <trkpt lat="24.815946" lon="121.351265">
        <ele>440.16</ele>
      </trkpt>
      <trkpt lat="24.815159" lon="121.351124">
        <ele>443.83</ele>
      </trkpt>
      <trkpt lat="24.815946" lon="121.351265">
        <ele>440.16</ele>
      </trkpt>
      <trkpt lat="24.816874" lon="121.351361">
        <ele>435.17</ele>
      </trkpt>
      <trkpt lat="24.817405" lon="121.351393">
        <ele>435</ele>
      </trkpt>
      <trkpt lat="24.817596" lon="121.351375">
        <ele>435</ele>
      </trkpt>
      <trkpt lat="24.817722" lon="121.35134">
        <ele>435.2</ele>
      </trkpt>
      <trkpt lat="24.81795" lon="121.35123">
        <ele>436.38</ele>
      </trkpt>
      <trkpt lat="24.818218" lon="121.351031">
        <ele>437.43</ele>
      </trkpt>
      <trkpt lat="24.818723" lon="121.35076">
        <ele>433.59</ele>
      </trkpt>
      <trkpt lat="24.818819" lon="121.350739">
        <ele>433.5</ele>
      </trkpt>
      <trkpt lat="24.819379" lon="121.350821">
        <ele>437.32</ele>
      </trkpt>
      <trkpt lat="24.819705" lon="121.350978">
        <ele>440.94</ele>
      </trkpt>
      <trkpt lat="24.819829" lon="121.351011">
        <ele>440.55</ele>
      </trkpt>
      <trkpt lat="24.820311" lon="121.351017">
        <ele>439.07</ele>
      </trkpt>
      <trkpt lat="24.820513" lon="121.351071">
        <ele>438.36</ele>
      </trkpt>
      <trkpt lat="24.820577" lon="121.351124">
        <ele>438.7</ele>
      </trkpt>
      <trkpt lat="24.820617" lon="121.351203">
        <ele>440.14</ele>
      </trkpt>
      <trkpt lat="24.82069" lon="121.351529">
        <ele>446.76</ele>
      </trkpt>
      <trkpt lat="24.820787" lon="121.351695">
        <ele>448.45</ele>
      </trkpt>
      <trkpt lat="24.820942" lon="121.351823">
        <ele>447.22</ele>
      </trkpt>
      <trkpt lat="24.821097" lon="121.352146">
        <ele>451.71</ele>
      </trkpt>
      <trkpt lat="24.821279" lon="121.352395">
        <ele>454.08</ele>
      </trkpt>
      <trkpt lat="24.821442" lon="121.352559">
        <ele>455.75</ele>
      </trkpt>
      <trkpt lat="24.822499" lon="121.353347">
        <ele>453.69</ele>
      </trkpt>
      <trkpt lat="24.823424" lon="121.353902">
        <ele>451.19</ele>
      </trkpt>
      <trkpt lat="24.82384" lon="121.354109">
        <ele>452.55</ele>
      </trkpt>
      <trkpt lat="24.8244" lon="121.354259">
        <ele>454.06</ele>
      </trkpt>
      <trkpt lat="24.824527" lon="121.354353">
        <ele>453.47</ele>
      </trkpt>
      <trkpt lat="24.824845" lon="121.354712">
        <ele>454.27</ele>
      </trkpt>
      <trkpt lat="24.825109" lon="121.354576">
        <ele>453.73</ele>
      </trkpt>
      <trkpt lat="24.825234" lon="121.354475">
        <ele>453.16</ele>
      </trkpt>
      <trkpt lat="24.825302" lon="121.354394">
        <ele>453.16</ele>
      </trkpt>
      <trkpt lat="24.825327" lon="121.354185">
        <ele>453.16</ele>
      </trkpt>
      <trkpt lat="24.8253" lon="121.354051">
        <ele>453.35</ele>
      </trkpt>
      <trkpt lat="24.825214" lon="121.353901">
        <ele>452.92</ele>
      </trkpt>
      <trkpt lat="24.825107" lon="121.353772">
        <ele>452.9</ele>
      </trkpt>
      <trkpt lat="24.824585" lon="121.353361">
        <ele>450.56</ele>
      </trkpt>
      <trkpt lat="24.824479" lon="121.353262">
        <ele>450.09</ele>
      </trkpt>
      <trkpt lat="24.824413" lon="121.353166">
        <ele>449.62</ele>
      </trkpt>
      <trkpt lat="24.823932" lon="121.351284">
        <ele>449.51</ele>
      </trkpt>
      <trkpt lat="24.823915" lon="121.351088">
        <ele>447.38</ele>
      </trkpt>
      <trkpt lat="24.82393" lon="121.35056">
        <ele>450.7</ele>
      </trkpt>
      <trkpt lat="24.823898" lon="121.350451">
        <ele>451.48</ele>
      </trkpt>
      <trkpt lat="24.823802" lon="121.350303">
        <ele>450.2</ele>
      </trkpt>
      <trkpt lat="24.823694" lon="121.350199">
        <ele>447.83</ele>
      </trkpt>
      <trkpt lat="24.823416" lon="121.350013">
        <ele>442.42</ele>
      </trkpt>
      <trkpt lat="24.823313" lon="121.349918">
        <ele>440.77</ele>
      </trkpt>
      <trkpt lat="24.82319" lon="121.349751">
        <ele>437.16</ele>
      </trkpt>
      <trkpt lat="24.823099" lon="121.349561">
        <ele>433.65</ele>
      </trkpt>
      <trkpt lat="24.823056" lon="121.349386">
        <ele>431.45</ele>
      </trkpt>
      <trkpt lat="24.823051" lon="121.349208">
        <ele>430.05</ele>
      </trkpt>
      <trkpt lat="24.823149" lon="121.348628">
        <ele>429.63</ele>
      </trkpt>
      <trkpt lat="24.823138" lon="121.348519">
        <ele>430.74</ele>
      </trkpt>
      <trkpt lat="24.823106" lon="121.348446">
        <ele>431.79</ele>
      </trkpt>
      <trkpt lat="24.823046" lon="121.348376">
        <ele>433.22</ele>
      </trkpt>
      <trkpt lat="24.82294" lon="121.348324">
        <ele>434.01</ele>
      </trkpt>
      <trkpt lat="24.8226" lon="121.348243">
        <ele>430.44</ele>
      </trkpt>
      <trkpt lat="24.82245" lon="121.348178">
        <ele>428.8</ele>
      </trkpt>
      <trkpt lat="24.821913" lon="121.347728">
        <ele>425.94</ele>
      </trkpt>
      <trkpt lat="24.821868" lon="121.347658">
        <ele>426.42</ele>
      </trkpt>
      <trkpt lat="24.821858" lon="121.347561">
        <ele>427.48</ele>
      </trkpt>
      <trkpt lat="24.821956" lon="121.34732">
        <ele>430.03</ele>
      </trkpt>
      <trkpt lat="24.822106" lon="121.347106">
        <ele>433.36</ele>
      </trkpt>
      <trkpt lat="24.822471" lon="121.346762">
        <ele>441.52</ele>
      </trkpt>
      <trkpt lat="24.822505" lon="121.346638">
        <ele>442.11</ele>
      </trkpt>
      <trkpt lat="24.822493" lon="121.346569">
        <ele>442.79</ele>
      </trkpt>
      <trkpt lat="24.822407" lon="121.346505">
        <ele>442.61</ele>
      </trkpt>
      <trkpt lat="24.8223" lon="121.346483">
        <ele>443.06</ele>
      </trkpt>
      <trkpt lat="24.822149" lon="121.346505">
        <ele>443.49</ele>
      </trkpt>
      <trkpt lat="24.822063" lon="121.346526">
        <ele>444.24</ele>
      </trkpt>
      <trkpt lat="24.821711" lon="121.346746">
        <ele>443.85</ele>
      </trkpt>
      <trkpt lat="24.82161" lon="121.346785">
        <ele>443.52</ele>
      </trkpt>
      <trkpt lat="24.821469" lon="121.34679">
        <ele>443.6</ele>
      </trkpt>
      <trkpt lat="24.821356" lon="121.346766">
        <ele>443.3</ele>
      </trkpt>
      <trkpt lat="24.820755" lon="121.346376">
        <ele>441.08</ele>
      </trkpt>
      <trkpt lat="24.820239" lon="121.345974">
        <ele>436.13</ele>
      </trkpt>
      <trkpt lat="24.819914" lon="121.345585">
        <ele>436.8</ele>
      </trkpt>
      <trkpt lat="24.819838" lon="121.345373">
        <ele>438.08</ele>
      </trkpt>
      <trkpt lat="24.819821" lon="121.345166">
        <ele>439.12</ele>
      </trkpt>
      <trkpt lat="24.819849" lon="121.344856">
        <ele>439.6</ele>
      </trkpt>
      <trkpt lat="24.819897" lon="121.344756">
        <ele>439.99</ele>
      </trkpt>
      <trkpt lat="24.820039" lon="121.344593">
        <ele>439.39</ele>
      </trkpt>
      <trkpt lat="24.820144" lon="121.344538">
        <ele>439.16</ele>
      </trkpt>
      <trkpt lat="24.820254" lon="121.344515">
        <ele>439.01</ele>
      </trkpt>
      <trkpt lat="24.82045" lon="121.344546">
        <ele>438.92</ele>
      </trkpt>
      <trkpt lat="24.820926" lon="121.344696">
        <ele>441.82</ele>
      </trkpt>
      <trkpt lat="24.821265" lon="121.344746">
        <ele>440.64</ele>
      </trkpt>
      <trkpt lat="24.821495" lon="121.344739">
        <ele>439.13</ele>
      </trkpt>
      <trkpt lat="24.821654" lon="121.344711">
        <ele>438.95</ele>
      </trkpt>
      <trkpt lat="24.821783" lon="121.344659">
        <ele>439.47</ele>
      </trkpt>
      <trkpt lat="24.821911" lon="121.344556">
        <ele>439.73</ele>
      </trkpt>
      <trkpt lat="24.82223" lon="121.344226">
        <ele>438.52</ele>
      </trkpt>
      <trkpt lat="24.823079" lon="121.343559">
        <ele>436.68</ele>
      </trkpt>
      <trkpt lat="24.823136" lon="121.343479">
        <ele>436.75</ele>
      </trkpt>
      <trkpt lat="24.823202" lon="121.343323">
        <ele>436.4</ele>
      </trkpt>
      <trkpt lat="24.823345" lon="121.342809">
        <ele>433.96</ele>
      </trkpt>
      <trkpt lat="24.823468" lon="121.342608">
        <ele>432.69</ele>
      </trkpt>
      <trkpt lat="24.824336" lon="121.341923">
        <ele>435.75</ele>
      </trkpt>
      <trkpt lat="24.824798" lon="121.341421">
        <ele>430.7</ele>
      </trkpt>
      <trkpt lat="24.825282" lon="121.340957">
        <ele>420.7</ele>
      </trkpt>
      <trkpt lat="24.825639" lon="121.340652">
        <ele>418.76</ele>
      </trkpt>
      <trkpt lat="24.825755" lon="121.340629">
        <ele>417.74</ele>
      </trkpt>
      <trkpt lat="24.825863" lon="121.340642">
        <ele>416.5</ele>
      </trkpt>
      <trkpt lat="24.825938" lon="121.34069">
        <ele>416.12</ele>
      </trkpt>
      <trkpt lat="24.826012" lon="121.340776">
        <ele>415.72</ele>
      </trkpt>
      <trkpt lat="24.826129" lon="121.341219">
        <ele>418.97</ele>
      </trkpt>
      <trkpt lat="24.826116" lon="121.341787">
        <ele>422.56</ele>
      </trkpt>
      <trkpt lat="24.826155" lon="121.341873">
        <ele>420.83</ele>
      </trkpt>
      <trkpt lat="24.826219" lon="121.341913">
        <ele>418.93</ele>
      </trkpt>
      <trkpt lat="24.826306" lon="121.341916">
        <ele>417.21</ele>
      </trkpt>
      <trkpt lat="24.826369" lon="121.341876">
        <ele>416.52</ele>
      </trkpt>
      <trkpt lat="24.826637" lon="121.341394">
        <ele>408.61</ele>
      </trkpt>
      <trkpt lat="24.826708" lon="121.341218">
        <ele>407.2</ele>
      </trkpt>
      <trkpt lat="24.826998" lon="121.340094">
        <ele>399.36</ele>
      </trkpt>
      <trkpt lat="24.826989" lon="121.339939">
        <ele>398.74</ele>
      </trkpt>
      <trkpt lat="24.826908" lon="121.339632">
        <ele>397.26</ele>
      </trkpt>
      <trkpt lat="24.826876" lon="121.33942">
        <ele>396.55</ele>
      </trkpt>
      <trkpt lat="24.826942" lon="121.33867">
        <ele>396.58</ele>
      </trkpt>
      <trkpt lat="24.826934" lon="121.338467">
        <ele>399.28</ele>
      </trkpt>
      <trkpt lat="24.826888" lon="121.338343">
        <ele>399.38</ele>
      </trkpt>
      <trkpt lat="24.826474" lon="121.337833">
        <ele>387.14</ele>
      </trkpt>
      <trkpt lat="24.82639" lon="121.337699">
        <ele>384.5</ele>
      </trkpt>
      <trkpt lat="24.826371" lon="121.337599">
        <ele>383.32</ele>
      </trkpt>
      <trkpt lat="24.826378" lon="121.337506">
        <ele>382.64</ele>
      </trkpt>
      <trkpt lat="24.826415" lon="121.337425">
        <ele>382.89</ele>
      </trkpt>
      <trkpt lat="24.826661" lon="121.337162">
        <ele>383.4</ele>
      </trkpt>
      <trkpt lat="24.826824" lon="121.337055">
        <ele>381.68</ele>
      </trkpt>
      <trkpt lat="24.826991" lon="121.33698">
        <ele>380.32</ele>
      </trkpt>
      <trkpt lat="24.827381" lon="121.336955">
        <ele>383.99</ele>
      </trkpt>
      <trkpt lat="24.827595" lon="121.33686">
        <ele>385.81</ele>
      </trkpt>
      <trkpt lat="24.827824" lon="121.336448">
        <ele>382.79</ele>
      </trkpt>
      <trkpt lat="24.827959" lon="121.336301">
        <ele>380.17</ele>
      </trkpt>
      <trkpt lat="24.828249" lon="121.336117">
        <ele>372.01</ele>
      </trkpt>
      <trkpt lat="24.828446" lon="121.336044">
        <ele>368.69</ele>
      </trkpt>
      <trkpt lat="24.828587" lon="121.336025">
        <ele>367.32</ele>
      </trkpt>
      <trkpt lat="24.828813" lon="121.336119">
        <ele>366.64</ele>
      </trkpt>
      <trkpt lat="24.829096" lon="121.336338">
        <ele>363.71</ele>
      </trkpt>
      <trkpt lat="24.829346" lon="121.336313">
        <ele>361.71</ele>
      </trkpt>
      <trkpt lat="24.829431" lon="121.336183">
        <ele>361.39</ele>
      </trkpt>
      <trkpt lat="24.829578" lon="121.335524">
        <ele>359.26</ele>
      </trkpt>
      <trkpt lat="24.829603" lon="121.335316">
        <ele>357.53</ele>
      </trkpt>
      <trkpt lat="24.829542" lon="121.334781">
        <ele>353.38</ele>
      </trkpt>
      <trkpt lat="24.829554" lon="121.334648">
        <ele>353.11</ele>
      </trkpt>
      <trkpt lat="24.829586" lon="121.334569">
        <ele>353.8</ele>
      </trkpt>
      <trkpt lat="24.829654" lon="121.334487">
        <ele>355.42</ele>
      </trkpt>
      <trkpt lat="24.829752" lon="121.334426">
        <ele>356.16</ele>
      </trkpt>
      <trkpt lat="24.830203" lon="121.3343">
        <ele>346.07</ele>
      </trkpt>
      <trkpt lat="24.830315" lon="121.334169">
        <ele>345.09</ele>
      </trkpt>
      <trkpt lat="24.83034" lon="121.334076">
        <ele>345.5</ele>
      </trkpt>
      <trkpt lat="24.83033" lon="121.333942">
        <ele>346.16</ele>
      </trkpt>
      <trkpt lat="24.830276" lon="121.333822">
        <ele>346.93</ele>
      </trkpt>
      <trkpt lat="24.830198" lon="121.333715">
        <ele>346.77</ele>
      </trkpt>
      <trkpt lat="24.829945" lon="121.333494">
        <ele>343.39</ele>
      </trkpt>
      <trkpt lat="24.829859" lon="121.333375">
        <ele>341.21</ele>
      </trkpt>
      <trkpt lat="24.82983" lon="121.333203">
        <ele>338.91</ele>
      </trkpt>
      <trkpt lat="24.829906" lon="121.332866">
        <ele>334.12</ele>
      </trkpt>
      <trkpt lat="24.829889" lon="121.332753">
        <ele>332.22</ele>
      </trkpt>
      <trkpt lat="24.829804" lon="121.332507">
        <ele>330.61</ele>
      </trkpt>
      <trkpt lat="24.829673" lon="121.332331">
        <ele>329.52</ele>
      </trkpt>
      <trkpt lat="24.829382" lon="121.332171">
        <ele>325.72</ele>
      </trkpt>
      <trkpt lat="24.829244" lon="121.332034">
        <ele>323.45</ele>
      </trkpt>
      <trkpt lat="24.829132" lon="121.331833">
        <ele>322.79</ele>
      </trkpt>
      <trkpt lat="24.829099" lon="121.331715">
        <ele>323.3</ele>
      </trkpt>
      <trkpt lat="24.829119" lon="121.3316">
        <ele>323.53</ele>
      </trkpt>
      <trkpt lat="24.829175" lon="121.331509">
        <ele>323.5</ele>
      </trkpt>
      <trkpt lat="24.82924" lon="121.331444">
        <ele>322.62</ele>
      </trkpt>
      <trkpt lat="24.829689" lon="121.331324">
        <ele>316.81</ele>
      </trkpt>
      <trkpt lat="24.829941" lon="121.331346">
        <ele>315.05</ele>
      </trkpt>
      <trkpt lat="24.83035" lon="121.331518">
        <ele>313.56</ele>
      </trkpt>
      <trkpt lat="24.831104" lon="121.33153">
        <ele>309.79</ele>
      </trkpt>
      <trkpt lat="24.831945" lon="121.331032">
        <ele>311</ele>
      </trkpt>
      <trkpt lat="24.832039" lon="121.330932">
        <ele>311</ele>
      </trkpt>
      <trkpt lat="24.832102" lon="121.330815">
        <ele>311.16</ele>
      </trkpt>
      <trkpt lat="24.832343" lon="121.330601">
        <ele>312.99</ele>
      </trkpt>
      <trkpt lat="24.832856" lon="121.330425">
        <ele>318.35</ele>
      </trkpt>
      <trkpt lat="24.834208" lon="121.330241">
        <ele>324.99</ele>
      </trkpt>
      <trkpt lat="24.834206979721785" lon="121.33026265539229">
        <ele>316.2</ele>
      </trkpt>
      <trkpt lat="24.834455670788884" lon="121.33032719604671">
        <ele>315.6</ele>
      </trkpt>
      <trkpt lat="24.83491139486432" lon="121.33053339086473">
        <ele>316.4</ele>
      </trkpt>
      <trkpt lat="24.835114404559135" lon="121.33066641166806">
        <ele>316.2</ele>
      </trkpt>
      <trkpt lat="24.835187662392855" lon="121.3307714369148">
        <ele>316</ele>
      </trkpt>
      <trkpt lat="24.835340548306704" lon="121.33113261312246">
        <ele>316.6</ele>
      </trkpt>
      <trkpt lat="24.835498798638582" lon="121.33143587037921">
        <ele>319.6</ele>
      </trkpt>
      <trkpt lat="24.835613211616874" lon="121.33157542906702">
        <ele>321.8</ele>
      </trkpt>
      <trkpt lat="24.835758302360773" lon="121.33169470354915">
        <ele>323.6</ele>
      </trkpt>
      <trkpt lat="24.835941614583135" lon="121.33177776820958">
        <ele>325</ele>
      </trkpt>
      <trkpt lat="24.836349142715335" lon="121.33187365718186">
        <ele>326.8</ele>
      </trkpt>
      <trkpt lat="24.83651552349329" lon="121.33193358778954">
        <ele>327</ele>
      </trkpt>
      <trkpt lat="24.83688491396606" lon="121.33216945454478">
        <ele>328.2</ele>
      </trkpt>
      <trkpt lat="24.83700267970562" lon="121.33241261355579">
        <ele>329.4</ele>
      </trkpt>
      <trkpt lat="24.837169144302607" lon="121.33317528292537">
        <ele>331.4</ele>
      </trkpt>
      <trkpt lat="24.837358575314283" lon="121.33355028927326">
        <ele>332.2</ele>
      </trkpt>
      <trkpt lat="24.837496876716614" lon="121.33375246077776">
        <ele>333</ele>
      </trkpt>
      <trkpt lat="24.837988140061498" lon="121.33434053510427">
        <ele>333.8</ele>
      </trkpt>
      <trkpt lat="24.838096350431442" lon="121.3344463147223">
        <ele>334</ele>
      </trkpt>
      <trkpt lat="24.838234232738614" lon="121.33451194502413">
        <ele>334.2</ele>
      </trkpt>
      <trkpt lat="24.838439086452127" lon="121.33454010821879">
        <ele>334.2</ele>
      </trkpt>
      <trkpt lat="24.838593564927578" lon="121.33450951427221">
        <ele>334.8</ele>
      </trkpt>
      <trkpt lat="24.83900159597397" lon="121.33424514904618">
        <ele>335</ele>
      </trkpt>
      <trkpt lat="24.839210053905845" lon="121.33417868055403">
        <ele>335</ele>
      </trkpt>
      <trkpt lat="24.839318515732884" lon="121.33419158868492">
        <ele>336</ele>
      </trkpt>
      <trkpt lat="24.839808605611324" lon="121.3343445584178">
        <ele>335.4</ele>
      </trkpt>
      <trkpt lat="24.839961072430015" lon="121.3343717996031">
        <ele>336.2</ele>
      </trkpt>
      <trkpt lat="24.840101888403296" lon="121.33437272161245">
        <ele>337</ele>
      </trkpt>
      <trkpt lat="24.840284446254373" lon="121.33433969691396">
        <ele>339.2</ele>
      </trkpt>
      <trkpt lat="24.840609412640333" lon="121.33413794450462">
        <ele>342.8</ele>
      </trkpt>
      <trkpt lat="24.84119220636785" lon="121.33369110524654">
        <ele>349.2</ele>
      </trkpt>
      <trkpt lat="24.84136621467769" lon="121.33359362371266">
        <ele>350.4</ele>
      </trkpt>
      <trkpt lat="24.841553382575512" lon="121.33354475721717">
        <ele>351.6</ele>
      </trkpt>
      <trkpt lat="24.842074904590845" lon="121.33347007445991">
        <ele>354.6</ele>
      </trkpt>
      <trkpt lat="24.84269466251135" lon="121.33334878832102">
        <ele>359</ele>
      </trkpt>
      <trkpt lat="24.84289700165391" lon="121.33325524628162">
        <ele>360</ele>
      </trkpt>
      <trkpt lat="24.84324300661683" lon="121.33303069509566">
        <ele>361</ele>
      </trkpt>
      <trkpt lat="24.84337728470564" lon="121.33297864347696">
        <ele>361.2</ele>
      </trkpt>
      <trkpt lat="24.843508964404464" lon="121.33296171203256">
        <ele>361.2</ele>
      </trkpt>
      <trkpt lat="24.84367249533534" lon="121.33298073895276">
        <ele>361.4</ele>
      </trkpt>
      <trkpt lat="24.84441622160375" lon="121.33323303423822">
        <ele>363.4</ele>
      </trkpt>
      <trkpt lat="24.844585452228785" lon="121.33323647081852">
        <ele>364</ele>
      </trkpt>
      <trkpt lat="24.84516229480505" lon="121.33316790685058">
        <ele>365.8</ele>
      </trkpt>
      <trkpt lat="24.8453635443002" lon="121.33317729458213">
        <ele>367.4</ele>
      </trkpt>
      <trkpt lat="24.845666214823723" lon="121.33327033370733">
        <ele>369.4</ele>
      </trkpt>
      <trkpt lat="24.846056392416358" lon="121.33342707529664">
        <ele>372.4</ele>
      </trkpt>
      <trkpt lat="24.846251355484128" lon="121.3335445895791">
        <ele>374</ele>
      </trkpt>
      <trkpt lat="24.846392758190632" lon="121.33367559872568">
        <ele>374.8</ele>
      </trkpt>
      <trkpt lat="24.84651387669146" lon="121.33387357927859">
        <ele>375.8</ele>
      </trkpt>
      <trkpt lat="24.846733566373587" lon="121.33437448181212">
        <ele>378.2</ele>
      </trkpt>
      <trkpt lat="24.846842363476753" lon="121.33448705077171">
        <ele>378.6</ele>
      </trkpt>
      <trkpt lat="24.8469849396497" lon="121.33455771021545">
        <ele>378.2</ele>
      </trkpt>
      <trkpt lat="24.847167329862714" lon="121.33458210155368">
        <ele>377.6</ele>
      </trkpt>
      <trkpt lat="24.847862776368856" lon="121.33452451787889">
        <ele>376.2</ele>
      </trkpt>
      <trkpt lat="24.848834490403533" lon="121.3343857973814">
        <ele>375</ele>
      </trkpt>
      <trkpt lat="24.848989890888333" lon="121.33444832637906">
        <ele>373.6</ele>
      </trkpt>
      <trkpt lat="24.849049234762788" lon="121.3345152977854">
        <ele>372.8</ele>
      </trkpt>
      <trkpt lat="24.849085863679647" lon="121.33460003882647">
        <ele>371.2</ele>
      </trkpt>
      <trkpt lat="24.849171862006187" lon="121.33511183783412">
        <ele>367.2</ele>
      </trkpt>
      <trkpt lat="24.84930580481887" lon="121.33526614867151">
        <ele>365.4</ele>
      </trkpt>
      <trkpt lat="24.849585006013513" lon="121.33536932989955">
        <ele>362.8</ele>
      </trkpt>
      <trkpt lat="24.849748788401484" lon="121.3355031888932">
        <ele>361.4</ele>
      </trkpt>
      <trkpt lat="24.84981601126492" lon="121.33559572510421">
        <ele>360.8</ele>
      </trkpt>
      <trkpt lat="24.849862111732364" lon="121.33570821024477">
        <ele>360.2</ele>
      </trkpt>
      <trkpt lat="24.84994165599346" lon="121.33605974726379">
        <ele>358.8</ele>
      </trkpt>
      <trkpt lat="24.850030671805143" lon="121.33626870810986">
        <ele>358.2</ele>
      </trkpt>
      <trkpt lat="24.850173918530345" lon="121.33644162677228">
        <ele>357</ele>
      </trkpt>
      <trkpt lat="24.8503749165684" lon="121.33653433062136">
        <ele>355.6</ele>
      </trkpt>
      <trkpt lat="24.850466363132" lon="121.33660834282637">
        <ele>355.4</ele>
      </trkpt>
      <trkpt lat="24.850520258769393" lon="121.33671646937728">
        <ele>355</ele>
      </trkpt>
      <trkpt lat="24.85058270394802" lon="121.33728719316423">
        <ele>352</ele>
      </trkpt>
      <trkpt lat="24.850666439160705" lon="121.33749657310545">
        <ele>350.6</ele>
      </trkpt>
      <trkpt lat="24.850858971476555" lon="121.33778885006905">
        <ele>348.6</ele>
      </trkpt>
      <trkpt lat="24.850908257067204" lon="121.33790133520961">
        <ele>347.6</ele>
      </trkpt>
      <trkpt lat="24.850950837135315" lon="121.33814038708806">
        <ele>346.4</ele>
      </trkpt>
      <trkpt lat="24.850966595113277" lon="121.33838513866067">
        <ele>345.4</ele>
      </trkpt>
      <trkpt lat="24.85103080049157" lon="121.33860943838954">
        <ele>343.4</ele>
      </trkpt>
      <trkpt lat="24.851216543465853" lon="121.33890196681023">
        <ele>340.8</ele>
      </trkpt>
      <trkpt lat="24.851461881771684" lon="121.33914747275412">
        <ele>339.8</ele>
      </trkpt>
      <trkpt lat="24.851530278101563" lon="121.33924629539251">
        <ele>339.8</ele>
      </trkpt>
      <trkpt lat="24.851565649732947" lon="121.3393694255501">
        <ele>339.6</ele>
      </trkpt>
      <trkpt lat="24.851545868441463" lon="121.33949750103056">
        <ele>339.4</ele>
      </trkpt>
      <trkpt lat="24.851484512910247" lon="121.33960487321019">
        <ele>339</ele>
      </trkpt>
      <trkpt lat="24.851391473785043" lon="121.33967846632004">
        <ele>338.6</ele>
      </trkpt>
      <trkpt lat="24.851194331422448" lon="121.33976622484624">
        <ele>338</ele>
      </trkpt>
      <trkpt lat="24.851111937314272" lon="121.33984057232738">
        <ele>337.6</ele>
      </trkpt>
      <trkpt lat="24.851048905402422" lon="121.33994283154607">
        <ele>337</ele>
      </trkpt>
      <trkpt lat="24.85101361759007" lon="121.34017718955874">
        <ele>335.4</ele>
      </trkpt>
      <trkpt lat="24.851032560691237" lon="121.34028565138578">
        <ele>335.2</ele>
      </trkpt>
      <trkpt lat="24.851154936477542" lon="121.34045546874404">
        <ele>334</ele>
      </trkpt>
      <trkpt lat="24.851248981431127" lon="121.34051573462784">
        <ele>333.2</ele>
      </trkpt>
      <trkpt lat="24.851464899256825" lon="121.34057784453034">
        <ele>331.2</ele>
      </trkpt>
      <trkpt lat="24.851573947817087" lon="121.34063241071999">
        <ele>329.8</ele>
      </trkpt>
      <trkpt lat="24.851668998599052" lon="121.34071405045688">
        <ele>329</ele>
      </trkpt>
      <trkpt lat="24.85183361917734" lon="121.34091136045754">
        <ele>327</ele>
      </trkpt>
      <trkpt lat="24.851952977478504" lon="121.34114387445152">
        <ele>324.6</ele>
      </trkpt>
      <trkpt lat="24.852018859237432" lon="121.3413970079273">
        <ele>323.2</ele>
      </trkpt>
      <trkpt lat="24.85218088142574" lon="121.34176203981042">
        <ele>320.4</ele>
      </trkpt>
      <trkpt lat="24.85221415758133" lon="121.34189866483212">
        <ele>320</ele>
      </trkpt>
      <trkpt lat="24.852199908345938" lon="121.34203822351992">
        <ele>319</ele>
      </trkpt>
      <trkpt lat="24.852152969688177" lon="121.34216948412359">
        <ele>318.2</ele>
      </trkpt>
      <trkpt lat="24.851975943893194" lon="121.34253283962607">
        <ele>316.6</ele>
      </trkpt>
      <trkpt lat="24.85184728167951" lon="121.34289963170886">
        <ele>314</ele>
      </trkpt>
      <trkpt lat="24.851710153743625" lon="121.34312845766544">
        <ele>312</ele>
      </trkpt>
      <trkpt lat="24.851609487086535" lon="121.34321822784841">
        <ele>311.4</ele>
      </trkpt>
      <trkpt lat="24.851489290595055" lon="121.34326457977295">
        <ele>311.4</ele>
      </trkpt>
      <trkpt lat="24.851246802136302" lon="121.3432758115232">
        <ele>311.4</ele>
      </trkpt>
      <trkpt lat="24.851140435785055" lon="121.3433141168207">
        <ele>311.6</ele>
      </trkpt>
      <trkpt lat="24.85106097534299" lon="121.34339852258563">
        <ele>311.2</ele>
      </trkpt>
      <trkpt lat="24.851010600104928" lon="121.34350723586977">
        <ele>310.6</ele>
      </trkpt>
      <trkpt lat="24.850992998108268" lon="121.34374796412885">
        <ele>308.6</ele>
      </trkpt>
      <trkpt lat="24.851025519892573" lon="121.34438557550311">
        <ele>304.6</ele>
      </trkpt>
      <trkpt lat="24.85103909857571" lon="121.34450384415686">
        <ele>304.6</ele>
      </trkpt>
      <trkpt lat="24.85107807442546" lon="121.34461750276387">
        <ele>304.2</ele>
      </trkpt>
      <trkpt lat="24.851137502118945" lon="121.3447143137455">
        <ele>303.4</ele>
      </trkpt>
      <trkpt lat="24.851222075521946" lon="121.34478681720793">
        <ele>302.8</ele>
      </trkpt>
      <trkpt lat="24.85132492147386" lon="121.34481254965067">
        <ele>302.2</ele>
      </trkpt>
      <trkpt lat="24.851532289758325" lon="121.34475563652813">
        <ele>300</ele>
      </trkpt>
      <trkpt lat="24.85171241685748" lon="121.34461565874517">
        <ele>298.2</ele>
      </trkpt>
      <trkpt lat="24.851771090179682" lon="121.34451691992581">
        <ele>297</ele>
      </trkpt>
      <trkpt lat="24.851795732975006" lon="121.34439806453884">
        <ele>296</ele>
      </trkpt>
      <trkpt lat="24.85179891809821" lon="121.34402674622834">
        <ele>293</ele>
      </trkpt>
      <trkpt lat="24.85181987285614" lon="121.34389640763402">
        <ele>292.4</ele>
      </trkpt>
      <trkpt lat="24.851877205073833" lon="121.34378559887409">
        <ele>291.8</ele>
      </trkpt>
      <trkpt lat="24.852072587236762" lon="121.34362475015223">
        <ele>290.6</ele>
      </trkpt>
      <trkpt lat="24.85229537822306" lon="121.34349390864372">
        <ele>289.2</ele>
      </trkpt>
      <trkpt lat="24.852419178932905" lon="121.3434949144721">
        <ele>288.8</ele>
      </trkpt>
      <trkpt lat="24.852534094825387" lon="121.34353539906442">
        <ele>287.8</ele>
      </trkpt>
      <trkpt lat="24.852852188050747" lon="121.34375198744237">
        <ele>284.4</ele>
      </trkpt>
      <trkpt lat="24.852970875799656" lon="121.34379414841533">
        <ele>283.2</ele>
      </trkpt>
      <trkpt lat="24.853099873289466" lon="121.34380638599396">
        <ele>281.2</ele>
      </trkpt>
      <trkpt lat="24.853358371183276" lon="121.34373916313052">
        <ele>276</ele>
      </trkpt>
      <trkpt lat="24.85361561179161" lon="121.34362055920064">
        <ele>273.6</ele>
      </trkpt>
      <trkpt lat="24.853749219328165" lon="121.34359398856759">
        <ele>273.4</ele>
      </trkpt>
      <trkpt lat="24.85388131812215" lon="121.34361217729747">
        <ele>273.6</ele>
      </trkpt>
      <trkpt lat="24.85399916768074" lon="121.34367839433253">
        <ele>273.8</ele>
      </trkpt>
      <trkpt lat="24.854082316160202" lon="121.3437779713422">
        <ele>275</ele>
      </trkpt>
      <trkpt lat="24.85411542467773" lon="121.34389439597726">
        <ele>275.6</ele>
      </trkpt>
      <trkpt lat="24.85410670749843" lon="121.34401802904904">
        <ele>275.8</ele>
      </trkpt>
      <trkpt lat="24.85405339859426" lon="121.34412012062967">
        <ele>275.4</ele>
      </trkpt>
      <trkpt lat="24.853783333674073" lon="121.3444312568754">
        <ele>274.8</ele>
      </trkpt>
      <trkpt lat="24.85364243388176" lon="121.34455899707973">
        <ele>275.2</ele>
      </trkpt>
      <trkpt lat="24.853469179943204" lon="121.34459260851145">
        <ele>275.2</ele>
      </trkpt>
      <trkpt lat="24.85321579501033" lon="121.34454868733883">
        <ele>274.8</ele>
      </trkpt>
      <trkpt lat="24.853133652359247" lon="121.34456293657422">
        <ele>274.8</ele>
      </trkpt>
      <trkpt lat="24.853063244372606" lon="121.34460777975619">
        <ele>274.8</ele>
      </trkpt>
      <trkpt lat="24.85301018692553" lon="121.34467558935285">
        <ele>275</ele>
      </trkpt>
      <trkpt lat="24.852977581322193" lon="121.34475412778556">
        <ele>274.8</ele>
      </trkpt>
      <trkpt lat="24.85296039842069" lon="121.34492109529674">
        <ele>274.6</ele>
      </trkpt>
      <trkpt lat="24.85301219858229" lon="121.345704048872">
        <ele>273.6</ele>
      </trkpt>
      <trkpt lat="24.85300130210817" lon="121.34579029865563">
        <ele>273.4</ele>
      </trkpt>
      <trkpt lat="24.852842884138227" lon="121.34609095752239">
        <ele>272.2</ele>
      </trkpt>
      <trkpt lat="24.852693183347583" lon="121.34631576016545">
        <ele>271.6</ele>
      </trkpt>
      <trkpt lat="24.852625289931893" lon="121.34637778624892">
        <ele>271</ele>
      </trkpt>
      <trkpt lat="24.85245027579367" lon="121.34642791002989">
        <ele>269.2</ele>
      </trkpt>
      <trkpt lat="24.852275010198355" lon="121.34639186784625">
        <ele>267.8</ele>
      </trkpt>
      <trkpt lat="24.851946691051126" lon="121.34624920785427">
        <ele>266.8</ele>
      </trkpt>
      <trkpt lat="24.8517700843513" lon="121.34620855562389">
        <ele>267</ele>
      </trkpt>
      <trkpt lat="24.851588029414415" lon="121.34625147096813">
        <ele>266.8</ele>
      </trkpt>
      <trkpt lat="24.851505802944303" lon="121.346306623891">
        <ele>266</ele>
      </trkpt>
      <trkpt lat="24.851440424099565" lon="121.3463896047324">
        <ele>265.2</ele>
      </trkpt>
      <trkpt lat="24.851384684443474" lon="121.34659454226494">
        <ele>263.4</ele>
      </trkpt>
      <trkpt lat="24.851389126852155" lon="121.34671096689999">
        <ele>262</ele>
      </trkpt>
      <trkpt lat="24.851420978084207" lon="121.34682630188763">
        <ele>260.2</ele>
      </trkpt>
      <trkpt lat="24.851803444325924" lon="121.34752434678376">
        <ele>251.6</ele>
      </trkpt>
      <trkpt lat="24.85184376128018" lon="121.34765552356839">
        <ele>251.2</ele>
      </trkpt>
      <trkpt lat="24.851846443489194" lon="121.34779038839042">
        <ele>250.8</ele>
      </trkpt>
      <trkpt lat="24.851804617792368" lon="121.3479158654809">
        <ele>250.6</ele>
      </trkpt>
      <trkpt lat="24.851737059652805" lon="121.34801728650928">
        <ele>250.6</ele>
      </trkpt>
      <trkpt lat="24.851180082187057" lon="121.3485723361373">
        <ele>247.8</ele>
      </trkpt>
      <trkpt lat="24.85100045800209" lon="121.34870460256934">
        <ele>247.4</ele>
      </trkpt>
      <trkpt lat="24.85078252851963" lon="121.34876914322376">
        <ele>246.8</ele>
      </trkpt>
      <trkpt lat="24.85066811554134" lon="121.34875615127385">
        <ele>246.2</ele>
      </trkpt>
      <trkpt lat="24.85032898373902" lon="121.34864894673228">
        <ele>243.8</ele>
      </trkpt>
      <trkpt lat="24.850214067846537" lon="121.34865716099739">
        <ele>243.2</ele>
      </trkpt>
      <trkpt lat="24.85010527074337" lon="121.34868859313428">
        <ele>242.6</ele>
      </trkpt>
      <trkpt lat="24.85000954940915" lon="121.34874709881842">
        <ele>242</ele>
      </trkpt>
      <trkpt lat="24.849868565797806" lon="121.34893225505948">
        <ele>241.2</ele>
      </trkpt>
      <trkpt lat="24.84982338733971" lon="121.34904348291457">
        <ele>240.6</ele>
      </trkpt>
      <trkpt lat="24.849806120619178" lon="121.34916309267282">
        <ele>239.6</ele>
      </trkpt>
      <trkpt lat="24.849948193877935" lon="121.34991494938731">
        <ele>232.2</ele>
      </trkpt>
      <trkpt lat="24.849950540810823" lon="121.35034661740065">
        <ele>228.4</ele>
      </trkpt>
      <trkpt lat="24.849887508898973" lon="121.35077761486173">
        <ele>225.6</ele>
      </trkpt>
      <trkpt lat="24.849887676537037" lon="121.35092161595821">
        <ele>225.4</ele>
      </trkpt>
      <trkpt lat="24.84992740675807" lon="121.35105731897056">
        <ele>224.8</ele>
      </trkpt>
      <trkpt lat="24.850000916048884" lon="121.35116619989276">
        <ele>223.6</ele>
      </trkpt>
      <trkpt lat="24.850093703716993" lon="121.35123903863132">
        <ele>222.8</ele>
      </trkpt>
      <trkpt lat="24.850200405344367" lon="121.35127793066204">
        <ele>221.6</ele>
      </trkpt>
      <trkpt lat="24.851216124370694" lon="121.35142922401428">
        <ele>218.2</ele>
      </trkpt>
      <trkpt lat="24.85141184180975" lon="121.35149938054383">
        <ele>217.4</ele>
      </trkpt>
      <trkpt lat="24.851549388840795" lon="121.35159325785935">
        <ele>217.8</ele>
      </trkpt>
      <trkpt lat="24.852044424042106" lon="121.35239473544061">
        <ele>213.4</ele>
      </trkpt>
      <trkpt lat="24.85224349424243" lon="121.35278415866196">
        <ele>210.6</ele>
      </trkpt>
      <trkpt lat="24.852345502004027" lon="121.35318171232939">
        <ele>210</ele>
      </trkpt>
      <trkpt lat="24.852385316044092" lon="121.35360399261117">
        <ele>206.4</ele>
      </trkpt>
      <trkpt lat="24.852412808686495" lon="121.35369904339314">
        <ele>206.6</ele>
      </trkpt>
      <trkpt lat="24.852467877790332" lon="121.35377590544522">
        <ele>206.4</ele>
      </trkpt>
      <trkpt lat="24.852544236928225" lon="121.35382879525423">
        <ele>205.8</ele>
      </trkpt>
      <trkpt lat="24.852728974074125" lon="121.35387422516942">
        <ele>204.4</ele>
      </trkpt>
      <trkpt lat="24.853114122524858" lon="121.35386609472334">
        <ele>202.6</ele>
      </trkpt>
      <trkpt lat="24.853216465562582" lon="121.35388193652034">
        <ele>202</ele>
      </trkpt>
      <trkpt lat="24.853309337049723" lon="121.35393113829195">
        <ele>201.4</ele>
      </trkpt>
      <trkpt lat="24.853389048948884" lon="121.35400716215372">
        <ele>200.8</ele>
      </trkpt>
      <trkpt lat="24.85348175279796" lon="121.35420539416373">
        <ele>199</ele>
      </trkpt>
      <trkpt lat="24.853773023933172" lon="121.35511038824916">
        <ele>191.2</ele>
      </trkpt>
      <trkpt lat="24.853824572637677" lon="121.35534390807152">
        <ele>189.8</ele>
      </trkpt>
      <trkpt lat="24.85383152961731" lon="121.35546770878136">
        <ele>189.2</ele>
      </trkpt>
      <trkpt lat="24.853782830759883" lon="121.35621579363942">
        <ele>187.4</ele>
      </trkpt>
      <trkpt lat="24.853811748325825" lon="121.35668953880668">
        <ele>184.8</ele>
      </trkpt>
      <trkpt lat="24.853878300637007" lon="121.35690403170884">
        <ele>185.8</ele>
      </trkpt>
      <trkpt lat="24.854025319218636" lon="121.35706261731684">
        <ele>185.4</ele>
      </trkpt>
      <trkpt lat="24.854123555123806" lon="121.35710989125073">
        <ele>185</ele>
      </trkpt>
      <trkpt lat="24.85474716871977" lon="121.35717426426709">
        <ele>179.6</ele>
      </trkpt>
      <trkpt lat="24.855012204498053" lon="121.35723385959864">
        <ele>180.6</ele>
      </trkpt>
      <trkpt lat="24.855188559740782" lon="121.35730409994721">
        <ele>180.6</ele>
      </trkpt>
      <trkpt lat="24.85533314757049" lon="121.3574375398457">
        <ele>180.4</ele>
      </trkpt>
      <trkpt lat="24.855416798964143" lon="121.35760576464236">
        <ele>180</ele>
      </trkpt>
      <trkpt lat="24.855438424274325" lon="121.35769980959594">
        <ele>179.8</ele>
      </trkpt>
      <trkpt lat="24.85545921139419" lon="121.35807464830577">
        <ele>180.2</ele>
      </trkpt>
      <trkpt lat="24.8554518353194" lon="121.35868795216084">
        <ele>181.4</ele>
      </trkpt>
      <trkpt lat="24.85548209398985" lon="121.35881703346968">
        <ele>181.6</ele>
      </trkpt>
      <trkpt lat="24.855548730120063" lon="121.35892876423895">
        <ele>181.6</ele>
      </trkpt>
      <trkpt lat="24.85565409064293" lon="121.35900462046266">
        <ele>181.4</ele>
      </trkpt>
      <trkpt lat="24.85618483275175" lon="121.3591474480927">
        <ele>178.2</ele>
      </trkpt>
      <trkpt lat="24.856607196852565" lon="121.35930804535747">
        <ele>176.8</ele>
      </trkpt>
      <trkpt lat="24.856742983683944" lon="121.35932078585029">
        <ele>177.2</ele>
      </trkpt>
      <trkpt lat="24.85733457840979" lon="121.35928826406598">
        <ele>177.4</ele>
      </trkpt>
      <trkpt lat="24.857744118198752" lon="121.35938482359052">
        <ele>177.4</ele>
      </trkpt>
      <trkpt lat="24.85829916782677" lon="121.35957249440253">
        <ele>176.6</ele>
      </trkpt>
      <trkpt lat="24.858659338206053" lon="121.3595483545214">
        <ele>175.2</ele>
      </trkpt>
      <trkpt lat="24.85885220579803" lon="121.35958079248667">
        <ele>174.6</ele>
      </trkpt>
      <trkpt lat="24.859126964583993" lon="121.35973242111504">
        <ele>174.2</ele>
      </trkpt>
      <trkpt lat="24.85932419076562" lon="121.35987709276378">
        <ele>173.8</ele>
      </trkpt>
      <trkpt lat="24.859615210443735" lon="121.36015495285392">
        <ele>171.6</ele>
      </trkpt>
      <trkpt lat="24.86044703051448" lon="121.36108685284853">
        <ele>173</ele>
      </trkpt>
      <trkpt lat="24.860703768208623" lon="121.36140620335937">
        <ele>172</ele>
      </trkpt>
      <trkpt lat="24.86078188754618" lon="121.36156193912029">
        <ele>171.6</ele>
      </trkpt>
      <trkpt lat="24.86081994138658" lon="121.36217264458537">
        <ele>170.4</ele>
      </trkpt>
      <trkpt lat="24.861000906676054" lon="121.36292139999568">
        <ele>167.6</ele>
      </trkpt>
      <trkpt lat="24.86109939403832" lon="121.36317394673824">
        <ele>166.8</ele>
      </trkpt>
      <trkpt lat="24.861487140879035" lon="121.36382136493921">
        <ele>165.2</ele>
      </trkpt>
      <trkpt lat="24.861618736758828" lon="121.36396930553019">
        <ele>164.4</ele>
      </trkpt>
      <trkpt lat="24.86206389963627" lon="121.36429846286774">
        <ele>163.4</ele>
      </trkpt>
      <trkpt lat="24.86242599785328" lon="121.36461454443634">
        <ele>162.4</ele>
      </trkpt>
      <trkpt lat="24.86252180300653" lon="121.36478461325169">
        <ele>162</ele>
      </trkpt>
      <trkpt lat="24.862660774961114" lon="121.36515710502863">
        <ele>163.6</ele>
      </trkpt>
      <trkpt lat="24.862824389711022" lon="121.36539221741259">
        <ele>162.2</ele>
      </trkpt>
      <trkpt lat="24.86313066445291" lon="121.3656023517251">
        <ele>161.6</ele>
      </trkpt>
      <trkpt lat="24.863356975838542" lon="121.36569187045097">
        <ele>161.4</ele>
      </trkpt>
      <trkpt lat="24.863716810941696" lon="121.36579035781324">
        <ele>159.6</ele>
      </trkpt>
      <trkpt lat="24.863831978291273" lon="121.36584509164095">
        <ele>159.4</ele>
      </trkpt>
      <trkpt lat="24.864513091742992" lon="121.36640802025795">
        <ele>158.6</ele>
      </trkpt>
      <trkpt lat="24.864597413688898" lon="121.36650742962956">
        <ele>158.2</ele>
      </trkpt>
      <trkpt lat="24.864671174436808" lon="121.36670557782054">
        <ele>157.2</ele>
      </trkpt>
      <trkpt lat="24.864734038710594" lon="121.36752499267459">
        <ele>154.2</ele>
      </trkpt>
      <trkpt lat="24.864894300699234" lon="121.36818992905319">
        <ele>153.6</ele>
      </trkpt>
      <trkpt lat="24.864953393116593" lon="121.36832697317004">
        <ele>153.6</ele>
      </trkpt>
      <trkpt lat="24.865035703405738" lon="121.36844390071929">
        <ele>153.6</ele>
      </trkpt>
      <trkpt lat="24.865131676197052" lon="121.36853216215968">
        <ele>153.4</ele>
      </trkpt>
      <trkpt lat="24.86572528257966" lon="121.36884103529155">
        <ele>149</ele>
      </trkpt>
      <trkpt lat="24.865907672792673" lon="121.36903717182577">
        <ele>147.6</ele>
      </trkpt>
      <trkpt lat="24.866002555936575" lon="121.36919123120606">
        <ele>147.2</ele>
      </trkpt>
      <trkpt lat="24.866069443523884" lon="121.36936264112592">
        <ele>147</ele>
      </trkpt>
      <trkpt lat="24.86611814238131" lon="121.36953866109252">
        <ele>146.8</ele>
      </trkpt>
      <trkpt lat="24.866171116009355" lon="121.36988290585577">
        <ele>146.4</ele>
      </trkpt>
      <trkpt lat="24.86627488397062" lon="121.37017752975225">
        <ele>146</ele>
      </trkpt>
      <trkpt lat="24.866357697173953" lon="121.37029110454023">
        <ele>146.2</ele>
      </trkpt>
      <trkpt lat="24.866796154528856" lon="121.37072252109647">
        <ele>145</ele>
      </trkpt>
      <trkpt lat="24.867317844182253" lon="121.37147865258157">
        <ele>141.6</ele>
      </trkpt>
      <trkpt lat="24.8677765019238" lon="121.37225221842527">
        <ele>139.2</ele>
      </trkpt>
      <trkpt lat="24.867893513292074" lon="121.37236202135682">
        <ele>138.8</ele>
      </trkpt>
      <trkpt lat="24.868036257103086" lon="121.37243980541825">
        <ele>138</ele>
      </trkpt>
      <trkpt lat="24.86938113346696" lon="121.37286325916648">
        <ele>134.6</ele>
      </trkpt>
      <trkpt lat="24.86964264884591" lon="121.37302670627832">
        <ele>134.2</ele>
      </trkpt>
      <trkpt lat="24.86999644897878" lon="121.3734421133995">
        <ele>133.2</ele>
      </trkpt>
      <trkpt lat="24.870117148384452" lon="121.37363271787763">
        <ele>133.2</ele>
      </trkpt>
      <trkpt lat="24.870183281600475" lon="121.3738599512726">
        <ele>132.4</ele>
      </trkpt>
      <trkpt lat="24.870176995173097" lon="121.37424786575139">
        <ele>132.6</ele>
      </trkpt>
      <trkpt lat="24.870229717344046" lon="121.3744678068906">
        <ele>132.2</ele>
      </trkpt>
      <trkpt lat="24.870359133929014" lon="121.37472965754569">
        <ele>130.8</ele>
      </trkpt>
      <trkpt lat="24.870752496644855" lon="121.37538319453597">
        <ele>131.2</ele>
      </trkpt>
      <trkpt lat="24.870890211313963" lon="121.37552602216601">
        <ele>131.6</ele>
      </trkpt>
      <trkpt lat="24.871048294007778" lon="121.37562970630825">
        <ele>131.4</ele>
      </trkpt>
      <trkpt lat="24.87148867920041" lon="121.37583841569722">
        <ele>130.4</ele>
      </trkpt>
      <trkpt lat="24.871617257595062" lon="121.375922402367">
        <ele>130</ele>
      </trkpt>
      <trkpt lat="24.871977595612407" lon="121.37629263103008">
        <ele>128.6</ele>
      </trkpt>
      <trkpt lat="24.872077256441116" lon="121.37649647891521">
        <ele>128</ele>
      </trkpt>
      <trkpt lat="24.87231488339603" lon="121.37744531035423">
        <ele>125.6</ele>
      </trkpt>
      <trkpt lat="24.872384956106544" lon="121.37760138139129">
        <ele>124.6</ele>
      </trkpt>
      <trkpt lat="24.87244094721973" lon="121.3776698615402">
        <ele>124.2</ele>
      </trkpt>
      <trkpt lat="24.873057352378964" lon="121.37814888730645">
        <ele>120.8</ele>
      </trkpt>
      <trkpt lat="24.873588597401977" lon="121.3786870893091">
        <ele>119.6</ele>
      </trkpt>
      <trkpt lat="24.873785907402635" lon="121.37883603572845">
        <ele>119.2</ele>
      </trkpt>
      <trkpt lat="24.874159237369895" lon="121.37897995300591">
        <ele>117</ele>
      </trkpt>
      <trkpt lat="24.87466575577855" lon="121.37904549948871">
        <ele>114.8</ele>
      </trkpt>
      <trkpt lat="24.874931629747152" lon="121.37911448255181">
        <ele>113.2</ele>
      </trkpt>
      <trkpt lat="24.875113181769848" lon="121.37920626439154">
        <ele>111.8</ele>
      </trkpt>
      <trkpt lat="24.875282580032945" lon="121.37933584861457">
        <ele>110.6</ele>
      </trkpt>
      <trkpt lat="24.87543328665197" lon="121.37948437593877">
        <ele>109.8</ele>
      </trkpt>
      <trkpt lat="24.87548466771841" lon="121.37958236038685">
        <ele>109.6</ele>
      </trkpt>
      <trkpt lat="24.8756424151361" lon="121.3801908865571">
        <ele>108</ele>
      </trkpt>
      <trkpt lat="24.875751547515392" lon="121.38034041970968">
        <ele>108</ele>
      </trkpt>
      <trkpt lat="24.875943325459957" lon="121.38053915463388">
        <ele>107.6</ele>
      </trkpt>
      <trkpt lat="24.876083554700017" lon="121.38063428923488">
        <ele>107</ele>
      </trkpt>
      <trkpt lat="24.876238871365786" lon="121.38068206608295">
        <ele>106.6</ele>
      </trkpt>
      <trkpt lat="24.876657212153077" lon="121.38072875328362">
        <ele>104.8</ele>
      </trkpt>
      <trkpt lat="24.876824179664254" lon="121.38073093257844">
        <ele>104</ele>
      </trkpt>
      <trkpt lat="24.876904394477606" lon="121.38070947490633">
        <ele>103.6</ele>
      </trkpt>
      <trkpt lat="24.87703791819513" lon="121.38061475940049">
        <ele>104.2</ele>
      </trkpt>
      <trkpt lat="24.877283507958055" lon="121.38024067506194">
        <ele>103.2</ele>
      </trkpt>
      <trkpt lat="24.87742541357875" lon="121.38013707473874">
        <ele>102.6</ele>
      </trkpt>
      <trkpt lat="24.877671841531992" lon="121.38004269450903">
        <ele>101.8</ele>
      </trkpt>
      <trkpt lat="24.877845011651516" lon="121.38002140447497">
        <ele>101.2</ele>
      </trkpt>
      <trkpt lat="24.878015164285898" lon="121.38003213331103">
        <ele>100.6</ele>
      </trkpt>
      <trkpt lat="24.878263687714934" lon="121.3800719473511">
        <ele>100.2</ele>
      </trkpt>
      <trkpt lat="24.878747323527932" lon="121.38020220212638">
        <ele>100</ele>
      </trkpt>
      <trkpt lat="24.878903394564986" lon="121.38021402060986">
        <ele>99.8</ele>
      </trkpt>
      <trkpt lat="24.879573779180646" lon="121.38005375862122">
        <ele>99.6</ele>
      </trkpt>
      <trkpt lat="24.879937218502164" lon="121.3799955882132">
        <ele>98.4</ele>
      </trkpt>
      <trkpt lat="24.880358492955565" lon="121.37982543557882">
        <ele>97.4</ele>
      </trkpt>
      <trkpt lat="24.88070759922266" lon="121.37963181361556">
        <ele>96.2</ele>
      </trkpt>
      <trkpt lat="24.881338588893414" lon="121.37918321415782">
        <ele>94.6</ele>
      </trkpt>
      <trkpt lat="24.881620053201914" lon="121.37901406735182">
        <ele>94.2</ele>
      </trkpt>
      <trkpt lat="24.881936386227608" lon="121.37892790138721">
        <ele>94.4</ele>
      </trkpt>
      <trkpt lat="24.882374173030257" lon="121.37882941402495">
        <ele>94.6</ele>
      </trkpt>
      <trkpt lat="24.88304380327463" lon="121.37845600023866">
        <ele>98</ele>
      </trkpt>
      <trkpt lat="24.88328176550567" lon="121.37828928418458">
        <ele>100.6</ele>
      </trkpt>
      <trkpt lat="24.883450912311673" lon="121.37813866138458">
        <ele>101.8</ele>
      </trkpt>
      <trkpt lat="24.883782332763076" lon="121.3777111005038">
        <ele>102.6</ele>
      </trkpt>
      <trkpt lat="24.884094977751374" lon="121.37720114551485">
        <ele>106</ele>
      </trkpt>
      <trkpt lat="24.884208301082253" lon="121.37707591988146">
        <ele>105.8</ele>
      </trkpt>
      <trkpt lat="24.88448423333466" lon="121.3768426515162">
        <ele>105.6</ele>
      </trkpt>
      <trkpt lat="24.88490240648389" lon="121.37656562961638">
        <ele>104.6</ele>
      </trkpt>
      <trkpt lat="24.88606975413859" lon="121.37606254778802">
        <ele>94.8</ele>
      </trkpt>
      <trkpt lat="24.886237727478147" lon="121.37601586058736">
        <ele>94.2</ele>
      </trkpt>
      <trkpt lat="24.886494548991323" lon="121.37598970904946">
        <ele>93</ele>
      </trkpt>
      <trkpt lat="24.887096034362912" lon="121.3760209735483">
        <ele>92.2</ele>
      </trkpt>
      <trkpt lat="24.8877908103168" lon="121.37593849562109">
        <ele>92.4</ele>
      </trkpt>
      <trkpt lat="24.888041513040662" lon="121.37595257721841">
        <ele>91.8</ele>
      </trkpt>
      <trkpt lat="24.888272769749165" lon="121.37600211426616">
        <ele>92.2</ele>
      </trkpt>
      <trkpt lat="24.888413585722446" lon="121.37598476372659">
        <ele>92.2</ele>
      </trkpt>
      <trkpt lat="24.88878079690039" lon="121.37588493525982">
        <ele>93.6</ele>
      </trkpt>
      <trkpt lat="24.889671206474304" lon="121.37558938935399">
        <ele>92.6</ele>
      </trkpt>
      <trkpt lat="24.890274619683623" lon="121.37534463778138">
        <ele>95.8</ele>
      </trkpt>
      <trkpt lat="24.89038241095841" lon="121.37525897473097">
        <ele>97.2</ele>
      </trkpt>
      <trkpt lat="24.89043865352869" lon="121.37518554925919">
        <ele>97.8</ele>
      </trkpt>
      <trkpt lat="24.890517946332693" lon="121.37505051679909">
        <ele>98.4</ele>
      </trkpt>
      <trkpt lat="24.890589360147715" lon="121.37485806830227">
        <ele>99.6</ele>
      </trkpt>
      <trkpt lat="24.890695307403803" lon="121.37468867003918">
        <ele>101.2</ele>
      </trkpt>
      <trkpt lat="24.890779880806804" lon="121.3745959661901">
        <ele>102.4</ele>
      </trkpt>
      <trkpt lat="24.891074169427156" lon="121.3744891807437">
        <ele>101.8</ele>
      </trkpt>
      <trkpt lat="24.891421850770712" lon="121.37444073334336">
        <ele>101</ele>
      </trkpt>
      <trkpt lat="24.89153659902513" lon="121.374392202124">
        <ele>100</ele>
      </trkpt>
      <trkpt lat="24.891745895147324" lon="121.3742159307003">
        <ele>98.4</ele>
      </trkpt>
      <trkpt lat="24.892213689163327" lon="121.37361067347229">
        <ele>95.6</ele>
      </trkpt>
      <trkpt lat="24.89236095920205" lon="121.37346901930869">
        <ele>95.8</ele>
      </trkpt>
      <trkpt lat="24.89294425584376" lon="121.37318512424827">
        <ele>95.8</ele>
      </trkpt>
      <trkpt lat="24.89319261163473" lon="121.37303441762924">
        <ele>94.8</ele>
      </trkpt>
      <trkpt lat="24.894266668707132" lon="121.37230510823429">
        <ele>87.2</ele>
      </trkpt>
      <trkpt lat="24.89665014669299" lon="121.37062663212419">
        <ele>76.8</ele>
      </trkpt>
      <trkpt lat="24.89684024825692" lon="121.37055647559464">
        <ele>76</ele>
      </trkpt>
      <trkpt lat="24.897046191617846" lon="121.37052747420967">
        <ele>76</ele>
      </trkpt>
      <trkpt lat="24.898184621706605" lon="121.37066284194589">
        <ele>72</ele>
      </trkpt>
      <trkpt lat="24.898286378011107" lon="121.37065135873854">
        <ele>71.6</ele>
      </trkpt>
      <trkpt lat="24.898384111002088" lon="121.37061120942235">
        <ele>71.6</ele>
      </trkpt>
      <trkpt lat="24.898464577272534" lon="121.37054767459631">
        <ele>71</ele>
      </trkpt>
      <trkpt lat="24.89852593280375" lon="121.37046259827912">
        <ele>70.2</ele>
      </trkpt>
      <trkpt lat="24.89868720062077" lon="121.37006068602204">
        <ele>66.2</ele>
      </trkpt>
      <trkpt lat="24.899064721539617" lon="121.36964519508183">
        <ele>63</ele>
      </trkpt>
      <trkpt lat="24.899193551391363" lon="121.36944914236665">
        <ele>62.2</ele>
      </trkpt>
      <trkpt lat="24.89990685135126" lon="121.36778818443418">
        <ele>61</ele>
      </trkpt>
      <trkpt lat="24.90011597983539" lon="121.36754158884287">
        <ele>61.6</ele>
      </trkpt>
      <trkpt lat="24.90037875249982" lon="121.36740697547793">
        <ele>63.4</ele>
      </trkpt>
      <trkpt lat="24.900585282593966" lon="121.36739666573703">
        <ele>64.6</ele>
      </trkpt>
      <trkpt lat="24.90077462978661" lon="121.36746698990464">
        <ele>65.2</ele>
      </trkpt>
      <trkpt lat="24.901008065789938" lon="121.36774619109929">
        <ele>67.2</ele>
      </trkpt>
      <trkpt lat="24.901281483471394" lon="121.36830073781312">
        <ele>68.4</ele>
      </trkpt>
      <trkpt lat="24.901345437392592" lon="121.36837810277939">
        <ele>68.8</ele>
      </trkpt>
      <trkpt lat="24.901426071301103" lon="121.36843350715935">
        <ele>68.8</ele>
      </trkpt>
      <trkpt lat="24.90203132852912" lon="121.36854976415634">
        <ele>65.8</ele>
      </trkpt>
      <trkpt lat="24.902787879109383" lon="121.3686418812722">
        <ele>63</ele>
      </trkpt>
      <trkpt lat="24.90301687270403" lon="121.36859427206218">
        <ele>62</ele>
      </trkpt>
      <trkpt lat="24.90322021767497" lon="121.36845781467855">
        <ele>60.8</ele>
      </trkpt>
      <trkpt lat="24.90497631020844" lon="121.36685024946928">
        <ele>66.4</ele>
      </trkpt>
      <trkpt lat="24.90509952418506" lon="121.36675318703055">
        <ele>67.2</ele>
      </trkpt>
      <trkpt lat="24.9052460398525" lon="121.36667498387396">
        <ele>68.2</ele>
      </trkpt>
      <trkpt lat="24.90536087192595" lon="121.36664405465126">
        <ele>69.2</ele>
      </trkpt>
      <trkpt lat="24.905578549951315" lon="121.36663709767163">
        <ele>69.8</ele>
      </trkpt>
      <trkpt lat="24.905946850776672" lon="121.36657473631203">
        <ele>70.6</ele>
      </trkpt>
      <trkpt lat="24.906377848237753" lon="121.36653416790068">
        <ele>71.2</ele>
      </trkpt>
      <trkpt lat="24.90673097781837" lon="121.36646862141788">
        <ele>69.4</ele>
      </trkpt>
      <trkpt lat="24.90725677460432" lon="121.36646225117147">
        <ele>67.6</ele>
      </trkpt>
      <trkpt lat="24.90811181254685" lon="121.36639050208032">
        <ele>67.2</ele>
      </trkpt>
      <trkpt lat="24.908911446109414" lon="121.3661102950573">
        <ele>63.8</ele>
      </trkpt>
      <trkpt lat="24.909317549318075" lon="121.36598733253777">
        <ele>64.2</ele>
      </trkpt>
      <trkpt lat="24.909841502085328" lon="121.36597350239754">
        <ele>62.8</ele>
      </trkpt>
      <trkpt lat="24.910214999690652" lon="121.36592153459787">
        <ele>62.6</ele>
      </trkpt>
      <trkpt lat="24.911698680371046" lon="121.36602236889303">
        <ele>59</ele>
      </trkpt>
      <trkpt lat="24.913593661040068" lon="121.36598180048168">
        <ele>58.2</ele>
      </trkpt>
      <trkpt lat="24.91476461291313" lon="121.36608481407166">
        <ele>56.8</ele>
      </trkpt>
      <trkpt lat="24.915360901504755" lon="121.36612228117883">
        <ele>56.4</ele>
      </trkpt>
      <trkpt lat="24.915497107431293" lon="121.36610903777182">
        <ele>57.6</ele>
      </trkpt>
      <trkpt lat="24.915789803490043" lon="121.36614256538451">
        <ele>57.8</ele>
      </trkpt>
      <trkpt lat="24.91715546697378" lon="121.3663986325264">
        <ele>56.8</ele>
      </trkpt>
      <trkpt lat="24.9174636695534" lon="121.36648421175778">
        <ele>55</ele>
      </trkpt>
      <trkpt lat="24.91888616234064" lon="121.36676777154207">
        <ele>55.6</ele>
      </trkpt>
      <trkpt lat="24.919119346886873" lon="121.36684002354741">
        <ele>55</ele>
      </trkpt>
      <trkpt lat="24.9196342471987" lon="121.36729650199413">
        <ele>53.4</ele>
      </trkpt>
      <trkpt lat="24.9198467284441" lon="121.36756832711399">
        <ele>52.4</ele>
      </trkpt>
      <trkpt lat="24.919981257990003" lon="121.36813754215837">
        <ele>51.6</ele>
      </trkpt>
      <trkpt lat="24.920128947123885" lon="121.36962130665779">
        <ele>51</ele>
      </trkpt>
      <trkpt lat="24.920298596844077" lon="121.37007443234324">
        <ele>53</ele>
      </trkpt>
      <trkpt lat="24.92041208781302" lon="121.37017861939967">
        <ele>53.6</ele>
      </trkpt>
      <trkpt lat="24.92072431370616" lon="121.37034365907311">
        <ele>51.2</ele>
      </trkpt>
      <trkpt lat="24.920884240418673" lon="121.37040266767144">
        <ele>52.2</ele>
      </trkpt>
      <trkpt lat="24.92120468057692" lon="121.37046100571752">
        <ele>52.4</ele>
      </trkpt>
      <trkpt lat="24.92175629362464" lon="121.37061950750649">
        <ele>50.6</ele>
      </trkpt>
      <trkpt lat="24.922322407364845" lon="121.37074833735824">
        <ele>48.6</ele>
      </trkpt>
      <trkpt lat="24.92484049871564" lon="121.3714063167572">
        <ele>42.6</ele>
      </trkpt>
      <trkpt lat="24.92568589746952" lon="121.37160706333816">
        <ele>42.4</ele>
      </trkpt>
      <trkpt lat="24.9260997120291" lon="121.37167847715318">
        <ele>42</ele>
      </trkpt>
      <trkpt lat="24.926452925428748" lon="121.3717829156667">
        <ele>43.8</ele>
      </trkpt>
      <trkpt lat="24.926881324499846" lon="121.37194342911243">
        <ele>43.8</ele>
      </trkpt>
      <trkpt lat="24.926909068599343" lon="121.37197896838188">
        <ele>44</ele>
      </trkpt>
      <trkpt lat="24.926946787163615" lon="121.37210159562528">
        <ele>44.2</ele>
      </trkpt>
      <trkpt lat="24.926822315901518" lon="121.37255237437785">
        <ele>43.2</ele>
      </trkpt>
      <trkpt lat="24.926773449406028" lon="121.3730123732239">
        <ele>43.8</ele>
      </trkpt>
      <trkpt lat="24.926758613437414" lon="121.37343582697213">
        <ele>44.2</ele>
      </trkpt>
      <trkpt lat="24.926851149648428" lon="121.3740108255297">
        <ele>41.2</ele>
      </trkpt>
      <trkpt lat="24.92691275663674" lon="121.37419966980815">
        <ele>41.2</ele>
      </trkpt>
      <trkpt lat="24.92709808051586" lon="121.37461901642382">
        <ele>40.6</ele>
      </trkpt>
      <trkpt lat="24.927339646965265" lon="121.3750571385026">
        <ele>40.6</ele>
      </trkpt>
      <trkpt lat="24.92769369855523" lon="121.37559802271426">
        <ele>39.8</ele>
      </trkpt>
      <trkpt lat="24.927942724898458" lon="121.37605642899871">
        <ele>39.8</ele>
      </trkpt>
      <trkpt lat="24.92799863219261" lon="121.37610697187483">
        <ele>39.8</ele>
      </trkpt>
      <trkpt lat="24.92813928052783" lon="121.37636329047382">
        <ele>39.8</ele>
      </trkpt>
      <trkpt lat="24.928727354854345" lon="121.3771759159863">
        <ele>42.6</ele>
      </trkpt>
      <trkpt lat="24.929048297926784" lon="121.37753834947944">
        <ele>40.2</ele>
      </trkpt>
      <trkpt lat="24.929420286789536" lon="121.37786013074219">
        <ele>38.2</ele>
      </trkpt>
      <trkpt lat="24.929848266765475" lon="121.37817160226405">
        <ele>40.6</ele>
      </trkpt>
      <trkpt lat="24.93004683405161" lon="121.37835851870477">
        <ele>40.4</ele>
      </trkpt>
      <trkpt lat="24.93022318929434" lon="121.37849212624133">
        <ele>40</ele>
      </trkpt>
      <trkpt lat="24.930359981954098" lon="121.37856186367571">
        <ele>37.8</ele>
      </trkpt>
      <trkpt lat="24.930412285029888" lon="121.37863813899457">
        <ele>37.6</ele>
      </trkpt>
      <trkpt lat="24.930416140705347" lon="121.37872824445367">
        <ele>38</ele>
      </trkpt>
      <trkpt lat="24.930280102416873" lon="121.37938094325364">
        <ele>38</ele>
      </trkpt>
      <trkpt lat="24.93024087511003" lon="121.38014378026128">
        <ele>36.2</ele>
      </trkpt>
      <trkpt lat="24.930255124345422" lon="121.38075272552669">
        <ele>34.4</ele>
      </trkpt>
      <trkpt lat="24.93033860810101" lon="121.38142419978976">
        <ele>36.4</ele>
      </trkpt>
      <trkpt lat="24.930595513433218" lon="121.38253161683679">
        <ele>35.4</ele>
      </trkpt>
      <trkpt lat="24.930814784020185" lon="121.38328959234059">
        <ele>36.8</ele>
      </trkpt>
      <trkpt lat="24.931080657988787" lon="121.3839955162257">
        <ele>36.2</ele>
      </trkpt>
      <trkpt lat="24.931250726804137" lon="121.3843750488013">
        <ele>35.6</ele>
      </trkpt>
      <trkpt lat="24.931526072323322" lon="121.3848570920527">
        <ele>35.4</ele>
      </trkpt>
      <trkpt lat="24.93164132349193" lon="121.38502338901162">
        <ele>35.6</ele>
      </trkpt>
      <trkpt lat="24.931818768382072" lon="121.38522095046937">
        <ele>35.8</ele>
      </trkpt>
      <trkpt lat="24.932558555155993" lon="121.38590952381492">
        <ele>36.2</ele>
      </trkpt>
      <trkpt lat="24.93293523788452" lon="121.38631286099553">
        <ele>37.4</ele>
      </trkpt>
      <trkpt lat="24.933466147631407" lon="121.38706396333873">
        <ele>36</ele>
      </trkpt>
      <trkpt lat="24.933515349403024" lon="121.38720519840717">
        <ele>36.2</ele>
      </trkpt>
      <trkpt lat="24.933617105707526" lon="121.3873437512666">
        <ele>36.6</ele>
      </trkpt>
      <trkpt lat="24.933667983859777" lon="121.38747199438512">
        <ele>37.4</ele>
      </trkpt>
      <trkpt lat="24.933859342709184" lon="121.38736529275775">
        <ele>39</ele>
      </trkpt>
      <trkpt lat="24.933943580836058" lon="121.3873646222055">
        <ele>38</ele>
      </trkpt>
      <trkpt lat="24.93449879810214" lon="121.38767559081316">
        <ele>35.6</ele>
      </trkpt>
      <trkpt lat="24.934737430885434" lon="121.38783258385956">
        <ele>36.6</ele>
      </trkpt>
      <trkpt lat="24.93560168892145" lon="121.38851361349225">
        <ele>34.6</ele>
      </trkpt>
      <trkpt lat="24.936296632513404" lon="121.38916111551225">
        <ele>35.6</ele>
      </trkpt>
      <trkpt lat="24.93640249595046" lon="121.38928516767919">
        <ele>36.4</ele>
      </trkpt>
      <trkpt lat="24.936436526477337" lon="121.38937233947217">
        <ele>37</ele>
      </trkpt>
      <trkpt lat="24.93653928861022" lon="121.38943403027952">
        <ele>37.2</ele>
      </trkpt>
      <trkpt lat="24.936590334400535" lon="121.3895280752331">
        <ele>37</ele>
      </trkpt>
      <trkpt lat="24.936717823147774" lon="121.38966185040772">
        <ele>35.6</ele>
      </trkpt>
      <trkpt lat="24.93682460859418" lon="121.389818508178">
        <ele>36.2</ele>
      </trkpt>
      <trkpt lat="24.937193328514695" lon="121.39044287614524">
        <ele>35.8</ele>
      </trkpt>
      <trkpt lat="24.937280667945743" lon="121.3905542716384">
        <ele>36.2</ele>
      </trkpt>
      <trkpt lat="24.937681909650564" lon="121.39126036316156">
        <ele>36.8</ele>
      </trkpt>
      <trkpt lat="24.937876285985112" lon="121.39153042808175">
        <ele>37.2</ele>
      </trkpt>
      <trkpt lat="24.938221955671906" lon="121.39210383407772">
        <ele>36</ele>
      </trkpt>
      <trkpt lat="24.93851138278842" lon="121.39253675937653">
        <ele>35.6</ele>
      </trkpt>
      <trkpt lat="24.93910356424749" lon="121.39352054335177">
        <ele>32.2</ele>
      </trkpt>
      <trkpt lat="24.939472703263164" lon="121.3943982962519">
        <ele>36.4</ele>
      </trkpt>
      <trkpt lat="24.939822647720575" lon="121.39517454430461">
        <ele>37.4</ele>
      </trkpt>
      <trkpt lat="24.939817870035768" lon="121.39520103111863">
        <ele>37.6</ele>
      </trkpt>
      <trkpt lat="24.939785348251462" lon="121.39520555734634">
        <ele>37.8</ele>
      </trkpt>
      <trkpt lat="24.939695075154305" lon="121.39503213576972">
        <ele>36</ele>
      </trkpt>
      <trkpt lat="24.939635060727596" lon="121.3948885537684">
        <ele>34.6</ele>
      </trkpt>
      <trkpt lat="24.939566077664495" lon="121.39480222016573">
        <ele>33.8</ele>
      </trkpt>
      <trkpt lat="24.939572028815746" lon="121.3947189040482">
        <ele>33.8</ele>
      </trkpt>
      <trkpt lat="24.939645873382688" lon="121.39468696899712">
        <ele>33.8</ele>
      </trkpt>
      <trkpt lat="24.93979850783944" lon="121.39470448717475">
        <ele>33.2</ele>
      </trkpt>
      <trkpt lat="24.93985466659069" lon="121.39468939974904">
        <ele>33.6</ele>
      </trkpt>
      <trkpt lat="24.939928259700537" lon="121.39471244998276">
        <ele>34</ele>
      </trkpt>
      <trkpt lat="24.939982322975993" lon="121.39475762844086">
        <ele>34</ele>
      </trkpt>
      <trkpt lat="24.940028926357627" lon="121.39484505169094">
        <ele>33.8</ele>
      </trkpt>
      <trkpt lat="24.940142165869474" lon="121.39494462870061">
        <ele>34.6</ele>
      </trkpt>
      <trkpt lat="24.940456319600344" lon="121.39510220848024">
        <ele>34.2</ele>
      </trkpt>
      <trkpt lat="24.940696712583303" lon="121.39528954401612">
        <ele>33.2</ele>
      </trkpt>
      <trkpt lat="24.940989911556244" lon="121.3954705093056">
        <ele>32.4</ele>
      </trkpt>
      <trkpt lat="24.94119258597493" lon="121.3955619558692">
        <ele>32.4</ele>
      </trkpt>
      <trkpt lat="24.941543620079756" lon="121.39588247984648">
        <ele>35</ele>
      </trkpt>
      <trkpt lat="24.94190538302064" lon="121.3966671936214">
        <ele>36.2</ele>
      </trkpt>
      <trkpt lat="24.9433805141598" lon="121.39935694634914">
        <ele>26</ele>
      </trkpt>
      <trkpt lat="24.944857824593782" lon="121.40167412348092">
        <ele>26.4</ele>
      </trkpt>
      <trkpt lat="24.945234758779407" lon="121.40216421335936">
        <ele>29.2</ele>
      </trkpt>
      <trkpt lat="24.945579254999757" lon="121.40251139178872">
        <ele>31.6</ele>
      </trkpt>
      <trkpt lat="24.945625020191073" lon="121.402657488361">
        <ele>31.6</ele>
      </trkpt>
      <trkpt lat="24.945678832009435" lon="121.40274315141141">
        <ele>31.6</ele>
      </trkpt>
      <trkpt lat="24.945975970476866" lon="121.40302453190088">
        <ele>30.2</ele>
      </trkpt>
      <trkpt lat="24.946343265473843" lon="121.40322837978601">
        <ele>28.6</ele>
      </trkpt>
      <trkpt lat="24.94695045053959" lon="121.40340238809586">
        <ele>27.6</ele>
      </trkpt>
      <trkpt lat="24.948652647435665" lon="121.40415885485709">
        <ele>26.2</ele>
      </trkpt>
      <trkpt lat="24.9488477781415" lon="121.4042685739696">
        <ele>26.4</ele>
      </trkpt>
      <trkpt lat="24.948999658226967" lon="121.4044276624918">
        <ele>26.4</ele>
      </trkpt>
      <trkpt lat="24.94921331293881" lon="121.40471817925572">
        <ele>26.6</ele>
      </trkpt>
      <trkpt lat="24.95012174360454" lon="121.40622222796082">
        <ele>27.8</ele>
      </trkpt>
      <trkpt lat="24.9502931535244" lon="121.40664744190872">
        <ele>26</ele>
      </trkpt>
      <trkpt lat="24.950432376936078" lon="121.4069145731628">
        <ele>26.6</ele>
      </trkpt>
      <trkpt lat="24.950772263109684" lon="121.40780615620315">
        <ele>28.6</ele>
      </trkpt>
      <trkpt lat="24.95099094696343" lon="121.40820412896574">
        <ele>29</ele>
      </trkpt>
      <trkpt lat="24.95121675543487" lon="121.4084804803133">
        <ele>29</ele>
      </trkpt>
      <trkpt lat="24.95172679424286" lon="121.4089762698859">
        <ele>28.8</ele>
      </trkpt>
      <trkpt lat="24.951939107850194" lon="121.40929603949189">
        <ele>26.8</ele>
      </trkpt>
      <trkpt lat="24.95204254053533" lon="121.40958932228386">
        <ele>25.4</ele>
      </trkpt>
      <trkpt lat="24.952083276584744" lon="121.40965218655765">
        <ele>25.2</ele>
      </trkpt>
      <trkpt lat="24.952284023165703" lon="121.40973416157067">
        <ele>24.4</ele>
      </trkpt>
      <trkpt lat="24.95239382609725" lon="121.40982896089554">
        <ele>24</ele>
      </trkpt>
      <trkpt lat="24.9524378310889" lon="121.40988947823644">
        <ele>24</ele>
      </trkpt>
      <trkpt lat="24.952546879649162" lon="121.41014470718801">
        <ele>24.2</ele>
      </trkpt>
      <trkpt lat="24.95262843556702" lon="121.41025400720537">
        <ele>24.4</ele>
      </trkpt>
      <trkpt lat="24.952903697267175" lon="121.41047554090619">
        <ele>27.6</ele>
      </trkpt>
      <trkpt lat="24.953101091086864" lon="121.41058433800936">
        <ele>24.2</ele>
      </trkpt>
      <trkpt lat="24.954792307689786" lon="121.41114776954055">
        <ele>21.6</ele>
      </trkpt>
      <trkpt lat="24.955001436173916" lon="121.4112472627312">
        <ele>22.4</ele>
      </trkpt>
      <trkpt lat="24.955197488889098" lon="121.41138028353453">
        <ele>22.6</ele>
      </trkpt>
      <trkpt lat="24.955564867705107" lon="121.4115781802684">
        <ele>23.2</ele>
      </trkpt>
      <trkpt lat="24.955944065004587" lon="121.41175352968276">
        <ele>23.4</ele>
      </trkpt>
      <trkpt lat="24.956349162384868" lon="121.41188981942832">
        <ele>24.2</ele>
      </trkpt>
      <trkpt lat="24.95671628974378" lon="121.41195377334952">
        <ele>23.6</ele>
      </trkpt>
      <trkpt lat="24.957029689103365" lon="121.41196844168007">
        <ele>24</ele>
      </trkpt>
      <trkpt lat="24.95746487751603" lon="121.41192971728742">
        <ele>24</ele>
      </trkpt>
      <trkpt lat="24.957883469760418" lon="121.41182016581297">
        <ele>24</ele>
      </trkpt>
      <trkpt lat="24.958413876593113" lon="121.41160533763468">
        <ele>22.8</ele>
      </trkpt>
      <trkpt lat="24.958871277049184" lon="121.41146200709045">
        <ele>22.4</ele>
      </trkpt>
      <trkpt lat="24.959205212071538" lon="121.41141196712852">
        <ele>23.4</ele>
      </trkpt>
      <trkpt lat="24.959724973887205" lon="121.41138447448611">
        <ele>23.4</ele>
      </trkpt>
      <trkpt lat="24.959810134023428" lon="121.41131641343236">
        <ele>23.8</ele>
      </trkpt>
      <trkpt lat="24.960023034363985" lon="121.41099798493087">
        <ele>24</ele>
      </trkpt>
      <trkpt lat="24.960193438455462" lon="121.4109378028661">
        <ele>24</ele>
      </trkpt>
      <trkpt lat="24.960986450314522" lon="121.41100896522403">
        <ele>24.2</ele>
      </trkpt>
      <trkpt lat="24.961581649258733" lon="121.41113544814289">
        <ele>26.6</ele>
      </trkpt>
      <trkpt lat="24.962070733308792" lon="121.41129839234054">
        <ele>26.6</ele>
      </trkpt>
      <trkpt lat="24.96260818094015" lon="121.4115609973669">
        <ele>25.8</ele>
      </trkpt>
      <trkpt lat="24.962779423221946" lon="121.41167130321264">
        <ele>26</ele>
      </trkpt>
      <trkpt lat="24.962812950834632" lon="121.41172737814486">
        <ele>26</ele>
      </trkpt>
      <trkpt lat="24.962821835651994" lon="121.41179384663701">
        <ele>26</ele>
      </trkpt>
      <trkpt lat="24.962735502049327" lon="121.41209341585636">
        <ele>25.6</ele>
      </trkpt>
      <trkpt lat="24.962777830660343" lon="121.4122763928026">
        <ele>25.4</ele>
      </trkpt>
      <trkpt lat="24.96290121227503" lon="121.41243556514382">
        <ele>25.4</ele>
      </trkpt>
      <trkpt lat="24.96342172846198" lon="121.41291769221425">
        <ele>25.2</ele>
      </trkpt>
      <trkpt lat="24.96385507285595" lon="121.41341490671039">
        <ele>24.6</ele>
      </trkpt>
      <trkpt lat="24.964119354262948" lon="121.41380022279918">
        <ele>20.2</ele>
      </trkpt>
      <trkpt lat="24.96427827514708" lon="121.4140806812793">
        <ele>19</ele>
      </trkpt>
      <trkpt lat="24.964559320360422" lon="121.41470211558044">
        <ele>21.4</ele>
      </trkpt>
      <trkpt lat="24.964927369728684" lon="121.41575236804783">
        <ele>23.4</ele>
      </trkpt>
      <trkpt lat="24.965503038838506" lon="121.41744710505009">
        <ele>22.4</ele>
      </trkpt>
      <trkpt lat="24.965528436005116" lon="121.41756436787546">
        <ele>22.4</ele>
      </trkpt>
      <trkpt lat="24.965900843963027" lon="121.41853482462466">
        <ele>22.2</ele>
      </trkpt>
      <trkpt lat="24.96603143401444" lon="121.41896087676287">
        <ele>17.4</ele>
      </trkpt>
      <trkpt lat="24.967087553814054" lon="121.42193494364619">
        <ele>18.6</ele>
      </trkpt>
      <trkpt lat="24.967406736686826" lon="121.42291428521276">
        <ele>19.6</ele>
      </trkpt>
      <trkpt lat="24.967567082494497" lon="121.4233399182558">
        <ele>19.4</ele>
      </trkpt>
      <trkpt lat="24.96771963313222" lon="121.423863703385">
        <ele>19.8</ele>
      </trkpt>
      <trkpt lat="24.968037558719516" lon="121.42470331862569">
        <ele>19.4</ele>
      </trkpt>
      <trkpt lat="24.968075528740883" lon="121.42476257868111">
        <ele>19.6</ele>
      </trkpt>
      <trkpt lat="24.968129927292466" lon="121.42480038106441">
        <ele>20</ele>
      </trkpt>
      <trkpt lat="24.96818969026208" lon="121.4247958548367">
        <ele>20.6</ele>
      </trkpt>
      <trkpt lat="24.968461180105805" lon="121.42455621622503">
        <ele>21.8</ele>
      </trkpt>
      <trkpt lat="24.968518847599626" lon="121.42454967834055">
        <ele>21.8</ele>
      </trkpt>
      <trkpt lat="24.968575090169907" lon="121.42457381822169">
        <ele>22</ele>
      </trkpt>
      <trkpt lat="24.96861197054386" lon="121.4246219303459">
        <ele>22</ele>
      </trkpt>
      <trkpt lat="24.968705428764224" lon="121.42489526420832">
        <ele>22.6</ele>
      </trkpt>
      <trkpt lat="24.96891581453383" lon="121.42535023391247">
        <ele>21.8</ele>
      </trkpt>
      <trkpt lat="24.968929141759872" lon="121.42542072571814">
        <ele>21.4</ele>
      </trkpt>
      <trkpt lat="24.96890458278358" lon="121.42548895440996">
        <ele>21.4</ele>
      </trkpt>
      <trkpt lat="24.968686988577247" lon="121.42564837820828">
        <ele>21.2</ele>
      </trkpt>
      <trkpt lat="24.96866754256189" lon="121.42570093274117">
        <ele>20.6</ele>
      </trkpt>
      <trkpt lat="24.968684054911137" lon="121.42576195299625">
        <ele>19.6</ele>
      </trkpt>
      <trkpt lat="24.96910742484033" lon="121.42635044641793">
        <ele>20.4</ele>
      </trkpt>
      <trkpt lat="24.969422249123454" lon="121.4268805179745">
        <ele>19.8</ele>
      </trkpt>
      <trkpt lat="24.97008911333978" lon="121.42790311016142">
        <ele>20.4</ele>
      </trkpt>
      <trkpt lat="24.971005925908685" lon="121.42924572341144">
        <ele>20.6</ele>
      </trkpt>
      <trkpt lat="24.972398495301604" lon="121.43120826222003">
        <ele>18.6</ele>
      </trkpt>
      <trkpt lat="24.972922867164016" lon="121.43188090994954">
        <ele>16.4</ele>
      </trkpt>
      <trkpt lat="24.97300861403346" lon="121.43196481280029">
        <ele>16.8</ele>
      </trkpt>
      <trkpt lat="24.973259652033448" lon="121.4321178663522">
        <ele>16.6</ele>
      </trkpt>
      <trkpt lat="24.973548240959644" lon="121.43237879499793">
        <ele>15.4</ele>
      </trkpt>
      <trkpt lat="24.97417638078332" lon="121.43281968310475">
        <ele>15.4</ele>
      </trkpt>
      <trkpt lat="24.97456345707178" lon="121.43312964588404">
        <ele>13.8</ele>
      </trkpt>
      <trkpt lat="24.975095791742206" lon="121.43383883871138">
        <ele>18</ele>
      </trkpt>
      <trkpt lat="24.97533400543034" lon="121.43411116674542">
        <ele>17.2</ele>
      </trkpt>
      <trkpt lat="24.97579090297222" lon="121.43450310453773">
        <ele>16.2</ele>
      </trkpt>
      <trkpt lat="24.97633706778288" lon="121.43488766625524">
        <ele>15.2</ele>
      </trkpt>
      <trkpt lat="24.976475117728114" lon="121.43495027907193">
        <ele>14.8</ele>
      </trkpt>
      <trkpt lat="24.97857696376741" lon="121.43630739301443">
        <ele>14.4</ele>
      </trkpt>
      <trkpt lat="24.97950240969658" lon="121.43682723864913">
        <ele>14.2</ele>
      </trkpt>
      <trkpt lat="24.98025837354362" lon="121.43719813786447">
        <ele>14.8</ele>
      </trkpt>
      <trkpt lat="24.980875365436077" lon="121.43746946007013">
        <ele>14.8</ele>
      </trkpt>
      <trkpt lat="24.981205444782972" lon="121.43768931739032">
        <ele>15.4</ele>
      </trkpt>
      <trkpt lat="24.981479700654745" lon="121.43781336955726">
        <ele>15.8</ele>
      </trkpt>
      <trkpt lat="24.982484271749854" lon="121.43817094154656">
        <ele>14.6</ele>
      </trkpt>
      <trkpt lat="24.983078632503748" lon="121.4382413495332">
        <ele>16.4</ele>
      </trkpt>
      <trkpt lat="24.984094435349107" lon="121.43851309083402">
        <ele>13.8</ele>
      </trkpt>
      <trkpt lat="24.98483531177044" lon="121.43866782076657">
        <ele>12.8</ele>
      </trkpt>
      <trkpt lat="24.986943947151303" lon="121.4392033405602">
        <ele>12.6</ele>
      </trkpt>
      <trkpt lat="24.988246075809002" lon="121.43948673270643">
        <ele>13.8</ele>
      </trkpt>
      <trkpt lat="24.98865938745439" lon="121.43953853286803">
        <ele>14.4</ele>
      </trkpt>
      <trkpt lat="24.98889827169478" lon="121.4396058395505">
        <ele>13.2</ele>
      </trkpt>
      <trkpt lat="24.989149644970894" lon="121.43963215872645">
        <ele>14</ele>
      </trkpt>
      <trkpt lat="24.98945625498891" lon="121.43970407545567">
        <ele>12.4</ele>
      </trkpt>
      <trkpt lat="24.989936957135797" lon="121.439747242257">
        <ele>14.6</ele>
      </trkpt>
      <trkpt lat="24.990192940458655" lon="121.43980415537953">
        <ele>13.6</ele>
      </trkpt>
      <trkpt lat="24.99070432037115" lon="121.439871462062">
        <ele>13.6</ele>
      </trkpt>
      <trkpt lat="24.992016088217497" lon="121.43998327665031">
        <ele>13.4</ele>
      </trkpt>
      <trkpt lat="24.993273708969355" lon="121.4400630723685">
        <ele>13.6</ele>
      </trkpt>
      <trkpt lat="24.993586353957653" lon="121.44005980342627">
        <ele>14.4</ele>
      </trkpt>
      <trkpt lat="24.99439193867147" lon="121.44014840014279">
        <ele>15.6</ele>
      </trkpt>
      <trkpt lat="24.99447835609317" lon="121.44011864438653">
        <ele>16.6</ele>
      </trkpt>
      <trkpt lat="24.994585309177637" lon="121.4400075841695">
        <ele>17.6</ele>
      </trkpt>
      <trkpt lat="24.994728472083807" lon="121.43968521617353">
        <ele>17</ele>
      </trkpt>
      <trkpt lat="24.99483165331185" lon="121.43954708240926">
        <ele>16</ele>
      </trkpt>
      <trkpt lat="24.99508579261601" lon="121.43949595279992">
        <ele>15</ele>
      </trkpt>
      <trkpt lat="24.9952710326761" lon="121.43951036967337">
        <ele>16.6</ele>
      </trkpt>
      <trkpt lat="24.995387624949217" lon="121.43947717733681">
        <ele>16.2</ele>
      </trkpt>
      <trkpt lat="24.995653331279755" lon="121.4393225312233">
        <ele>15.2</ele>
      </trkpt>
      <trkpt lat="24.995775539427996" lon="121.43932169303298">
        <ele>14.4</ele>
      </trkpt>
      <trkpt lat="24.996025571599603" lon="121.43941607326269">
        <ele>13.2</ele>
      </trkpt>
      <trkpt lat="24.99637434259057" lon="121.43960273824632">
        <ele>15.4</ele>
      </trkpt>
      <trkpt lat="24.996747756376863" lon="121.43975243903697">
        <ele>15.8</ele>
      </trkpt>
      <trkpt lat="24.997823406010866" lon="121.43993147648871">
        <ele>17.2</ele>
      </trkpt>
      <trkpt lat="24.99834635294974" lon="121.44006131216884">
        <ele>16.8</ele>
      </trkpt>
      <trkpt lat="24.998668134212494" lon="121.44007296301425">
        <ele>15.6</ele>
      </trkpt>
      <trkpt lat="24.998943144455552" lon="121.44014052115381">
        <ele>12.8</ele>
      </trkpt>
      <trkpt lat="24.999603470787406" lon="121.44011973403394">
        <ele>14.4</ele>
      </trkpt>
      <trkpt lat="25.0012253690511" lon="121.44017421640456">
        <ele>12.2</ele>
      </trkpt>
      <trkpt lat="25.003046253696084" lon="121.44029013812542">
        <ele>13.4</ele>
      </trkpt>
      <trkpt lat="25.004563042894006" lon="121.44043271429837">
        <ele>13.2</ele>
      </trkpt>
      <trkpt lat="25.004919776692986" lon="121.4404933154583">
        <ele>12.6</ele>
      </trkpt>
      <trkpt lat="25.005661994218826" lon="121.44055441953242">
        <ele>13.8</ele>
      </trkpt>
      <trkpt lat="25.007167384028435" lon="121.44073152914643">
        <ele>14.8</ele>
      </trkpt>
      <trkpt lat="25.008243201300502" lon="121.44087620079517">
        <ele>15.6</ele>
      </trkpt>
      <trkpt lat="25.009766444563866" lon="121.4411770273">
        <ele>13.4</ele>
      </trkpt>
      <trkpt lat="25.010145138949156" lon="121.44130560569465">
        <ele>12</ele>
      </trkpt>
      <trkpt lat="25.010367510840297" lon="121.44132915884256">
        <ele>12.6</ele>
      </trkpt>
      <trkpt lat="25.010693231597543" lon="121.44141213968396">
        <ele>12.4</ele>
      </trkpt>
      <trkpt lat="25.01187072135508" lon="121.44177767448127">
        <ele>12.8</ele>
      </trkpt>
      <trkpt lat="25.013045025989413" lon="121.4422199036926">
        <ele>12.4</ele>
      </trkpt>
      <trkpt lat="25.013957396149635" lon="121.44263053312898">
        <ele>9</ele>
      </trkpt>
      <trkpt lat="25.0177273247391" lon="121.44423960708082">
        <ele>9</ele>
      </trkpt>
      <trkpt lat="25.01864505931735" lon="121.44467026926577">
        <ele>11</ele>
      </trkpt>
      <trkpt lat="25.019469251856208" lon="121.44511585123837">
        <ele>11</ele>
      </trkpt>
      <trkpt lat="25.02007434144616" lon="121.44547057338059">
        <ele>13</ele>
      </trkpt>
      <trkpt lat="25.02015153877437" lon="121.44556319341063">
        <ele>11</ele>
      </trkpt>
      <trkpt lat="25.020197220146656" lon="121.44567500799894">
        <ele>8.4</ele>
      </trkpt>
      <trkpt lat="25.02024533227086" lon="121.44613785669208">
        <ele>10</ele>
      </trkpt>
      <trkpt lat="25.02027517184615" lon="121.44616442732513">
        <ele>10</ele>
      </trkpt>
      <trkpt lat="25.020444067195058" lon="121.44621019251645">
        <ele>10.8</ele>
      </trkpt>
      <trkpt lat="25.02094890922308" lon="121.44661193713546">
        <ele>12</ele>
      </trkpt>
      <trkpt lat="25.020947651937604" lon="121.4467222429812">
        <ele>13</ele>
      </trkpt>
      <trkpt lat="25.020912028849125" lon="121.44672710448503">
        <ele>13</ele>
      </trkpt>
      <trkpt lat="25.020872885361314" lon="121.44668695516884">
        <ele>13</ele>
      </trkpt>
      <trkpt lat="25.020853271707892" lon="121.44669667817652">
        <ele>13</ele>
      </trkpt>
      <trkpt lat="25.020742379128933" lon="121.44676976837218">
        <ele>12.6</ele>
      </trkpt>
      <trkpt lat="25.020661745220423" lon="121.44688501954079">
        <ele>12.2</ele>
      </trkpt>
    </trkseg>
  </trk>
</gpx>
