<?xml version="1.0" encoding="UTF-8"?>
<gpx creator="Garmin Connect" version="1.1"
  xsi:schemaLocation="http://www.topografix.com/GPX/1/1 http://www.topografix.com/GPX/11.xsd"
  xmlns:ns3="http://www.garmin.com/xmlschemas/TrackPointExtension/v1"
  xmlns="http://www.topografix.com/GPX/1/1"
  xmlns:xsi="http://www.w3.org/2001/XMLSchema-instance" xmlns:ns2="http://www.garmin.com/xmlschemas/GpxExtensions/v3">
  <metadata>
    <name>烏來瀑布</name>
    <link href="connect.garmin.com">
      <text>Garmin Connect</text>
    </link>
    <time>2022-08-05T06:51:39.000Z</time>
  </metadata>
  <trk>
    <name>烏來瀑布</name>
    <trkseg>
      <trkpt lat="24.986624931916595" lon="121.54190520755947">
        <ele>20.0</ele>
      </trkpt>
      <trkpt lat="24.98662233352661" lon="121.54198408126831">
        <ele>20.0</ele>
      </trkpt>
      <trkpt lat="24.986708164215088" lon="121.54198408126831">
        <ele>20.0</ele>
      </trkpt>
      <trkpt lat="24.98672970570624" lon="121.54131880961359">
        <ele>20.0</ele>
      </trkpt>
      <trkpt lat="24.98672970570624" lon="121.54082528315485">
        <ele>21.0</ele>
      </trkpt>
      <trkpt lat="24.986729621887207" lon="121.54082528315485">
        <ele>21.0</ele>
      </trkpt>
      <trkpt lat="24.98666533268988" lon="121.54082528315485">
        <ele>21.0</ele>
      </trkpt>
      <trkpt lat="24.98642921447754" lon="121.54082528315485">
        <ele>21.0</ele>
      </trkpt>
      <trkpt lat="24.986150348559022" lon="121.54086828231812">
        <ele>22.0</ele>
      </trkpt>
      <trkpt lat="24.985463619232178" lon="121.5409969445318">
        <ele>21.0</ele>
      </trkpt>
      <trkpt lat="24.98462677001953" lon="121.54112569056451">
        <ele>21.0</ele>
      </trkpt>
      <trkpt lat="24.984605312347412" lon="121.54106140136719">
        <ele>21.0</ele>
      </trkpt>
      <trkpt lat="24.984519481658936" lon="121.5409969445318">
        <ele>21.0</ele>
      </trkpt>
      <trkpt lat="24.98443373478949" lon="121.54091111384332">
        <ele>21.0</ele>
      </trkpt>
      <trkpt lat="24.984433567151427" lon="121.54091111384332">
        <ele>21.0</ele>
      </trkpt>
      <trkpt lat="24.984004581347108" lon="121.54106140136719">
        <ele>21.0</ele>
      </trkpt>
      <trkpt lat="24.984004497528076" lon="121.54106140136719">
        <ele>21.0</ele>
      </trkpt>
      <trkpt lat="24.983768379315734" lon="121.54112569056451">
        <ele>21.0</ele>
      </trkpt>
      <trkpt lat="24.98342522419989" lon="121.5411901473999">
        <ele>22.0</ele>
      </trkpt>
      <trkpt lat="24.98293161392212" lon="121.54127597808838">
        <ele>22.0</ele>
      </trkpt>
      <trkpt lat="24.982931530103087" lon="121.54127597808838">
        <ele>22.0</ele>
      </trkpt>
      <trkpt lat="24.982116222381592" lon="121.54140464030206">
        <ele>23.0</ele>
      </trkpt>
      <trkpt lat="24.98211613856256" lon="121.54140464030206">
        <ele>24.0</ele>
      </trkpt>
      <trkpt lat="24.981858814135194" lon="121.54146909713745">
        <ele>25.0</ele>
      </trkpt>
      <trkpt lat="24.981858730316162" lon="121.54146909713745">
        <ele>25.0</ele>
      </trkpt>
      <trkpt lat="24.98166561126709" lon="121.54151192866266">
        <ele>26.0</ele>
      </trkpt>
      <trkpt lat="24.981086337938905" lon="121.54168367385864">
        <ele>26.0</ele>
      </trkpt>
      <trkpt lat="24.980571353808045" lon="121.54183379374444">
        <ele>26.0</ele>
      </trkpt>
      <trkpt lat="24.980571269989014" lon="121.54183379374444">
        <ele>27.0</ele>
      </trkpt>
      <trkpt lat="24.979605674743652" lon="121.54213420115411">
        <ele>27.0</ele>
      </trkpt>
      <trkpt lat="24.97889748774469" lon="121.5423487778753">
        <ele>27.0</ele>
      </trkpt>
      <trkpt lat="24.977781772613525" lon="121.54269218444824">
        <ele>28.0</ele>
      </trkpt>
      <trkpt lat="24.97737407684326" lon="121.54275647364557">
        <ele>28.0</ele>
      </trkpt>
      <trkpt lat="24.97715950012207" lon="121.54279947280884">
        <ele>28.0</ele>
      </trkpt>
      <trkpt lat="24.976794719696045" lon="121.54282084666193">
        <ele>28.0</ele>
      </trkpt>
      <trkpt lat="24.97649439610541" lon="121.54282084666193">
        <ele>28.0</ele>
      </trkpt>
      <trkpt lat="24.975614631548524" lon="121.54284230433404">
        <ele>28.0</ele>
      </trkpt>
      <trkpt lat="24.975614547729492" lon="121.54284230433404">
        <ele>27.0</ele>
      </trkpt>
      <trkpt lat="24.975013816729188" lon="121.54284230433404">
        <ele>27.0</ele>
      </trkpt>
      <trkpt lat="24.975013649091125" lon="121.54284230433404">
        <ele>27.0</ele>
      </trkpt>
      <trkpt lat="24.974284255877137" lon="121.54284230433404">
        <ele>27.0</ele>
      </trkpt>
      <trkpt lat="24.973340034484863" lon="121.5428638458252">
        <ele>27.0</ele>
      </trkpt>
      <trkpt lat="24.972546184435487" lon="121.5428638458252">
        <ele>27.0</ele>
      </trkpt>
      <trkpt lat="24.972031116485596" lon="121.54284230433404">
        <ele>27.0</ele>
      </trkpt>
      <trkpt lat="24.971644962206483" lon="121.54277801513672">
        <ele>27.0</ele>
      </trkpt>
      <trkpt lat="24.971237182617188" lon="121.54267072677612">
        <ele>27.0</ele>
      </trkpt>
      <trkpt lat="24.97093677520752" lon="121.54256343841553">
        <ele>26.0</ele>
      </trkpt>
      <trkpt lat="24.970872402191162" lon="121.54252043925226">
        <ele>26.0</ele>
      </trkpt>
      <trkpt lat="24.97087231837213" lon="121.54252043925226">
        <ele>26.0</ele>
      </trkpt>
      <trkpt lat="24.969327533617616" lon="121.5420054551214">
        <ele>26.0</ele>
      </trkpt>
      <trkpt lat="24.969027126207948" lon="121.54189825057983">
        <ele>26.0</ele>
      </trkpt>
      <trkpt lat="24.968361854553223" lon="121.54166221618652">
        <ele>26.0</ele>
      </trkpt>
      <trkpt lat="24.967911327257752" lon="121.54149055480957">
        <ele>26.0</ele>
      </trkpt>
      <trkpt lat="24.96791124343872" lon="121.54149055480957">
        <ele>27.0</ele>
      </trkpt>
      <trkpt lat="24.967546463012695" lon="121.54138326644897">
        <ele>27.0</ele>
      </trkpt>
      <trkpt lat="24.96720322407782" lon="121.54125452041626">
        <ele>27.0</ele>
      </trkpt>
      <trkpt lat="24.966602409258485" lon="121.54106140136719">
        <ele>27.0</ele>
      </trkpt>
      <trkpt lat="24.966216003522277" lon="121.54091111384332">
        <ele>28.0</ele>
      </trkpt>
      <trkpt lat="24.96548661030829" lon="121.54061070643365">
        <ele>28.0</ele>
      </trkpt>
      <trkpt lat="24.965250492095947" lon="121.54050341807306">
        <ele>28.0</ele>
      </trkpt>
      <trkpt lat="24.965121746063232" lon="121.54046058654785">
        <ele>28.0</ele>
      </trkpt>
      <trkpt lat="24.964606761932373" lon="121.54024600982666">
        <ele>29.0</ele>
      </trkpt>
      <trkpt lat="24.96346958912909" lon="121.53977385722101">
        <ele>29.0</ele>
      </trkpt>
      <trkpt lat="24.963469421491027" lon="121.53977385722101">
        <ele>29.0</ele>
      </trkpt>
      <trkpt lat="24.963169181719422" lon="121.53964519500732">
        <ele>30.0</ele>
      </trkpt>
      <trkpt lat="24.96267557144165" lon="121.53943061828613">
        <ele>30.0</ele>
      </trkpt>
      <trkpt lat="24.96243962086737" lon="121.53934478759766">
        <ele>30.0</ele>
      </trkpt>
      <trkpt lat="24.962117755785584" lon="121.53919450007379">
        <ele>31.0</ele>
      </trkpt>
      <trkpt lat="24.961774349212646" lon="121.53906575404108">
        <ele>31.0</ele>
      </trkpt>
      <trkpt lat="24.961302280426025" lon="121.53885126113892">
        <ele>31.0</ele>
      </trkpt>
      <trkpt lat="24.96070154942572" lon="121.5386152267456">
        <ele>32.0</ele>
      </trkpt>
      <trkpt lat="24.96070146560669" lon="121.5386152267456">
        <ele>32.0</ele>
      </trkpt>
      <trkpt lat="24.9602294806391" lon="121.53840056620538">
        <ele>33.0</ele>
      </trkpt>
      <trkpt lat="24.95945692062378" lon="121.5380787011236">
        <ele>34.0</ele>
      </trkpt>
      <trkpt lat="24.959456836804748" lon="121.5380787011236">
        <ele>34.0</ele>
      </trkpt>
      <trkpt lat="24.95915642939508" lon="121.53795003890991">
        <ele>35.0</ele>
      </trkpt>
      <trkpt lat="24.95896339416504" lon="121.5379285812378">
        <ele>36.0</ele>
      </trkpt>
      <trkpt lat="24.958791732788086" lon="121.53795003890991">
        <ele>37.0</ele>
      </trkpt>
      <trkpt lat="24.957826053723693" lon="121.5380787011236">
        <ele>37.0</ele>
      </trkpt>
      <trkpt lat="24.95771884918213" lon="121.53810015879571">
        <ele>38.0</ele>
      </trkpt>
      <trkpt lat="24.957718765363097" lon="121.53810015879571">
        <ele>39.0</ele>
      </trkpt>
      <trkpt lat="24.95698937214911" lon="121.53822898864746">
        <ele>40.0</ele>
      </trkpt>
      <trkpt lat="24.956066608428955" lon="121.53846493922174">
        <ele>41.0</ele>
      </trkpt>
      <trkpt lat="24.955873573198915" lon="121.53852939605713">
        <ele>42.0</ele>
      </trkpt>
      <trkpt lat="24.95572328567505" lon="121.53863668441772">
        <ele>42.0</ele>
      </trkpt>
      <trkpt lat="24.955615997314453" lon="121.53870097361505">
        <ele>43.0</ele>
      </trkpt>
      <trkpt lat="24.95546587742865" lon="121.53885126113892">
        <ele>44.0</ele>
      </trkpt>
      <trkpt lat="24.95522984303534" lon="121.53913021087646">
        <ele>44.0</ele>
      </trkpt>
      <trkpt lat="24.954929435625672" lon="121.53953790664673">
        <ele>45.0</ele>
      </trkpt>
      <trkpt lat="24.954779148101807" lon="121.53970948420465">
        <ele>45.0</ele>
      </trkpt>
      <trkpt lat="24.954564655199647" lon="121.5398811455816">
        <ele>45.0</ele>
      </trkpt>
      <trkpt lat="24.95437136851251" lon="121.5399884339422">
        <ele>46.0</ele>
      </trkpt>
      <trkpt lat="24.954135501757264" lon="121.5400957223028">
        <ele>46.0</ele>
      </trkpt>
      <trkpt lat="24.953362941741943" lon="121.54046058654785">
        <ele>46.0</ele>
      </trkpt>
      <trkpt lat="24.953062534332275" lon="121.54061070643365">
        <ele>46.0</ele>
      </trkpt>
      <trkpt lat="24.952998161315918" lon="121.54065370559692">
        <ele>46.0</ele>
      </trkpt>
      <trkpt lat="24.95293378829956" lon="121.5407395362854">
        <ele>46.0</ele>
      </trkpt>
      <trkpt lat="24.952890872955322" lon="121.54082528315485">
        <ele>45.0</ele>
      </trkpt>
      <trkpt lat="24.952847873792052" lon="121.54091111384332">
        <ele>45.0</ele>
      </trkpt>
      <trkpt lat="24.952847873792052" lon="121.54103994369507">
        <ele>44.0</ele>
      </trkpt>
      <trkpt lat="24.95286933146417" lon="121.54247760772705">
        <ele>44.0</ele>
      </trkpt>
      <trkpt lat="24.952912414446473" lon="121.54284230433404">
        <ele>44.0</ele>
      </trkpt>
      <trkpt lat="24.95291233062744" lon="121.54284230433404">
        <ele>44.0</ele>
      </trkpt>
      <trkpt lat="24.953126907348633" lon="121.54395810328424">
        <ele>43.0</ele>
      </trkpt>
      <trkpt lat="24.95314828120172" lon="121.54408693313599">
        <ele>42.0</ele>
      </trkpt>
      <trkpt lat="24.953126907348633" lon="121.54434434138238">
        <ele>41.0</ele>
      </trkpt>
      <trkpt lat="24.953083992004395" lon="121.54460191726685">
        <ele>41.0</ele>
      </trkpt>
      <trkpt lat="24.952826499938965" lon="121.54561042785645">
        <ele>41.0</ele>
      </trkpt>
      <trkpt lat="24.95265475474298" lon="121.54646865092218">
        <ele>40.0</ele>
      </trkpt>
      <trkpt lat="24.952611923217773" lon="121.54666176997125">
        <ele>40.0</ele>
      </trkpt>
      <trkpt lat="24.952568924054503" lon="121.54676905833185">
        <ele>39.0</ele>
      </trkpt>
      <trkpt lat="24.95244017802179" lon="121.54694080352783">
        <ele>39.0</ele>
      </trkpt>
      <trkpt lat="24.952075397595763" lon="121.54741278849542">
        <ele>39.0</ele>
      </trkpt>
      <trkpt lat="24.952032482251525" lon="121.54756307601929">
        <ele>39.0</ele>
      </trkpt>
      <trkpt lat="24.9517107848078" lon="121.54719821177423">
        <ele>39.0</ele>
      </trkpt>
      <trkpt lat="24.95164624415338" lon="121.5471339225769">
        <ele>39.0</ele>
      </trkpt>
      <trkpt lat="24.951345836743712" lon="121.54676905833185">
        <ele>38.0</ele>
      </trkpt>
      <trkpt lat="24.95102413929999" lon="121.5463828202337">
        <ele>38.0</ele>
      </trkpt>
      <trkpt lat="24.9509596824646" lon="121.5463399887085">
        <ele>38.0</ele>
      </trkpt>
      <trkpt lat="24.950788021087646" lon="121.54618970118463">
        <ele>38.0</ele>
      </trkpt>
      <trkpt lat="24.95068073272705" lon="121.54614686965942">
        <ele>39.0</ele>
      </trkpt>
      <trkpt lat="24.950530445203185" lon="121.5461254119873">
        <ele>39.0</ele>
      </trkpt>
      <trkpt lat="24.950401866808534" lon="121.54614686965942">
        <ele>39.0</ele>
      </trkpt>
      <trkpt lat="24.95018720626831" lon="121.54621124267578">
        <ele>39.0</ele>
      </trkpt>
      <trkpt lat="24.950036918744445" lon="121.54621124267578">
        <ele>39.0</ele>
      </trkpt>
      <trkpt lat="24.949865341186523" lon="121.54621124267578">
        <ele>40.0</ele>
      </trkpt>
      <trkpt lat="24.948770999908447" lon="121.5461254119873">
        <ele>40.0</ele>
      </trkpt>
      <trkpt lat="24.94877108372748" lon="121.5461254119873">
        <ele>40.0</ele>
      </trkpt>
      <trkpt lat="24.948019981384277" lon="121.54606095515192">
        <ele>40.0</ele>
      </trkpt>
      <trkpt lat="24.947848320007324" lon="121.54603958129883">
        <ele>41.0</ele>
      </trkpt>
      <trkpt lat="24.947290420532227" lon="121.54606095515192">
        <ele>41.0</ele>
      </trkpt>
      <trkpt lat="24.94690409861505" lon="121.54608241282403">
        <ele>41.0</ele>
      </trkpt>
      <trkpt lat="24.94621753692627" lon="121.54606095515192">
        <ele>42.0</ele>
      </trkpt>
      <trkpt lat="24.946045875549316" lon="121.54606095515192">
        <ele>42.0</ele>
      </trkpt>
      <trkpt lat="24.945359146222472" lon="121.54616824351251">
        <ele>42.0</ele>
      </trkpt>
      <trkpt lat="24.94467250071466" lon="121.54621124267578">
        <ele>42.0</ele>
      </trkpt>
      <trkpt lat="24.944479381665587" lon="121.54618970118463">
        <ele>43.0</ele>
      </trkpt>
      <trkpt lat="24.943814277648926" lon="121.54610395431519">
        <ele>42.0</ele>
      </trkpt>
      <trkpt lat="24.943535244092345" lon="121.54610395431519">
        <ele>42.0</ele>
      </trkpt>
      <trkpt lat="24.943363666534424" lon="121.54614686965942">
        <ele>42.0</ele>
      </trkpt>
      <trkpt lat="24.943277835845947" lon="121.54614686965942">
        <ele>43.0</ele>
      </trkpt>
      <trkpt lat="24.942891597747803" lon="121.54625407420099">
        <ele>43.0</ele>
      </trkpt>
      <trkpt lat="24.942505359649658" lon="121.54642581939697">
        <ele>43.0</ele>
      </trkpt>
      <trkpt lat="24.942376613616943" lon="121.54644727706909">
        <ele>43.0</ele>
      </trkpt>
      <trkpt lat="24.94226940907538" lon="121.54644727706909">
        <ele>43.0</ele>
      </trkpt>
      <trkpt lat="24.942162036895752" lon="121.54640427790582">
        <ele>43.0</ele>
      </trkpt>
      <trkpt lat="24.942054748535156" lon="121.5462755318731">
        <ele>43.0</ele>
      </trkpt>
      <trkpt lat="24.941818630322814" lon="121.54588929377496">
        <ele>43.0</ele>
      </trkpt>
      <trkpt lat="24.941775798797607" lon="121.54584646224976">
        <ele>43.0</ele>
      </trkpt>
      <trkpt lat="24.94166851043701" lon="121.54578200541437">
        <ele>43.0</ele>
      </trkpt>
      <trkpt lat="24.94162551127374" lon="121.54578200541437">
        <ele>43.0</ele>
      </trkpt>
      <trkpt lat="24.941496765241027" lon="121.54580354690552">
        <ele>43.0</ele>
      </trkpt>
      <trkpt lat="24.941282272338867" lon="121.54599658213556">
        <ele>43.0</ele>
      </trkpt>
      <trkpt lat="24.94119635783136" lon="121.54603958129883">
        <ele>43.0</ele>
      </trkpt>
      <trkpt lat="24.941131984815" lon="121.54606095515192">
        <ele>44.0</ele>
      </trkpt>
      <trkpt lat="24.941067695617676" lon="121.54606095515192">
        <ele>44.0</ele>
      </trkpt>
      <trkpt lat="24.940574169158936" lon="121.54582500457764">
        <ele>44.0</ele>
      </trkpt>
      <trkpt lat="24.940166473388672" lon="121.54561042785645">
        <ele>45.0</ele>
      </trkpt>
      <trkpt lat="24.940037727355957" lon="121.5454815980047">
        <ele>45.0</ele>
      </trkpt>
      <trkpt lat="24.93973731994629" lon="121.54507390223444">
        <ele>46.0</ele>
      </trkpt>
      <trkpt lat="24.939651489257812" lon="121.54500961303711">
        <ele>46.0</ele>
      </trkpt>
      <trkpt lat="24.93950128555298" lon="121.54490232467651">
        <ele>47.0</ele>
      </trkpt>
      <trkpt lat="24.939436996355653" lon="121.54483786784112">
        <ele>48.0</ele>
      </trkpt>
      <trkpt lat="24.939157962799072" lon="121.54464474879205">
        <ele>48.0</ele>
      </trkpt>
      <trkpt lat="24.939072048291564" lon="121.5445803757757">
        <ele>49.0</ele>
      </trkpt>
      <trkpt lat="24.93821382522583" lon="121.54352894984186">
        <ele>49.0</ele>
      </trkpt>
      <trkpt lat="24.938127994537354" lon="121.5434645768255">
        <ele>50.0</ele>
      </trkpt>
      <trkpt lat="24.938020706176758" lon="121.54348611831665">
        <ele>50.0</ele>
      </trkpt>
      <trkpt lat="24.93793487548828" lon="121.54352894984186">
        <ele>51.0</ele>
      </trkpt>
      <trkpt lat="24.937891960144043" lon="121.54361486434937">
        <ele>52.0</ele>
      </trkpt>
      <trkpt lat="24.937870418652892" lon="121.54380798339844">
        <ele>53.0</ele>
      </trkpt>
      <trkpt lat="24.937913417816162" lon="121.54412976466119">
        <ele>54.0</ele>
      </trkpt>
      <trkpt lat="24.93789187632501" lon="121.54428005218506">
        <ele>54.0</ele>
      </trkpt>
      <trkpt lat="24.937784587964416" lon="121.54455891810358">
        <ele>55.0</ele>
      </trkpt>
      <trkpt lat="24.93772029876709" lon="121.54466620646417">
        <ele>56.0</ele>
      </trkpt>
      <trkpt lat="24.937591552734375" lon="121.54483786784112">
        <ele>56.0</ele>
      </trkpt>
      <trkpt lat="24.93752726353705" lon="121.54490232467651">
        <ele>57.0</ele>
      </trkpt>
      <trkpt lat="24.93744134902954" lon="121.54500961303711">
        <ele>58.0</ele>
      </trkpt>
      <trkpt lat="24.937376892194152" lon="121.54509544372559">
        <ele>58.0</ele>
      </trkpt>
      <trkpt lat="24.937334060668945" lon="121.54520273208618">
        <ele>59.0</ele>
      </trkpt>
      <trkpt lat="24.93720531463623" lon="121.54565325938165">
        <ele>60.0</ele>
      </trkpt>
      <trkpt lat="24.937162399291992" lon="121.54595366679132">
        <ele>60.0</ele>
      </trkpt>
      <trkpt lat="24.937140941619873" lon="121.54616824351251">
        <ele>61.0</ele>
      </trkpt>
      <trkpt lat="24.937140941619873" lon="121.54655456542969">
        <ele>62.0</ele>
      </trkpt>
      <trkpt lat="24.937119483947754" lon="121.54672622680664">
        <ele>63.0</ele>
      </trkpt>
      <trkpt lat="24.937076484784484" lon="121.54681205749512">
        <ele>63.0</ele>
      </trkpt>
      <trkpt lat="24.93699073791504" lon="121.54689780436456">
        <ele>64.0</ele>
      </trkpt>
      <trkpt lat="24.93694773875177" lon="121.54691934585571">
        <ele>65.0</ele>
      </trkpt>
      <trkpt lat="24.936861991882324" lon="121.54691934585571">
        <ele>66.0</ele>
      </trkpt>
      <trkpt lat="24.936754619702697" lon="121.54685497283936">
        <ele>66.0</ele>
      </trkpt>
      <trkpt lat="24.936625957489014" lon="121.54674768447876">
        <ele>67.0</ele>
      </trkpt>
      <trkpt lat="24.936346923932433" lon="121.5463828202337">
        <ele>68.0</ele>
      </trkpt>
      <trkpt lat="24.936304092407227" lon="121.54625407420099">
        <ele>69.0</ele>
      </trkpt>
      <trkpt lat="24.936282634735107" lon="121.54603958129883">
        <ele>70.0</ele>
      </trkpt>
      <trkpt lat="24.936304092407227" lon="121.54595366679132">
        <ele>70.0</ele>
      </trkpt>
      <trkpt lat="24.936346923932433" lon="121.54584646224976">
        <ele>71.0</ele>
      </trkpt>
      <trkpt lat="24.93654021061957" lon="121.54546014033258">
        <ele>71.0</ele>
      </trkpt>
      <trkpt lat="24.936561584472656" lon="121.54535285197198">
        <ele>72.0</ele>
      </trkpt>
      <trkpt lat="24.936561500653625" lon="121.54535285197198">
        <ele>73.0</ele>
      </trkpt>
      <trkpt lat="24.93666878901422" lon="121.54505244456232">
        <ele>73.0</ele>
      </trkpt>
      <trkpt lat="24.93671178817749" lon="121.54488078318536">
        <ele>73.0</ele>
      </trkpt>
      <trkpt lat="24.93669033050537" lon="121.54475203715265">
        <ele>74.0</ele>
      </trkpt>
      <trkpt lat="24.936604499816895" lon="121.54468774795532">
        <ele>75.0</ele>
      </trkpt>
      <trkpt lat="24.936282634735107" lon="121.54453746043146">
        <ele>75.0</ele>
      </trkpt>
      <trkpt lat="24.936110973358154" lon="121.54451608657837">
        <ele>76.0</ele>
      </trkpt>
      <trkpt lat="24.93596068583429" lon="121.54455891810358">
        <ele>77.0</ele>
      </trkpt>
      <trkpt lat="24.935574531555176" lon="121.54479503631592">
        <ele>78.0</ele>
      </trkpt>
      <trkpt lat="24.935209834948182" lon="121.54503107070923">
        <ele>79.0</ele>
      </trkpt>
      <trkpt lat="24.935081088915467" lon="121.54509544372559">
        <ele>80.0</ele>
      </trkpt>
      <trkpt lat="24.93497371673584" lon="121.5451169013977">
        <ele>81.0</ele>
      </trkpt>
      <trkpt lat="24.934909343719482" lon="121.5451169013977">
        <ele>82.0</ele>
      </trkpt>
      <trkpt lat="24.934802055358887" lon="121.54509544372559">
        <ele>83.0</ele>
      </trkpt>
      <trkpt lat="24.934630310162902" lon="121.54498807154596">
        <ele>83.0</ele>
      </trkpt>
      <trkpt lat="24.934523021802306" lon="121.54498807154596">
        <ele>84.0</ele>
      </trkpt>
      <trkpt lat="24.9344801902771" lon="121.54500961303711">
        <ele>85.0</ele>
      </trkpt>
      <trkpt lat="24.93441573344171" lon="121.54503107070923">
        <ele>86.0</ele>
      </trkpt>
      <trkpt lat="24.934372901916504" lon="121.54505244456232">
        <ele>87.0</ele>
      </trkpt>
      <trkpt lat="24.934244072064757" lon="121.54528847895563">
        <ele>89.0</ele>
      </trkpt>
      <trkpt lat="24.93417978286743" lon="121.54535285197198">
        <ele>90.0</ele>
      </trkpt>
      <trkpt lat="24.934050953015685" lon="121.54539585113525">
        <ele>91.0</ele>
      </trkpt>
      <trkpt lat="24.933965289965272" lon="121.54539585113525">
        <ele>92.0</ele>
      </trkpt>
      <trkpt lat="24.933857917785645" lon="121.54535285197198">
        <ele>92.0</ele>
      </trkpt>
      <trkpt lat="24.93370763026178" lon="121.54520273208618">
        <ele>93.0</ele>
      </trkpt>
      <trkpt lat="24.933600341901183" lon="121.5451169013977">
        <ele>94.0</ele>
      </trkpt>
      <trkpt lat="24.9334716796875" lon="121.54509544372559">
        <ele>95.0</ele>
      </trkpt>
      <trkpt lat="24.933321392163634" lon="121.5451169013977">
        <ele>96.0</ele>
      </trkpt>
      <trkpt lat="24.932999527081847" lon="121.54524556361139">
        <ele>97.0</ele>
      </trkpt>
      <trkpt lat="24.932870864868164" lon="121.54531002044678">
        <ele>98.0</ele>
      </trkpt>
      <trkpt lat="24.9327205773443" lon="121.54543876647949">
        <ele>99.0</ele>
      </trkpt>
      <trkpt lat="24.932570457458496" lon="121.5455888863653">
        <ele>100.0</ele>
      </trkpt>
      <trkpt lat="24.932484542950988" lon="121.54573917388916">
        <ele>102.0</ele>
      </trkpt>
      <trkpt lat="24.932398796081543" lon="121.54595366679132">
        <ele>103.0</ele>
      </trkpt>
      <trkpt lat="24.932334423065186" lon="121.54614686965942">
        <ele>104.0</ele>
      </trkpt>
      <trkpt lat="24.932291423901916" lon="121.54651165008545">
        <ele>106.0</ele>
      </trkpt>
      <trkpt lat="24.932270050048828" lon="121.54661893844604">
        <ele>108.0</ele>
      </trkpt>
      <trkpt lat="24.932227050885558" lon="121.54668322764337">
        <ele>109.0</ele>
      </trkpt>
      <trkpt lat="24.93218413554132" lon="121.54674768447876">
        <ele>110.0</ele>
      </trkpt>
      <trkpt lat="24.93175506591797" lon="121.5471339225769">
        <ele>112.0</ele>
      </trkpt>
      <trkpt lat="24.931604778394103" lon="121.54732704162598">
        <ele>113.0</ele>
      </trkpt>
      <trkpt lat="24.931518947705626" lon="121.5474986191839">
        <ele>115.0</ele>
      </trkpt>
      <trkpt lat="24.93126153945923" lon="121.5481424331665">
        <ele>117.0</ele>
      </trkpt>
      <trkpt lat="24.931132793426514" lon="121.54878607951105">
        <ele>119.0</ele>
      </trkpt>
      <trkpt lat="24.93104704655707" lon="121.54910794459283">
        <ele>120.0</ele>
      </trkpt>
      <trkpt lat="24.931046962738037" lon="121.54910794459283">
        <ele>122.0</ele>
      </trkpt>
      <trkpt lat="24.93098258972168" lon="121.5492582321167">
        <ele>123.0</ele>
      </trkpt>
      <trkpt lat="24.93089667521417" lon="121.54938697814941">
        <ele>125.0</ele>
      </trkpt>
      <trkpt lat="24.930810844525695" lon="121.54942980967462">
        <ele>127.0</ele>
      </trkpt>
      <trkpt lat="24.93072509765625" lon="121.54942980967462">
        <ele>128.0</ele>
      </trkpt>
      <trkpt lat="24.930660724639893" lon="121.54938697814941">
        <ele>130.0</ele>
      </trkpt>
      <trkpt lat="24.930639350786805" lon="121.54932252131402">
        <ele>132.0</ele>
      </trkpt>
      <trkpt lat="24.930639266967773" lon="121.54932252131402">
        <ele>133.0</ele>
      </trkpt>
      <trkpt lat="24.930660724639893" lon="121.54919377528131">
        <ele>135.0</ele>
      </trkpt>
      <trkpt lat="24.93074655532837" lon="121.54900065623224">
        <ele>136.0</ele>
      </trkpt>
      <trkpt lat="24.93074655532837" lon="121.54882899485528">
        <ele>138.0</ele>
      </trkpt>
      <trkpt lat="24.930553436279297" lon="121.54822818003595">
        <ele>139.0</ele>
      </trkpt>
      <trkpt lat="24.93051052093506" lon="121.54805660247803">
        <ele>141.0</ele>
      </trkpt>
      <trkpt lat="24.93046752177179" lon="121.54784202575684">
        <ele>142.0</ele>
      </trkpt>
      <trkpt lat="24.9304461479187" lon="121.54756307601929">
        <ele>144.0</ele>
      </trkpt>
      <trkpt lat="24.930488979443908" lon="121.54698363505304">
        <ele>145.0</ele>
      </trkpt>
      <trkpt lat="24.9304461479187" lon="121.54676905833185">
        <ele>147.0</ele>
      </trkpt>
      <trkpt lat="24.930317401885986" lon="121.5463399887085">
        <ele>148.0</ele>
      </trkpt>
      <trkpt lat="24.930295860394835" lon="121.5462327003479">
        <ele>149.0</ele>
      </trkpt>
      <trkpt lat="24.930295860394835" lon="121.54603958129883">
        <ele>150.0</ele>
      </trkpt>
      <trkpt lat="24.930295944213867" lon="121.54573917388916">
        <ele>150.0</ele>
      </trkpt>
      <trkpt lat="24.930338859558105" lon="121.54524556361139">
        <ele>151.0</ele>
      </trkpt>
      <trkpt lat="24.930338859558105" lon="121.54513835906982">
        <ele>152.0</ele>
      </trkpt>
      <trkpt lat="24.930295944213867" lon="121.54488078318536">
        <ele>152.0</ele>
      </trkpt>
      <trkpt lat="24.930274486541748" lon="121.54479503631592">
        <ele>152.0</ele>
      </trkpt>
      <trkpt lat="24.93023157119751" lon="121.54455891810358">
        <ele>152.0</ele>
      </trkpt>
      <trkpt lat="24.93016711436212" lon="121.54402256011963">
        <ele>152.0</ele>
      </trkpt>
      <trkpt lat="24.930102741345763" lon="121.54387227259576">
        <ele>152.0</ele>
      </trkpt>
      <trkpt lat="24.930059826001525" lon="121.54380798339844">
        <ele>152.0</ele>
      </trkpt>
      <trkpt lat="24.929931163787842" lon="121.54376498423517">
        <ele>151.0</ele>
      </trkpt>
      <trkpt lat="24.929823875427246" lon="121.54376498423517">
        <ele>150.0</ele>
      </trkpt>
      <trkpt lat="24.92971658706665" lon="121.54382935725152">
        <ele>149.0</ele>
      </trkpt>
      <trkpt lat="24.929630840197206" lon="121.54389381408691">
        <ele>148.0</ele>
      </trkpt>
      <trkpt lat="24.929480468854308" lon="121.54406539164484">
        <ele>147.0</ele>
      </trkpt>
      <trkpt lat="24.92930897511542" lon="121.5443657990545">
        <ele>146.0</ele>
      </trkpt>
      <trkpt lat="24.929137229919434" lon="121.54468774795532">
        <ele>144.0</ele>
      </trkpt>
      <trkpt lat="24.929094314575195" lon="121.54481649398804">
        <ele>143.0</ele>
      </trkpt>
      <trkpt lat="24.929072773084044" lon="121.54492378234863">
        <ele>142.0</ele>
      </trkpt>
      <trkpt lat="24.929094314575195" lon="121.5451169013977">
        <ele>140.0</ele>
      </trkpt>
      <trkpt lat="24.92939463816583" lon="121.54571771621704">
        <ele>139.0</ele>
      </trkpt>
      <trkpt lat="24.929416179656982" lon="121.54586783610284">
        <ele>138.0</ele>
      </trkpt>
      <trkpt lat="24.929373264312744" lon="121.54599658213556">
        <ele>136.0</ele>
      </trkpt>
      <trkpt lat="24.929265892133117" lon="121.54616824351251">
        <ele>135.0</ele>
      </trkpt>
      <trkpt lat="24.92849349975586" lon="121.5471339225769">
        <ele>132.0</ele>
      </trkpt>
      <trkpt lat="24.928429126739502" lon="121.54721975326538">
        <ele>131.0</ele>
      </trkpt>
      <trkpt lat="24.928407669067383" lon="121.54732704162598">
        <ele>129.0</ele>
      </trkpt>
      <trkpt lat="24.928386211395264" lon="121.54745578765869">
        <ele>128.0</ele>
      </trkpt>
      <trkpt lat="24.928386211395264" lon="121.54788485728204">
        <ele>127.0</ele>
      </trkpt>
      <trkpt lat="24.928364669904113" lon="121.54801360331476">
        <ele>124.0</ele>
      </trkpt>
      <trkpt lat="24.928300380706787" lon="121.54818526469171">
        <ele>122.0</ele>
      </trkpt>
      <trkpt lat="24.92819309234619" lon="121.5483998414129">
        <ele>121.0</ele>
      </trkpt>
      <trkpt lat="24.928064262494445" lon="121.54848567210138">
        <ele>120.0</ele>
      </trkpt>
      <trkpt lat="24.92793551646173" lon="121.54855012893677">
        <ele>118.0</ele>
      </trkpt>
      <trkpt lat="24.927399242296815" lon="121.54855012893677">
        <ele>116.0</ele>
      </trkpt>
      <trkpt lat="24.926519310101867" lon="121.54855012893677">
        <ele>114.0</ele>
      </trkpt>
      <trkpt lat="24.926111614331603" lon="121.54865741729736">
        <ele>112.0</ele>
      </trkpt>
      <trkpt lat="24.925532257184386" lon="121.54887199401855">
        <ele>111.0</ele>
      </trkpt>
      <trkpt lat="24.925360679626465" lon="121.54891482554376">
        <ele>109.0</ele>
      </trkpt>
      <trkpt lat="24.924824154004455" lon="121.54887199401855">
        <ele>107.0</ele>
      </trkpt>
      <trkpt lat="24.92469540797174" lon="121.54893628321588">
        <ele>106.0</ele>
      </trkpt>
      <trkpt lat="24.924330627545714" lon="121.54923669062555">
        <ele>105.0</ele>
      </trkpt>
      <trkpt lat="24.92426642216742" lon="121.54927968978882">
        <ele>103.0</ele>
      </trkpt>
      <trkpt lat="24.924180591478944" lon="121.5493010636419">
        <ele>101.0</ele>
      </trkpt>
      <trkpt lat="24.923665523529053" lon="121.54934406280518">
        <ele>99.0</ele>
      </trkpt>
      <trkpt lat="24.923086082562804" lon="121.54945135116577">
        <ele>98.0</ele>
      </trkpt>
      <trkpt lat="24.92297879420221" lon="121.54945135116577">
        <ele>96.0</ele>
      </trkpt>
      <trkpt lat="24.922871505841613" lon="121.54945135116577">
        <ele>94.0</ele>
      </trkpt>
      <trkpt lat="24.922592639923096" lon="121.5493655204773">
        <ele>93.0</ele>
      </trkpt>
      <trkpt lat="24.922292148694396" lon="121.5493010636419">
        <ele>91.0</ele>
      </trkpt>
      <trkpt lat="24.92216340266168" lon="121.5493010636419">
        <ele>89.0</ele>
      </trkpt>
      <trkpt lat="24.921991741284728" lon="121.5493010636419">
        <ele>87.0</ele>
      </trkpt>
      <trkpt lat="24.921734416857362" lon="121.54932252131402">
        <ele>86.0</ele>
      </trkpt>
      <trkpt lat="24.920167922973633" lon="121.54953709803522">
        <ele>84.0</ele>
      </trkpt>
      <trkpt lat="24.91995334625244" lon="121.54958009719849">
        <ele>83.0</ele>
      </trkpt>
      <trkpt lat="24.91978168487549" lon="121.54958009719849">
        <ele>81.0</ele>
      </trkpt>
      <trkpt lat="24.91969585418701" lon="121.54955863952637">
        <ele>80.0</ele>
      </trkpt>
      <trkpt lat="24.919610023498535" lon="121.54949418269098">
        <ele>78.0</ele>
      </trkpt>
      <trkpt lat="24.919524108991027" lon="121.54942980967462">
        <ele>77.0</ele>
      </trkpt>
      <trkpt lat="24.919309616088867" lon="121.54902211390436">
        <ele>75.0</ele>
      </trkpt>
      <trkpt lat="24.919245159253478" lon="121.54893628321588">
        <ele>74.0</ele>
      </trkpt>
      <trkpt lat="24.919030582532287" lon="121.54878607951105">
        <ele>73.0</ele>
      </trkpt>
      <trkpt lat="24.91879471577704" lon="121.54867887496948">
        <ele>72.0</ele>
      </trkpt>
      <trkpt lat="24.918644428253174" lon="121.54859296046197">
        <ele>70.0</ele>
      </trkpt>
      <trkpt lat="24.91825819015503" lon="121.5483570098877">
        <ele>69.0</ele>
      </trkpt>
      <trkpt lat="24.91797924041748" lon="121.5481424331665">
        <ele>68.0</ele>
      </trkpt>
      <trkpt lat="24.917828952893615" lon="121.54805660247803">
        <ele>67.0</ele>
      </trkpt>
      <trkpt lat="24.917550086975098" lon="121.54797077178955">
        <ele>66.0</ele>
      </trkpt>
      <trkpt lat="24.917142391204834" lon="121.54784202575684">
        <ele>65.0</ele>
      </trkpt>
      <trkpt lat="24.916841983795166" lon="121.54775619506836">
        <ele>64.0</ele>
      </trkpt>
      <trkpt lat="24.91596221923828" lon="121.54752016067505">
        <ele>64.0</ele>
      </trkpt>
      <trkpt lat="24.91574764251709" lon="121.54747716151178">
        <ele>63.0</ele>
      </trkpt>
      <trkpt lat="24.91549015045166" lon="121.54747716151178">
        <ele>62.0</ele>
      </trkpt>
      <trkpt lat="24.91549006663263" lon="121.54747716151178">
        <ele>62.0</ele>
      </trkpt>
      <trkpt lat="24.915404235944152" lon="121.5474986191839">
        <ele>62.0</ele>
      </trkpt>
      <trkpt lat="24.91523265838623" lon="121.54756307601929">
        <ele>62.0</ele>
      </trkpt>
      <trkpt lat="24.914610385894775" lon="121.54797077178955">
        <ele>62.0</ele>
      </trkpt>
      <trkpt lat="24.91448163986206" lon="121.54801360331476">
        <ele>62.0</ele>
      </trkpt>
      <trkpt lat="24.913773452863097" lon="121.54831401072443">
        <ele>62.0</ele>
      </trkpt>
      <trkpt lat="24.91304405964911" lon="121.54865741729736">
        <ele>62.0</ele>
      </trkpt>
      <trkpt lat="24.91194955073297" lon="121.54919377528131">
        <ele>62.0</ele>
      </trkpt>
      <trkpt lat="24.911563396453857" lon="121.54942980967462">
        <ele>63.0</ele>
      </trkpt>
      <trkpt lat="24.91132744587958" lon="121.54955863952637">
        <ele>63.0</ele>
      </trkpt>
      <trkpt lat="24.911091327667236" lon="121.54973021708429">
        <ele>63.0</ele>
      </trkpt>
      <trkpt lat="24.91057642735541" lon="121.55022374354303">
        <ele>64.0</ele>
      </trkpt>
      <trkpt lat="24.910190189257264" lon="121.55060998164117">
        <ele>64.0</ele>
      </trkpt>
      <trkpt lat="24.909846782684326" lon="121.55095330439508">
        <ele>65.0</ele>
      </trkpt>
      <trkpt lat="24.909782493487" lon="121.55099630355835">
        <ele>66.0</ele>
      </trkpt>
      <trkpt lat="24.909610748291016" lon="121.55118942260742">
        <ele>66.0</ele>
      </trkpt>
      <trkpt lat="24.909439086914062" lon="121.55136100016534">
        <ele>67.0</ele>
      </trkpt>
      <trkpt lat="24.909310257062316" lon="121.55148983001709">
        <ele>68.0</ele>
      </trkpt>
      <trkpt lat="24.909160137176514" lon="121.55159711837769">
        <ele>69.0</ele>
      </trkpt>
      <trkpt lat="24.909074306488037" lon="121.55163994990289">
        <ele>70.0</ele>
      </trkpt>
      <trkpt lat="24.908859729766846" lon="121.55166140757501">
        <ele>70.0</ele>
      </trkpt>
      <trkpt lat="24.906928539276123" lon="121.55168294906616">
        <ele>72.0</ele>
      </trkpt>
      <trkpt lat="24.90675687789917" lon="121.55172578059137">
        <ele>73.0</ele>
      </trkpt>
      <trkpt lat="24.90667096339166" lon="121.55181169509888">
        <ele>74.0</ele>
      </trkpt>
      <trkpt lat="24.90654230117798" lon="121.55204764567316">
        <ele>75.0</ele>
      </trkpt>
      <trkpt lat="24.906435096636415" lon="121.55219793319702">
        <ele>75.0</ele>
      </trkpt>
      <trkpt lat="24.906156063079834" lon="121.55247679911554">
        <ele>76.0</ele>
      </trkpt>
      <trkpt lat="24.90604877471924" lon="121.55256262980402">
        <ele>76.0</ele>
      </trkpt>
      <trkpt lat="24.905662452802062" lon="121.55282020568848">
        <ele>77.0</ele>
      </trkpt>
      <trkpt lat="24.905619621276855" lon="121.5528844948858">
        <ele>78.0</ele>
      </trkpt>
      <trkpt lat="24.9052547570318" lon="121.55342102050781">
        <ele>78.0</ele>
      </trkpt>
      <trkpt lat="24.905061637982726" lon="121.55361413955688">
        <ele>78.0</ele>
      </trkpt>
      <trkpt lat="24.904718482866883" lon="121.55387154780328">
        <ele>79.0</ele>
      </trkpt>
      <trkpt lat="24.90443936549127" lon="121.55406466685236">
        <ele>79.0</ele>
      </trkpt>
      <trkpt lat="24.904374992474914" lon="121.55408612452447">
        <ele>79.0</ele>
      </trkpt>
      <trkpt lat="24.904224956408143" lon="121.55408612452447">
        <ele>79.0</ele>
      </trkpt>
      <trkpt lat="24.904117668047547" lon="121.55400037765503">
        <ele>79.0</ele>
      </trkpt>
      <trkpt lat="24.904053127393126" lon="121.5538930054754">
        <ele>80.0</ele>
      </trkpt>
      <trkpt lat="24.903945922851562" lon="121.5537428855896">
        <ele>80.0</ele>
      </trkpt>
      <trkpt lat="24.90375280380249" lon="121.55342102050781">
        <ele>80.0</ele>
      </trkpt>
      <trkpt lat="24.90332373417914" lon="121.552734375">
        <ele>80.0</ele>
      </trkpt>
      <trkpt lat="24.903323566541076" lon="121.552734375">
        <ele>80.0</ele>
      </trkpt>
      <trkpt lat="24.903194988146424" lon="121.55251979827881">
        <ele>80.0</ele>
      </trkpt>
      <trkpt lat="24.902980411425233" lon="121.55226222239435">
        <ele>80.0</ele>
      </trkpt>
      <trkpt lat="24.902572631835938" lon="121.55185452662408">
        <ele>79.0</ele>
      </trkpt>
      <trkpt lat="24.901928901672363" lon="121.55121088027954">
        <ele>79.0</ele>
      </trkpt>
      <trkpt lat="24.901607120409608" lon="121.55091047286987">
        <ele>79.0</ele>
      </trkpt>
      <trkpt lat="24.901413917541504" lon="121.55071727000177">
        <ele>79.0</ele>
      </trkpt>
      <trkpt lat="24.90124225616455" lon="121.55054560862482">
        <ele>79.0</ele>
      </trkpt>
      <trkpt lat="24.901156425476074" lon="121.55045986175537">
        <ele>79.0</ele>
      </trkpt>
      <trkpt lat="24.901027595624328" lon="121.55039548873901">
        <ele>78.0</ele>
      </trkpt>
      <trkpt lat="24.900362491607666" lon="121.5503095742315">
        <ele>78.0</ele>
      </trkpt>
      <trkpt lat="24.90006216801703" lon="121.55022374354303">
        <ele>78.0</ele>
      </trkpt>
      <trkpt lat="24.89976167678833" lon="121.5501594543457">
        <ele>78.0</ele>
      </trkpt>
      <trkpt lat="24.898324012756348" lon="121.54977321624756">
        <ele>78.0</ele>
      </trkpt>
      <trkpt lat="24.898216724395752" lon="121.54968738555908">
        <ele>78.0</ele>
      </trkpt>
      <trkpt lat="24.89802368916571" lon="121.5494083520025">
        <ele>78.0</ele>
      </trkpt>
      <trkpt lat="24.897637367248535" lon="121.54882899485528">
        <ele>78.0</ele>
      </trkpt>
      <trkpt lat="24.89703663624823" lon="121.54788485728204">
        <ele>78.0</ele>
      </trkpt>
      <trkpt lat="24.89650011062622" lon="121.54704809188843">
        <ele>78.0</ele>
      </trkpt>
      <trkpt lat="24.896328449249268" lon="121.54687634669244">
        <ele>78.0</ele>
      </trkpt>
      <trkpt lat="24.89602812565863" lon="121.54668322764337">
        <ele>77.0</ele>
      </trkpt>
      <trkpt lat="24.89525556564331" lon="121.54625407420099">
        <ele>78.0</ele>
      </trkpt>
      <trkpt lat="24.894933700561523" lon="121.54603958129883">
        <ele>77.0</ele>
      </trkpt>
      <trkpt lat="24.89474049769342" lon="121.54597512446344">
        <ele>77.0</ele>
      </trkpt>
      <trkpt lat="24.894568920135498" lon="121.54597512446344">
        <ele>77.0</ele>
      </trkpt>
      <trkpt lat="24.89375344477594" lon="121.54618970118463">
        <ele>77.0</ele>
      </trkpt>
      <trkpt lat="24.89351741038263" lon="121.54629698954523">
        <ele>78.0</ele>
      </trkpt>
      <trkpt lat="24.893410122022033" lon="121.54636136256158">
        <ele>78.0</ele>
      </trkpt>
      <trkpt lat="24.893195629119873" lon="121.54655456542969">
        <ele>78.0</ele>
      </trkpt>
      <trkpt lat="24.892916595563293" lon="121.54687634669244">
        <ele>78.0</ele>
      </trkpt>
      <trkpt lat="24.8927020188421" lon="121.54717675410211">
        <ele>79.0</ele>
      </trkpt>
      <trkpt lat="24.892637645825744" lon="121.5473484992981">
        <ele>80.0</ele>
      </trkpt>
      <trkpt lat="24.89255198277533" lon="121.54756307601929">
        <ele>80.0</ele>
      </trkpt>
      <trkpt lat="24.8925518989563" lon="121.54756307601929">
        <ele>81.0</ele>
      </trkpt>
      <trkpt lat="24.892251575365663" lon="121.54857158660889">
        <ele>83.0</ele>
      </trkpt>
      <trkpt lat="24.892208576202393" lon="121.54867887496948">
        <ele>84.0</ele>
      </trkpt>
      <trkpt lat="24.89201545715332" lon="121.5493655204773">
        <ele>85.0</ele>
      </trkpt>
      <trkpt lat="24.891951084136963" lon="121.54964438639581">
        <ele>86.0</ele>
      </trkpt>
      <trkpt lat="24.891886627301574" lon="121.54981604777277">
        <ele>87.0</ele>
      </trkpt>
      <trkpt lat="24.891822254285216" lon="121.54992333613336">
        <ele>88.0</ele>
      </trkpt>
      <trkpt lat="24.891672134399414" lon="121.55011645518243">
        <ele>89.0</ele>
      </trkpt>
      <trkpt lat="24.891285812482238" lon="121.5505241509527">
        <ele>90.0</ele>
      </trkpt>
      <trkpt lat="24.890835285186768" lon="121.55088901519775">
        <ele>92.0</ele>
      </trkpt>
      <trkpt lat="24.8898268584162" lon="121.5515326615423">
        <ele>94.0</ele>
      </trkpt>
      <trkpt lat="24.88903284072876" lon="121.55196181498468">
        <ele>96.0</ele>
      </trkpt>
      <trkpt lat="24.888861095532775" lon="121.55202618800104">
        <ele>98.0</ele>
      </trkpt>
      <trkpt lat="24.888646518811584" lon="121.55206910334527">
        <ele>100.0</ele>
      </trkpt>
      <trkpt lat="24.888346111401916" lon="121.55209064483643">
        <ele>102.0</ele>
      </trkpt>
      <trkpt lat="24.888067161664367" lon="121.55204764567316">
        <ele>104.0</ele>
      </trkpt>
      <trkpt lat="24.887402057647705" lon="121.55187606811523">
        <ele>106.0</ele>
      </trkpt>
      <trkpt lat="24.88645783625543" lon="121.5515326615423">
        <ele>108.0</ele>
      </trkpt>
      <trkpt lat="24.88624325953424" lon="121.55146828852594">
        <ele>110.0</ele>
      </trkpt>
      <trkpt lat="24.886135971173644" lon="121.55146828852594">
        <ele>113.0</ele>
      </trkpt>
      <trkpt lat="24.88602868281305" lon="121.55148983001709">
        <ele>115.0</ele>
      </trkpt>
      <trkpt lat="24.885835563763976" lon="121.55155411921442">
        <ele>118.0</ele>
      </trkpt>
      <trkpt lat="24.885599613189697" lon="121.55172578059137">
        <ele>120.0</ele>
      </trkpt>
      <trkpt lat="24.885535156354308" lon="121.55174723826349">
        <ele>123.0</ele>
      </trkpt>
      <trkpt lat="24.885470867156982" lon="121.5517686959356">
        <ele>125.0</ele>
      </trkpt>
      <trkpt lat="24.885406410321593" lon="121.5517686959356">
        <ele>127.0</ele>
      </trkpt>
      <trkpt lat="24.885342037305236" lon="121.55174723826349">
        <ele>129.0</ele>
      </trkpt>
      <trkpt lat="24.885299121960998" lon="121.55170440673828">
        <ele>131.0</ele>
      </trkpt>
      <trkpt lat="24.88525629043579" lon="121.5516185760498">
        <ele>133.0</ele>
      </trkpt>
      <trkpt lat="24.88523474894464" lon="121.5515326615423">
        <ele>135.0</ele>
      </trkpt>
      <trkpt lat="24.88523474894464" lon="121.5511679649353">
        <ele>137.0</ele>
      </trkpt>
      <trkpt lat="24.885191917419434" lon="121.55106059275568">
        <ele>139.0</ele>
      </trkpt>
      <trkpt lat="24.885084629058838" lon="121.55084601603448">
        <ele>140.0</ele>
      </trkpt>
      <trkpt lat="24.88499871455133" lon="121.55076026916504">
        <ele>142.0</ele>
      </trkpt>
      <trkpt lat="24.884848594665527" lon="121.55063143931329">
        <ele>144.0</ele>
      </trkpt>
      <trkpt lat="24.88452664576471" lon="121.55048131942749">
        <ele>146.0</ele>
      </trkpt>
      <trkpt lat="24.884483814239502" lon="121.55043832026422">
        <ele>147.0</ele>
      </trkpt>
      <trkpt lat="24.884376525878906" lon="121.55033103190362">
        <ele>149.0</ele>
      </trkpt>
      <trkpt lat="24.884333526715636" lon="121.55024520121515">
        <ele>151.0</ele>
      </trkpt>
      <trkpt lat="24.88426923751831" lon="121.55009508132935">
        <ele>152.0</ele>
      </trkpt>
      <trkpt lat="24.88426923751831" lon="121.54992333613336">
        <ele>154.0</ele>
      </trkpt>
      <trkpt lat="24.88426923751831" lon="121.54983750544488">
        <ele>156.0</ele>
      </trkpt>
      <trkpt lat="24.884376525878906" lon="121.54932252131402">
        <ele>158.0</ele>
      </trkpt>
      <trkpt lat="24.884397899731994" lon="121.54923669062555">
        <ele>160.0</ele>
      </trkpt>
      <trkpt lat="24.884397983551025" lon="121.54912940226495">
        <ele>161.0</ele>
      </trkpt>
      <trkpt lat="24.884355068206787" lon="121.54891482554376">
        <ele>163.0</ele>
      </trkpt>
      <trkpt lat="24.884204864501953" lon="121.54842129908502">
        <ele>165.0</ele>
      </trkpt>
      <trkpt lat="24.884183490648866" lon="121.54833555221558">
        <ele>167.0</ele>
      </trkpt>
      <trkpt lat="24.88405474461615" lon="121.54777756892145">
        <ele>168.0</ele>
      </trkpt>
      <trkpt lat="24.883968913927674" lon="121.5474986191839">
        <ele>170.0</ele>
      </trkpt>
      <trkpt lat="24.883968830108643" lon="121.5474986191839">
        <ele>171.0</ele>
      </trkpt>
      <trkpt lat="24.883840084075928" lon="121.54706946574152">
        <ele>173.0</ele>
      </trkpt>
      <trkpt lat="24.883818542584777" lon="121.54689780436456">
        <ele>174.0</ele>
      </trkpt>
      <trkpt lat="24.883840084075928" lon="121.54655456542969">
        <ele>176.0</ele>
      </trkpt>
      <trkpt lat="24.883904373273253" lon="121.54610395431519">
        <ele>177.0</ele>
      </trkpt>
      <trkpt lat="24.883947372436523" lon="121.54591083526611">
        <ele>178.0</ele>
      </trkpt>
      <trkpt lat="24.88407620228827" lon="121.54565325938165">
        <ele>179.0</ele>
      </trkpt>
      <trkpt lat="24.88407611846924" lon="121.54565325938165">
        <ele>180.0</ele>
      </trkpt>
      <trkpt lat="24.884419357404113" lon="121.54500961303711">
        <ele>180.0</ele>
      </trkpt>
      <trkpt lat="24.884440898895264" lon="121.54494515620172">
        <ele>180.0</ele>
      </trkpt>
      <trkpt lat="24.884462356567383" lon="121.54483786784112">
        <ele>181.0</ele>
      </trkpt>
      <trkpt lat="24.884312069043517" lon="121.5442156791687">
        <ele>181.0</ele>
      </trkpt>
      <trkpt lat="24.884290611371398" lon="121.54365769587457">
        <ele>181.0</ele>
      </trkpt>
      <trkpt lat="24.88426923751831" lon="121.54359340667725">
        <ele>181.0</ele>
      </trkpt>
      <trkpt lat="24.884183406829834" lon="121.54352894984186">
        <ele>180.0</ele>
      </trkpt>
      <trkpt lat="24.88407611846924" lon="121.54350757598877">
        <ele>180.0</ele>
      </trkpt>
      <trkpt lat="24.88401174545288" lon="121.54352894984186">
        <ele>179.0</ele>
      </trkpt>
      <trkpt lat="24.88381862640381" lon="121.54363623820245">
        <ele>178.0</ele>
      </trkpt>
      <trkpt lat="24.883668422698975" lon="121.54372215270996">
        <ele>178.0</ele>
      </trkpt>
      <trkpt lat="24.883582508191466" lon="121.54376498423517">
        <ele>177.0</ele>
      </trkpt>
      <trkpt lat="24.88349667750299" lon="121.54378652572632">
        <ele>176.0</ele>
      </trkpt>
      <trkpt lat="24.883174812421203" lon="121.54376498423517">
        <ele>175.0</ele>
      </trkpt>
      <trkpt lat="24.882573997601867" lon="121.54365769587457">
        <ele>173.0</ele>
      </trkpt>
      <trkpt lat="24.882338047027588" lon="121.54357194900513">
        <ele>172.0</ele>
      </trkpt>
      <trkpt lat="24.88225221633911" lon="121.54350757598877">
        <ele>170.0</ele>
      </trkpt>
      <trkpt lat="24.882059013471007" lon="121.54333583079278">
        <ele>169.0</ele>
      </trkpt>
      <trkpt lat="24.881672775372863" lon="121.54277801513672">
        <ele>166.0</ele>
      </trkpt>
      <trkpt lat="24.88154411315918" lon="121.54262772761285">
        <ele>164.0</ele>
      </trkpt>
      <trkpt lat="24.881458366289735" lon="121.54260635375977">
        <ele>163.0</ele>
      </trkpt>
      <trkpt lat="24.88130807876587" lon="121.54256343841553">
        <ele>161.0</ele>
      </trkpt>
      <trkpt lat="24.88124370574951" lon="121.54256343841553">
        <ele>159.0</ele>
      </trkpt>
      <trkpt lat="24.880750263109803" lon="121.54260635375977">
        <ele>157.0</ele>
      </trkpt>
      <trkpt lat="24.88047114573419" lon="121.54256343841553">
        <ele>155.0</ele>
      </trkpt>
      <trkpt lat="24.880127990618348" lon="121.54247760772705">
        <ele>153.0</ele>
      </trkpt>
      <trkpt lat="24.880127906799316" lon="121.54247760772705">
        <ele>151.0</ele>
      </trkpt>
      <trkpt lat="24.879634296521544" lon="121.54230586253107">
        <ele>149.0</ele>
      </trkpt>
      <trkpt lat="24.879484176635742" lon="121.54230586253107">
        <ele>147.0</ele>
      </trkpt>
      <trkpt lat="24.879376888275146" lon="121.5423487778753">
        <ele>145.0</ele>
      </trkpt>
      <trkpt lat="24.879097938537598" lon="121.54262772761285">
        <ele>143.0</ele>
      </trkpt>
      <trkpt lat="24.87896910868585" lon="121.54269218444824">
        <ele>142.0</ele>
      </trkpt>
      <trkpt lat="24.878904819488525" lon="121.54273501597345">
        <ele>140.0</ele>
      </trkpt>
      <trkpt lat="24.878690242767334" lon="121.54277801513672">
        <ele>138.0</ele>
      </trkpt>
      <trkpt lat="24.878346836194396" lon="121.54279947280884">
        <ele>137.0</ele>
      </trkpt>
      <trkpt lat="24.878089427947998" lon="121.54284230433404">
        <ele>135.0</ele>
      </trkpt>
      <trkpt lat="24.877960681915283" lon="121.54288530349731">
        <ele>133.0</ele>
      </trkpt>
      <trkpt lat="24.877831852063537" lon="121.54294959269464">
        <ele>132.0</ele>
      </trkpt>
      <trkpt lat="24.87755298614502" lon="121.5430998802185">
        <ele>131.0</ele>
      </trkpt>
      <trkpt lat="24.87701646052301" lon="121.54355040751398">
        <ele>129.0</ele>
      </trkpt>
      <trkpt lat="24.876673305407166" lon="121.54376498423517">
        <ele>128.0</ele>
      </trkpt>
      <trkpt lat="24.87628698348999" lon="121.54397964477539">
        <ele>127.0</ele>
      </trkpt>
      <trkpt lat="24.87609394825995" lon="121.54406539164484">
        <ele>126.0</ele>
      </trkpt>
      <trkpt lat="24.875450134277344" lon="121.54425851069391">
        <ele>124.0</ele>
      </trkpt>
      <trkpt lat="24.875342845916748" lon="121.5443229675293">
        <ele>123.0</ele>
      </trkpt>
      <trkpt lat="24.875299846753478" lon="121.5443657990545">
        <ele>122.0</ele>
      </trkpt>
      <trkpt lat="24.87527838908136" lon="121.54449462890625">
        <ele>122.0</ele>
      </trkpt>
      <trkpt lat="24.87527838908136" lon="121.5445803757757">
        <ele>121.0</ele>
      </trkpt>
      <trkpt lat="24.875428676605225" lon="121.54515973292291">
        <ele>121.0</ele>
      </trkpt>
      <trkpt lat="24.875450134277344" lon="121.54539585113525">
        <ele>121.0</ele>
      </trkpt>
      <trkpt lat="24.875450134277344" lon="121.54556742869318">
        <ele>120.0</ele>
      </trkpt>
      <trkpt lat="24.875428676605225" lon="121.54576054774225">
        <ele>120.0</ele>
      </trkpt>
      <trkpt lat="24.875342845916748" lon="121.54606095515192">
        <ele>119.0</ele>
      </trkpt>
      <trkpt lat="24.87525701522827" lon="121.54621124267578">
        <ele>119.0</ele>
      </trkpt>
      <trkpt lat="24.875106727704406" lon="121.54640427790582">
        <ele>118.0</ele>
      </trkpt>
      <trkpt lat="24.874999523162842" lon="121.54666176997125">
        <ele>118.0</ele>
      </trkpt>
      <trkpt lat="24.87499943934381" lon="121.54666176997125">
        <ele>118.0</ele>
      </trkpt>
      <trkpt lat="24.874913608655334" lon="121.54687634669244">
        <ele>118.0</ele>
      </trkpt>
      <trkpt lat="24.87482786178589" lon="121.54702663421631">
        <ele>119.0</ele>
      </trkpt>
      <trkpt lat="24.874656200408936" lon="121.54711238108575">
        <ele>119.0</ele>
      </trkpt>
      <trkpt lat="24.87454899586737" lon="121.54715538024902">
        <ele>119.0</ele>
      </trkpt>
      <trkpt lat="24.87431287765503" lon="121.5472412109375">
        <ele>119.0</ele>
      </trkpt>
      <trkpt lat="24.873948097229004" lon="121.54732704162598">
        <ele>120.0</ele>
      </trkpt>
      <trkpt lat="24.87328290939331" lon="121.54745578765869">
        <ele>120.0</ele>
      </trkpt>
      <trkpt lat="24.87313278950751" lon="121.54745578765869">
        <ele>121.0</ele>
      </trkpt>
      <trkpt lat="24.872896671295166" lon="121.54747716151178">
        <ele>122.0</ele>
      </trkpt>
      <trkpt lat="24.872617721557617" lon="121.5474986191839">
        <ele>122.0</ele>
      </trkpt>
      <trkpt lat="24.87253189086914" lon="121.54752016067505">
        <ele>123.0</ele>
      </trkpt>
      <trkpt lat="24.872445976361632" lon="121.54756307601929">
        <ele>123.0</ele>
      </trkpt>
      <trkpt lat="24.87205982208252" lon="121.54779902659357">
        <ele>124.0</ele>
      </trkpt>
      <trkpt lat="24.871931159868836" lon="121.54779902659357">
        <ele>125.0</ele>
      </trkpt>
      <trkpt lat="24.871695041656494" lon="121.54777756892145">
        <ele>126.0</ele>
      </trkpt>
      <trkpt lat="24.87130888737738" lon="121.54767036437988">
        <ele>127.0</ele>
      </trkpt>
      <trkpt lat="24.870944023132324" lon="121.54758444987237">
        <ele>127.0</ele>
      </trkpt>
      <trkpt lat="24.870493412017822" lon="121.54747716151178">
        <ele>128.0</ele>
      </trkpt>
      <trkpt lat="24.870364665985107" lon="121.54745578765869">
        <ele>129.0</ele>
      </trkpt>
      <trkpt lat="24.870171630755067" lon="121.54745578765869">
        <ele>130.0</ele>
      </trkpt>
      <trkpt lat="24.869956886395812" lon="121.54747716151178">
        <ele>131.0</ele>
      </trkpt>
      <trkpt lat="24.869828140363097" lon="121.54752016067505">
        <ele>132.0</ele>
      </trkpt>
      <trkpt lat="24.86957081593573" lon="121.54767036437988">
        <ele>133.0</ele>
      </trkpt>
      <trkpt lat="24.869484901428223" lon="121.54775619506836">
        <ele>134.0</ele>
      </trkpt>
      <trkpt lat="24.869399070739746" lon="121.54784202575684">
        <ele>135.0</ele>
      </trkpt>
      <trkpt lat="24.86933469772339" lon="121.54797077178955">
        <ele>136.0</ele>
      </trkpt>
      <trkpt lat="24.86907720565796" lon="121.54846429824829">
        <ele>137.0</ele>
      </trkpt>
      <trkpt lat="24.868691051378846" lon="121.54908657073975">
        <ele>138.0</ele>
      </trkpt>
      <trkpt lat="24.8685622215271" lon="121.54932252131402">
        <ele>138.0</ele>
      </trkpt>
      <trkpt lat="24.86748925410211" lon="121.54891482554376">
        <ele>140.0</ele>
      </trkpt>
      <trkpt lat="24.86729613505304" lon="121.54934406280518">
        <ele>140.0</ele>
      </trkpt>
      <trkpt lat="24.867188846692443" lon="121.54953709803522">
        <ele>141.0</ele>
      </trkpt>
      <trkpt lat="24.86703872680664" lon="121.54968738555908">
        <ele>142.0</ele>
      </trkpt>
      <trkpt lat="24.866931438446045" lon="121.54975175857544">
        <ele>142.0</ele>
      </trkpt>
      <trkpt lat="24.86680269241333" lon="121.54981604777277">
        <ele>142.0</ele>
      </trkpt>
      <trkpt lat="24.866716777905822" lon="121.54981604777277">
        <ele>142.0</ele>
      </trkpt>
      <trkpt lat="24.8665452003479" lon="121.54981604777277">
        <ele>142.0</ele>
      </trkpt>
      <trkpt lat="24.866116046905518" lon="121.54966592788696">
        <ele>143.0</ele>
      </trkpt>
      <trkpt lat="24.86547223292291" lon="121.54932252131402">
        <ele>143.0</ele>
      </trkpt>
      <trkpt lat="24.865429401397705" lon="121.54949418269098">
        <ele>143.0</ele>
      </trkpt>
      <trkpt lat="24.865386402234435" lon="121.54955863952637">
        <ele>142.0</ele>
      </trkpt>
      <trkpt lat="24.864978790283203" lon="121.54970875941217">
        <ele>142.0</ele>
      </trkpt>
      <trkpt lat="24.864678299054503" lon="121.54988050460815">
        <ele>141.0</ele>
      </trkpt>
      <trkpt lat="24.86459255218506" lon="121.54990187846124">
        <ele>141.0</ele>
      </trkpt>
      <trkpt lat="24.86427060328424" lon="121.54992333613336">
        <ele>140.0</ele>
      </trkpt>
      <trkpt lat="24.86405602656305" lon="121.54992333613336">
        <ele>140.0</ele>
      </trkpt>
      <trkpt lat="24.863562500104308" lon="121.54985904693604">
        <ele>140.0</ele>
      </trkpt>
      <trkpt lat="24.86328363418579" lon="121.54985904693604">
        <ele>139.0</ele>
      </trkpt>
      <trkpt lat="24.863154888153076" lon="121.54988050460815">
        <ele>138.0</ele>
      </trkpt>
      <trkpt lat="24.862940227612853" lon="121.54998779296875">
        <ele>138.0</ele>
      </trkpt>
      <trkpt lat="24.8627685662359" lon="121.55009508132935">
        <ele>137.0</ele>
      </trkpt>
      <trkpt lat="24.862511157989502" lon="121.55035248957574">
        <ele>137.0</ele>
      </trkpt>
      <trkpt lat="24.86201754771173" lon="121.55073872767389">
        <ele>136.0</ele>
      </trkpt>
      <trkpt lat="24.861910426989198" lon="121.55086755752563">
        <ele>136.0</ele>
      </trkpt>
      <trkpt lat="24.861652851104736" lon="121.55121088027954">
        <ele>136.0</ele>
      </trkpt>
      <trkpt lat="24.861438190564513" lon="121.55151128768921">
        <ele>135.0</ele>
      </trkpt>
      <trkpt lat="24.861395359039307" lon="121.55155411921442">
        <ele>136.0</ele>
      </trkpt>
      <trkpt lat="24.861266613006592" lon="121.55157566070557">
        <ele>136.0</ele>
      </trkpt>
      <trkpt lat="24.860966289415956" lon="121.55157566070557">
        <ele>136.0</ele>
      </trkpt>
      <trkpt lat="24.860687339678407" lon="121.55157566070557">
        <ele>137.0</ele>
      </trkpt>
      <trkpt lat="24.85982894897461" lon="121.55157566070557">
        <ele>137.0</ele>
      </trkpt>
      <trkpt lat="24.859828865155578" lon="121.55157566070557">
        <ele>138.0</ele>
      </trkpt>
      <trkpt lat="24.858970642089844" lon="121.5515326615423">
        <ele>139.0</ele>
      </trkpt>
      <trkpt lat="24.858691692352295" lon="121.55146828852594">
        <ele>140.0</ele>
      </trkpt>
      <trkpt lat="24.858477031812072" lon="121.5514253731817">
        <ele>142.0</ele>
      </trkpt>
      <trkpt lat="24.85800496302545" lon="121.55140399932861">
        <ele>143.0</ele>
      </trkpt>
      <trkpt lat="24.857726097106934" lon="121.5513825416565">
        <ele>145.0</ele>
      </trkpt>
      <trkpt lat="24.857490062713623" lon="121.5513825416565">
        <ele>146.0</ele>
      </trkpt>
      <trkpt lat="24.8572754021734" lon="121.55140399932861">
        <ele>148.0</ele>
      </trkpt>
      <trkpt lat="24.856717586517334" lon="121.55157566070557">
        <ele>150.0</ele>
      </trkpt>
      <trkpt lat="24.856460010632873" lon="121.55159711837769">
        <ele>152.0</ele>
      </trkpt>
      <trkpt lat="24.855472957715392" lon="121.55146828852594">
        <ele>153.0</ele>
      </trkpt>
      <trkpt lat="24.855408668518066" lon="121.55146828852594">
        <ele>155.0</ele>
      </trkpt>
      <trkpt lat="24.855151092633605" lon="121.55133954249322">
        <ele>157.0</ele>
      </trkpt>
      <trkpt lat="24.85506526194513" lon="121.55133954249322">
        <ele>159.0</ele>
      </trkpt>
      <trkpt lat="24.854700565338135" lon="121.55133954249322">
        <ele>161.0</ele>
      </trkpt>
      <trkpt lat="24.854228412732482" lon="121.55121088027954">
        <ele>162.0</ele>
      </trkpt>
      <trkpt lat="24.854142582044005" lon="121.55121088027954">
        <ele>164.0</ele>
      </trkpt>
      <trkpt lat="24.853971004486084" lon="121.55123225413263">
        <ele>166.0</ele>
      </trkpt>
      <trkpt lat="24.853713428601623" lon="121.55133954249322">
        <ele>168.0</ele>
      </trkpt>
      <trkpt lat="24.85352030955255" lon="121.55140399932861">
        <ele>170.0</ele>
      </trkpt>
      <trkpt lat="24.853413021191955" lon="121.55146828852594">
        <ele>172.0</ele>
      </trkpt>
      <trkpt lat="24.853241359815" lon="121.55157566070557">
        <ele>174.0</ele>
      </trkpt>
      <trkpt lat="24.853112613782287" lon="121.55170440673828">
        <ele>177.0</ele>
      </trkpt>
      <trkpt lat="24.85300532542169" lon="121.55183306895196">
        <ele>178.0</ele>
      </trkpt>
      <trkpt lat="24.852597629651427" lon="121.55234805308282">
        <ele>180.0</ele>
      </trkpt>
      <trkpt lat="24.852189933881164" lon="121.55260562896729">
        <ele>183.0</ele>
      </trkpt>
      <trkpt lat="24.851910984143615" lon="121.55286303721368">
        <ele>186.0</ele>
      </trkpt>
      <trkpt lat="24.851825153455138" lon="121.55290603637695">
        <ele>187.0</ele>
      </trkpt>
      <trkpt lat="24.851653575897217" lon="121.55297032557428">
        <ele>188.0</ele>
      </trkpt>
      <trkpt lat="24.85156774520874" lon="121.55297032557428">
        <ele>190.0</ele>
      </trkpt>
      <trkpt lat="24.851396000012755" lon="121.55290603637695">
        <ele>191.0</ele>
      </trkpt>
      <trkpt lat="24.85081664286554" lon="121.55264846049249">
        <ele>192.0</ele>
      </trkpt>
      <trkpt lat="24.850387489423156" lon="121.55230522155762">
        <ele>194.0</ele>
      </trkpt>
      <trkpt lat="24.849679386243224" lon="121.55191898345947">
        <ele>195.0</ele>
      </trkpt>
      <trkpt lat="24.84927169047296" lon="121.55181169509888">
        <ele>196.0</ele>
      </trkpt>
      <trkpt lat="24.848906993865967" lon="121.55181169509888">
        <ele>196.0</ele>
      </trkpt>
      <trkpt lat="24.848735416308045" lon="121.5517686959356">
        <ele>197.0</ele>
      </trkpt>
      <trkpt lat="24.848735332489014" lon="121.5517686959356">
        <ele>198.0</ele>
      </trkpt>
      <trkpt lat="24.848520839586854" lon="121.5516185760498">
        <ele>198.0</ele>
      </trkpt>
      <trkpt lat="24.848520755767822" lon="121.5516185760498">
        <ele>199.0</ele>
      </trkpt>
      <trkpt lat="24.848370468243957" lon="121.5515326615423">
        <ele>199.0</ele>
      </trkpt>
      <trkpt lat="24.847722547128797" lon="121.55123250558972">
        <ele>198.0</ele>
      </trkpt>
      <trkpt lat="24.848370468243957" lon="121.5515326615423">
        <ele>199.0</ele>
      </trkpt>
      <trkpt lat="24.848520755767822" lon="121.5516185760498">
        <ele>199.0</ele>
      </trkpt>
      <trkpt lat="24.848520839586854" lon="121.5516185760498">
        <ele>198.0</ele>
      </trkpt>
      <trkpt lat="24.848735332489014" lon="121.5517686959356">
        <ele>198.0</ele>
      </trkpt>
      <trkpt lat="24.848735416308045" lon="121.5517686959356">
        <ele>197.0</ele>
      </trkpt>
      <trkpt lat="24.848906993865967" lon="121.55181169509888">
        <ele>196.0</ele>
      </trkpt>
      <trkpt lat="24.84927169047296" lon="121.55181169509888">
        <ele>196.0</ele>
      </trkpt>
      <trkpt lat="24.849679386243224" lon="121.55191898345947">
        <ele>195.0</ele>
      </trkpt>
      <trkpt lat="24.850387489423156" lon="121.55230522155762">
        <ele>194.0</ele>
      </trkpt>
      <trkpt lat="24.85081664286554" lon="121.55264846049249">
        <ele>192.0</ele>
      </trkpt>
      <trkpt lat="24.851396000012755" lon="121.55290603637695">
        <ele>191.0</ele>
      </trkpt>
      <trkpt lat="24.85156774520874" lon="121.55297032557428">
        <ele>190.0</ele>
      </trkpt>
      <trkpt lat="24.851653575897217" lon="121.55297032557428">
        <ele>188.0</ele>
      </trkpt>
      <trkpt lat="24.851825153455138" lon="121.55290603637695">
        <ele>187.0</ele>
      </trkpt>
      <trkpt lat="24.851910984143615" lon="121.55286303721368">
        <ele>186.0</ele>
      </trkpt>
      <trkpt lat="24.852189933881164" lon="121.55260562896729">
        <ele>183.0</ele>
      </trkpt>
      <trkpt lat="24.852597629651427" lon="121.55234805308282">
        <ele>180.0</ele>
      </trkpt>
      <trkpt lat="24.85300532542169" lon="121.55183306895196">
        <ele>178.0</ele>
      </trkpt>
      <trkpt lat="24.853112613782287" lon="121.55170440673828">
        <ele>177.0</ele>
      </trkpt>
      <trkpt lat="24.853241359815" lon="121.55157566070557">
        <ele>174.0</ele>
      </trkpt>
      <trkpt lat="24.853413021191955" lon="121.55146828852594">
        <ele>172.0</ele>
      </trkpt>
      <trkpt lat="24.85352030955255" lon="121.55140399932861">
        <ele>170.0</ele>
      </trkpt>
      <trkpt lat="24.853713428601623" lon="121.55133954249322">
        <ele>168.0</ele>
      </trkpt>
      <trkpt lat="24.853971004486084" lon="121.55123225413263">
        <ele>166.0</ele>
      </trkpt>
      <trkpt lat="24.854142582044005" lon="121.55121088027954">
        <ele>164.0</ele>
      </trkpt>
      <trkpt lat="24.854228412732482" lon="121.55121088027954">
        <ele>162.0</ele>
      </trkpt>
      <trkpt lat="24.854700565338135" lon="121.55133954249322">
        <ele>161.0</ele>
      </trkpt>
      <trkpt lat="24.85506526194513" lon="121.55133954249322">
        <ele>159.0</ele>
      </trkpt>
      <trkpt lat="24.855151092633605" lon="121.55133954249322">
        <ele>157.0</ele>
      </trkpt>
      <trkpt lat="24.855408668518066" lon="121.55146828852594">
        <ele>155.0</ele>
      </trkpt>
      <trkpt lat="24.855472957715392" lon="121.55146828852594">
        <ele>153.0</ele>
      </trkpt>
      <trkpt lat="24.856460010632873" lon="121.55159711837769">
        <ele>152.0</ele>
      </trkpt>
      <trkpt lat="24.856717586517334" lon="121.55157566070557">
        <ele>150.0</ele>
      </trkpt>
      <trkpt lat="24.8572754021734" lon="121.55140399932861">
        <ele>148.0</ele>
      </trkpt>
      <trkpt lat="24.857490062713623" lon="121.5513825416565">
        <ele>146.0</ele>
      </trkpt>
      <trkpt lat="24.857726097106934" lon="121.5513825416565">
        <ele>145.0</ele>
      </trkpt>
      <trkpt lat="24.85800496302545" lon="121.55140399932861">
        <ele>143.0</ele>
      </trkpt>
      <trkpt lat="24.858477031812072" lon="121.5514253731817">
        <ele>142.0</ele>
      </trkpt>
      <trkpt lat="24.858691692352295" lon="121.55146828852594">
        <ele>140.0</ele>
      </trkpt>
      <trkpt lat="24.858970642089844" lon="121.5515326615423">
        <ele>139.0</ele>
      </trkpt>
      <trkpt lat="24.859828865155578" lon="121.55157566070557">
        <ele>138.0</ele>
      </trkpt>
      <trkpt lat="24.85982894897461" lon="121.55157566070557">
        <ele>137.0</ele>
      </trkpt>
      <trkpt lat="24.860687339678407" lon="121.55157566070557">
        <ele>137.0</ele>
      </trkpt>
      <trkpt lat="24.860966289415956" lon="121.55157566070557">
        <ele>136.0</ele>
      </trkpt>
      <trkpt lat="24.861266613006592" lon="121.55157566070557">
        <ele>136.0</ele>
      </trkpt>
      <trkpt lat="24.861395359039307" lon="121.55155411921442">
        <ele>136.0</ele>
      </trkpt>
      <trkpt lat="24.861438190564513" lon="121.55151128768921">
        <ele>135.0</ele>
      </trkpt>
      <trkpt lat="24.861652851104736" lon="121.55121088027954">
        <ele>136.0</ele>
      </trkpt>
      <trkpt lat="24.861910426989198" lon="121.55086755752563">
        <ele>136.0</ele>
      </trkpt>
      <trkpt lat="24.86201754771173" lon="121.55073872767389">
        <ele>136.0</ele>
      </trkpt>
      <trkpt lat="24.862511157989502" lon="121.55035248957574">
        <ele>137.0</ele>
      </trkpt>
      <trkpt lat="24.8627685662359" lon="121.55009508132935">
        <ele>137.0</ele>
      </trkpt>
      <trkpt lat="24.862940227612853" lon="121.54998779296875">
        <ele>138.0</ele>
      </trkpt>
      <trkpt lat="24.863154888153076" lon="121.54988050460815">
        <ele>138.0</ele>
      </trkpt>
      <trkpt lat="24.86328363418579" lon="121.54985904693604">
        <ele>139.0</ele>
      </trkpt>
      <trkpt lat="24.863562500104308" lon="121.54985904693604">
        <ele>140.0</ele>
      </trkpt>
      <trkpt lat="24.86405602656305" lon="121.54992333613336">
        <ele>140.0</ele>
      </trkpt>
      <trkpt lat="24.86427060328424" lon="121.54992333613336">
        <ele>140.0</ele>
      </trkpt>
      <trkpt lat="24.86459255218506" lon="121.54990187846124">
        <ele>141.0</ele>
      </trkpt>
      <trkpt lat="24.864678299054503" lon="121.54988050460815">
        <ele>141.0</ele>
      </trkpt>
      <trkpt lat="24.864978790283203" lon="121.54970875941217">
        <ele>142.0</ele>
      </trkpt>
      <trkpt lat="24.865386402234435" lon="121.54955863952637">
        <ele>142.0</ele>
      </trkpt>
      <trkpt lat="24.865429401397705" lon="121.54949418269098">
        <ele>143.0</ele>
      </trkpt>
      <trkpt lat="24.86547223292291" lon="121.54932252131402">
        <ele>143.0</ele>
      </trkpt>
      <trkpt lat="24.866116046905518" lon="121.54966592788696">
        <ele>143.0</ele>
      </trkpt>
      <trkpt lat="24.8665452003479" lon="121.54981604777277">
        <ele>142.0</ele>
      </trkpt>
      <trkpt lat="24.866716777905822" lon="121.54981604777277">
        <ele>142.0</ele>
      </trkpt>
      <trkpt lat="24.86680269241333" lon="121.54981604777277">
        <ele>142.0</ele>
      </trkpt>
      <trkpt lat="24.866931438446045" lon="121.54975175857544">
        <ele>142.0</ele>
      </trkpt>
      <trkpt lat="24.86703872680664" lon="121.54968738555908">
        <ele>142.0</ele>
      </trkpt>
      <trkpt lat="24.867188846692443" lon="121.54953709803522">
        <ele>141.0</ele>
      </trkpt>
      <trkpt lat="24.86729613505304" lon="121.54934406280518">
        <ele>140.0</ele>
      </trkpt>
      <trkpt lat="24.86748925410211" lon="121.54891482554376">
        <ele>140.0</ele>
      </trkpt>
      <trkpt lat="24.8685622215271" lon="121.54932252131402">
        <ele>138.0</ele>
      </trkpt>
      <trkpt lat="24.868691051378846" lon="121.54908657073975">
        <ele>138.0</ele>
      </trkpt>
      <trkpt lat="24.86907720565796" lon="121.54846429824829">
        <ele>137.0</ele>
      </trkpt>
      <trkpt lat="24.86933469772339" lon="121.54797077178955">
        <ele>136.0</ele>
      </trkpt>
      <trkpt lat="24.869399070739746" lon="121.54784202575684">
        <ele>135.0</ele>
      </trkpt>
      <trkpt lat="24.869484901428223" lon="121.54775619506836">
        <ele>134.0</ele>
      </trkpt>
      <trkpt lat="24.86957081593573" lon="121.54767036437988">
        <ele>133.0</ele>
      </trkpt>
      <trkpt lat="24.869828140363097" lon="121.54752016067505">
        <ele>132.0</ele>
      </trkpt>
      <trkpt lat="24.869956886395812" lon="121.54747716151178">
        <ele>131.0</ele>
      </trkpt>
      <trkpt lat="24.870171630755067" lon="121.54745578765869">
        <ele>130.0</ele>
      </trkpt>
      <trkpt lat="24.870364665985107" lon="121.54745578765869">
        <ele>130.0</ele>
      </trkpt>
      <trkpt lat="24.870493412017822" lon="121.54747716151178">
        <ele>128.0</ele>
      </trkpt>
      <trkpt lat="24.870944023132324" lon="121.54758444987237">
        <ele>127.0</ele>
      </trkpt>
      <trkpt lat="24.87130888737738" lon="121.54767036437988">
        <ele>127.0</ele>
      </trkpt>
      <trkpt lat="24.871695041656494" lon="121.54777756892145">
        <ele>126.0</ele>
      </trkpt>
      <trkpt lat="24.871931159868836" lon="121.54779902659357">
        <ele>125.0</ele>
      </trkpt>
      <trkpt lat="24.87205982208252" lon="121.54779902659357">
        <ele>124.0</ele>
      </trkpt>
      <trkpt lat="24.872445976361632" lon="121.54756307601929">
        <ele>123.0</ele>
      </trkpt>
      <trkpt lat="24.87253189086914" lon="121.54752016067505">
        <ele>123.0</ele>
      </trkpt>
      <trkpt lat="24.872617721557617" lon="121.5474986191839">
        <ele>122.0</ele>
      </trkpt>
      <trkpt lat="24.872896671295166" lon="121.54747716151178">
        <ele>122.0</ele>
      </trkpt>
      <trkpt lat="24.87313278950751" lon="121.54745578765869">
        <ele>121.0</ele>
      </trkpt>
      <trkpt lat="24.87328290939331" lon="121.54745578765869">
        <ele>120.0</ele>
      </trkpt>
      <trkpt lat="24.873948097229004" lon="121.54732704162598">
        <ele>120.0</ele>
      </trkpt>
      <trkpt lat="24.87431287765503" lon="121.5472412109375">
        <ele>119.0</ele>
      </trkpt>
      <trkpt lat="24.87454899586737" lon="121.54715538024902">
        <ele>119.0</ele>
      </trkpt>
      <trkpt lat="24.874656200408936" lon="121.54711238108575">
        <ele>119.0</ele>
      </trkpt>
      <trkpt lat="24.87482786178589" lon="121.54702663421631">
        <ele>119.0</ele>
      </trkpt>
      <trkpt lat="24.874913608655334" lon="121.54687634669244">
        <ele>118.0</ele>
      </trkpt>
      <trkpt lat="24.87499943934381" lon="121.54666176997125">
        <ele>118.0</ele>
      </trkpt>
      <trkpt lat="24.874999523162842" lon="121.54666176997125">
        <ele>118.0</ele>
      </trkpt>
      <trkpt lat="24.875106727704406" lon="121.54640427790582">
        <ele>118.0</ele>
      </trkpt>
      <trkpt lat="24.87525701522827" lon="121.54621124267578">
        <ele>119.0</ele>
      </trkpt>
      <trkpt lat="24.875342845916748" lon="121.54606095515192">
        <ele>119.0</ele>
      </trkpt>
      <trkpt lat="24.875428676605225" lon="121.54576054774225">
        <ele>120.0</ele>
      </trkpt>
      <trkpt lat="24.875450134277344" lon="121.54556742869318">
        <ele>120.0</ele>
      </trkpt>
      <trkpt lat="24.875450134277344" lon="121.54539585113525">
        <ele>121.0</ele>
      </trkpt>
      <trkpt lat="24.875428676605225" lon="121.54515973292291">
        <ele>121.0</ele>
      </trkpt>
      <trkpt lat="24.87527838908136" lon="121.5445803757757">
        <ele>121.0</ele>
      </trkpt>
      <trkpt lat="24.87527838908136" lon="121.54449462890625">
        <ele>122.0</ele>
      </trkpt>
      <trkpt lat="24.875299846753478" lon="121.5443657990545">
        <ele>122.0</ele>
      </trkpt>
      <trkpt lat="24.875342845916748" lon="121.5443229675293">
        <ele>123.0</ele>
      </trkpt>
      <trkpt lat="24.875450134277344" lon="121.54425851069391">
        <ele>124.0</ele>
      </trkpt>
      <trkpt lat="24.87609394825995" lon="121.54406539164484">
        <ele>126.0</ele>
      </trkpt>
      <trkpt lat="24.87628698348999" lon="121.54397964477539">
        <ele>127.0</ele>
      </trkpt>
      <trkpt lat="24.876673305407166" lon="121.54376498423517">
        <ele>128.0</ele>
      </trkpt>
      <trkpt lat="24.87701646052301" lon="121.54355040751398">
        <ele>129.0</ele>
      </trkpt>
      <trkpt lat="24.87755298614502" lon="121.5430998802185">
        <ele>131.0</ele>
      </trkpt>
      <trkpt lat="24.877831852063537" lon="121.54294959269464">
        <ele>132.0</ele>
      </trkpt>
      <trkpt lat="24.877960681915283" lon="121.54288530349731">
        <ele>133.0</ele>
      </trkpt>
      <trkpt lat="24.878089427947998" lon="121.54284230433404">
        <ele>135.0</ele>
      </trkpt>
      <trkpt lat="24.878346836194396" lon="121.54279947280884">
        <ele>137.0</ele>
      </trkpt>
      <trkpt lat="24.878690242767334" lon="121.54277801513672">
        <ele>138.0</ele>
      </trkpt>
      <trkpt lat="24.878904819488525" lon="121.54273501597345">
        <ele>140.0</ele>
      </trkpt>
      <trkpt lat="24.87896910868585" lon="121.54269218444824">
        <ele>142.0</ele>
      </trkpt>
      <trkpt lat="24.879097938537598" lon="121.54262772761285">
        <ele>143.0</ele>
      </trkpt>
      <trkpt lat="24.879376888275146" lon="121.5423487778753">
        <ele>145.0</ele>
      </trkpt>
      <trkpt lat="24.879484176635742" lon="121.54230586253107">
        <ele>147.0</ele>
      </trkpt>
      <trkpt lat="24.879634296521544" lon="121.54230586253107">
        <ele>149.0</ele>
      </trkpt>
      <trkpt lat="24.880127906799316" lon="121.54247760772705">
        <ele>151.0</ele>
      </trkpt>
      <trkpt lat="24.880127990618348" lon="121.54247760772705">
        <ele>153.0</ele>
      </trkpt>
      <trkpt lat="24.88047114573419" lon="121.54256343841553">
        <ele>155.0</ele>
      </trkpt>
      <trkpt lat="24.880750263109803" lon="121.54260635375977">
        <ele>157.0</ele>
      </trkpt>
      <trkpt lat="24.88124370574951" lon="121.54256343841553">
        <ele>159.0</ele>
      </trkpt>
      <trkpt lat="24.88130807876587" lon="121.54256343841553">
        <ele>161.0</ele>
      </trkpt>
      <trkpt lat="24.881458366289735" lon="121.54260635375977">
        <ele>163.0</ele>
      </trkpt>
      <trkpt lat="24.88154411315918" lon="121.54262772761285">
        <ele>164.0</ele>
      </trkpt>
      <trkpt lat="24.881672775372863" lon="121.54277801513672">
        <ele>166.0</ele>
      </trkpt>
      <trkpt lat="24.882059013471007" lon="121.54333583079278">
        <ele>169.0</ele>
      </trkpt>
      <trkpt lat="24.88225221633911" lon="121.54350757598877">
        <ele>170.0</ele>
      </trkpt>
      <trkpt lat="24.882338047027588" lon="121.54357194900513">
        <ele>172.0</ele>
      </trkpt>
      <trkpt lat="24.882573997601867" lon="121.54365769587457">
        <ele>173.0</ele>
      </trkpt>
      <trkpt lat="24.883174812421203" lon="121.54376498423517">
        <ele>175.0</ele>
      </trkpt>
      <trkpt lat="24.88349667750299" lon="121.54378652572632">
        <ele>176.0</ele>
      </trkpt>
      <trkpt lat="24.883582508191466" lon="121.54376498423517">
        <ele>177.0</ele>
      </trkpt>
      <trkpt lat="24.883668422698975" lon="121.54372215270996">
        <ele>178.0</ele>
      </trkpt>
      <trkpt lat="24.88381862640381" lon="121.54363623820245">
        <ele>178.0</ele>
      </trkpt>
      <trkpt lat="24.88401174545288" lon="121.54352894984186">
        <ele>179.0</ele>
      </trkpt>
      <trkpt lat="24.88407611846924" lon="121.54350757598877">
        <ele>180.0</ele>
      </trkpt>
      <trkpt lat="24.884183406829834" lon="121.54352894984186">
        <ele>180.0</ele>
      </trkpt>
      <trkpt lat="24.88426923751831" lon="121.54359340667725">
        <ele>181.0</ele>
      </trkpt>
      <trkpt lat="24.884290611371398" lon="121.54365769587457">
        <ele>181.0</ele>
      </trkpt>
      <trkpt lat="24.884312069043517" lon="121.5442156791687">
        <ele>181.0</ele>
      </trkpt>
      <trkpt lat="24.884462356567383" lon="121.54483786784112">
        <ele>181.0</ele>
      </trkpt>
      <trkpt lat="24.884440898895264" lon="121.54494515620172">
        <ele>180.0</ele>
      </trkpt>
      <trkpt lat="24.884419357404113" lon="121.54500961303711">
        <ele>180.0</ele>
      </trkpt>
      <trkpt lat="24.88407611846924" lon="121.54565325938165">
        <ele>180.0</ele>
      </trkpt>
      <trkpt lat="24.88407620228827" lon="121.54565325938165">
        <ele>179.0</ele>
      </trkpt>
      <trkpt lat="24.883947372436523" lon="121.54591083526611">
        <ele>178.0</ele>
      </trkpt>
      <trkpt lat="24.883904373273253" lon="121.54610395431519">
        <ele>177.0</ele>
      </trkpt>
      <trkpt lat="24.883840084075928" lon="121.54655456542969">
        <ele>176.0</ele>
      </trkpt>
      <trkpt lat="24.883818542584777" lon="121.54689780436456">
        <ele>174.0</ele>
      </trkpt>
      <trkpt lat="24.883840084075928" lon="121.54706946574152">
        <ele>173.0</ele>
      </trkpt>
      <trkpt lat="24.883968830108643" lon="121.5474986191839">
        <ele>171.0</ele>
      </trkpt>
      <trkpt lat="24.883968913927674" lon="121.5474986191839">
        <ele>170.0</ele>
      </trkpt>
      <trkpt lat="24.88405474461615" lon="121.54777756892145">
        <ele>168.0</ele>
      </trkpt>
      <trkpt lat="24.884183490648866" lon="121.54833555221558">
        <ele>167.0</ele>
      </trkpt>
      <trkpt lat="24.884204864501953" lon="121.54842129908502">
        <ele>165.0</ele>
      </trkpt>
      <trkpt lat="24.884355068206787" lon="121.54891482554376">
        <ele>163.0</ele>
      </trkpt>
      <trkpt lat="24.884397983551025" lon="121.54912940226495">
        <ele>161.0</ele>
      </trkpt>
      <trkpt lat="24.884397899731994" lon="121.54923669062555">
        <ele>160.0</ele>
      </trkpt>
      <trkpt lat="24.884376525878906" lon="121.54932252131402">
        <ele>158.0</ele>
      </trkpt>
      <trkpt lat="24.88426923751831" lon="121.54983750544488">
        <ele>156.0</ele>
      </trkpt>
      <trkpt lat="24.88426923751831" lon="121.54992333613336">
        <ele>154.0</ele>
      </trkpt>
      <trkpt lat="24.88426923751831" lon="121.55009508132935">
        <ele>152.0</ele>
      </trkpt>
      <trkpt lat="24.884333526715636" lon="121.55024520121515">
        <ele>151.0</ele>
      </trkpt>
      <trkpt lat="24.884376525878906" lon="121.55033103190362">
        <ele>149.0</ele>
      </trkpt>
      <trkpt lat="24.884483814239502" lon="121.55043832026422">
        <ele>147.0</ele>
      </trkpt>
      <trkpt lat="24.88452664576471" lon="121.55048131942749">
        <ele>146.0</ele>
      </trkpt>
      <trkpt lat="24.884848594665527" lon="121.55063143931329">
        <ele>144.0</ele>
      </trkpt>
      <trkpt lat="24.88499871455133" lon="121.55076026916504">
        <ele>142.0</ele>
      </trkpt>
      <trkpt lat="24.885084629058838" lon="121.55084601603448">
        <ele>140.0</ele>
      </trkpt>
      <trkpt lat="24.885191917419434" lon="121.55106059275568">
        <ele>139.0</ele>
      </trkpt>
      <trkpt lat="24.88523474894464" lon="121.5511679649353">
        <ele>137.0</ele>
      </trkpt>
      <trkpt lat="24.88523474894464" lon="121.5515326615423">
        <ele>135.0</ele>
      </trkpt>
      <trkpt lat="24.88525629043579" lon="121.5516185760498">
        <ele>133.0</ele>
      </trkpt>
      <trkpt lat="24.885299121960998" lon="121.55170440673828">
        <ele>131.0</ele>
      </trkpt>
      <trkpt lat="24.885342037305236" lon="121.55174723826349">
        <ele>129.0</ele>
      </trkpt>
      <trkpt lat="24.885406410321593" lon="121.5517686959356">
        <ele>127.0</ele>
      </trkpt>
      <trkpt lat="24.885470867156982" lon="121.5517686959356">
        <ele>125.0</ele>
      </trkpt>
      <trkpt lat="24.885535156354308" lon="121.55174723826349">
        <ele>123.0</ele>
      </trkpt>
      <trkpt lat="24.885599613189697" lon="121.55172578059137">
        <ele>120.0</ele>
      </trkpt>
      <trkpt lat="24.885835563763976" lon="121.55155411921442">
        <ele>118.0</ele>
      </trkpt>
      <trkpt lat="24.88602868281305" lon="121.55148983001709">
        <ele>115.0</ele>
      </trkpt>
      <trkpt lat="24.886135971173644" lon="121.55146828852594">
        <ele>113.0</ele>
      </trkpt>
      <trkpt lat="24.88624325953424" lon="121.55146828852594">
        <ele>110.0</ele>
      </trkpt>
      <trkpt lat="24.88645783625543" lon="121.5515326615423">
        <ele>108.0</ele>
      </trkpt>
      <trkpt lat="24.887402057647705" lon="121.55187606811523">
        <ele>106.0</ele>
      </trkpt>
      <trkpt lat="24.888067161664367" lon="121.55204764567316">
        <ele>104.0</ele>
      </trkpt>
      <trkpt lat="24.888346111401916" lon="121.55209064483643">
        <ele>102.0</ele>
      </trkpt>
      <trkpt lat="24.888646518811584" lon="121.55206910334527">
        <ele>100.0</ele>
      </trkpt>
      <trkpt lat="24.888861095532775" lon="121.55202618800104">
        <ele>98.0</ele>
      </trkpt>
      <trkpt lat="24.88903284072876" lon="121.55196181498468">
        <ele>96.0</ele>
      </trkpt>
      <trkpt lat="24.8898268584162" lon="121.5515326615423">
        <ele>94.0</ele>
      </trkpt>
      <trkpt lat="24.890835285186768" lon="121.55088901519775">
        <ele>92.0</ele>
      </trkpt>
      <trkpt lat="24.891285812482238" lon="121.5505241509527">
        <ele>90.0</ele>
      </trkpt>
      <trkpt lat="24.891672134399414" lon="121.55011645518243">
        <ele>89.0</ele>
      </trkpt>
      <trkpt lat="24.891822254285216" lon="121.54992333613336">
        <ele>88.0</ele>
      </trkpt>
      <trkpt lat="24.891886627301574" lon="121.54981604777277">
        <ele>87.0</ele>
      </trkpt>
      <trkpt lat="24.891951084136963" lon="121.54964438639581">
        <ele>86.0</ele>
      </trkpt>
      <trkpt lat="24.89201545715332" lon="121.5493655204773">
        <ele>85.0</ele>
      </trkpt>
      <trkpt lat="24.892208576202393" lon="121.54867887496948">
        <ele>84.0</ele>
      </trkpt>
      <trkpt lat="24.892251575365663" lon="121.54857158660889">
        <ele>83.0</ele>
      </trkpt>
      <trkpt lat="24.8925518989563" lon="121.54756307601929">
        <ele>81.0</ele>
      </trkpt>
      <trkpt lat="24.89255198277533" lon="121.54756307601929">
        <ele>80.0</ele>
      </trkpt>
      <trkpt lat="24.892637645825744" lon="121.5473484992981">
        <ele>80.0</ele>
      </trkpt>
      <trkpt lat="24.8927020188421" lon="121.54717675410211">
        <ele>79.0</ele>
      </trkpt>
      <trkpt lat="24.892916595563293" lon="121.54687634669244">
        <ele>78.0</ele>
      </trkpt>
      <trkpt lat="24.893195629119873" lon="121.54655456542969">
        <ele>78.0</ele>
      </trkpt>
      <trkpt lat="24.893410122022033" lon="121.54636136256158">
        <ele>78.0</ele>
      </trkpt>
      <trkpt lat="24.89351741038263" lon="121.54629698954523">
        <ele>78.0</ele>
      </trkpt>
      <trkpt lat="24.89375344477594" lon="121.54618970118463">
        <ele>77.0</ele>
      </trkpt>
      <trkpt lat="24.894568920135498" lon="121.54597512446344">
        <ele>77.0</ele>
      </trkpt>
      <trkpt lat="24.89474049769342" lon="121.54597512446344">
        <ele>77.0</ele>
      </trkpt>
      <trkpt lat="24.894933700561523" lon="121.54603958129883">
        <ele>77.0</ele>
      </trkpt>
      <trkpt lat="24.89525556564331" lon="121.54625407420099">
        <ele>78.0</ele>
      </trkpt>
      <trkpt lat="24.89602812565863" lon="121.54668322764337">
        <ele>77.0</ele>
      </trkpt>
      <trkpt lat="24.896328449249268" lon="121.54687634669244">
        <ele>78.0</ele>
      </trkpt>
      <trkpt lat="24.89650011062622" lon="121.54704809188843">
        <ele>78.0</ele>
      </trkpt>
      <trkpt lat="24.89703663624823" lon="121.54788485728204">
        <ele>78.0</ele>
      </trkpt>
      <trkpt lat="24.897637367248535" lon="121.54882899485528">
        <ele>78.0</ele>
      </trkpt>
      <trkpt lat="24.89802368916571" lon="121.5494083520025">
        <ele>78.0</ele>
      </trkpt>
      <trkpt lat="24.898216724395752" lon="121.54968738555908">
        <ele>78.0</ele>
      </trkpt>
      <trkpt lat="24.898324012756348" lon="121.54977321624756">
        <ele>78.0</ele>
      </trkpt>
      <trkpt lat="24.89976167678833" lon="121.5501594543457">
        <ele>78.0</ele>
      </trkpt>
      <trkpt lat="24.90006216801703" lon="121.55022374354303">
        <ele>78.0</ele>
      </trkpt>
      <trkpt lat="24.900362491607666" lon="121.5503095742315">
        <ele>78.0</ele>
      </trkpt>
      <trkpt lat="24.901027595624328" lon="121.55039548873901">
        <ele>78.0</ele>
      </trkpt>
      <trkpt lat="24.901156425476074" lon="121.55045986175537">
        <ele>79.0</ele>
      </trkpt>
      <trkpt lat="24.90124225616455" lon="121.55054560862482">
        <ele>79.0</ele>
      </trkpt>
      <trkpt lat="24.901413917541504" lon="121.55071727000177">
        <ele>79.0</ele>
      </trkpt>
      <trkpt lat="24.901607120409608" lon="121.55091047286987">
        <ele>79.0</ele>
      </trkpt>
      <trkpt lat="24.901928901672363" lon="121.55121088027954">
        <ele>79.0</ele>
      </trkpt>
      <trkpt lat="24.902572631835938" lon="121.55185452662408">
        <ele>79.0</ele>
      </trkpt>
      <trkpt lat="24.902980411425233" lon="121.55226222239435">
        <ele>80.0</ele>
      </trkpt>
      <trkpt lat="24.903194988146424" lon="121.55251979827881">
        <ele>80.0</ele>
      </trkpt>
      <trkpt lat="24.903323566541076" lon="121.552734375">
        <ele>80.0</ele>
      </trkpt>
      <trkpt lat="24.90332373417914" lon="121.552734375">
        <ele>80.0</ele>
      </trkpt>
      <trkpt lat="24.90375280380249" lon="121.55342102050781">
        <ele>80.0</ele>
      </trkpt>
      <trkpt lat="24.903945922851562" lon="121.5537428855896">
        <ele>80.0</ele>
      </trkpt>
      <trkpt lat="24.904053127393126" lon="121.5538930054754">
        <ele>80.0</ele>
      </trkpt>
      <trkpt lat="24.904117668047547" lon="121.55400037765503">
        <ele>79.0</ele>
      </trkpt>
      <trkpt lat="24.904224956408143" lon="121.55408612452447">
        <ele>79.0</ele>
      </trkpt>
      <trkpt lat="24.904374992474914" lon="121.55408612452447">
        <ele>79.0</ele>
      </trkpt>
      <trkpt lat="24.90443936549127" lon="121.55406466685236">
        <ele>79.0</ele>
      </trkpt>
      <trkpt lat="24.904718482866883" lon="121.55387154780328">
        <ele>79.0</ele>
      </trkpt>
      <trkpt lat="24.905061637982726" lon="121.55361413955688">
        <ele>78.0</ele>
      </trkpt>
      <trkpt lat="24.9052547570318" lon="121.55342102050781">
        <ele>78.0</ele>
      </trkpt>
      <trkpt lat="24.905619621276855" lon="121.5528844948858">
        <ele>78.0</ele>
      </trkpt>
      <trkpt lat="24.905662452802062" lon="121.55282020568848">
        <ele>77.0</ele>
      </trkpt>
      <trkpt lat="24.90604877471924" lon="121.55256262980402">
        <ele>76.0</ele>
      </trkpt>
      <trkpt lat="24.906156063079834" lon="121.55247679911554">
        <ele>76.0</ele>
      </trkpt>
      <trkpt lat="24.906435096636415" lon="121.55219793319702">
        <ele>75.0</ele>
      </trkpt>
      <trkpt lat="24.90654230117798" lon="121.55204764567316">
        <ele>75.0</ele>
      </trkpt>
      <trkpt lat="24.90667096339166" lon="121.55181169509888">
        <ele>74.0</ele>
      </trkpt>
      <trkpt lat="24.90675687789917" lon="121.55172578059137">
        <ele>73.0</ele>
      </trkpt>
      <trkpt lat="24.906928539276123" lon="121.55168294906616">
        <ele>72.0</ele>
      </trkpt>
      <trkpt lat="24.908859729766846" lon="121.55166140757501">
        <ele>70.0</ele>
      </trkpt>
      <trkpt lat="24.909074306488037" lon="121.55163994990289">
        <ele>70.0</ele>
      </trkpt>
      <trkpt lat="24.909160137176514" lon="121.55159711837769">
        <ele>69.0</ele>
      </trkpt>
      <trkpt lat="24.909310257062316" lon="121.55148983001709">
        <ele>68.0</ele>
      </trkpt>
      <trkpt lat="24.909439086914062" lon="121.55136100016534">
        <ele>67.0</ele>
      </trkpt>
      <trkpt lat="24.909610748291016" lon="121.55118942260742">
        <ele>66.0</ele>
      </trkpt>
      <trkpt lat="24.909782493487" lon="121.55099630355835">
        <ele>66.0</ele>
      </trkpt>
      <trkpt lat="24.909846782684326" lon="121.55095330439508">
        <ele>65.0</ele>
      </trkpt>
      <trkpt lat="24.910190189257264" lon="121.55060998164117">
        <ele>64.0</ele>
      </trkpt>
      <trkpt lat="24.91057642735541" lon="121.55022374354303">
        <ele>64.0</ele>
      </trkpt>
      <trkpt lat="24.911091327667236" lon="121.54973021708429">
        <ele>63.0</ele>
      </trkpt>
      <trkpt lat="24.91132744587958" lon="121.54955863952637">
        <ele>63.0</ele>
      </trkpt>
      <trkpt lat="24.911563396453857" lon="121.54942980967462">
        <ele>63.0</ele>
      </trkpt>
      <trkpt lat="24.91194955073297" lon="121.54919377528131">
        <ele>62.0</ele>
      </trkpt>
      <trkpt lat="24.91304405964911" lon="121.54865741729736">
        <ele>62.0</ele>
      </trkpt>
      <trkpt lat="24.913773452863097" lon="121.54831401072443">
        <ele>62.0</ele>
      </trkpt>
      <trkpt lat="24.91448163986206" lon="121.54801360331476">
        <ele>62.0</ele>
      </trkpt>
      <trkpt lat="24.914610385894775" lon="121.54797077178955">
        <ele>62.0</ele>
      </trkpt>
      <trkpt lat="24.91523265838623" lon="121.54756307601929">
        <ele>62.0</ele>
      </trkpt>
      <trkpt lat="24.915404235944152" lon="121.5474986191839">
        <ele>62.0</ele>
      </trkpt>
      <trkpt lat="24.91549006663263" lon="121.54747716151178">
        <ele>62.0</ele>
      </trkpt>
      <trkpt lat="24.91549015045166" lon="121.54747716151178">
        <ele>62.0</ele>
      </trkpt>
      <trkpt lat="24.91574764251709" lon="121.54747716151178">
        <ele>63.0</ele>
      </trkpt>
      <trkpt lat="24.91596221923828" lon="121.54752016067505">
        <ele>64.0</ele>
      </trkpt>
      <trkpt lat="24.916841983795166" lon="121.54775619506836">
        <ele>64.0</ele>
      </trkpt>
      <trkpt lat="24.917142391204834" lon="121.54784202575684">
        <ele>65.0</ele>
      </trkpt>
      <trkpt lat="24.917550086975098" lon="121.54797077178955">
        <ele>66.0</ele>
      </trkpt>
      <trkpt lat="24.917828952893615" lon="121.54805660247803">
        <ele>67.0</ele>
      </trkpt>
      <trkpt lat="24.91797924041748" lon="121.5481424331665">
        <ele>68.0</ele>
      </trkpt>
      <trkpt lat="24.91825819015503" lon="121.5483570098877">
        <ele>69.0</ele>
      </trkpt>
      <trkpt lat="24.918644428253174" lon="121.54859296046197">
        <ele>70.0</ele>
      </trkpt>
      <trkpt lat="24.91879471577704" lon="121.54867887496948">
        <ele>72.0</ele>
      </trkpt>
      <trkpt lat="24.919030582532287" lon="121.54878607951105">
        <ele>73.0</ele>
      </trkpt>
      <trkpt lat="24.919245159253478" lon="121.54893628321588">
        <ele>74.0</ele>
      </trkpt>
      <trkpt lat="24.919309616088867" lon="121.54902211390436">
        <ele>75.0</ele>
      </trkpt>
      <trkpt lat="24.919524108991027" lon="121.54942980967462">
        <ele>77.0</ele>
      </trkpt>
      <trkpt lat="24.919610023498535" lon="121.54949418269098">
        <ele>78.0</ele>
      </trkpt>
      <trkpt lat="24.91969585418701" lon="121.54955863952637">
        <ele>80.0</ele>
      </trkpt>
      <trkpt lat="24.91978168487549" lon="121.54958009719849">
        <ele>81.0</ele>
      </trkpt>
      <trkpt lat="24.91995334625244" lon="121.54958009719849">
        <ele>83.0</ele>
      </trkpt>
      <trkpt lat="24.920167922973633" lon="121.54953709803522">
        <ele>84.0</ele>
      </trkpt>
      <trkpt lat="24.921734416857362" lon="121.54932252131402">
        <ele>86.0</ele>
      </trkpt>
      <trkpt lat="24.921991741284728" lon="121.5493010636419">
        <ele>87.0</ele>
      </trkpt>
      <trkpt lat="24.92216340266168" lon="121.5493010636419">
        <ele>89.0</ele>
      </trkpt>
      <trkpt lat="24.922292148694396" lon="121.5493010636419">
        <ele>91.0</ele>
      </trkpt>
      <trkpt lat="24.922592639923096" lon="121.5493655204773">
        <ele>93.0</ele>
      </trkpt>
      <trkpt lat="24.922871505841613" lon="121.54945135116577">
        <ele>94.0</ele>
      </trkpt>
      <trkpt lat="24.92297879420221" lon="121.54945135116577">
        <ele>96.0</ele>
      </trkpt>
      <trkpt lat="24.923086082562804" lon="121.54945135116577">
        <ele>98.0</ele>
      </trkpt>
      <trkpt lat="24.923665523529053" lon="121.54934406280518">
        <ele>99.0</ele>
      </trkpt>
      <trkpt lat="24.924180591478944" lon="121.5493010636419">
        <ele>101.0</ele>
      </trkpt>
      <trkpt lat="24.92426642216742" lon="121.54927968978882">
        <ele>103.0</ele>
      </trkpt>
      <trkpt lat="24.924330627545714" lon="121.54923669062555">
        <ele>105.0</ele>
      </trkpt>
      <trkpt lat="24.92469540797174" lon="121.54893628321588">
        <ele>106.0</ele>
      </trkpt>
      <trkpt lat="24.924824154004455" lon="121.54887199401855">
        <ele>107.0</ele>
      </trkpt>
      <trkpt lat="24.925360679626465" lon="121.54891482554376">
        <ele>109.0</ele>
      </trkpt>
      <trkpt lat="24.925532257184386" lon="121.54887199401855">
        <ele>111.0</ele>
      </trkpt>
      <trkpt lat="24.926111614331603" lon="121.54865741729736">
        <ele>112.0</ele>
      </trkpt>
      <trkpt lat="24.926519310101867" lon="121.54855012893677">
        <ele>114.0</ele>
      </trkpt>
      <trkpt lat="24.927399242296815" lon="121.54855012893677">
        <ele>116.0</ele>
      </trkpt>
      <trkpt lat="24.92793551646173" lon="121.54855012893677">
        <ele>118.0</ele>
      </trkpt>
      <trkpt lat="24.928064262494445" lon="121.54848567210138">
        <ele>120.0</ele>
      </trkpt>
      <trkpt lat="24.92819309234619" lon="121.5483998414129">
        <ele>121.0</ele>
      </trkpt>
      <trkpt lat="24.928300380706787" lon="121.54818526469171">
        <ele>122.0</ele>
      </trkpt>
      <trkpt lat="24.928364669904113" lon="121.54801360331476">
        <ele>124.0</ele>
      </trkpt>
      <trkpt lat="24.928386211395264" lon="121.54788485728204">
        <ele>125.0</ele>
      </trkpt>
      <trkpt lat="24.928386211395264" lon="121.54745578765869">
        <ele>128.0</ele>
      </trkpt>
      <trkpt lat="24.928407669067383" lon="121.54732704162598">
        <ele>129.0</ele>
      </trkpt>
      <trkpt lat="24.928429126739502" lon="121.54721975326538">
        <ele>131.0</ele>
      </trkpt>
      <trkpt lat="24.92849349975586" lon="121.5471339225769">
        <ele>132.0</ele>
      </trkpt>
      <trkpt lat="24.929265892133117" lon="121.54616824351251">
        <ele>135.0</ele>
      </trkpt>
      <trkpt lat="24.929373264312744" lon="121.54599658213556">
        <ele>136.0</ele>
      </trkpt>
      <trkpt lat="24.929416179656982" lon="121.54586783610284">
        <ele>138.0</ele>
      </trkpt>
      <trkpt lat="24.92939463816583" lon="121.54571771621704">
        <ele>139.0</ele>
      </trkpt>
      <trkpt lat="24.929094314575195" lon="121.5451169013977">
        <ele>140.0</ele>
      </trkpt>
      <trkpt lat="24.929072773084044" lon="121.54492378234863">
        <ele>142.0</ele>
      </trkpt>
      <trkpt lat="24.929094314575195" lon="121.54481649398804">
        <ele>143.0</ele>
      </trkpt>
      <trkpt lat="24.929137229919434" lon="121.54468774795532">
        <ele>144.0</ele>
      </trkpt>
      <trkpt lat="24.92930897511542" lon="121.5443657990545">
        <ele>146.0</ele>
      </trkpt>
      <trkpt lat="24.929480468854308" lon="121.54406539164484">
        <ele>147.0</ele>
      </trkpt>
      <trkpt lat="24.929630840197206" lon="121.54389381408691">
        <ele>148.0</ele>
      </trkpt>
      <trkpt lat="24.92971658706665" lon="121.54382935725152">
        <ele>149.0</ele>
      </trkpt>
      <trkpt lat="24.929823875427246" lon="121.54376498423517">
        <ele>150.0</ele>
      </trkpt>
      <trkpt lat="24.929931163787842" lon="121.54376498423517">
        <ele>151.0</ele>
      </trkpt>
      <trkpt lat="24.930059826001525" lon="121.54380798339844">
        <ele>152.0</ele>
      </trkpt>
      <trkpt lat="24.930102741345763" lon="121.54387227259576">
        <ele>152.0</ele>
      </trkpt>
      <trkpt lat="24.93016711436212" lon="121.54402256011963">
        <ele>152.0</ele>
      </trkpt>
      <trkpt lat="24.93023157119751" lon="121.54455891810358">
        <ele>152.0</ele>
      </trkpt>
      <trkpt lat="24.930274486541748" lon="121.54479503631592">
        <ele>152.0</ele>
      </trkpt>
      <trkpt lat="24.930295944213867" lon="121.54488078318536">
        <ele>152.0</ele>
      </trkpt>
      <trkpt lat="24.930338859558105" lon="121.54513835906982">
        <ele>152.0</ele>
      </trkpt>
      <trkpt lat="24.930338859558105" lon="121.54524556361139">
        <ele>151.0</ele>
      </trkpt>
      <trkpt lat="24.930295944213867" lon="121.54573917388916">
        <ele>150.0</ele>
      </trkpt>
      <trkpt lat="24.930295860394835" lon="121.54603958129883">
        <ele>150.0</ele>
      </trkpt>
      <trkpt lat="24.930295860394835" lon="121.5462327003479">
        <ele>149.0</ele>
      </trkpt>
      <trkpt lat="24.930317401885986" lon="121.5463399887085">
        <ele>148.0</ele>
      </trkpt>
      <trkpt lat="24.9304461479187" lon="121.54676905833185">
        <ele>147.0</ele>
      </trkpt>
      <trkpt lat="24.930488979443908" lon="121.54698363505304">
        <ele>145.0</ele>
      </trkpt>
      <trkpt lat="24.9304461479187" lon="121.54756307601929">
        <ele>144.0</ele>
      </trkpt>
      <trkpt lat="24.93046752177179" lon="121.54784202575684">
        <ele>142.0</ele>
      </trkpt>
      <trkpt lat="24.93051052093506" lon="121.54805660247803">
        <ele>141.0</ele>
      </trkpt>
      <trkpt lat="24.930553436279297" lon="121.54822818003595">
        <ele>139.0</ele>
      </trkpt>
      <trkpt lat="24.93074655532837" lon="121.54882899485528">
        <ele>138.0</ele>
      </trkpt>
      <trkpt lat="24.93074655532837" lon="121.54900065623224">
        <ele>136.0</ele>
      </trkpt>
      <trkpt lat="24.930660724639893" lon="121.54919377528131">
        <ele>135.0</ele>
      </trkpt>
      <trkpt lat="24.930639266967773" lon="121.54932252131402">
        <ele>133.0</ele>
      </trkpt>
      <trkpt lat="24.930639350786805" lon="121.54932252131402">
        <ele>132.0</ele>
      </trkpt>
      <trkpt lat="24.930660724639893" lon="121.54938697814941">
        <ele>130.0</ele>
      </trkpt>
      <trkpt lat="24.93072509765625" lon="121.54942980967462">
        <ele>128.0</ele>
      </trkpt>
      <trkpt lat="24.930810844525695" lon="121.54942980967462">
        <ele>127.0</ele>
      </trkpt>
      <trkpt lat="24.93089667521417" lon="121.54938697814941">
        <ele>125.0</ele>
      </trkpt>
      <trkpt lat="24.93098258972168" lon="121.5492582321167">
        <ele>123.0</ele>
      </trkpt>
      <trkpt lat="24.931046962738037" lon="121.54910794459283">
        <ele>122.0</ele>
      </trkpt>
      <trkpt lat="24.93104704655707" lon="121.54910794459283">
        <ele>120.0</ele>
      </trkpt>
      <trkpt lat="24.931132793426514" lon="121.54878607951105">
        <ele>119.0</ele>
      </trkpt>
      <trkpt lat="24.93126153945923" lon="121.5481424331665">
        <ele>117.0</ele>
      </trkpt>
      <trkpt lat="24.931518947705626" lon="121.5474986191839">
        <ele>115.0</ele>
      </trkpt>
      <trkpt lat="24.931604778394103" lon="121.54732704162598">
        <ele>113.0</ele>
      </trkpt>
      <trkpt lat="24.93175506591797" lon="121.5471339225769">
        <ele>112.0</ele>
      </trkpt>
      <trkpt lat="24.93218413554132" lon="121.54674768447876">
        <ele>110.0</ele>
      </trkpt>
      <trkpt lat="24.932227050885558" lon="121.54668322764337">
        <ele>109.0</ele>
      </trkpt>
      <trkpt lat="24.932270050048828" lon="121.54661893844604">
        <ele>108.0</ele>
      </trkpt>
      <trkpt lat="24.932291423901916" lon="121.54651165008545">
        <ele>106.0</ele>
      </trkpt>
      <trkpt lat="24.932334423065186" lon="121.54614686965942">
        <ele>104.0</ele>
      </trkpt>
      <trkpt lat="24.932398796081543" lon="121.54595366679132">
        <ele>103.0</ele>
      </trkpt>
      <trkpt lat="24.932484542950988" lon="121.54573917388916">
        <ele>102.0</ele>
      </trkpt>
      <trkpt lat="24.932570457458496" lon="121.5455888863653">
        <ele>100.0</ele>
      </trkpt>
      <trkpt lat="24.9327205773443" lon="121.54543876647949">
        <ele>99.0</ele>
      </trkpt>
      <trkpt lat="24.932870864868164" lon="121.54531002044678">
        <ele>98.0</ele>
      </trkpt>
      <trkpt lat="24.932999527081847" lon="121.54524556361139">
        <ele>97.0</ele>
      </trkpt>
      <trkpt lat="24.933321392163634" lon="121.5451169013977">
        <ele>96.0</ele>
      </trkpt>
      <trkpt lat="24.9334716796875" lon="121.54509544372559">
        <ele>95.0</ele>
      </trkpt>
      <trkpt lat="24.933600341901183" lon="121.5451169013977">
        <ele>94.0</ele>
      </trkpt>
      <trkpt lat="24.93370763026178" lon="121.54520273208618">
        <ele>93.0</ele>
      </trkpt>
      <trkpt lat="24.933857917785645" lon="121.54535285197198">
        <ele>92.0</ele>
      </trkpt>
      <trkpt lat="24.933965289965272" lon="121.54539585113525">
        <ele>92.0</ele>
      </trkpt>
      <trkpt lat="24.934050953015685" lon="121.54539585113525">
        <ele>91.0</ele>
      </trkpt>
      <trkpt lat="24.93417978286743" lon="121.54535285197198">
        <ele>90.0</ele>
      </trkpt>
      <trkpt lat="24.934244072064757" lon="121.54528847895563">
        <ele>89.0</ele>
      </trkpt>
      <trkpt lat="24.934372901916504" lon="121.54505244456232">
        <ele>87.0</ele>
      </trkpt>
      <trkpt lat="24.93441573344171" lon="121.54503107070923">
        <ele>86.0</ele>
      </trkpt>
      <trkpt lat="24.9344801902771" lon="121.54500961303711">
        <ele>85.0</ele>
      </trkpt>
      <trkpt lat="24.934523021802306" lon="121.54498807154596">
        <ele>84.0</ele>
      </trkpt>
      <trkpt lat="24.934630310162902" lon="121.54498807154596">
        <ele>83.0</ele>
      </trkpt>
      <trkpt lat="24.934802055358887" lon="121.54509544372559">
        <ele>83.0</ele>
      </trkpt>
      <trkpt lat="24.934909343719482" lon="121.5451169013977">
        <ele>82.0</ele>
      </trkpt>
      <trkpt lat="24.93497371673584" lon="121.5451169013977">
        <ele>81.0</ele>
      </trkpt>
      <trkpt lat="24.935081088915467" lon="121.54509544372559">
        <ele>80.0</ele>
      </trkpt>
      <trkpt lat="24.935209834948182" lon="121.54503107070923">
        <ele>79.0</ele>
      </trkpt>
      <trkpt lat="24.935574531555176" lon="121.54479503631592">
        <ele>78.0</ele>
      </trkpt>
      <trkpt lat="24.93596068583429" lon="121.54455891810358">
        <ele>77.0</ele>
      </trkpt>
      <trkpt lat="24.936110973358154" lon="121.54451608657837">
        <ele>76.0</ele>
      </trkpt>
      <trkpt lat="24.936282634735107" lon="121.54453746043146">
        <ele>75.0</ele>
      </trkpt>
      <trkpt lat="24.936604499816895" lon="121.54468774795532">
        <ele>75.0</ele>
      </trkpt>
      <trkpt lat="24.93669033050537" lon="121.54475203715265">
        <ele>74.0</ele>
      </trkpt>
      <trkpt lat="24.93671178817749" lon="121.54488078318536">
        <ele>73.0</ele>
      </trkpt>
      <trkpt lat="24.93666878901422" lon="121.54505244456232">
        <ele>73.0</ele>
      </trkpt>
      <trkpt lat="24.936561500653625" lon="121.54535285197198">
        <ele>73.0</ele>
      </trkpt>
      <trkpt lat="24.936561584472656" lon="121.54535285197198">
        <ele>72.0</ele>
      </trkpt>
      <trkpt lat="24.93654021061957" lon="121.54546014033258">
        <ele>71.0</ele>
      </trkpt>
      <trkpt lat="24.936346923932433" lon="121.54584646224976">
        <ele>71.0</ele>
      </trkpt>
      <trkpt lat="24.936304092407227" lon="121.54595366679132">
        <ele>70.0</ele>
      </trkpt>
      <trkpt lat="24.936282634735107" lon="121.54603958129883">
        <ele>70.0</ele>
      </trkpt>
      <trkpt lat="24.936304092407227" lon="121.54625407420099">
        <ele>69.0</ele>
      </trkpt>
      <trkpt lat="24.936346923932433" lon="121.5463828202337">
        <ele>68.0</ele>
      </trkpt>
      <trkpt lat="24.936625957489014" lon="121.54674768447876">
        <ele>67.0</ele>
      </trkpt>
      <trkpt lat="24.936754619702697" lon="121.54685497283936">
        <ele>66.0</ele>
      </trkpt>
      <trkpt lat="24.936861991882324" lon="121.54691934585571">
        <ele>66.0</ele>
      </trkpt>
      <trkpt lat="24.93694773875177" lon="121.54691934585571">
        <ele>65.0</ele>
      </trkpt>
      <trkpt lat="24.93699073791504" lon="121.54689780436456">
        <ele>64.0</ele>
      </trkpt>
      <trkpt lat="24.937076484784484" lon="121.54681205749512">
        <ele>63.0</ele>
      </trkpt>
      <trkpt lat="24.937119483947754" lon="121.54672622680664">
        <ele>63.0</ele>
      </trkpt>
      <trkpt lat="24.937140941619873" lon="121.54655456542969">
        <ele>62.0</ele>
      </trkpt>
      <trkpt lat="24.937140941619873" lon="121.54616824351251">
        <ele>61.0</ele>
      </trkpt>
      <trkpt lat="24.937162399291992" lon="121.54595366679132">
        <ele>60.0</ele>
      </trkpt>
      <trkpt lat="24.93720531463623" lon="121.54565325938165">
        <ele>60.0</ele>
      </trkpt>
      <trkpt lat="24.937334060668945" lon="121.54520273208618">
        <ele>59.0</ele>
      </trkpt>
      <trkpt lat="24.937376892194152" lon="121.54509544372559">
        <ele>58.0</ele>
      </trkpt>
      <trkpt lat="24.93744134902954" lon="121.54500961303711">
        <ele>58.0</ele>
      </trkpt>
      <trkpt lat="24.93752726353705" lon="121.54490232467651">
        <ele>57.0</ele>
      </trkpt>
      <trkpt lat="24.937591552734375" lon="121.54483786784112">
        <ele>56.0</ele>
      </trkpt>
      <trkpt lat="24.93772029876709" lon="121.54466620646417">
        <ele>56.0</ele>
      </trkpt>
      <trkpt lat="24.937784587964416" lon="121.54455891810358">
        <ele>55.0</ele>
      </trkpt>
      <trkpt lat="24.93789187632501" lon="121.54428005218506">
        <ele>54.0</ele>
      </trkpt>
      <trkpt lat="24.937913417816162" lon="121.54412976466119">
        <ele>54.0</ele>
      </trkpt>
      <trkpt lat="24.937870418652892" lon="121.54380798339844">
        <ele>53.0</ele>
      </trkpt>
      <trkpt lat="24.937891960144043" lon="121.54361486434937">
        <ele>52.0</ele>
      </trkpt>
      <trkpt lat="24.93793487548828" lon="121.54352894984186">
        <ele>51.0</ele>
      </trkpt>
      <trkpt lat="24.938020706176758" lon="121.54348611831665">
        <ele>50.0</ele>
      </trkpt>
      <trkpt lat="24.938127994537354" lon="121.5434645768255">
        <ele>50.0</ele>
      </trkpt>
      <trkpt lat="24.93821382522583" lon="121.54352894984186">
        <ele>49.0</ele>
      </trkpt>
      <trkpt lat="24.939072048291564" lon="121.5445803757757">
        <ele>49.0</ele>
      </trkpt>
      <trkpt lat="24.939157962799072" lon="121.54464474879205">
        <ele>48.0</ele>
      </trkpt>
      <trkpt lat="24.939436996355653" lon="121.54483786784112">
        <ele>48.0</ele>
      </trkpt>
      <trkpt lat="24.93950128555298" lon="121.54490232467651">
        <ele>47.0</ele>
      </trkpt>
      <trkpt lat="24.939651489257812" lon="121.54500961303711">
        <ele>46.0</ele>
      </trkpt>
      <trkpt lat="24.93973731994629" lon="121.54507390223444">
        <ele>46.0</ele>
      </trkpt>
      <trkpt lat="24.940037727355957" lon="121.5454815980047">
        <ele>45.0</ele>
      </trkpt>
      <trkpt lat="24.940166473388672" lon="121.54561042785645">
        <ele>45.0</ele>
      </trkpt>
      <trkpt lat="24.940574169158936" lon="121.54582500457764">
        <ele>44.0</ele>
      </trkpt>
      <trkpt lat="24.941067695617676" lon="121.54606095515192">
        <ele>44.0</ele>
      </trkpt>
      <trkpt lat="24.941131984815" lon="121.54606095515192">
        <ele>44.0</ele>
      </trkpt>
      <trkpt lat="24.94119635783136" lon="121.54603958129883">
        <ele>43.0</ele>
      </trkpt>
      <trkpt lat="24.941282272338867" lon="121.54599658213556">
        <ele>43.0</ele>
      </trkpt>
      <trkpt lat="24.941496765241027" lon="121.54580354690552">
        <ele>43.0</ele>
      </trkpt>
      <trkpt lat="24.94162551127374" lon="121.54578200541437">
        <ele>43.0</ele>
      </trkpt>
      <trkpt lat="24.94166851043701" lon="121.54578200541437">
        <ele>43.0</ele>
      </trkpt>
      <trkpt lat="24.941775798797607" lon="121.54584646224976">
        <ele>43.0</ele>
      </trkpt>
      <trkpt lat="24.941818630322814" lon="121.54588929377496">
        <ele>43.0</ele>
      </trkpt>
      <trkpt lat="24.942054748535156" lon="121.5462755318731">
        <ele>43.0</ele>
      </trkpt>
      <trkpt lat="24.942162036895752" lon="121.54640427790582">
        <ele>43.0</ele>
      </trkpt>
      <trkpt lat="24.94226940907538" lon="121.54644727706909">
        <ele>43.0</ele>
      </trkpt>
      <trkpt lat="24.942376613616943" lon="121.54644727706909">
        <ele>43.0</ele>
      </trkpt>
      <trkpt lat="24.942505359649658" lon="121.54642581939697">
        <ele>43.0</ele>
      </trkpt>
      <trkpt lat="24.942891597747803" lon="121.54625407420099">
        <ele>43.0</ele>
      </trkpt>
      <trkpt lat="24.943277835845947" lon="121.54614686965942">
        <ele>43.0</ele>
      </trkpt>
      <trkpt lat="24.943363666534424" lon="121.54614686965942">
        <ele>42.0</ele>
      </trkpt>
      <trkpt lat="24.943535244092345" lon="121.54610395431519">
        <ele>42.0</ele>
      </trkpt>
      <trkpt lat="24.943814277648926" lon="121.54610395431519">
        <ele>42.0</ele>
      </trkpt>
      <trkpt lat="24.944479381665587" lon="121.54618970118463">
        <ele>43.0</ele>
      </trkpt>
      <trkpt lat="24.94467250071466" lon="121.54621124267578">
        <ele>42.0</ele>
      </trkpt>
      <trkpt lat="24.945359146222472" lon="121.54616824351251">
        <ele>42.0</ele>
      </trkpt>
      <trkpt lat="24.946045875549316" lon="121.54606095515192">
        <ele>42.0</ele>
      </trkpt>
      <trkpt lat="24.94621753692627" lon="121.54606095515192">
        <ele>42.0</ele>
      </trkpt>
      <trkpt lat="24.94690409861505" lon="121.54608241282403">
        <ele>41.0</ele>
      </trkpt>
      <trkpt lat="24.947290420532227" lon="121.54606095515192">
        <ele>41.0</ele>
      </trkpt>
      <trkpt lat="24.947848320007324" lon="121.54603958129883">
        <ele>41.0</ele>
      </trkpt>
      <trkpt lat="24.948019981384277" lon="121.54606095515192">
        <ele>40.0</ele>
      </trkpt>
      <trkpt lat="24.94877108372748" lon="121.5461254119873">
        <ele>40.0</ele>
      </trkpt>
      <trkpt lat="24.948770999908447" lon="121.5461254119873">
        <ele>40.0</ele>
      </trkpt>
      <trkpt lat="24.949865341186523" lon="121.54621124267578">
        <ele>40.0</ele>
      </trkpt>
      <trkpt lat="24.950036918744445" lon="121.54621124267578">
        <ele>39.0</ele>
      </trkpt>
      <trkpt lat="24.95018720626831" lon="121.54621124267578">
        <ele>39.0</ele>
      </trkpt>
      <trkpt lat="24.950401866808534" lon="121.54614686965942">
        <ele>39.0</ele>
      </trkpt>
      <trkpt lat="24.950530445203185" lon="121.5461254119873">
        <ele>39.0</ele>
      </trkpt>
      <trkpt lat="24.95068073272705" lon="121.54614686965942">
        <ele>39.0</ele>
      </trkpt>
      <trkpt lat="24.950788021087646" lon="121.54618970118463">
        <ele>38.0</ele>
      </trkpt>
      <trkpt lat="24.9509596824646" lon="121.5463399887085">
        <ele>38.0</ele>
      </trkpt>
      <trkpt lat="24.95102413929999" lon="121.5463828202337">
        <ele>38.0</ele>
      </trkpt>
      <trkpt lat="24.951345836743712" lon="121.54676905833185">
        <ele>38.0</ele>
      </trkpt>
      <trkpt lat="24.95164624415338" lon="121.5471339225769">
        <ele>39.0</ele>
      </trkpt>
      <trkpt lat="24.95162478648126" lon="121.54702663421631">
        <ele>36.0</ele>
      </trkpt>
      <trkpt lat="24.95163945481181" lon="121.54699729755521">
        <ele>36.0</ele>
      </trkpt>
      <trkpt lat="24.95163937099278" lon="121.54699738137424">
        <ele>35.0</ele>
      </trkpt>
      <trkpt lat="24.95163945481181" lon="121.54699729755521">
        <ele>36.0</ele>
      </trkpt>
      <trkpt lat="24.95164624415338" lon="121.54698363505304">
        <ele>34.0</ele>
      </trkpt>
      <trkpt lat="24.95198965072632" lon="121.54676905833185">
        <ele>34.0</ele>
      </trkpt>
      <trkpt lat="24.952053939923644" lon="121.54668322764337">
        <ele>33.0</ele>
      </trkpt>
      <trkpt lat="24.952547466382384" lon="121.54582500457764">
        <ele>33.0</ele>
      </trkpt>
      <trkpt lat="24.952611923217773" lon="121.54565325938165">
        <ele>32.0</ele>
      </trkpt>
      <trkpt lat="24.9526762124151" lon="121.54546014033258">
        <ele>32.0</ele>
      </trkpt>
      <trkpt lat="24.95269775390625" lon="121.54509544372559">
        <ele>32.0</ele>
      </trkpt>
      <trkpt lat="24.95271921157837" lon="121.54428005218506">
        <ele>31.0</ele>
      </trkpt>
      <trkpt lat="24.95269775390625" lon="121.54397964477539">
        <ele>31.0</ele>
      </trkpt>
      <trkpt lat="24.952590465545654" lon="121.5433572884649">
        <ele>31.0</ele>
      </trkpt>
      <trkpt lat="24.95237580500543" lon="121.54275647364557">
        <ele>31.0</ele>
      </trkpt>
      <trkpt lat="24.952354347333312" lon="121.54267072677612">
        <ele>30.0</ele>
      </trkpt>
      <trkpt lat="24.952332889661193" lon="121.54258489608765">
        <ele>30.0</ele>
      </trkpt>
      <trkpt lat="24.952547466382384" lon="121.54103994369507">
        <ele>30.0</ele>
      </trkpt>
      <trkpt lat="24.952547466382384" lon="121.54078245162964">
        <ele>30.0</ele>
      </trkpt>
      <trkpt lat="24.952461635693908" lon="121.5400743484497">
        <ele>30.0</ele>
      </trkpt>
      <trkpt lat="24.952247058972716" lon="121.53934478759766">
        <ele>30.0</ele>
      </trkpt>
      <trkpt lat="24.95222568511963" lon="121.53925895690918">
        <ele>30.0</ele>
      </trkpt>
      <trkpt lat="24.95218276977539" lon="121.53919450007379">
        <ele>30.0</ele>
      </trkpt>
      <trkpt lat="24.952011108398438" lon="121.53895854949951">
        <ele>29.0</ele>
      </trkpt>
      <trkpt lat="24.95198965072632" lon="121.538872634992">
        <ele>29.0</ele>
      </trkpt>
      <trkpt lat="24.951968109235168" lon="121.53878680430353">
        <ele>29.0</ele>
      </trkpt>
      <trkpt lat="24.951968109235168" lon="121.5386152267456">
        <ele>29.0</ele>
      </trkpt>
      <trkpt lat="24.951968109235168" lon="121.53855085372925">
        <ele>29.0</ele>
      </trkpt>
      <trkpt lat="24.95198965072632" lon="121.53850793838501">
        <ele>30.0</ele>
      </trkpt>
      <trkpt lat="24.952032482251525" lon="121.53848639689386">
        <ele>30.0</ele>
      </trkpt>
      <trkpt lat="24.95218276977539" lon="121.53842210769653">
        <ele>30.0</ele>
      </trkpt>
      <trkpt lat="24.952268516644835" lon="121.53840056620538">
        <ele>30.0</ele>
      </trkpt>
      <trkpt lat="24.952333057299256" lon="121.53842210769653">
        <ele>30.0</ele>
      </trkpt>
      <trkpt lat="24.952418887987733" lon="121.53829327784479">
        <ele>30.0</ele>
      </trkpt>
      <trkpt lat="24.952590465545654" lon="121.53803586959839">
        <ele>31.0</ele>
      </trkpt>
      <trkpt lat="24.952805042266846" lon="121.53769246302545">
        <ele>30.0</ele>
      </trkpt>
      <trkpt lat="24.952890872955322" lon="121.53758517466486">
        <ele>30.0</ele>
      </trkpt>
      <trkpt lat="24.952998161315918" lon="121.53752088546753">
        <ele>31.0</ele>
      </trkpt>
      <trkpt lat="24.95316982269287" lon="121.53747788630426">
        <ele>31.0</ele>
      </trkpt>
      <trkpt lat="24.953277111053467" lon="121.53745642863214">
        <ele>31.0</ele>
      </trkpt>
      <trkpt lat="24.95367835275829" lon="121.53733748942614">
        <ele>31.0</ele>
      </trkpt>
      <trkpt lat="24.953678101301193" lon="121.53733748942614">
        <ele>31.0</ele>
      </trkpt>
      <trkpt lat="24.9544358253479" lon="121.53711318969727">
        <ele>31.0</ele>
      </trkpt>
      <trkpt lat="24.954543113708496" lon="121.53709173202515">
        <ele>31.0</ele>
      </trkpt>
      <trkpt lat="24.954800605773926" lon="121.53709173202515">
        <ele>31.0</ele>
      </trkpt>
      <trkpt lat="24.95643130503595" lon="121.53715602122247">
        <ele>31.0</ele>
      </trkpt>
      <trkpt lat="24.95643138885498" lon="121.53715602122247">
        <ele>31.0</ele>
      </trkpt>
      <trkpt lat="24.956989204511046" lon="121.53717747889459">
        <ele>31.0</ele>
      </trkpt>
      <trkpt lat="24.95698937214911" lon="121.53717747889459">
        <ele>31.0</ele>
      </trkpt>
      <trkpt lat="24.958384037017822" lon="121.53726330958307">
        <ele>31.0</ele>
      </trkpt>
      <trkpt lat="24.958384120836854" lon="121.53726330958307">
        <ele>31.0</ele>
      </trkpt>
      <trkpt lat="24.958534156903625" lon="121.53732776641846">
        <ele>31.0</ele>
      </trkpt>
      <trkpt lat="24.958641529083252" lon="121.53741359710693">
        <ele>31.0</ele>
      </trkpt>
      <trkpt lat="24.958877647295594" lon="121.53775683604181">
        <ele>31.0</ele>
      </trkpt>
      <trkpt lat="24.95896339416504" lon="121.5379285812378">
        <ele>36.0</ele>
      </trkpt>
      <trkpt lat="24.95896339416504" lon="121.53801441192627">
        <ele>31.0</ele>
      </trkpt>
      <trkpt lat="24.959113597869873" lon="121.53805724345148">
        <ele>31.0</ele>
      </trkpt>
      <trkpt lat="24.96068000793457" lon="121.53870097361505">
        <ele>31.0</ele>
      </trkpt>
      <trkpt lat="24.96067992411554" lon="121.53870097361505">
        <ele>31.0</ele>
      </trkpt>
      <trkpt lat="24.961752807721496" lon="121.53915166854858">
        <ele>30.0</ele>
      </trkpt>
      <trkpt lat="24.96319055557251" lon="121.53975248336792">
        <ele>30.0</ele>
      </trkpt>
      <trkpt lat="24.963190471753478" lon="121.53975248336792">
        <ele>30.0</ele>
      </trkpt>
      <trkpt lat="24.964585388079286" lon="121.54033184051514">
        <ele>30.0</ele>
      </trkpt>
      <trkpt lat="24.965207492932677" lon="121.54058924876153">
        <ele>30.0</ele>
      </trkpt>
      <trkpt lat="24.9654221534729" lon="121.54069653712213">
        <ele>29.0</ele>
      </trkpt>
      <trkpt lat="24.96600159443915" lon="121.54093257151544">
        <ele>29.0</ele>
      </trkpt>
      <trkpt lat="24.96664524078369" lon="121.5411901473999">
        <ele>29.0</ele>
      </trkpt>
      <trkpt lat="24.966902816668153" lon="121.54125452041626">
        <ele>29.0</ele>
      </trkpt>
      <trkpt lat="24.9671817664057" lon="121.5413402672857">
        <ele>28.0</ele>
      </trkpt>
      <trkpt lat="24.967525089159608" lon="121.54146909713745">
        <ele>28.0</ele>
      </trkpt>
      <trkpt lat="24.967868328094482" lon="121.54157638549805">
        <ele>28.0</ele>
      </trkpt>
      <trkpt lat="24.96786824427545" lon="121.54157638549805">
        <ele>28.0</ele>
      </trkpt>
      <trkpt lat="24.968898380175233" lon="121.54196262359619">
        <ele>28.0</ele>
      </trkpt>
      <trkpt lat="24.96900566853583" lon="121.54198408126831">
        <ele>28.0</ele>
      </trkpt>
      <trkpt lat="24.969842517748475" lon="121.54228448867798">
        <ele>27.0</ele>
      </trkpt>
      <trkpt lat="24.970807945355773" lon="121.54260635375977">
        <ele>27.0</ele>
      </trkpt>
      <trkpt lat="24.97087231837213" lon="121.54264918528497">
        <ele>28.0</ele>
      </trkpt>
      <trkpt lat="24.97121572494507" lon="121.54277801513672">
        <ele>28.0</ele>
      </trkpt>
      <trkpt lat="24.971816539764404" lon="121.54292813502252">
        <ele>28.0</ele>
      </trkpt>
      <trkpt lat="24.97224577702582" lon="121.54297113418579">
        <ele>28.0</ele>
      </trkpt>
      <trkpt lat="24.973039627075195" lon="121.54297113418579">
        <ele>28.0</ele>
      </trkpt>
      <trkpt lat="24.973425781354308" lon="121.54297113418579">
        <ele>28.0</ele>
      </trkpt>
      <trkpt lat="24.974348545074463" lon="121.54294959269464">
        <ele>28.0</ele>
      </trkpt>
      <trkpt lat="24.97499235905707" lon="121.54294959269464">
        <ele>28.0</ele>
      </trkpt>
      <trkpt lat="24.974992275238037" lon="121.54294959269464">
        <ele>28.0</ele>
      </trkpt>
      <trkpt lat="24.97544288635254" lon="121.54294959269464">
        <ele>28.0</ele>
      </trkpt>
      <trkpt lat="24.976258277893066" lon="121.54292813502252">
        <ele>28.0</ele>
      </trkpt>
      <trkpt lat="24.976258194074035" lon="121.54292813502252">
        <ele>28.0</ele>
      </trkpt>
      <trkpt lat="24.976515853777528" lon="121.54292813502252">
        <ele>28.0</ele>
      </trkpt>
      <trkpt lat="24.977009380236268" lon="121.54290676116943">
        <ele>28.0</ele>
      </trkpt>
      <trkpt lat="24.977331161499023" lon="121.54288530349731">
        <ele>28.0</ele>
      </trkpt>
      <trkpt lat="24.977588653564453" lon="121.54282084666193">
        <ele>28.0</ele>
      </trkpt>
      <trkpt lat="24.977803230285645" lon="121.54277801513672">
        <ele>28.0</ele>
      </trkpt>
      <trkpt lat="24.97842558659613" lon="121.54260635375977">
        <ele>27.0</ele>
      </trkpt>
      <trkpt lat="24.97889748774469" lon="121.54247760772705">
        <ele>26.0</ele>
      </trkpt>
      <trkpt lat="24.97992753982544" lon="121.54213420115411">
        <ele>26.0</ele>
      </trkpt>
      <trkpt lat="24.980571353808045" lon="121.54194108210504">
        <ele>25.0</ele>
      </trkpt>
      <trkpt lat="24.980571269989014" lon="121.54194108210504">
        <ele>25.0</ele>
      </trkpt>
      <trkpt lat="24.98168706893921" lon="121.54159775935113">
        <ele>25.0</ele>
      </trkpt>
      <trkpt lat="24.9822021368891" lon="121.54149055480957">
        <ele>24.0</ele>
      </trkpt>
      <trkpt lat="24.982201969251037" lon="121.54149055480957">
        <ele>24.0</ele>
      </trkpt>
      <trkpt lat="24.98293161392212" lon="121.54136180877686">
        <ele>23.0</ele>
      </trkpt>
      <trkpt lat="24.982931530103087" lon="121.54136180877686">
        <ele>22.0</ele>
      </trkpt>
      <trkpt lat="24.98361825942993" lon="121.54125452041626">
        <ele>22.0</ele>
      </trkpt>
      <trkpt lat="24.98415470123291" lon="121.5411042328924">
        <ele>22.0</ele>
      </trkpt>
      <trkpt lat="24.984519565477967" lon="121.5409969445318">
        <ele>21.0</ele>
      </trkpt>
      <trkpt lat="24.984519481658936" lon="121.5409969445318">
        <ele>21.0</ele>
      </trkpt>
      <trkpt lat="24.984733974561095" lon="121.54091111384332">
        <ele>21.0</ele>
      </trkpt>
      <trkpt lat="24.985034549608827" lon="121.54076099395752">
        <ele>21.0</ele>
      </trkpt>
      <trkpt lat="24.985248958691955" lon="121.54067516326904">
        <ele>21.0</ele>
      </trkpt>
      <trkpt lat="24.98542070388794" lon="121.54067516326904">
        <ele>21.0</ele>
      </trkpt>
      <trkpt lat="24.985506534576416" lon="121.54063216410577">
        <ele>20.0</ele>
      </trkpt>
      <trkpt lat="24.98612880706787" lon="121.54037475585938">
        <ele>21.0</ele>
      </trkpt>
      <trkpt lat="24.986643875017762" lon="121.54020301066339">
        <ele>20.0</ele>
      </trkpt>
      <trkpt lat="24.98662233352661" lon="121.54063216410577">
        <ele>20.0</ele>
      </trkpt>
      <trkpt lat="24.986665165051818" lon="121.54082528315485">
        <ele>20.0</ele>
      </trkpt>
      <trkpt lat="24.986643875017762" lon="121.54131880961359">
        <ele>20.0</ele>
      </trkpt>
      <trkpt lat="24.986624931916595" lon="121.54190470464528">
        <ele>20.0</ele>
      </trkpt>
      <trkpt lat="24.98662233352661" lon="121.54198408126831">
        <ele>20.0</ele>
      </trkpt>
      <trkpt lat="24.986493503674865" lon="121.54194108210504">
        <ele>20.0</ele>
      </trkpt>
      <trkpt lat="24.98636475764215" lon="121.54191962443292">
        <ele>20.0</ele>
      </trkpt>
      <trkpt lat="24.98591431416571" lon="121.54198408126831">
        <ele>20.0</ele>
      </trkpt>
      <trkpt lat="24.985785484313965" lon="121.5420054551214">
        <ele>21.0</ele>
      </trkpt>
      <trkpt lat="24.985527992248535" lon="121.54206991195679">
        <ele>21.0</ele>
      </trkpt>
      <trkpt lat="24.985483065247536" lon="121.5416806563735">
        <ele>21.0</ele>
      </trkpt>
      <trkpt lat="24.985483065247536" lon="121.54168048873544">
        <ele>21.0</ele>
      </trkpt>
      <trkpt lat="24.985463619232178" lon="121.54151192866266">
        <ele>21.0</ele>
      </trkpt>
      <trkpt lat="24.985206127166748" lon="121.54155492782593">
        <ele>21.0</ele>
      </trkpt>
      <trkpt lat="24.98494863510132" lon="121.54159775935113">
        <ele>22.0</ele>
      </trkpt>
      <trkpt lat="24.984669601544738" lon="121.54166221618652">
        <ele>22.0</ele>
      </trkpt>
      <trkpt lat="24.98464814387262" lon="121.54157638549805">
        <ele>22.0</ele>
      </trkpt>
      <trkpt lat="24.98462677001953" lon="121.54112569056451">
        <ele>21.0</ele>
      </trkpt>
      <trkpt lat="24.985463619232178" lon="121.5409969445318">
        <ele>21.0</ele>
      </trkpt>
      <trkpt lat="24.986150348559022" lon="121.54086828231812">
        <ele>22.0</ele>
      </trkpt>
      <trkpt lat="24.98642921447754" lon="121.54082528315485">
        <ele>21.0</ele>
      </trkpt>
      <trkpt lat="24.986665165051818" lon="121.54082528315485">
        <ele>20.0</ele>
      </trkpt>
      <trkpt lat="24.986643875017762" lon="121.54131880961359">
        <ele>20.0</ele>
      </trkpt>
      <trkpt lat="24.98662233352661" lon="121.54198408126831">
        <ele>20.0</ele>
      </trkpt>
      <trkpt lat="24.98662233352661" lon="121.54203973710537">
        <ele>21.0</ele>
      </trkpt>
    </trkseg>
  </trk>
</gpx>
