<?xml version="1.0" encoding="UTF-8"?>
<gpx creator="Garmin Connect" version="1.1" schemaLocation="http://www.topografix.com/GPX/1/1 http://www.topografix.com/GPX/1/1/gpx.xsd http://www.garmin.com/xmlschemas/GpxExtensions/v3 http://www.garmin.com/xmlschemas/GpxExtensionsv3.xsd http://www.garmin.com/xmlschemas/TrackPointExtension/v1 http://www.garmin.com/xmlschemas/TrackPointExtensionv1.xsd http://www.garmin.com/xmlschemas/PowerExtension/v1 http://www.garmin.com/xmlschemas/PowerExtensionv1.xsd http://www.topografix.com/GPX/gpx_style/0/2 http://www.topografix.com/GPX/gpx_style/0/2/gpx_style.xsd" xmlns="http://www.topografix.com/GPX/1/1" xmlns:xsi="http://www.w3.org/2001/XMLSchema-instance" xsi:schemaLocation="http://www.topografix.com/GPX/1/1 http://www.topografix.com/GPX/1/1/gpx.xsd http://www.garmin.com/xmlschemas/GpxExtensions/v3 http://www.garmin.com/xmlschemas/GpxExtensionsv3.xsd http://www.garmin.com/xmlschemas/TrackPointExtension/v1 http://www.garmin.com/xmlschemas/TrackPointExtensionv1.xsd http://www.garmin.com/xmlschemas/PowerExtension/v1 http://www.garmin.com/xmlschemas/PowerExtensionv1.xsd http://www.topografix.com/GPX/gpx_style/0/2 http://www.topografix.com/GPX/gpx_style/0/2/gpx_style.xsd" xmlns:gpxtpx="http://www.garmin.com/xmlschemas/TrackPointExtension/v1" xmlns:gpxx="http://www.garmin.com/xmlschemas/GpxExtensions/v3" xmlns:gpxpx="http://www.garmin.com/xmlschemas/PowerExtension/v1" xmlns:gpx_style="http://www.topografix.com/GPX/gpx_style/0/2">
  <metadata>
    <name>景美-八里-淡水-台2-基隆</name>
    <author>
      <name>gpx.studio</name>
      <link href="https://gpx.studio"/>
    </author>
    <link href="connect.garmin.com">
      <text>Garmin Connect</text>
    </link>
    <time>2024-07-19T22:30:09.000Z</time>
  </metadata>
  <trk>
    <name>新店區 - 區間 2 有氧</name>
    <type>cycling</type>
    <trkseg>
      <trkpt lat="24.987558592110872" lon="121.54115200974047">
        <ele>16</ele>
        <time>2024-07-19T22:31:36.000Z</time>
        <extensions>
          <gpxtpx:TrackPointExtension>
            <gpxtpx:atemp>32</gpxtpx:atemp>
            <gpxtpx:hr>97</gpxtpx:hr>
          </gpxtpx:TrackPointExtension>
        </extensions>
      </trkpt>
      <trkpt lat="24.987485585734248" lon="121.5399831533432">
        <ele>20</ele>
        <time>2024-07-19T22:32:00.000Z</time>
        <extensions>
          <gpxtpx:TrackPointExtension>
            <gpxtpx:atemp>32</gpxtpx:atemp>
            <gpxtpx:hr>93</gpxtpx:hr>
          </gpxtpx:TrackPointExtension>
        </extensions>
      </trkpt>
      <trkpt lat="24.987590443342924" lon="121.53868915513158">
        <ele>9</ele>
        <time>2024-07-19T22:32:20.000Z</time>
        <extensions>
          <gpxtpx:TrackPointExtension>
            <gpxtpx:atemp>32</gpxtpx:atemp>
            <gpxtpx:hr>98</gpxtpx:hr>
          </gpxtpx:TrackPointExtension>
        </extensions>
      </trkpt>
      <trkpt lat="24.98772170394659" lon="121.53813058510423">
        <ele>10</ele>
        <time>2024-07-19T22:32:29.000Z</time>
        <extensions>
          <gpxtpx:TrackPointExtension>
            <gpxtpx:atemp>32</gpxtpx:atemp>
            <gpxtpx:hr>99</gpxtpx:hr>
          </gpxtpx:TrackPointExtension>
        </extensions>
      </trkpt>
      <trkpt lat="24.98824993148446" lon="121.53690062463284">
        <ele>11</ele>
        <time>2024-07-19T22:32:51.000Z</time>
        <extensions>
          <gpxtpx:TrackPointExtension>
            <gpxtpx:atemp>32</gpxtpx:atemp>
            <gpxtpx:hr>107</gpxtpx:hr>
          </gpxtpx:TrackPointExtension>
        </extensions>
      </trkpt>
      <trkpt lat="24.989206306636333" lon="121.53574224561453">
        <ele>10</ele>
        <time>2024-07-19T22:33:16.000Z</time>
        <extensions>
          <gpxtpx:TrackPointExtension>
            <gpxtpx:atemp>32</gpxtpx:atemp>
            <gpxtpx:hr>113</gpxtpx:hr>
          </gpxtpx:TrackPointExtension>
        </extensions>
      </trkpt>
      <trkpt lat="24.990343814715743" lon="121.53542716987431">
        <ele>13</ele>
        <time>2024-07-19T22:33:36.000Z</time>
        <extensions>
          <gpxtpx:TrackPointExtension>
            <gpxtpx:atemp>32</gpxtpx:atemp>
            <gpxtpx:hr>114</gpxtpx:hr>
          </gpxtpx:TrackPointExtension>
        </extensions>
      </trkpt>
      <trkpt lat="24.991223830729723" lon="121.5355172753334">
        <ele>16</ele>
        <time>2024-07-19T22:33:51.000Z</time>
        <extensions>
          <gpxtpx:TrackPointExtension>
            <gpxtpx:atemp>32</gpxtpx:atemp>
            <gpxtpx:hr>114</gpxtpx:hr>
          </gpxtpx:TrackPointExtension>
        </extensions>
      </trkpt>
      <trkpt lat="24.991763709113002" lon="121.5357471909374">
        <ele>11</ele>
        <time>2024-07-19T22:34:01.000Z</time>
        <extensions>
          <gpxtpx:TrackPointExtension>
            <gpxtpx:atemp>32</gpxtpx:atemp>
            <gpxtpx:hr>115</gpxtpx:hr>
          </gpxtpx:TrackPointExtension>
        </extensions>
      </trkpt>
      <trkpt lat="24.992336193099618" lon="121.53613083064556">
        <ele>13</ele>
        <time>2024-07-19T22:34:12.000Z</time>
        <extensions>
          <gpxtpx:TrackPointExtension>
            <gpxtpx:atemp>32</gpxtpx:atemp>
            <gpxtpx:hr>112</gpxtpx:hr>
          </gpxtpx:TrackPointExtension>
        </extensions>
      </trkpt>
      <trkpt lat="24.99360278248787" lon="121.53653115034103">
        <ele>8</ele>
        <time>2024-07-19T22:34:35.000Z</time>
        <extensions>
          <gpxtpx:TrackPointExtension>
            <gpxtpx:atemp>32</gpxtpx:atemp>
            <gpxtpx:hr>115</gpxtpx:hr>
          </gpxtpx:TrackPointExtension>
        </extensions>
      </trkpt>
      <trkpt lat="24.99393512494862" lon="121.53636426664889">
        <ele>7</ele>
        <time>2024-07-19T22:34:41.000Z</time>
        <extensions>
          <gpxtpx:TrackPointExtension>
            <gpxtpx:atemp>32</gpxtpx:atemp>
            <gpxtpx:hr>116</gpxtpx:hr>
          </gpxtpx:TrackPointExtension>
        </extensions>
      </trkpt>
      <trkpt lat="24.994394117966294" lon="121.53594760224223">
        <ele>9</ele>
        <time>2024-07-19T22:34:51.000Z</time>
        <extensions>
          <gpxtpx:TrackPointExtension>
            <gpxtpx:atemp>31</gpxtpx:atemp>
            <gpxtpx:hr>116</gpxtpx:hr>
          </gpxtpx:TrackPointExtension>
        </extensions>
      </trkpt>
      <trkpt lat="24.994491348043084" lon="121.53571005910635">
        <ele>11</ele>
        <time>2024-07-19T22:34:55.000Z</time>
        <extensions>
          <gpxtpx:TrackPointExtension>
            <gpxtpx:atemp>31</gpxtpx:atemp>
            <gpxtpx:hr>117</gpxtpx:hr>
          </gpxtpx:TrackPointExtension>
        </extensions>
      </trkpt>
      <trkpt lat="24.99448095448315" lon="121.5351737011224">
        <ele>14</ele>
        <time>2024-07-19T22:35:04.000Z</time>
        <extensions>
          <gpxtpx:TrackPointExtension>
            <gpxtpx:atemp>31</gpxtpx:atemp>
            <gpxtpx:hr>114</gpxtpx:hr>
          </gpxtpx:TrackPointExtension>
        </extensions>
      </trkpt>
      <trkpt lat="24.994774321094155" lon="121.53464689850807">
        <ele>9</ele>
        <time>2024-07-19T22:35:19.000Z</time>
        <extensions>
          <gpxtpx:TrackPointExtension>
            <gpxtpx:atemp>31</gpxtpx:atemp>
            <gpxtpx:hr>102</gpxtpx:hr>
          </gpxtpx:TrackPointExtension>
        </extensions>
      </trkpt>
      <trkpt lat="24.99462839215994" lon="121.53453022241592">
        <ele>11</ele>
        <time>2024-07-19T22:35:29.000Z</time>
        <extensions>
          <gpxtpx:TrackPointExtension>
            <gpxtpx:atemp>31</gpxtpx:atemp>
            <gpxtpx:hr>112</gpxtpx:hr>
          </gpxtpx:TrackPointExtension>
        </extensions>
      </trkpt>
      <trkpt lat="24.99397175386548" lon="121.5343414619565">
        <ele>11</ele>
        <time>2024-07-19T22:35:45.000Z</time>
        <extensions>
          <gpxtpx:TrackPointExtension>
            <gpxtpx:atemp>31</gpxtpx:atemp>
            <gpxtpx:hr>117</gpxtpx:hr>
          </gpxtpx:TrackPointExtension>
        </extensions>
      </trkpt>
      <trkpt lat="24.99324311502278" lon="121.5337682235986">
        <ele>13</ele>
        <time>2024-07-19T22:36:00.000Z</time>
        <extensions>
          <gpxtpx:TrackPointExtension>
            <gpxtpx:atemp>31</gpxtpx:atemp>
            <gpxtpx:hr>121</gpxtpx:hr>
          </gpxtpx:TrackPointExtension>
        </extensions>
      </trkpt>
      <trkpt lat="24.992954023182392" lon="121.53347318060696">
        <ele>12</ele>
        <time>2024-07-19T22:36:06.000Z</time>
        <extensions>
          <gpxtpx:TrackPointExtension>
            <gpxtpx:atemp>31</gpxtpx:atemp>
            <gpxtpx:hr>122</gpxtpx:hr>
          </gpxtpx:TrackPointExtension>
        </extensions>
      </trkpt>
      <trkpt lat="24.992297971621156" lon="121.53241278603673">
        <ele>8</ele>
        <time>2024-07-19T22:36:24.000Z</time>
        <extensions>
          <gpxtpx:TrackPointExtension>
            <gpxtpx:atemp>31</gpxtpx:atemp>
            <gpxtpx:hr>119</gpxtpx:hr>
          </gpxtpx:TrackPointExtension>
        </extensions>
      </trkpt>
      <trkpt lat="24.99172741547227" lon="121.53222218155861">
        <ele>12</ele>
        <time>2024-07-19T22:36:34.000Z</time>
        <extensions>
          <gpxtpx:TrackPointExtension>
            <gpxtpx:atemp>31</gpxtpx:atemp>
            <gpxtpx:hr>120</gpxtpx:hr>
          </gpxtpx:TrackPointExtension>
        </extensions>
      </trkpt>
      <trkpt lat="24.991266326978803" lon="121.53230004943907">
        <ele>12</ele>
        <time>2024-07-19T22:36:42.000Z</time>
        <extensions>
          <gpxtpx:TrackPointExtension>
            <gpxtpx:atemp>31</gpxtpx:atemp>
            <gpxtpx:hr>122</gpxtpx:hr>
          </gpxtpx:TrackPointExtension>
        </extensions>
      </trkpt>
      <trkpt lat="24.99069401063025" lon="121.53216811828315">
        <ele>13</ele>
        <time>2024-07-19T22:36:54.000Z</time>
        <extensions>
          <gpxtpx:TrackPointExtension>
            <gpxtpx:atemp>31</gpxtpx:atemp>
            <gpxtpx:hr>128</gpxtpx:hr>
          </gpxtpx:TrackPointExtension>
        </extensions>
      </trkpt>
      <trkpt lat="24.9897588416934" lon="121.53139321133494">
        <ele>12</ele>
        <time>2024-07-19T22:37:18.000Z</time>
        <extensions>
          <gpxtpx:TrackPointExtension>
            <gpxtpx:atemp>31</gpxtpx:atemp>
            <gpxtpx:hr>129</gpxtpx:hr>
          </gpxtpx:TrackPointExtension>
        </extensions>
      </trkpt>
      <trkpt lat="24.989413674920797" lon="121.53092910535634">
        <ele>10</ele>
        <time>2024-07-19T22:37:30.000Z</time>
        <extensions>
          <gpxtpx:TrackPointExtension>
            <gpxtpx:atemp>31</gpxtpx:atemp>
            <gpxtpx:hr>136</gpxtpx:hr>
          </gpxtpx:TrackPointExtension>
        </extensions>
      </trkpt>
      <trkpt lat="24.988829037174582" lon="121.53049710206687">
        <ele>11</ele>
        <time>2024-07-19T22:37:41.000Z</time>
        <extensions>
          <gpxtpx:TrackPointExtension>
            <gpxtpx:atemp>31</gpxtpx:atemp>
            <gpxtpx:hr>129</gpxtpx:hr>
          </gpxtpx:TrackPointExtension>
        </extensions>
      </trkpt>
      <trkpt lat="24.98839259147644" lon="121.52952815406024">
        <ele>7</ele>
        <time>2024-07-19T22:38:02.000Z</time>
        <extensions>
          <gpxtpx:TrackPointExtension>
            <gpxtpx:atemp>31</gpxtpx:atemp>
            <gpxtpx:hr>107</gpxtpx:hr>
          </gpxtpx:TrackPointExtension>
        </extensions>
      </trkpt>
      <trkpt lat="24.98821087181568" lon="121.5295013319701">
        <ele>10</ele>
        <time>2024-07-19T22:38:07.000Z</time>
        <extensions>
          <gpxtpx:TrackPointExtension>
            <gpxtpx:atemp>31</gpxtpx:atemp>
            <gpxtpx:hr>100</gpxtpx:hr>
          </gpxtpx:TrackPointExtension>
        </extensions>
      </trkpt>
      <trkpt lat="24.98819662258029" lon="121.52974373660982">
        <ele>13</ele>
        <time>2024-07-19T22:38:16.000Z</time>
        <extensions>
          <gpxtpx:TrackPointExtension>
            <gpxtpx:atemp>31</gpxtpx:atemp>
            <gpxtpx:hr>116</gpxtpx:hr>
          </gpxtpx:TrackPointExtension>
        </extensions>
      </trkpt>
      <trkpt lat="24.9888816755265" lon="121.53030758723617">
        <ele>12</ele>
        <time>2024-07-19T22:38:48.000Z</time>
        <extensions>
          <gpxtpx:TrackPointExtension>
            <gpxtpx:atemp>31</gpxtpx:atemp>
            <gpxtpx:hr>130</gpxtpx:hr>
          </gpxtpx:TrackPointExtension>
        </extensions>
      </trkpt>
      <trkpt lat="24.98893984593451" lon="121.5296065248549">
        <ele>3</ele>
        <time>2024-07-19T22:39:06.000Z</time>
        <extensions>
          <gpxtpx:TrackPointExtension>
            <gpxtpx:atemp>31</gpxtpx:atemp>
            <gpxtpx:hr>125</gpxtpx:hr>
          </gpxtpx:TrackPointExtension>
        </extensions>
      </trkpt>
      <trkpt lat="24.989778036251664" lon="121.5273252222687">
        <ele>9</ele>
        <time>2024-07-19T22:39:57.000Z</time>
        <extensions>
          <gpxtpx:TrackPointExtension>
            <gpxtpx:atemp>31</gpxtpx:atemp>
            <gpxtpx:hr>112</gpxtpx:hr>
          </gpxtpx:TrackPointExtension>
        </extensions>
      </trkpt>
      <trkpt lat="24.989465810358524" lon="121.52721424587071">
        <ele>9</ele>
        <time>2024-07-19T22:40:14.000Z</time>
        <extensions>
          <gpxtpx:TrackPointExtension>
            <gpxtpx:atemp>31</gpxtpx:atemp>
            <gpxtpx:hr>113</gpxtpx:hr>
          </gpxtpx:TrackPointExtension>
        </extensions>
      </trkpt>
      <trkpt lat="24.98878058977425" lon="121.52669917792082">
        <ele>8</ele>
        <time>2024-07-19T22:41:31.000Z</time>
        <extensions>
          <gpxtpx:TrackPointExtension>
            <gpxtpx:atemp>31</gpxtpx:atemp>
            <gpxtpx:hr>91</gpxtpx:hr>
          </gpxtpx:TrackPointExtension>
        </extensions>
      </trkpt>
      <trkpt lat="24.98821414075792" lon="121.5260767377913">
        <ele>8</ele>
        <time>2024-07-19T22:41:53.000Z</time>
        <extensions>
          <gpxtpx:TrackPointExtension>
            <gpxtpx:atemp>31</gpxtpx:atemp>
            <gpxtpx:hr>93</gpxtpx:hr>
          </gpxtpx:TrackPointExtension>
        </extensions>
      </trkpt>
      <trkpt lat="24.988463250920177" lon="121.52643204666674">
        <ele>7</ele>
        <time>2024-07-19T22:42:03.000Z</time>
        <extensions>
          <gpxtpx:TrackPointExtension>
            <gpxtpx:atemp>31</gpxtpx:atemp>
            <gpxtpx:hr>95</gpxtpx:hr>
          </gpxtpx:TrackPointExtension>
        </extensions>
      </trkpt>
      <trkpt lat="24.989102371037006" lon="121.52708382345736">
        <ele>9</ele>
        <time>2024-07-19T22:42:15.000Z</time>
        <extensions>
          <gpxtpx:TrackPointExtension>
            <gpxtpx:atemp>31</gpxtpx:atemp>
            <gpxtpx:hr>102</gpxtpx:hr>
          </gpxtpx:TrackPointExtension>
        </extensions>
      </trkpt>
      <trkpt lat="24.989389115944505" lon="121.52785814367235">
        <ele>8</ele>
        <time>2024-07-19T22:42:25.000Z</time>
        <extensions>
          <gpxtpx:TrackPointExtension>
            <gpxtpx:atemp>31</gpxtpx:atemp>
            <gpxtpx:hr>111</gpxtpx:hr>
          </gpxtpx:TrackPointExtension>
        </extensions>
      </trkpt>
      <trkpt lat="24.989806367084384" lon="121.52807749807835">
        <ele>9</ele>
        <time>2024-07-19T22:42:32.000Z</time>
        <extensions>
          <gpxtpx:TrackPointExtension>
            <gpxtpx:atemp>31</gpxtpx:atemp>
            <gpxtpx:hr>111</gpxtpx:hr>
          </gpxtpx:TrackPointExtension>
        </extensions>
      </trkpt>
      <trkpt lat="24.99076877720654" lon="121.52835519053042">
        <ele>10</ele>
        <time>2024-07-19T22:42:45.000Z</time>
        <extensions>
          <gpxtpx:TrackPointExtension>
            <gpxtpx:atemp>31</gpxtpx:atemp>
            <gpxtpx:hr>114</gpxtpx:hr>
          </gpxtpx:TrackPointExtension>
        </extensions>
      </trkpt>
      <trkpt lat="24.991448214277625" lon="121.52879197150469">
        <ele>4</ele>
        <time>2024-07-19T22:42:56.000Z</time>
        <extensions>
          <gpxtpx:TrackPointExtension>
            <gpxtpx:atemp>31</gpxtpx:atemp>
            <gpxtpx:hr>120</gpxtpx:hr>
          </gpxtpx:TrackPointExtension>
        </extensions>
      </trkpt>
      <trkpt lat="24.99228154309094" lon="121.52904024347663">
        <ele>7</ele>
        <time>2024-07-19T22:43:08.000Z</time>
        <extensions>
          <gpxtpx:TrackPointExtension>
            <gpxtpx:atemp>31</gpxtpx:atemp>
            <gpxtpx:hr>117</gpxtpx:hr>
          </gpxtpx:TrackPointExtension>
        </extensions>
      </trkpt>
      <trkpt lat="24.994393112137914" lon="121.52919103391469">
        <ele>10</ele>
        <time>2024-07-19T22:43:37.000Z</time>
        <extensions>
          <gpxtpx:TrackPointExtension>
            <gpxtpx:atemp>31</gpxtpx:atemp>
            <gpxtpx:hr>122</gpxtpx:hr>
          </gpxtpx:TrackPointExtension>
        </extensions>
      </trkpt>
      <trkpt lat="24.99743171967566" lon="121.52956226840615">
        <ele>3</ele>
        <time>2024-07-19T22:44:19.000Z</time>
        <extensions>
          <gpxtpx:TrackPointExtension>
            <gpxtpx:atemp>31</gpxtpx:atemp>
            <gpxtpx:hr>132</gpxtpx:hr>
          </gpxtpx:TrackPointExtension>
        </extensions>
      </trkpt>
      <trkpt lat="24.998511224985123" lon="121.53003207407892">
        <ele>8</ele>
        <time>2024-07-19T22:44:33.000Z</time>
        <extensions>
          <gpxtpx:TrackPointExtension>
            <gpxtpx:atemp>31</gpxtpx:atemp>
            <gpxtpx:hr>131</gpxtpx:hr>
          </gpxtpx:TrackPointExtension>
        </extensions>
      </trkpt>
      <trkpt lat="25.002068588510156" lon="121.53130863793194">
        <ele>11</ele>
        <time>2024-07-19T22:45:26.000Z</time>
        <extensions>
          <gpxtpx:TrackPointExtension>
            <gpxtpx:atemp>31</gpxtpx:atemp>
            <gpxtpx:hr>135</gpxtpx:hr>
          </gpxtpx:TrackPointExtension>
        </extensions>
      </trkpt>
      <trkpt lat="25.00242113135755" lon="121.5313230548054">
        <ele>8</ele>
        <time>2024-07-19T22:45:31.000Z</time>
        <extensions>
          <gpxtpx:TrackPointExtension>
            <gpxtpx:atemp>31</gpxtpx:atemp>
            <gpxtpx:hr>135</gpxtpx:hr>
          </gpxtpx:TrackPointExtension>
        </extensions>
      </trkpt>
      <trkpt lat="25.003027142956853" lon="121.53088971041143">
        <ele>10</ele>
        <time>2024-07-19T22:45:42.000Z</time>
        <extensions>
          <gpxtpx:TrackPointExtension>
            <gpxtpx:atemp>31</gpxtpx:atemp>
            <gpxtpx:hr>137</gpxtpx:hr>
          </gpxtpx:TrackPointExtension>
        </extensions>
      </trkpt>
      <trkpt lat="25.003279941156507" lon="121.53076758608222">
        <ele>9</ele>
        <time>2024-07-19T22:45:46.000Z</time>
        <extensions>
          <gpxtpx:TrackPointExtension>
            <gpxtpx:atemp>31</gpxtpx:atemp>
            <gpxtpx:hr>139</gpxtpx:hr>
          </gpxtpx:TrackPointExtension>
        </extensions>
      </trkpt>
      <trkpt lat="25.004279147833586" lon="121.53072508983314">
        <ele>5</ele>
        <time>2024-07-19T22:46:01.000Z</time>
        <extensions>
          <gpxtpx:TrackPointExtension>
            <gpxtpx:atemp>31</gpxtpx:atemp>
            <gpxtpx:hr>140</gpxtpx:hr>
          </gpxtpx:TrackPointExtension>
        </extensions>
      </trkpt>
      <trkpt lat="25.005413219332695" lon="121.53001070022583">
        <ele>12</ele>
        <time>2024-07-19T22:46:23.000Z</time>
        <extensions>
          <gpxtpx:TrackPointExtension>
            <gpxtpx:atemp>31</gpxtpx:atemp>
            <gpxtpx:hr>144</gpxtpx:hr>
          </gpxtpx:TrackPointExtension>
        </extensions>
      </trkpt>
      <trkpt lat="25.005781687796116" lon="121.53021605685353">
        <ele>9</ele>
        <time>2024-07-19T22:46:30.000Z</time>
        <extensions>
          <gpxtpx:TrackPointExtension>
            <gpxtpx:atemp>30</gpxtpx:atemp>
            <gpxtpx:hr>143</gpxtpx:hr>
          </gpxtpx:TrackPointExtension>
        </extensions>
      </trkpt>
      <trkpt lat="25.006740242242813" lon="121.52986904606223">
        <ele>6</ele>
        <time>2024-07-19T22:46:46.000Z</time>
        <extensions>
          <gpxtpx:TrackPointExtension>
            <gpxtpx:atemp>30</gpxtpx:atemp>
            <gpxtpx:hr>141</gpxtpx:hr>
          </gpxtpx:TrackPointExtension>
        </extensions>
      </trkpt>
      <trkpt lat="25.007272828370333" lon="121.53000324033201">
        <ele>5</ele>
        <time>2024-07-19T22:46:54.000Z</time>
        <extensions>
          <gpxtpx:TrackPointExtension>
            <gpxtpx:atemp>30</gpxtpx:atemp>
            <gpxtpx:hr>146</gpxtpx:hr>
          </gpxtpx:TrackPointExtension>
        </extensions>
      </trkpt>
      <trkpt lat="25.007658815011382" lon="121.52981422841549">
        <ele>7</ele>
        <time>2024-07-19T22:46:59.000Z</time>
        <extensions>
          <gpxtpx:TrackPointExtension>
            <gpxtpx:atemp>30</gpxtpx:atemp>
            <gpxtpx:hr>145</gpxtpx:hr>
          </gpxtpx:TrackPointExtension>
        </extensions>
      </trkpt>
      <trkpt lat="25.008086124435067" lon="121.52922196313739">
        <ele>2</ele>
        <time>2024-07-19T22:47:07.000Z</time>
        <extensions>
          <gpxtpx:TrackPointExtension>
            <gpxtpx:atemp>30</gpxtpx:atemp>
            <gpxtpx:hr>139</gpxtpx:hr>
          </gpxtpx:TrackPointExtension>
        </extensions>
      </trkpt>
      <trkpt lat="25.008633378893137" lon="121.52864738367498">
        <ele>6</ele>
        <time>2024-07-19T22:47:17.000Z</time>
        <extensions>
          <gpxtpx:TrackPointExtension>
            <gpxtpx:atemp>30</gpxtpx:atemp>
            <gpxtpx:hr>137</gpxtpx:hr>
          </gpxtpx:TrackPointExtension>
        </extensions>
      </trkpt>
      <trkpt lat="25.009103855118155" lon="121.52784255333245">
        <ele>5</ele>
        <time>2024-07-19T22:47:29.000Z</time>
        <extensions>
          <gpxtpx:TrackPointExtension>
            <gpxtpx:atemp>30</gpxtpx:atemp>
            <gpxtpx:hr>139</gpxtpx:hr>
          </gpxtpx:TrackPointExtension>
        </extensions>
      </trkpt>
      <trkpt lat="25.009177112951875" lon="121.52762202546">
        <ele>6</ele>
        <time>2024-07-19T22:47:32.000Z</time>
        <extensions>
          <gpxtpx:TrackPointExtension>
            <gpxtpx:atemp>30</gpxtpx:atemp>
            <gpxtpx:hr>140</gpxtpx:hr>
          </gpxtpx:TrackPointExtension>
        </extensions>
      </trkpt>
      <trkpt lat="25.009137466549873" lon="121.52746553532779">
        <ele>7</ele>
        <time>2024-07-19T22:47:34.000Z</time>
        <extensions>
          <gpxtpx:TrackPointExtension>
            <gpxtpx:atemp>30</gpxtpx:atemp>
            <gpxtpx:hr>140</gpxtpx:hr>
          </gpxtpx:TrackPointExtension>
        </extensions>
      </trkpt>
      <trkpt lat="25.008676126599312" lon="121.5270336996764">
        <ele>5</ele>
        <time>2024-07-19T22:47:43.000Z</time>
        <extensions>
          <gpxtpx:TrackPointExtension>
            <gpxtpx:atemp>30</gpxtpx:atemp>
            <gpxtpx:hr>141</gpxtpx:hr>
          </gpxtpx:TrackPointExtension>
        </extensions>
      </trkpt>
      <trkpt lat="25.00861007720232" lon="121.52688634581864">
        <ele>5</ele>
        <time>2024-07-19T22:47:47.000Z</time>
        <extensions>
          <gpxtpx:TrackPointExtension>
            <gpxtpx:atemp>30</gpxtpx:atemp>
            <gpxtpx:hr>141</gpxtpx:hr>
          </gpxtpx:TrackPointExtension>
        </extensions>
      </trkpt>
      <trkpt lat="25.009436951950192" lon="121.52556611225009">
        <ele>9</ele>
        <time>2024-07-19T22:48:15.000Z</time>
        <extensions>
          <gpxtpx:TrackPointExtension>
            <gpxtpx:atemp>30</gpxtpx:atemp>
            <gpxtpx:hr>136</gpxtpx:hr>
          </gpxtpx:TrackPointExtension>
        </extensions>
      </trkpt>
      <trkpt lat="25.010621398687363" lon="121.52438468299806">
        <ele>10</ele>
        <time>2024-07-19T22:48:41.000Z</time>
        <extensions>
          <gpxtpx:TrackPointExtension>
            <gpxtpx:atemp>30</gpxtpx:atemp>
            <gpxtpx:hr>139</gpxtpx:hr>
          </gpxtpx:TrackPointExtension>
        </extensions>
      </trkpt>
      <trkpt lat="25.010371785610914" lon="121.52458400465548">
        <ele>10</ele>
        <time>2024-07-19T22:48:49.000Z</time>
        <extensions>
          <gpxtpx:TrackPointExtension>
            <gpxtpx:atemp>30</gpxtpx:atemp>
            <gpxtpx:hr>133</gpxtpx:hr>
          </gpxtpx:TrackPointExtension>
        </extensions>
      </trkpt>
      <trkpt lat="25.0094089563936" lon="121.52567541226745">
        <ele>10</ele>
        <time>2024-07-19T22:49:17.000Z</time>
        <extensions>
          <gpxtpx:TrackPointExtension>
            <gpxtpx:atemp>30</gpxtpx:atemp>
            <gpxtpx:hr>126</gpxtpx:hr>
          </gpxtpx:TrackPointExtension>
        </extensions>
      </trkpt>
      <trkpt lat="25.009801480919123" lon="121.5253084525466">
        <ele>5</ele>
        <time>2024-07-19T22:49:31.000Z</time>
        <extensions>
          <gpxtpx:TrackPointExtension>
            <gpxtpx:atemp>31</gpxtpx:atemp>
            <gpxtpx:hr>125</gpxtpx:hr>
          </gpxtpx:TrackPointExtension>
        </extensions>
      </trkpt>
      <trkpt lat="25.010006334632635" lon="121.5253084525466">
        <ele>5</ele>
        <time>2024-07-19T22:49:35.000Z</time>
        <extensions>
          <gpxtpx:TrackPointExtension>
            <gpxtpx:atemp>31</gpxtpx:atemp>
            <gpxtpx:hr>129</gpxtpx:hr>
          </gpxtpx:TrackPointExtension>
        </extensions>
      </trkpt>
      <trkpt lat="25.010776882991195" lon="121.52499295771122">
        <ele>6</ele>
        <time>2024-07-19T22:49:47.000Z</time>
        <extensions>
          <gpxtpx:TrackPointExtension>
            <gpxtpx:atemp>31</gpxtpx:atemp>
            <gpxtpx:hr>139</gpxtpx:hr>
          </gpxtpx:TrackPointExtension>
        </extensions>
      </trkpt>
      <trkpt lat="25.011303517967463" lon="121.5246178675443">
        <ele>6</ele>
        <time>2024-07-19T22:49:56.000Z</time>
        <extensions>
          <gpxtpx:TrackPointExtension>
            <gpxtpx:atemp>31</gpxtpx:atemp>
            <gpxtpx:hr>141</gpxtpx:hr>
          </gpxtpx:TrackPointExtension>
        </extensions>
      </trkpt>
      <trkpt lat="25.012298114597797" lon="121.52333971112967">
        <ele>7</ele>
        <time>2024-07-19T22:50:17.000Z</time>
        <extensions>
          <gpxtpx:TrackPointExtension>
            <gpxtpx:atemp>31</gpxtpx:atemp>
            <gpxtpx:hr>141</gpxtpx:hr>
          </gpxtpx:TrackPointExtension>
        </extensions>
      </trkpt>
      <trkpt lat="25.012892810627818" lon="121.522775022313">
        <ele>9</ele>
        <time>2024-07-19T22:50:28.000Z</time>
        <extensions>
          <gpxtpx:TrackPointExtension>
            <gpxtpx:atemp>31</gpxtpx:atemp>
            <gpxtpx:hr>140</gpxtpx:hr>
          </gpxtpx:TrackPointExtension>
        </extensions>
      </trkpt>
      <trkpt lat="25.015421798452735" lon="121.5210843924433">
        <ele>8</ele>
        <time>2024-07-19T22:51:10.000Z</time>
        <extensions>
          <gpxtpx:TrackPointExtension>
            <gpxtpx:atemp>31</gpxtpx:atemp>
            <gpxtpx:hr>130</gpxtpx:hr>
          </gpxtpx:TrackPointExtension>
        </extensions>
      </trkpt>
      <trkpt lat="25.016617896035314" lon="121.52038173750043">
        <ele>5</ele>
        <time>2024-07-19T22:51:28.000Z</time>
        <extensions>
          <gpxtpx:TrackPointExtension>
            <gpxtpx:atemp>31</gpxtpx:atemp>
            <gpxtpx:hr>126</gpxtpx:hr>
          </gpxtpx:TrackPointExtension>
        </extensions>
      </trkpt>
      <trkpt lat="25.017478046938777" lon="121.51991947554052">
        <ele>5</ele>
        <time>2024-07-19T22:51:41.000Z</time>
        <extensions>
          <gpxtpx:TrackPointExtension>
            <gpxtpx:atemp>31</gpxtpx:atemp>
            <gpxtpx:hr>133</gpxtpx:hr>
          </gpxtpx:TrackPointExtension>
        </extensions>
      </trkpt>
      <trkpt lat="25.018411707133055" lon="121.51870259083807">
        <ele>9</ele>
        <time>2024-07-19T22:52:01.000Z</time>
        <extensions>
          <gpxtpx:TrackPointExtension>
            <gpxtpx:atemp>31</gpxtpx:atemp>
            <gpxtpx:hr>127</gpxtpx:hr>
          </gpxtpx:TrackPointExtension>
        </extensions>
      </trkpt>
      <trkpt lat="25.01889224164188" lon="121.51832079514861">
        <ele>4</ele>
        <time>2024-07-19T22:52:10.000Z</time>
        <extensions>
          <gpxtpx:TrackPointExtension>
            <gpxtpx:atemp>31</gpxtpx:atemp>
            <gpxtpx:hr>127</gpxtpx:hr>
          </gpxtpx:TrackPointExtension>
        </extensions>
      </trkpt>
      <trkpt lat="25.019102711230516" lon="121.51790932752192">
        <ele>5</ele>
        <time>2024-07-19T22:52:17.000Z</time>
        <extensions>
          <gpxtpx:TrackPointExtension>
            <gpxtpx:atemp>31</gpxtpx:atemp>
            <gpxtpx:hr>130</gpxtpx:hr>
          </gpxtpx:TrackPointExtension>
        </extensions>
      </trkpt>
      <trkpt lat="25.019494397565722" lon="121.51747782714665">
        <ele>4</ele>
        <time>2024-07-19T22:52:25.000Z</time>
        <extensions>
          <gpxtpx:TrackPointExtension>
            <gpxtpx:atemp>31</gpxtpx:atemp>
            <gpxtpx:hr>133</gpxtpx:hr>
          </gpxtpx:TrackPointExtension>
        </extensions>
      </trkpt>
      <trkpt lat="25.019509065896273" lon="121.51717892847955">
        <ele>5</ele>
        <time>2024-07-19T22:52:30.000Z</time>
        <extensions>
          <gpxtpx:TrackPointExtension>
            <gpxtpx:atemp>31</gpxtpx:atemp>
            <gpxtpx:hr>129</gpxtpx:hr>
          </gpxtpx:TrackPointExtension>
        </extensions>
      </trkpt>
      <trkpt lat="25.019091395661235" lon="121.51703534647822">
        <ele>10</ele>
        <time>2024-07-19T22:52:38.000Z</time>
        <extensions>
          <gpxtpx:TrackPointExtension>
            <gpxtpx:atemp>31</gpxtpx:atemp>
            <gpxtpx:hr>132</gpxtpx:hr>
          </gpxtpx:TrackPointExtension>
        </extensions>
      </trkpt>
      <trkpt lat="25.019010845571756" lon="121.51682663708925">
        <ele>11</ele>
        <time>2024-07-19T22:52:42.000Z</time>
        <extensions>
          <gpxtpx:TrackPointExtension>
            <gpxtpx:atemp>31</gpxtpx:atemp>
            <gpxtpx:hr>136</gpxtpx:hr>
          </gpxtpx:TrackPointExtension>
        </extensions>
      </trkpt>
      <trkpt lat="25.01943957991898" lon="121.51562266051769">
        <ele>6</ele>
        <time>2024-07-19T22:53:01.000Z</time>
        <extensions>
          <gpxtpx:TrackPointExtension>
            <gpxtpx:atemp>31</gpxtpx:atemp>
            <gpxtpx:hr>136</gpxtpx:hr>
          </gpxtpx:TrackPointExtension>
        </extensions>
      </trkpt>
      <trkpt lat="25.019414937123656" lon="121.51569734327495">
        <ele>6</ele>
        <time>2024-07-19T22:53:04.000Z</time>
        <extensions>
          <gpxtpx:TrackPointExtension>
            <gpxtpx:atemp>31</gpxtpx:atemp>
            <gpxtpx:hr>133</gpxtpx:hr>
          </gpxtpx:TrackPointExtension>
        </extensions>
      </trkpt>
      <trkpt lat="25.019319467246532" lon="121.51495797559619">
        <ele>7</ele>
        <time>2024-07-19T22:53:16.000Z</time>
        <extensions>
          <gpxtpx:TrackPointExtension>
            <gpxtpx:atemp>31</gpxtpx:atemp>
            <gpxtpx:hr>134</gpxtpx:hr>
          </gpxtpx:TrackPointExtension>
        </extensions>
      </trkpt>
      <trkpt lat="25.019440166652203" lon="121.51270718313754">
        <ele>5</ele>
        <time>2024-07-19T22:53:47.000Z</time>
        <extensions>
          <gpxtpx:TrackPointExtension>
            <gpxtpx:atemp>31</gpxtpx:atemp>
            <gpxtpx:hr>137</gpxtpx:hr>
          </gpxtpx:TrackPointExtension>
        </extensions>
      </trkpt>
      <trkpt lat="25.018864162266254" lon="121.51027978397906">
        <ele>1</ele>
        <time>2024-07-19T22:54:18.000Z</time>
        <extensions>
          <gpxtpx:TrackPointExtension>
            <gpxtpx:atemp>31</gpxtpx:atemp>
            <gpxtpx:hr>144</gpxtpx:hr>
          </gpxtpx:TrackPointExtension>
        </extensions>
      </trkpt>
      <trkpt lat="25.018881177529693" lon="121.50902861729264">
        <ele>16</ele>
        <time>2024-07-19T22:54:33.000Z</time>
        <extensions>
          <gpxtpx:TrackPointExtension>
            <gpxtpx:atemp>31</gpxtpx:atemp>
            <gpxtpx:hr>149</gpxtpx:hr>
          </gpxtpx:TrackPointExtension>
        </extensions>
      </trkpt>
      <trkpt lat="25.018823174759746" lon="121.50868663564324">
        <ele>12</ele>
        <time>2024-07-19T22:54:37.000Z</time>
        <extensions>
          <gpxtpx:TrackPointExtension>
            <gpxtpx:atemp>31</gpxtpx:atemp>
            <gpxtpx:hr>149</gpxtpx:hr>
          </gpxtpx:TrackPointExtension>
        </extensions>
      </trkpt>
      <trkpt lat="25.01865779981017" lon="121.50836979970336">
        <ele>8</ele>
        <time>2024-07-19T22:54:41.000Z</time>
        <extensions>
          <gpxtpx:TrackPointExtension>
            <gpxtpx:atemp>31</gpxtpx:atemp>
            <gpxtpx:hr>149</gpxtpx:hr>
          </gpxtpx:TrackPointExtension>
        </extensions>
      </trkpt>
      <trkpt lat="25.018159244209528" lon="121.50795724242926">
        <ele>8</ele>
        <time>2024-07-19T22:54:49.000Z</time>
        <extensions>
          <gpxtpx:TrackPointExtension>
            <gpxtpx:atemp>31</gpxtpx:atemp>
            <gpxtpx:hr>150</gpxtpx:hr>
          </gpxtpx:TrackPointExtension>
        </extensions>
      </trkpt>
      <trkpt lat="25.018018847331405" lon="121.50772925466299">
        <ele>10</ele>
        <time>2024-07-19T22:54:52.000Z</time>
        <extensions>
          <gpxtpx:TrackPointExtension>
            <gpxtpx:atemp>31</gpxtpx:atemp>
            <gpxtpx:hr>149</gpxtpx:hr>
          </gpxtpx:TrackPointExtension>
        </extensions>
      </trkpt>
      <trkpt lat="25.017984732985497" lon="121.50708250701427">
        <ele>8</ele>
        <time>2024-07-19T22:55:00.000Z</time>
        <extensions>
          <gpxtpx:TrackPointExtension>
            <gpxtpx:atemp>31</gpxtpx:atemp>
            <gpxtpx:hr>149</gpxtpx:hr>
          </gpxtpx:TrackPointExtension>
        </extensions>
      </trkpt>
      <trkpt lat="25.017999317497015" lon="121.50646945461631">
        <ele>4</ele>
        <time>2024-07-19T22:55:09.000Z</time>
        <extensions>
          <gpxtpx:TrackPointExtension>
            <gpxtpx:atemp>31</gpxtpx:atemp>
            <gpxtpx:hr>149</gpxtpx:hr>
          </gpxtpx:TrackPointExtension>
        </extensions>
      </trkpt>
      <trkpt lat="25.013785734772682" lon="121.5036156680435">
        <ele>2</ele>
        <time>2024-07-19T22:56:18.000Z</time>
        <extensions>
          <gpxtpx:TrackPointExtension>
            <gpxtpx:atemp>31</gpxtpx:atemp>
            <gpxtpx:hr>141</gpxtpx:hr>
          </gpxtpx:TrackPointExtension>
        </extensions>
      </trkpt>
      <trkpt lat="25.013303607702255" lon="121.50310177356005">
        <ele>6</ele>
        <time>2024-07-19T22:56:30.000Z</time>
        <extensions>
          <gpxtpx:TrackPointExtension>
            <gpxtpx:atemp>31</gpxtpx:atemp>
            <gpxtpx:hr>144</gpxtpx:hr>
          </gpxtpx:TrackPointExtension>
        </extensions>
      </trkpt>
      <trkpt lat="25.01061351969838" lon="121.50066557340324">
        <ele>8</ele>
        <time>2024-07-19T22:57:20.000Z</time>
        <extensions>
          <gpxtpx:TrackPointExtension>
            <gpxtpx:atemp>31</gpxtpx:atemp>
            <gpxtpx:hr>139</gpxtpx:hr>
          </gpxtpx:TrackPointExtension>
        </extensions>
      </trkpt>
      <trkpt lat="25.009859818965197" lon="121.4997542090714">
        <ele>6</ele>
        <time>2024-07-19T22:57:36.000Z</time>
        <extensions>
          <gpxtpx:TrackPointExtension>
            <gpxtpx:atemp>31</gpxtpx:atemp>
            <gpxtpx:hr>139</gpxtpx:hr>
          </gpxtpx:TrackPointExtension>
        </extensions>
      </trkpt>
      <trkpt lat="25.009330417960882" lon="121.49888215586543">
        <ele>3</ele>
        <time>2024-07-19T22:57:50.000Z</time>
        <extensions>
          <gpxtpx:TrackPointExtension>
            <gpxtpx:atemp>31</gpxtpx:atemp>
            <gpxtpx:hr>139</gpxtpx:hr>
          </gpxtpx:TrackPointExtension>
        </extensions>
      </trkpt>
      <trkpt lat="25.008835718035698" lon="121.49779661558568">
        <ele>4</ele>
        <time>2024-07-19T22:58:06.000Z</time>
        <extensions>
          <gpxtpx:TrackPointExtension>
            <gpxtpx:atemp>31</gpxtpx:atemp>
            <gpxtpx:hr>142</gpxtpx:hr>
          </gpxtpx:TrackPointExtension>
        </extensions>
      </trkpt>
      <trkpt lat="25.00861736945808" lon="121.49712095037103">
        <ele>6</ele>
        <time>2024-07-19T22:58:15.000Z</time>
        <extensions>
          <gpxtpx:TrackPointExtension>
            <gpxtpx:atemp>31</gpxtpx:atemp>
            <gpxtpx:hr>143</gpxtpx:hr>
          </gpxtpx:TrackPointExtension>
        </extensions>
      </trkpt>
      <trkpt lat="25.00833749771118" lon="121.49600087665021">
        <ele>6</ele>
        <time>2024-07-19T22:58:29.000Z</time>
        <extensions>
          <gpxtpx:TrackPointExtension>
            <gpxtpx:atemp>31</gpxtpx:atemp>
            <gpxtpx:hr>146</gpxtpx:hr>
          </gpxtpx:TrackPointExtension>
        </extensions>
      </trkpt>
      <trkpt lat="25.008248314261436" lon="121.49472800083458">
        <ele>4</ele>
        <time>2024-07-19T22:58:44.000Z</time>
        <extensions>
          <gpxtpx:TrackPointExtension>
            <gpxtpx:atemp>31</gpxtpx:atemp>
            <gpxtpx:hr>149</gpxtpx:hr>
          </gpxtpx:TrackPointExtension>
        </extensions>
      </trkpt>
      <trkpt lat="25.00839499756694" lon="121.49344263598323">
        <ele>5</ele>
        <time>2024-07-19T22:58:58.000Z</time>
        <extensions>
          <gpxtpx:TrackPointExtension>
            <gpxtpx:atemp>31</gpxtpx:atemp>
            <gpxtpx:hr>153</gpxtpx:hr>
          </gpxtpx:TrackPointExtension>
        </extensions>
      </trkpt>
      <trkpt lat="25.008694734424353" lon="121.49241509847343">
        <ele>6</ele>
        <time>2024-07-19T22:59:10.000Z</time>
        <extensions>
          <gpxtpx:TrackPointExtension>
            <gpxtpx:atemp>31</gpxtpx:atemp>
            <gpxtpx:hr>157</gpxtpx:hr>
          </gpxtpx:TrackPointExtension>
        </extensions>
      </trkpt>
      <trkpt lat="25.009200498461723" lon="121.49145394563675">
        <ele>8</ele>
        <time>2024-07-19T22:59:22.000Z</time>
        <extensions>
          <gpxtpx:TrackPointExtension>
            <gpxtpx:atemp>31</gpxtpx:atemp>
            <gpxtpx:hr>157</gpxtpx:hr>
          </gpxtpx:TrackPointExtension>
        </extensions>
      </trkpt>
      <trkpt lat="25.00992150977254" lon="121.49051249027252">
        <ele>5</ele>
        <time>2024-07-19T22:59:36.000Z</time>
        <extensions>
          <gpxtpx:TrackPointExtension>
            <gpxtpx:atemp>31</gpxtpx:atemp>
            <gpxtpx:hr>154</gpxtpx:hr>
          </gpxtpx:TrackPointExtension>
        </extensions>
      </trkpt>
      <trkpt lat="25.010372791439295" lon="121.49010035209358">
        <ele>4</ele>
        <time>2024-07-19T22:59:43.000Z</time>
        <extensions>
          <gpxtpx:TrackPointExtension>
            <gpxtpx:atemp>31</gpxtpx:atemp>
            <gpxtpx:hr>153</gpxtpx:hr>
          </gpxtpx:TrackPointExtension>
        </extensions>
      </trkpt>
      <trkpt lat="25.011631418019533" lon="121.4892274606973">
        <ele>9</ele>
        <time>2024-07-19T23:00:00.000Z</time>
        <extensions>
          <gpxtpx:TrackPointExtension>
            <gpxtpx:atemp>31</gpxtpx:atemp>
            <gpxtpx:hr>154</gpxtpx:hr>
          </gpxtpx:TrackPointExtension>
        </extensions>
      </trkpt>
      <trkpt lat="25.012608161196113" lon="121.48868816904724">
        <ele>5</ele>
        <time>2024-07-19T23:00:13.000Z</time>
        <extensions>
          <gpxtpx:TrackPointExtension>
            <gpxtpx:atemp>31</gpxtpx:atemp>
            <gpxtpx:hr>155</gpxtpx:hr>
          </gpxtpx:TrackPointExtension>
        </extensions>
      </trkpt>
      <trkpt lat="25.014417059719563" lon="121.48797227069736">
        <ele>7</ele>
        <time>2024-07-19T23:00:36.000Z</time>
        <extensions>
          <gpxtpx:TrackPointExtension>
            <gpxtpx:atemp>31</gpxtpx:atemp>
            <gpxtpx:hr>153</gpxtpx:hr>
          </gpxtpx:TrackPointExtension>
        </extensions>
      </trkpt>
      <trkpt lat="25.015691611915827" lon="121.48763364180923">
        <ele>5</ele>
        <time>2024-07-19T23:00:52.000Z</time>
        <extensions>
          <gpxtpx:TrackPointExtension>
            <gpxtpx:atemp>31</gpxtpx:atemp>
            <gpxtpx:hr>153</gpxtpx:hr>
          </gpxtpx:TrackPointExtension>
        </extensions>
      </trkpt>
      <trkpt lat="25.01830307766795" lon="121.48718990385532">
        <ele>7</ele>
        <time>2024-07-19T23:01:24.000Z</time>
        <extensions>
          <gpxtpx:TrackPointExtension>
            <gpxtpx:atemp>31</gpxtpx:atemp>
            <gpxtpx:hr>152</gpxtpx:hr>
          </gpxtpx:TrackPointExtension>
        </extensions>
      </trkpt>
      <trkpt lat="25.01917278394103" lon="121.48706903681159">
        <ele>7</ele>
        <time>2024-07-19T23:01:35.000Z</time>
        <extensions>
          <gpxtpx:TrackPointExtension>
            <gpxtpx:atemp>31</gpxtpx:atemp>
            <gpxtpx:hr>153</gpxtpx:hr>
          </gpxtpx:TrackPointExtension>
        </extensions>
      </trkpt>
      <trkpt lat="25.01990770921111" lon="121.48713173344731">
        <ele>7</ele>
        <time>2024-07-19T23:01:44.000Z</time>
        <extensions>
          <gpxtpx:TrackPointExtension>
            <gpxtpx:atemp>31</gpxtpx:atemp>
            <gpxtpx:hr>150</gpxtpx:hr>
          </gpxtpx:TrackPointExtension>
        </extensions>
      </trkpt>
      <trkpt lat="25.02167117781937" lon="121.48753523826599">
        <ele>2</ele>
        <time>2024-07-19T23:02:06.000Z</time>
        <extensions>
          <gpxtpx:TrackPointExtension>
            <gpxtpx:atemp>31</gpxtpx:atemp>
            <gpxtpx:hr>152</gpxtpx:hr>
          </gpxtpx:TrackPointExtension>
        </extensions>
      </trkpt>
      <trkpt lat="25.022489922121167" lon="121.4876126870513">
        <ele>5</ele>
        <time>2024-07-19T23:02:16.000Z</time>
        <extensions>
          <gpxtpx:TrackPointExtension>
            <gpxtpx:atemp>31</gpxtpx:atemp>
            <gpxtpx:hr>150</gpxtpx:hr>
          </gpxtpx:TrackPointExtension>
        </extensions>
      </trkpt>
      <trkpt lat="25.023068357259035" lon="121.48755317553878">
        <ele>5</ele>
        <time>2024-07-19T23:02:24.000Z</time>
        <extensions>
          <gpxtpx:TrackPointExtension>
            <gpxtpx:atemp>31</gpxtpx:atemp>
            <gpxtpx:hr>149</gpxtpx:hr>
          </gpxtpx:TrackPointExtension>
        </extensions>
      </trkpt>
      <trkpt lat="25.02417493611574" lon="121.48721831850708">
        <ele>6</ele>
        <time>2024-07-19T23:02:40.000Z</time>
        <extensions>
          <gpxtpx:TrackPointExtension>
            <gpxtpx:atemp>31</gpxtpx:atemp>
            <gpxtpx:hr>148</gpxtpx:hr>
          </gpxtpx:TrackPointExtension>
        </extensions>
      </trkpt>
      <trkpt lat="25.025313533842564" lon="121.48670903407037">
        <ele>5</ele>
        <time>2024-07-19T23:02:54.000Z</time>
        <extensions>
          <gpxtpx:TrackPointExtension>
            <gpxtpx:atemp>31</gpxtpx:atemp>
            <gpxtpx:hr>158</gpxtpx:hr>
          </gpxtpx:TrackPointExtension>
        </extensions>
      </trkpt>
      <trkpt lat="25.027245646342635" lon="121.48550095036626">
        <ele>6</ele>
        <time>2024-07-19T23:03:20.000Z</time>
        <extensions>
          <gpxtpx:TrackPointExtension>
            <gpxtpx:atemp>31</gpxtpx:atemp>
            <gpxtpx:hr>159</gpxtpx:hr>
          </gpxtpx:TrackPointExtension>
        </extensions>
      </trkpt>
      <trkpt lat="25.02776633016765" lon="121.48506601341069">
        <ele>5</ele>
        <time>2024-07-19T23:03:28.000Z</time>
        <extensions>
          <gpxtpx:TrackPointExtension>
            <gpxtpx:atemp>31</gpxtpx:atemp>
            <gpxtpx:hr>159</gpxtpx:hr>
          </gpxtpx:TrackPointExtension>
        </extensions>
      </trkpt>
      <trkpt lat="25.02783422358334" lon="121.48491555824876">
        <ele>6</ele>
        <time>2024-07-19T23:03:30.000Z</time>
        <extensions>
          <gpxtpx:TrackPointExtension>
            <gpxtpx:atemp>31</gpxtpx:atemp>
            <gpxtpx:hr>159</gpxtpx:hr>
          </gpxtpx:TrackPointExtension>
        </extensions>
      </trkpt>
      <trkpt lat="25.02781310118735" lon="121.48451238870621">
        <ele>11</ele>
        <time>2024-07-19T23:03:36.000Z</time>
        <extensions>
          <gpxtpx:TrackPointExtension>
            <gpxtpx:atemp>31</gpxtpx:atemp>
            <gpxtpx:hr>157</gpxtpx:hr>
          </gpxtpx:TrackPointExtension>
        </extensions>
      </trkpt>
      <trkpt lat="25.02823144197464" lon="121.48434751667082">
        <ele>9</ele>
        <time>2024-07-19T23:03:43.000Z</time>
        <extensions>
          <gpxtpx:TrackPointExtension>
            <gpxtpx:atemp>31</gpxtpx:atemp>
            <gpxtpx:hr>157</gpxtpx:hr>
          </gpxtpx:TrackPointExtension>
        </extensions>
      </trkpt>
      <trkpt lat="25.028697811067104" lon="121.48439663462341">
        <ele>7</ele>
        <time>2024-07-19T23:03:49.000Z</time>
        <extensions>
          <gpxtpx:TrackPointExtension>
            <gpxtpx:atemp>31</gpxtpx:atemp>
            <gpxtpx:hr>160</gpxtpx:hr>
          </gpxtpx:TrackPointExtension>
        </extensions>
      </trkpt>
      <trkpt lat="25.030216109007597" lon="121.48340614512563">
        <ele>6</ele>
        <time>2024-07-19T23:04:11.000Z</time>
        <extensions>
          <gpxtpx:TrackPointExtension>
            <gpxtpx:atemp>31</gpxtpx:atemp>
            <gpxtpx:hr>160</gpxtpx:hr>
          </gpxtpx:TrackPointExtension>
        </extensions>
      </trkpt>
      <trkpt lat="25.032252240926027" lon="121.48254817351699">
        <ele>5</ele>
        <time>2024-07-19T23:04:38.000Z</time>
        <extensions>
          <gpxtpx:TrackPointExtension>
            <gpxtpx:atemp>31</gpxtpx:atemp>
            <gpxtpx:hr>161</gpxtpx:hr>
          </gpxtpx:TrackPointExtension>
        </extensions>
      </trkpt>
      <trkpt lat="25.033483626320958" lon="121.48228716105223">
        <ele>5</ele>
        <time>2024-07-19T23:04:53.000Z</time>
        <extensions>
          <gpxtpx:TrackPointExtension>
            <gpxtpx:atemp>31</gpxtpx:atemp>
            <gpxtpx:hr>161</gpxtpx:hr>
          </gpxtpx:TrackPointExtension>
        </extensions>
      </trkpt>
      <trkpt lat="25.035900799557567" lon="121.48248363286257">
        <ele>3</ele>
        <time>2024-07-19T23:05:23.000Z</time>
        <extensions>
          <gpxtpx:TrackPointExtension>
            <gpxtpx:atemp>31</gpxtpx:atemp>
            <gpxtpx:hr>156</gpxtpx:hr>
          </gpxtpx:TrackPointExtension>
        </extensions>
      </trkpt>
      <trkpt lat="25.03645844757557" lon="121.48243099451065">
        <ele>3</ele>
        <time>2024-07-19T23:05:30.000Z</time>
        <extensions>
          <gpxtpx:TrackPointExtension>
            <gpxtpx:atemp>31</gpxtpx:atemp>
            <gpxtpx:hr>155</gpxtpx:hr>
          </gpxtpx:TrackPointExtension>
        </extensions>
      </trkpt>
      <trkpt lat="25.037071416154504" lon="121.48254876025021">
        <ele>2</ele>
        <time>2024-07-19T23:05:38.000Z</time>
        <extensions>
          <gpxtpx:TrackPointExtension>
            <gpxtpx:atemp>31</gpxtpx:atemp>
            <gpxtpx:hr>155</gpxtpx:hr>
          </gpxtpx:TrackPointExtension>
        </extensions>
      </trkpt>
      <trkpt lat="25.037443237379193" lon="121.48254314437509">
        <ele>2</ele>
        <time>2024-07-19T23:05:43.000Z</time>
        <extensions>
          <gpxtpx:TrackPointExtension>
            <gpxtpx:atemp>31</gpxtpx:atemp>
            <gpxtpx:hr>155</gpxtpx:hr>
          </gpxtpx:TrackPointExtension>
        </extensions>
      </trkpt>
      <trkpt lat="25.03771238029003" lon="121.48244046606123">
        <ele>2</ele>
        <time>2024-07-19T23:05:47.000Z</time>
        <extensions>
          <gpxtpx:TrackPointExtension>
            <gpxtpx:atemp>31</gpxtpx:atemp>
            <gpxtpx:hr>155</gpxtpx:hr>
          </gpxtpx:TrackPointExtension>
        </extensions>
      </trkpt>
      <trkpt lat="25.03814329393208" lon="121.48208054713905">
        <ele>1</ele>
        <time>2024-07-19T23:05:54.000Z</time>
        <extensions>
          <gpxtpx:TrackPointExtension>
            <gpxtpx:atemp>31</gpxtpx:atemp>
            <gpxtpx:hr>157</gpxtpx:hr>
          </gpxtpx:TrackPointExtension>
        </extensions>
      </trkpt>
      <trkpt lat="25.038210349157453" lon="121.48072955198586">
        <ele>2</ele>
        <time>2024-07-19T23:06:11.000Z</time>
        <extensions>
          <gpxtpx:TrackPointExtension>
            <gpxtpx:atemp>31</gpxtpx:atemp>
            <gpxtpx:hr>152</gpxtpx:hr>
          </gpxtpx:TrackPointExtension>
        </extensions>
      </trkpt>
      <trkpt lat="25.038114208728075" lon="121.48042478598654">
        <ele>2</ele>
        <time>2024-07-19T23:06:15.000Z</time>
        <extensions>
          <gpxtpx:TrackPointExtension>
            <gpxtpx:atemp>31</gpxtpx:atemp>
            <gpxtpx:hr>153</gpxtpx:hr>
          </gpxtpx:TrackPointExtension>
        </extensions>
      </trkpt>
      <trkpt lat="25.037805922329426" lon="121.48016033694148">
        <ele>1</ele>
        <time>2024-07-19T23:06:21.000Z</time>
        <extensions>
          <gpxtpx:TrackPointExtension>
            <gpxtpx:atemp>31</gpxtpx:atemp>
            <gpxtpx:hr>150</gpxtpx:hr>
          </gpxtpx:TrackPointExtension>
        </extensions>
      </trkpt>
      <trkpt lat="25.037892758846283" lon="121.47883507423103">
        <ele>3</ele>
        <time>2024-07-19T23:06:37.000Z</time>
        <extensions>
          <gpxtpx:TrackPointExtension>
            <gpxtpx:atemp>31</gpxtpx:atemp>
            <gpxtpx:hr>152</gpxtpx:hr>
          </gpxtpx:TrackPointExtension>
        </extensions>
      </trkpt>
      <trkpt lat="25.03786032088101" lon="121.47763168439269">
        <ele>1</ele>
        <time>2024-07-19T23:06:53.000Z</time>
        <extensions>
          <gpxtpx:TrackPointExtension>
            <gpxtpx:atemp>31</gpxtpx:atemp>
            <gpxtpx:hr>148</gpxtpx:hr>
          </gpxtpx:TrackPointExtension>
        </extensions>
      </trkpt>
      <trkpt lat="25.037633003666997" lon="121.47615420632064">
        <ele>5</ele>
        <time>2024-07-19T23:07:20.000Z</time>
        <extensions>
          <gpxtpx:TrackPointExtension>
            <gpxtpx:atemp>31</gpxtpx:atemp>
            <gpxtpx:hr>134</gpxtpx:hr>
          </gpxtpx:TrackPointExtension>
        </extensions>
      </trkpt>
      <trkpt lat="25.037794606760144" lon="121.47716548293829">
        <ele>2</ele>
        <time>2024-07-19T23:07:55.000Z</time>
        <extensions>
          <gpxtpx:TrackPointExtension>
            <gpxtpx:atemp>31</gpxtpx:atemp>
            <gpxtpx:hr>145</gpxtpx:hr>
          </gpxtpx:TrackPointExtension>
        </extensions>
      </trkpt>
      <trkpt lat="25.03790491260588" lon="121.47875284776092">
        <ele>4</ele>
        <time>2024-07-19T23:08:18.000Z</time>
        <extensions>
          <gpxtpx:TrackPointExtension>
            <gpxtpx:atemp>32</gpxtpx:atemp>
            <gpxtpx:hr>148</gpxtpx:hr>
          </gpxtpx:TrackPointExtension>
        </extensions>
      </trkpt>
      <trkpt lat="25.0376985501498" lon="121.47971844300628">
        <ele>2</ele>
        <time>2024-07-19T23:08:30.000Z</time>
        <extensions>
          <gpxtpx:TrackPointExtension>
            <gpxtpx:atemp>32</gpxtpx:atemp>
            <gpxtpx:hr>151</gpxtpx:hr>
          </gpxtpx:TrackPointExtension>
        </extensions>
      </trkpt>
      <trkpt lat="25.03774842247367" lon="121.480159079656">
        <ele>1</ele>
        <time>2024-07-19T23:08:36.000Z</time>
        <extensions>
          <gpxtpx:TrackPointExtension>
            <gpxtpx:atemp>32</gpxtpx:atemp>
            <gpxtpx:hr>152</gpxtpx:hr>
          </gpxtpx:TrackPointExtension>
        </extensions>
      </trkpt>
      <trkpt lat="25.037568043917418" lon="121.4808480720967">
        <ele>2</ele>
        <time>2024-07-19T23:08:53.000Z</time>
        <extensions>
          <gpxtpx:TrackPointExtension>
            <gpxtpx:atemp>32</gpxtpx:atemp>
            <gpxtpx:hr>138</gpxtpx:hr>
          </gpxtpx:TrackPointExtension>
        </extensions>
      </trkpt>
      <trkpt lat="25.03764783963561" lon="121.48096290417016">
        <ele>3</ele>
        <time>2024-07-19T23:08:56.000Z</time>
        <extensions>
          <gpxtpx:TrackPointExtension>
            <gpxtpx:atemp>32</gpxtpx:atemp>
            <gpxtpx:hr>139</gpxtpx:hr>
          </gpxtpx:TrackPointExtension>
        </extensions>
      </trkpt>
      <trkpt lat="25.037910360842943" lon="121.48108134046197">
        <ele>3</ele>
        <time>2024-07-19T23:09:03.000Z</time>
        <extensions>
          <gpxtpx:TrackPointExtension>
            <gpxtpx:atemp>32</gpxtpx:atemp>
            <gpxtpx:hr>142</gpxtpx:hr>
          </gpxtpx:TrackPointExtension>
        </extensions>
      </trkpt>
      <trkpt lat="25.037969034165144" lon="121.48095946758986">
        <ele>3</ele>
        <time>2024-07-19T23:09:11.000Z</time>
        <extensions>
          <gpxtpx:TrackPointExtension>
            <gpxtpx:atemp>32</gpxtpx:atemp>
            <gpxtpx:hr>144</gpxtpx:hr>
          </gpxtpx:TrackPointExtension>
        </extensions>
      </trkpt>
      <trkpt lat="25.037908013910055" lon="121.48104747757316">
        <ele>3</ele>
        <time>2024-07-19T23:09:19.000Z</time>
        <extensions>
          <gpxtpx:TrackPointExtension>
            <gpxtpx:atemp>32</gpxtpx:atemp>
            <gpxtpx:hr>151</gpxtpx:hr>
          </gpxtpx:TrackPointExtension>
        </extensions>
      </trkpt>
      <trkpt lat="25.038264077156782" lon="121.48093993775547">
        <ele>2</ele>
        <time>2024-07-19T23:09:36.000Z</time>
        <extensions>
          <gpxtpx:TrackPointExtension>
            <gpxtpx:atemp>32</gpxtpx:atemp>
            <gpxtpx:hr>155</gpxtpx:hr>
          </gpxtpx:TrackPointExtension>
        </extensions>
      </trkpt>
      <trkpt lat="25.038285870105028" lon="121.48101495578885">
        <ele>2</ele>
        <time>2024-07-19T23:10:15.000Z</time>
        <extensions>
          <gpxtpx:TrackPointExtension>
            <gpxtpx:atemp>32</gpxtpx:atemp>
            <gpxtpx:hr>147</gpxtpx:hr>
          </gpxtpx:TrackPointExtension>
        </extensions>
      </trkpt>
      <trkpt lat="25.03846130333841" lon="121.48087883368134">
        <ele>2</ele>
        <time>2024-07-19T23:10:24.000Z</time>
        <extensions>
          <gpxtpx:TrackPointExtension>
            <gpxtpx:atemp>32</gpxtpx:atemp>
            <gpxtpx:hr>146</gpxtpx:hr>
          </gpxtpx:TrackPointExtension>
        </extensions>
      </trkpt>
      <trkpt lat="25.038570184260607" lon="121.48096030578017">
        <ele>2</ele>
        <time>2024-07-19T23:10:28.000Z</time>
        <extensions>
          <gpxtpx:TrackPointExtension>
            <gpxtpx:atemp>32</gpxtpx:atemp>
            <gpxtpx:hr>146</gpxtpx:hr>
          </gpxtpx:TrackPointExtension>
        </extensions>
      </trkpt>
      <trkpt lat="25.038786605000496" lon="121.48094588890672">
        <ele>1</ele>
        <time>2024-07-19T23:10:37.000Z</time>
        <extensions>
          <gpxtpx:TrackPointExtension>
            <gpxtpx:atemp>32</gpxtpx:atemp>
            <gpxtpx:hr>147</gpxtpx:hr>
          </gpxtpx:TrackPointExtension>
        </extensions>
      </trkpt>
      <trkpt lat="25.039269821718335" lon="121.48072980344296">
        <ele>1</ele>
        <time>2024-07-19T23:10:52.000Z</time>
        <extensions>
          <gpxtpx:TrackPointExtension>
            <gpxtpx:atemp>32</gpxtpx:atemp>
            <gpxtpx:hr>148</gpxtpx:hr>
          </gpxtpx:TrackPointExtension>
        </extensions>
      </trkpt>
      <trkpt lat="25.039695287123322" lon="121.48075754754245">
        <ele>1</ele>
        <time>2024-07-19T23:11:13.000Z</time>
        <extensions>
          <gpxtpx:TrackPointExtension>
            <gpxtpx:atemp>32</gpxtpx:atemp>
            <gpxtpx:hr>152</gpxtpx:hr>
          </gpxtpx:TrackPointExtension>
        </extensions>
      </trkpt>
      <trkpt lat="25.04071486182511" lon="121.48023619316518">
        <ele>1</ele>
        <time>2024-07-19T23:11:42.000Z</time>
        <extensions>
          <gpxtpx:TrackPointExtension>
            <gpxtpx:atemp>32</gpxtpx:atemp>
            <gpxtpx:hr>143</gpxtpx:hr>
          </gpxtpx:TrackPointExtension>
        </extensions>
      </trkpt>
      <trkpt lat="25.040773870423436" lon="121.48044968023896">
        <ele>1</ele>
        <time>2024-07-19T23:12:00.000Z</time>
        <extensions>
          <gpxtpx:TrackPointExtension>
            <gpxtpx:atemp>32</gpxtpx:atemp>
            <gpxtpx:hr>138</gpxtpx:hr>
          </gpxtpx:TrackPointExtension>
        </extensions>
      </trkpt>
      <trkpt lat="25.041153822094202" lon="121.4803853072226">
        <ele>1</ele>
        <time>2024-07-19T23:12:34.000Z</time>
        <extensions>
          <gpxtpx:TrackPointExtension>
            <gpxtpx:atemp>32</gpxtpx:atemp>
            <gpxtpx:hr>145</gpxtpx:hr>
          </gpxtpx:TrackPointExtension>
        </extensions>
      </trkpt>
      <trkpt lat="25.041705267503858" lon="121.47998590953648">
        <ele>1</ele>
        <time>2024-07-19T23:12:50.000Z</time>
        <extensions>
          <gpxtpx:TrackPointExtension>
            <gpxtpx:atemp>32</gpxtpx:atemp>
            <gpxtpx:hr>157</gpxtpx:hr>
          </gpxtpx:TrackPointExtension>
        </extensions>
      </trkpt>
      <trkpt lat="25.044504404067993" lon="121.47861412726343">
        <ele>2</ele>
        <time>2024-07-19T23:13:41.079Z</time>
        <extensions>
          <gpxtpx:TrackPointExtension>
            <gpxtpx:atemp>32</gpxtpx:atemp>
            <gpxtpx:hr>140</gpxtpx:hr>
          </gpxtpx:TrackPointExtension>
        </extensions>
      </trkpt>
      <trkpt lat="25.045095" lon="121.478007">
        <ele>10</ele>
        <time>2024-07-19T23:14:00.332Z</time>
      </trkpt>
      <trkpt lat="25.044867" lon="121.477555">
        <ele>7</ele>
        <time>2024-07-19T23:14:11.897Z</time>
      </trkpt>
      <trkpt lat="25.04507" lon="121.477738">
        <ele>7</ele>
        <time>2024-07-19T23:14:18.158Z</time>
      </trkpt>
      <trkpt lat="25.045243" lon="121.478226">
        <ele>5</ele>
        <time>2024-07-19T23:14:29.659Z</time>
      </trkpt>
      <trkpt lat="25.04554" lon="121.478491">
        <ele>2</ele>
        <time>2024-07-19T23:14:38.813Z</time>
      </trkpt>
      <trkpt lat="25.045839" lon="121.479161">
        <ele>2</ele>
        <time>2024-07-19T23:14:55.247Z</time>
      </trkpt>
      <trkpt lat="25.046204" lon="121.479343">
        <ele>3</ele>
        <time>2024-07-19T23:15:04.811Z</time>
      </trkpt>
      <trkpt lat="25.04651" lon="121.479751">
        <ele>5</ele>
        <time>2024-07-19T23:15:16.369Z</time>
      </trkpt>
      <trkpt lat="25.046804" lon="121.479935">
        <ele>4</ele>
        <time>2024-07-19T23:15:24.482Z</time>
      </trkpt>
      <trkpt lat="25.047485" lon="121.479895">
        <ele>4</ele>
        <time>2024-07-19T23:15:40.803Z</time>
      </trkpt>
      <trkpt lat="25.047603" lon="121.480235">
        <ele>3</ele>
        <time>2024-07-19T23:15:48.814Z</time>
      </trkpt>
      <trkpt lat="25.047794" lon="121.48142">
        <ele>2</ele>
        <time>2024-07-19T23:16:15.388Z</time>
      </trkpt>
      <trkpt lat="25.047681" lon="121.482163">
        <ele>5</ele>
        <time>2024-07-19T23:16:31.784Z</time>
      </trkpt>
      <trkpt lat="25.047987" lon="121.482717">
        <ele>3</ele>
        <time>2024-07-19T23:16:46.026Z</time>
      </trkpt>
      <trkpt lat="25.048027" lon="121.482939">
        <ele>2</ele>
        <time>2024-07-19T23:16:50.921Z</time>
      </trkpt>
      <trkpt lat="25.047985" lon="121.483465">
        <ele>1</ele>
        <time>2024-07-19T23:17:06.432Z</time>
      </trkpt>
      <trkpt lat="25.048017" lon="121.482861">
        <ele>3</ele>
        <time>2024-07-19T23:17:25.274Z</time>
      </trkpt>
      <trkpt lat="25.047704" lon="121.482265">
        <ele>5</ele>
        <time>2024-07-19T23:17:47.054Z</time>
      </trkpt>
      <trkpt lat="25.047713" lon="121.481816">
        <ele>3</ele>
        <time>2024-07-19T23:18:01.227Z</time>
      </trkpt>
      <trkpt lat="25.047704" lon="121.482265">
        <ele>5</ele>
        <time>2024-07-19T23:18:15.400Z</time>
      </trkpt>
      <trkpt lat="25.047987" lon="121.482717">
        <ele>3</ele>
        <time>2024-07-19T23:18:32.594Z</time>
      </trkpt>
      <trkpt lat="25.048027" lon="121.482939">
        <ele>2</ele>
        <time>2024-07-19T23:18:39.625Z</time>
      </trkpt>
      <trkpt lat="25.047945" lon="121.483889">
        <ele>0</ele>
        <time>2024-07-19T23:19:09.254Z</time>
      </trkpt>
      <trkpt lat="25.048278" lon="121.484203">
        <ele>2</ele>
        <time>2024-07-19T23:19:24.486Z</time>
      </trkpt>
      <trkpt lat="25.047756" lon="121.485006">
        <ele>2</ele>
        <time>2024-07-19T23:19:55.216Z</time>
      </trkpt>
      <trkpt lat="25.047726" lon="121.485452">
        <ele>4</ele>
        <time>2024-07-19T23:20:09.275Z</time>
      </trkpt>
      <trkpt lat="25.047756" lon="121.485006">
        <ele>2</ele>
        <time>2024-07-19T23:21:05.026Z</time>
      </trkpt>
      <trkpt lat="25.048045" lon="121.484541">
        <ele>3</ele>
        <time>2024-07-19T23:22:14.525Z</time>
      </trkpt>
      <trkpt lat="25.047726" lon="121.485094">
        <ele>3</ele>
        <time>2024-07-19T23:33:37.759Z</time>
      </trkpt>
      <trkpt lat="25.047644" lon="121.485861">
        <ele>4</ele>
        <time>2024-07-19T23:34:06.643Z</time>
      </trkpt>
      <trkpt lat="25.047132" lon="121.486595">
        <ele>1</ele>
        <time>2024-07-19T23:34:41.127Z</time>
      </trkpt>
      <trkpt lat="25.046853" lon="121.487511">
        <ele>1</ele>
        <time>2024-07-19T23:35:17.017Z</time>
      </trkpt>
      <trkpt lat="25.046777576208115" lon="121.48750313557684">
        <ele>0</ele>
        <time>2024-07-19T23:35:20.113Z</time>
        <extensions>
          <gpxtpx:TrackPointExtension>
            <gpxtpx:atemp>34</gpxtpx:atemp>
            <gpxtpx:hr>126</gpxtpx:hr>
          </gpxtpx:TrackPointExtension>
        </extensions>
      </trkpt>
      <trkpt lat="25.046865167096257" lon="121.48807218298316">
        <ele>5</ele>
        <time>2024-07-19T23:45:07.159Z</time>
        <extensions>
          <gpxtpx:TrackPointExtension>
            <gpxtpx:atemp>34</gpxtpx:atemp>
            <gpxtpx:hr>125</gpxtpx:hr>
          </gpxtpx:TrackPointExtension>
        </extensions>
      </trkpt>
      <trkpt lat="25.047207735478878" lon="121.48880769498646">
        <ele>8</ele>
        <time>2024-07-19T23:45:23.159Z</time>
        <extensions>
          <gpxtpx:TrackPointExtension>
            <gpxtpx:atemp>34</gpxtpx:atemp>
            <gpxtpx:hr>124</gpxtpx:hr>
          </gpxtpx:TrackPointExtension>
        </extensions>
      </trkpt>
      <trkpt lat="25.04822622053325" lon="121.49013312533498">
        <ele>5</ele>
        <time>2024-07-19T23:45:52.159Z</time>
        <extensions>
          <gpxtpx:TrackPointExtension>
            <gpxtpx:atemp>34</gpxtpx:atemp>
            <gpxtpx:hr>130</gpxtpx:hr>
          </gpxtpx:TrackPointExtension>
        </extensions>
      </trkpt>
      <trkpt lat="25.050059845671058" lon="121.49221275933087">
        <ele>9</ele>
        <time>2024-07-19T23:46:31.159Z</time>
        <extensions>
          <gpxtpx:TrackPointExtension>
            <gpxtpx:atemp>34</gpxtpx:atemp>
            <gpxtpx:hr>141</gpxtpx:hr>
          </gpxtpx:TrackPointExtension>
        </extensions>
      </trkpt>
      <trkpt lat="25.05349558778107" lon="121.49638971313834">
        <ele>10</ele>
        <time>2024-07-19T23:47:39.159Z</time>
        <extensions>
          <gpxtpx:TrackPointExtension>
            <gpxtpx:atemp>34</gpxtpx:atemp>
            <gpxtpx:hr>148</gpxtpx:hr>
          </gpxtpx:TrackPointExtension>
        </extensions>
      </trkpt>
      <trkpt lat="25.053591476753354" lon="121.49685909971595">
        <ele>9</ele>
        <time>2024-07-19T23:47:45.159Z</time>
        <extensions>
          <gpxtpx:TrackPointExtension>
            <gpxtpx:atemp>34</gpxtpx:atemp>
            <gpxtpx:hr>148</gpxtpx:hr>
          </gpxtpx:TrackPointExtension>
        </extensions>
      </trkpt>
      <trkpt lat="25.054029347375035" lon="121.49743502028286">
        <ele>4</ele>
        <time>2024-07-19T23:47:54.159Z</time>
        <extensions>
          <gpxtpx:TrackPointExtension>
            <gpxtpx:atemp>34</gpxtpx:atemp>
            <gpxtpx:hr>148</gpxtpx:hr>
          </gpxtpx:TrackPointExtension>
        </extensions>
      </trkpt>
      <trkpt lat="25.054689589887857" lon="121.49811923503876">
        <ele>4</ele>
        <time>2024-07-19T23:48:06.159Z</time>
        <extensions>
          <gpxtpx:TrackPointExtension>
            <gpxtpx:atemp>33</gpxtpx:atemp>
            <gpxtpx:hr>149</gpxtpx:hr>
          </gpxtpx:TrackPointExtension>
        </extensions>
      </trkpt>
      <trkpt lat="25.056208474561572" lon="121.49994674138725">
        <ele>3</ele>
        <time>2024-07-19T23:48:36.159Z</time>
        <extensions>
          <gpxtpx:TrackPointExtension>
            <gpxtpx:atemp>33</gpxtpx:atemp>
            <gpxtpx:hr>151</gpxtpx:hr>
          </gpxtpx:TrackPointExtension>
        </extensions>
      </trkpt>
      <trkpt lat="25.05707231350243" lon="121.50067638605833">
        <ele>2</ele>
        <time>2024-07-19T23:48:52.159Z</time>
        <extensions>
          <gpxtpx:TrackPointExtension>
            <gpxtpx:atemp>33</gpxtpx:atemp>
            <gpxtpx:hr>148</gpxtpx:hr>
          </gpxtpx:TrackPointExtension>
        </extensions>
      </trkpt>
      <trkpt lat="25.058158272877336" lon="121.50186074897647">
        <ele>4</ele>
        <time>2024-07-19T23:49:13.159Z</time>
        <extensions>
          <gpxtpx:TrackPointExtension>
            <gpxtpx:atemp>33</gpxtpx:atemp>
            <gpxtpx:hr>146</gpxtpx:hr>
          </gpxtpx:TrackPointExtension>
        </extensions>
      </trkpt>
      <trkpt lat="25.059287399053574" lon="121.50255653075874">
        <ele>7</ele>
        <time>2024-07-19T23:49:30.159Z</time>
        <extensions>
          <gpxtpx:TrackPointExtension>
            <gpxtpx:atemp>33</gpxtpx:atemp>
            <gpxtpx:hr>149</gpxtpx:hr>
          </gpxtpx:TrackPointExtension>
        </extensions>
      </trkpt>
      <trkpt lat="25.062836715951562" lon="121.50430407375097">
        <ele>14</ele>
        <time>2024-07-19T23:50:19.159Z</time>
        <extensions>
          <gpxtpx:TrackPointExtension>
            <gpxtpx:atemp>33</gpxtpx:atemp>
            <gpxtpx:hr>152</gpxtpx:hr>
          </gpxtpx:TrackPointExtension>
        </extensions>
      </trkpt>
      <trkpt lat="25.06466656923294" lon="121.50484177283943">
        <ele>1</ele>
        <time>2024-07-19T23:50:43.159Z</time>
        <extensions>
          <gpxtpx:TrackPointExtension>
            <gpxtpx:atemp>33</gpxtpx:atemp>
            <gpxtpx:hr>152</gpxtpx:hr>
          </gpxtpx:TrackPointExtension>
        </extensions>
      </trkpt>
      <trkpt lat="25.06638703867793" lon="121.50498216971755">
        <ele>15</ele>
        <time>2024-07-19T23:51:07.159Z</time>
        <extensions>
          <gpxtpx:TrackPointExtension>
            <gpxtpx:atemp>33</gpxtpx:atemp>
            <gpxtpx:hr>152</gpxtpx:hr>
          </gpxtpx:TrackPointExtension>
        </extensions>
      </trkpt>
      <trkpt lat="25.067904330790043" lon="121.50502097792923">
        <ele>3</ele>
        <time>2024-07-19T23:51:29.159Z</time>
        <extensions>
          <gpxtpx:TrackPointExtension>
            <gpxtpx:atemp>33</gpxtpx:atemp>
            <gpxtpx:hr>153</gpxtpx:hr>
          </gpxtpx:TrackPointExtension>
        </extensions>
      </trkpt>
      <trkpt lat="25.06875836290419" lon="121.5049360692501">
        <ele>3</ele>
        <time>2024-07-19T23:51:40.159Z</time>
        <extensions>
          <gpxtpx:TrackPointExtension>
            <gpxtpx:atemp>33</gpxtpx:atemp>
            <gpxtpx:hr>154</gpxtpx:hr>
          </gpxtpx:TrackPointExtension>
        </extensions>
      </trkpt>
      <trkpt lat="25.069249123334885" lon="121.50508283637464">
        <ele>4</ele>
        <time>2024-07-19T23:51:47.159Z</time>
        <extensions>
          <gpxtpx:TrackPointExtension>
            <gpxtpx:atemp>33</gpxtpx:atemp>
            <gpxtpx:hr>152</gpxtpx:hr>
          </gpxtpx:TrackPointExtension>
        </extensions>
      </trkpt>
      <trkpt lat="25.069540729746222" lon="121.50482752360404">
        <ele>6</ele>
        <time>2024-07-19T23:51:52.159Z</time>
        <extensions>
          <gpxtpx:TrackPointExtension>
            <gpxtpx:atemp>33</gpxtpx:atemp>
            <gpxtpx:hr>150</gpxtpx:hr>
          </gpxtpx:TrackPointExtension>
        </extensions>
      </trkpt>
      <trkpt lat="25.070583019405603" lon="121.50458411313593">
        <ele>5</ele>
        <time>2024-07-19T23:52:06.159Z</time>
        <extensions>
          <gpxtpx:TrackPointExtension>
            <gpxtpx:atemp>33</gpxtpx:atemp>
            <gpxtpx:hr>148</gpxtpx:hr>
          </gpxtpx:TrackPointExtension>
        </extensions>
      </trkpt>
      <trkpt lat="25.073414258658886" lon="121.50370719842613">
        <ele>2</ele>
        <time>2024-07-19T23:52:43.159Z</time>
        <extensions>
          <gpxtpx:TrackPointExtension>
            <gpxtpx:atemp>33</gpxtpx:atemp>
            <gpxtpx:hr>152</gpxtpx:hr>
          </gpxtpx:TrackPointExtension>
        </extensions>
      </trkpt>
      <trkpt lat="25.07403544150293" lon="121.50361449457705">
        <ele>1</ele>
        <time>2024-07-19T23:52:51.159Z</time>
        <extensions>
          <gpxtpx:TrackPointExtension>
            <gpxtpx:atemp>33</gpxtpx:atemp>
            <gpxtpx:hr>152</gpxtpx:hr>
          </gpxtpx:TrackPointExtension>
        </extensions>
      </trkpt>
      <trkpt lat="25.076082637533545" lon="121.50294788181782">
        <ele>11</ele>
        <time>2024-07-19T23:53:41.159Z</time>
        <extensions>
          <gpxtpx:TrackPointExtension>
            <gpxtpx:atemp>33</gpxtpx:atemp>
            <gpxtpx:hr>142</gpxtpx:hr>
          </gpxtpx:TrackPointExtension>
        </extensions>
      </trkpt>
      <trkpt lat="25.07650701329112" lon="121.50305718183517">
        <ele>13</ele>
        <time>2024-07-19T23:53:50.159Z</time>
        <extensions>
          <gpxtpx:TrackPointExtension>
            <gpxtpx:atemp>33</gpxtpx:atemp>
            <gpxtpx:hr>139</gpxtpx:hr>
          </gpxtpx:TrackPointExtension>
        </extensions>
      </trkpt>
      <trkpt lat="25.076982770115137" lon="121.50340922176838">
        <ele>5</ele>
        <time>2024-07-19T23:54:18.159Z</time>
        <extensions>
          <gpxtpx:TrackPointExtension>
            <gpxtpx:atemp>33</gpxtpx:atemp>
            <gpxtpx:hr>141</gpxtpx:hr>
          </gpxtpx:TrackPointExtension>
        </extensions>
      </trkpt>
      <trkpt lat="25.077791120857" lon="121.50328625924885">
        <ele>4</ele>
        <time>2024-07-19T23:54:32.159Z</time>
        <extensions>
          <gpxtpx:TrackPointExtension>
            <gpxtpx:atemp>33</gpxtpx:atemp>
            <gpxtpx:hr>137</gpxtpx:hr>
          </gpxtpx:TrackPointExtension>
        </extensions>
      </trkpt>
      <trkpt lat="25.078465109691024" lon="121.50296347215772">
        <ele>6</ele>
        <time>2024-07-19T23:54:42.159Z</time>
        <extensions>
          <gpxtpx:TrackPointExtension>
            <gpxtpx:atemp>33</gpxtpx:atemp>
            <gpxtpx:hr>139</gpxtpx:hr>
          </gpxtpx:TrackPointExtension>
        </extensions>
      </trkpt>
      <trkpt lat="25.079609490931034" lon="121.50265417993069">
        <ele>4</ele>
        <time>2024-07-19T23:54:58.159Z</time>
        <extensions>
          <gpxtpx:TrackPointExtension>
            <gpxtpx:atemp>33</gpxtpx:atemp>
            <gpxtpx:hr>144</gpxtpx:hr>
          </gpxtpx:TrackPointExtension>
        </extensions>
      </trkpt>
      <trkpt lat="25.079712253063917" lon="121.50254840031266">
        <ele>8</ele>
        <time>2024-07-19T23:55:00.159Z</time>
        <extensions>
          <gpxtpx:TrackPointExtension>
            <gpxtpx:atemp>33</gpxtpx:atemp>
            <gpxtpx:hr>145</gpxtpx:hr>
          </gpxtpx:TrackPointExtension>
        </extensions>
      </trkpt>
      <trkpt lat="25.079729771241546" lon="121.50240230374038">
        <ele>9</ele>
        <time>2024-07-19T23:55:02.159Z</time>
        <extensions>
          <gpxtpx:TrackPointExtension>
            <gpxtpx:atemp>33</gpxtpx:atemp>
            <gpxtpx:hr>145</gpxtpx:hr>
          </gpxtpx:TrackPointExtension>
        </extensions>
      </trkpt>
      <trkpt lat="25.0795472972095" lon="121.5020423848182">
        <ele>8</ele>
        <time>2024-07-19T23:55:07.159Z</time>
        <extensions>
          <gpxtpx:TrackPointExtension>
            <gpxtpx:atemp>33</gpxtpx:atemp>
            <gpxtpx:hr>145</gpxtpx:hr>
          </gpxtpx:TrackPointExtension>
        </extensions>
      </trkpt>
      <trkpt lat="25.079570095986128" lon="121.50191908702254">
        <ele>8</ele>
        <time>2024-07-19T23:55:09.159Z</time>
        <extensions>
          <gpxtpx:TrackPointExtension>
            <gpxtpx:atemp>33</gpxtpx:atemp>
            <gpxtpx:hr>145</gpxtpx:hr>
          </gpxtpx:TrackPointExtension>
        </extensions>
      </trkpt>
      <trkpt lat="25.080182058736682" lon="121.5016206074506">
        <ele>6</ele>
        <time>2024-07-19T23:55:20.159Z</time>
        <extensions>
          <gpxtpx:TrackPointExtension>
            <gpxtpx:atemp>33</gpxtpx:atemp>
            <gpxtpx:hr>149</gpxtpx:hr>
          </gpxtpx:TrackPointExtension>
        </extensions>
      </trkpt>
      <trkpt lat="25.080275600776076" lon="121.50150703266263">
        <ele>5</ele>
        <time>2024-07-19T23:55:22.159Z</time>
        <extensions>
          <gpxtpx:TrackPointExtension>
            <gpxtpx:atemp>33</gpxtpx:atemp>
            <gpxtpx:hr>149</gpxtpx:hr>
          </gpxtpx:TrackPointExtension>
        </extensions>
      </trkpt>
      <trkpt lat="25.080276019871235" lon="121.50103605352342">
        <ele>2</ele>
        <time>2024-07-19T23:55:28.159Z</time>
        <extensions>
          <gpxtpx:TrackPointExtension>
            <gpxtpx:atemp>33</gpxtpx:atemp>
            <gpxtpx:hr>146</gpxtpx:hr>
          </gpxtpx:TrackPointExtension>
        </extensions>
      </trkpt>
      <trkpt lat="25.08037350140512" lon="121.50091594085097">
        <ele>1</ele>
        <time>2024-07-19T23:55:30.159Z</time>
        <extensions>
          <gpxtpx:TrackPointExtension>
            <gpxtpx:atemp>33</gpxtpx:atemp>
            <gpxtpx:hr>145</gpxtpx:hr>
          </gpxtpx:TrackPointExtension>
        </extensions>
      </trkpt>
      <trkpt lat="25.084499577060342" lon="121.49850212037563">
        <ele>7</ele>
        <time>2024-07-19T23:56:29.159Z</time>
        <extensions>
          <gpxtpx:TrackPointExtension>
            <gpxtpx:atemp>33</gpxtpx:atemp>
            <gpxtpx:hr>153</gpxtpx:hr>
          </gpxtpx:TrackPointExtension>
        </extensions>
      </trkpt>
      <trkpt lat="25.084908865392208" lon="121.49796810932457">
        <ele>5</ele>
        <time>2024-07-19T23:56:38.159Z</time>
        <extensions>
          <gpxtpx:TrackPointExtension>
            <gpxtpx:atemp>33</gpxtpx:atemp>
            <gpxtpx:hr>153</gpxtpx:hr>
          </gpxtpx:TrackPointExtension>
        </extensions>
      </trkpt>
      <trkpt lat="25.085810758173466" lon="121.49720317684114">
        <ele>8</ele>
        <time>2024-07-19T23:56:53.159Z</time>
        <extensions>
          <gpxtpx:TrackPointExtension>
            <gpxtpx:atemp>33</gpxtpx:atemp>
            <gpxtpx:hr>154</gpxtpx:hr>
          </gpxtpx:TrackPointExtension>
        </extensions>
      </trkpt>
      <trkpt lat="25.08666068315506" lon="121.49662977084517">
        <ele>4</ele>
        <time>2024-07-19T23:57:06.159Z</time>
        <extensions>
          <gpxtpx:TrackPointExtension>
            <gpxtpx:atemp>33</gpxtpx:atemp>
            <gpxtpx:hr>153</gpxtpx:hr>
          </gpxtpx:TrackPointExtension>
        </extensions>
      </trkpt>
      <trkpt lat="25.087987454608083" lon="121.49539913982153">
        <ele>3</ele>
        <time>2024-07-19T23:57:28.159Z</time>
        <extensions>
          <gpxtpx:TrackPointExtension>
            <gpxtpx:atemp>33</gpxtpx:atemp>
            <gpxtpx:hr>155</gpxtpx:hr>
          </gpxtpx:TrackPointExtension>
        </extensions>
      </trkpt>
      <trkpt lat="25.08811284787953" lon="121.49533267132938">
        <ele>4</ele>
        <time>2024-07-19T23:57:30.159Z</time>
        <extensions>
          <gpxtpx:TrackPointExtension>
            <gpxtpx:atemp>33</gpxtpx:atemp>
            <gpxtpx:hr>155</gpxtpx:hr>
          </gpxtpx:TrackPointExtension>
        </extensions>
      </trkpt>
      <trkpt lat="25.088392719626427" lon="121.49552243761718">
        <ele>8</ele>
        <time>2024-07-19T23:57:35.159Z</time>
        <extensions>
          <gpxtpx:TrackPointExtension>
            <gpxtpx:atemp>33</gpxtpx:atemp>
            <gpxtpx:hr>155</gpxtpx:hr>
          </gpxtpx:TrackPointExtension>
        </extensions>
      </trkpt>
      <trkpt lat="25.088619785383344" lon="121.49543283507228">
        <ele>11</ele>
        <time>2024-07-19T23:57:39.159Z</time>
        <extensions>
          <gpxtpx:TrackPointExtension>
            <gpxtpx:atemp>33</gpxtpx:atemp>
            <gpxtpx:hr>155</gpxtpx:hr>
          </gpxtpx:TrackPointExtension>
        </extensions>
      </trkpt>
      <trkpt lat="25.088632190600038" lon="121.4952386263758">
        <ele>10</ele>
        <time>2024-07-19T23:57:42.159Z</time>
        <extensions>
          <gpxtpx:TrackPointExtension>
            <gpxtpx:atemp>33</gpxtpx:atemp>
            <gpxtpx:hr>153</gpxtpx:hr>
          </gpxtpx:TrackPointExtension>
        </extensions>
      </trkpt>
      <trkpt lat="25.088479723781347" lon="121.49503067135811">
        <ele>9</ele>
        <time>2024-07-19T23:57:46.159Z</time>
        <extensions>
          <gpxtpx:TrackPointExtension>
            <gpxtpx:atemp>33</gpxtpx:atemp>
            <gpxtpx:hr>153</gpxtpx:hr>
          </gpxtpx:TrackPointExtension>
        </extensions>
      </trkpt>
      <trkpt lat="25.0885218847543" lon="121.4948498737067">
        <ele>9</ele>
        <time>2024-07-19T23:57:49.159Z</time>
        <extensions>
          <gpxtpx:TrackPointExtension>
            <gpxtpx:atemp>33</gpxtpx:atemp>
            <gpxtpx:hr>152</gpxtpx:hr>
          </gpxtpx:TrackPointExtension>
        </extensions>
      </trkpt>
      <trkpt lat="25.08975855074823" lon="121.49344087578356">
        <ele>3</ele>
        <time>2024-07-19T23:58:15.159Z</time>
        <extensions>
          <gpxtpx:TrackPointExtension>
            <gpxtpx:atemp>33</gpxtpx:atemp>
            <gpxtpx:hr>153</gpxtpx:hr>
          </gpxtpx:TrackPointExtension>
        </extensions>
      </trkpt>
      <trkpt lat="25.090400436893106" lon="121.49259581230581">
        <ele>8</ele>
        <time>2024-07-19T23:58:29.159Z</time>
        <extensions>
          <gpxtpx:TrackPointExtension>
            <gpxtpx:atemp>33</gpxtpx:atemp>
            <gpxtpx:hr>155</gpxtpx:hr>
          </gpxtpx:TrackPointExtension>
        </extensions>
      </trkpt>
      <trkpt lat="25.090820286422968" lon="121.49256823584437">
        <ele>5</ele>
        <time>2024-07-19T23:58:35.159Z</time>
        <extensions>
          <gpxtpx:TrackPointExtension>
            <gpxtpx:atemp>33</gpxtpx:atemp>
            <gpxtpx:hr>153</gpxtpx:hr>
          </gpxtpx:TrackPointExtension>
        </extensions>
      </trkpt>
      <trkpt lat="25.091195795685053" lon="121.4922834187746">
        <ele>4</ele>
        <time>2024-07-19T23:58:41.159Z</time>
        <extensions>
          <gpxtpx:TrackPointExtension>
            <gpxtpx:atemp>33</gpxtpx:atemp>
            <gpxtpx:hr>151</gpxtpx:hr>
          </gpxtpx:TrackPointExtension>
        </extensions>
      </trkpt>
      <trkpt lat="25.09280520491302" lon="121.49027938954532">
        <ele>10</ele>
        <time>2024-07-19T23:59:13.159Z</time>
        <extensions>
          <gpxtpx:TrackPointExtension>
            <gpxtpx:atemp>33</gpxtpx:atemp>
            <gpxtpx:hr>148</gpxtpx:hr>
          </gpxtpx:TrackPointExtension>
        </extensions>
      </trkpt>
      <trkpt lat="25.092901764437556" lon="121.49023320525885">
        <ele>9</ele>
        <time>2024-07-19T23:59:15.159Z</time>
        <extensions>
          <gpxtpx:TrackPointExtension>
            <gpxtpx:atemp>33</gpxtpx:atemp>
            <gpxtpx:hr>146</gpxtpx:hr>
          </gpxtpx:TrackPointExtension>
        </extensions>
      </trkpt>
      <trkpt lat="25.093382131308317" lon="121.4906358718872">
        <ele>11</ele>
        <time>2024-07-19T23:59:28.159Z</time>
        <extensions>
          <gpxtpx:TrackPointExtension>
            <gpxtpx:atemp>33</gpxtpx:atemp>
            <gpxtpx:hr>141</gpxtpx:hr>
          </gpxtpx:TrackPointExtension>
        </extensions>
      </trkpt>
      <trkpt lat="25.093574160709977" lon="121.4906102232635">
        <ele>4</ele>
        <time>2024-07-19T23:59:36.159Z</time>
        <extensions>
          <gpxtpx:TrackPointExtension>
            <gpxtpx:atemp>33</gpxtpx:atemp>
            <gpxtpx:hr>138</gpxtpx:hr>
          </gpxtpx:TrackPointExtension>
        </extensions>
      </trkpt>
      <trkpt lat="25.093732997775078" lon="121.49069454520941">
        <ele>3</ele>
        <time>2024-07-19T23:59:44.159Z</time>
        <extensions>
          <gpxtpx:TrackPointExtension>
            <gpxtpx:atemp>33</gpxtpx:atemp>
            <gpxtpx:hr>136</gpxtpx:hr>
          </gpxtpx:TrackPointExtension>
        </extensions>
      </trkpt>
      <trkpt lat="25.093701565638185" lon="121.49037955328822">
        <ele>3</ele>
        <time>2024-07-19T23:59:59.159Z</time>
        <extensions>
          <gpxtpx:TrackPointExtension>
            <gpxtpx:atemp>33</gpxtpx:atemp>
            <gpxtpx:hr>136</gpxtpx:hr>
          </gpxtpx:TrackPointExtension>
        </extensions>
      </trkpt>
      <trkpt lat="25.093327397480607" lon="121.4896902255714">
        <ele>-3</ele>
        <time>2024-07-20T00:00:20.159Z</time>
        <extensions>
          <gpxtpx:TrackPointExtension>
            <gpxtpx:atemp>33</gpxtpx:atemp>
            <gpxtpx:hr>136</gpxtpx:hr>
          </gpxtpx:TrackPointExtension>
        </extensions>
      </trkpt>
      <trkpt lat="25.093007711693645" lon="121.48884667083621">
        <ele>7</ele>
        <time>2024-07-20T00:00:37.159Z</time>
        <extensions>
          <gpxtpx:TrackPointExtension>
            <gpxtpx:atemp>33</gpxtpx:atemp>
            <gpxtpx:hr>132</gpxtpx:hr>
          </gpxtpx:TrackPointExtension>
        </extensions>
      </trkpt>
      <trkpt lat="25.092857172712684" lon="121.48875270970166">
        <ele>6</ele>
        <time>2024-07-20T00:00:41.159Z</time>
        <extensions>
          <gpxtpx:TrackPointExtension>
            <gpxtpx:atemp>33</gpxtpx:atemp>
            <gpxtpx:hr>132</gpxtpx:hr>
          </gpxtpx:TrackPointExtension>
        </extensions>
      </trkpt>
      <trkpt lat="25.092461043968797" lon="121.4892113674432">
        <ele>4</ele>
        <time>2024-07-20T00:01:01.159Z</time>
        <extensions>
          <gpxtpx:TrackPointExtension>
            <gpxtpx:atemp>33</gpxtpx:atemp>
            <gpxtpx:hr>146</gpxtpx:hr>
          </gpxtpx:TrackPointExtension>
        </extensions>
      </trkpt>
      <trkpt lat="25.092382421717048" lon="121.48921673186123">
        <ele>4</ele>
        <time>2024-07-20T00:01:05.159Z</time>
        <extensions>
          <gpxtpx:TrackPointExtension>
            <gpxtpx:atemp>33</gpxtpx:atemp>
            <gpxtpx:hr>152</gpxtpx:hr>
          </gpxtpx:TrackPointExtension>
        </extensions>
      </trkpt>
      <trkpt lat="25.092381667345762" lon="121.48913878016174">
        <ele>3</ele>
        <time>2024-07-20T00:01:08.159Z</time>
        <extensions>
          <gpxtpx:TrackPointExtension>
            <gpxtpx:atemp>33</gpxtpx:atemp>
            <gpxtpx:hr>156</gpxtpx:hr>
          </gpxtpx:TrackPointExtension>
        </extensions>
      </trkpt>
      <trkpt lat="25.093638533726335" lon="121.48672931827605">
        <ele>14</ele>
        <time>2024-07-20T00:01:59.159Z</time>
        <extensions>
          <gpxtpx:TrackPointExtension>
            <gpxtpx:atemp>34</gpxtpx:atemp>
            <gpxtpx:hr>150</gpxtpx:hr>
          </gpxtpx:TrackPointExtension>
        </extensions>
      </trkpt>
      <trkpt lat="25.094607900828123" lon="121.48450082167983">
        <ele>1</ele>
        <time>2024-07-20T00:02:33.159Z</time>
        <extensions>
          <gpxtpx:TrackPointExtension>
            <gpxtpx:atemp>34</gpxtpx:atemp>
            <gpxtpx:hr>147</gpxtpx:hr>
          </gpxtpx:TrackPointExtension>
        </extensions>
      </trkpt>
      <trkpt lat="25.095381382852793" lon="121.48251959122717">
        <ele>7</ele>
        <time>2024-07-20T00:03:00.159Z</time>
        <extensions>
          <gpxtpx:TrackPointExtension>
            <gpxtpx:atemp>33</gpxtpx:atemp>
            <gpxtpx:hr>147</gpxtpx:hr>
          </gpxtpx:TrackPointExtension>
        </extensions>
      </trkpt>
      <trkpt lat="25.096226949244738" lon="121.47998389787972">
        <ele>3</ele>
        <time>2024-07-20T00:03:34.159Z</time>
        <extensions>
          <gpxtpx:TrackPointExtension>
            <gpxtpx:atemp>33</gpxtpx:atemp>
            <gpxtpx:hr>153</gpxtpx:hr>
          </gpxtpx:TrackPointExtension>
        </extensions>
      </trkpt>
      <trkpt lat="25.09713001549244" lon="121.476646726951">
        <ele>2</ele>
        <time>2024-07-20T00:04:19.159Z</time>
        <extensions>
          <gpxtpx:TrackPointExtension>
            <gpxtpx:atemp>33</gpxtpx:atemp>
            <gpxtpx:hr>150</gpxtpx:hr>
          </gpxtpx:TrackPointExtension>
        </extensions>
      </trkpt>
      <trkpt lat="25.100089497864246" lon="121.46365469321609">
        <ele>2</ele>
        <time>2024-07-20T00:06:59.159Z</time>
        <extensions>
          <gpxtpx:TrackPointExtension>
            <gpxtpx:atemp>33</gpxtpx:atemp>
            <gpxtpx:hr>162</gpxtpx:hr>
          </gpxtpx:TrackPointExtension>
        </extensions>
      </trkpt>
      <trkpt lat="25.10008723475039" lon="121.46329200826585">
        <ele>2</ele>
        <time>2024-07-20T00:07:04.159Z</time>
        <extensions>
          <gpxtpx:TrackPointExtension>
            <gpxtpx:atemp>33</gpxtpx:atemp>
            <gpxtpx:hr>161</gpxtpx:hr>
          </gpxtpx:TrackPointExtension>
        </extensions>
      </trkpt>
      <trkpt lat="25.099905179813504" lon="121.46263545379043">
        <ele>1</ele>
        <time>2024-07-20T00:07:17.159Z</time>
        <extensions>
          <gpxtpx:TrackPointExtension>
            <gpxtpx:atemp>33</gpxtpx:atemp>
            <gpxtpx:hr>155</gpxtpx:hr>
          </gpxtpx:TrackPointExtension>
        </extensions>
      </trkpt>
      <trkpt lat="25.099457670003176" lon="121.46201066672802">
        <ele>3</ele>
        <time>2024-07-20T00:08:21.159Z</time>
        <extensions>
          <gpxtpx:TrackPointExtension>
            <gpxtpx:atemp>34</gpxtpx:atemp>
            <gpxtpx:hr>154</gpxtpx:hr>
          </gpxtpx:TrackPointExtension>
        </extensions>
      </trkpt>
      <trkpt lat="25.098514957353473" lon="121.46119812503457">
        <ele>7</ele>
        <time>2024-07-20T00:09:45.159Z</time>
        <extensions>
          <gpxtpx:TrackPointExtension>
            <gpxtpx:atemp>35</gpxtpx:atemp>
            <gpxtpx:hr>130</gpxtpx:hr>
          </gpxtpx:TrackPointExtension>
        </extensions>
      </trkpt>
      <trkpt lat="25.09829878807068" lon="121.46077894605696">
        <ele>9</ele>
        <time>2024-07-20T00:09:51.159Z</time>
        <extensions>
          <gpxtpx:TrackPointExtension>
            <gpxtpx:atemp>34</gpxtpx:atemp>
            <gpxtpx:hr>125</gpxtpx:hr>
          </gpxtpx:TrackPointExtension>
        </extensions>
      </trkpt>
      <trkpt lat="25.097846584394574" lon="121.45857785828412">
        <ele>1</ele>
        <time>2024-07-20T00:10:22.159Z</time>
        <extensions>
          <gpxtpx:TrackPointExtension>
            <gpxtpx:atemp>34</gpxtpx:atemp>
            <gpxtpx:hr>118</gpxtpx:hr>
          </gpxtpx:TrackPointExtension>
        </extensions>
      </trkpt>
      <trkpt lat="25.097976000979543" lon="121.45802037790418">
        <ele>2</ele>
        <time>2024-07-20T00:10:33.159Z</time>
        <extensions>
          <gpxtpx:TrackPointExtension>
            <gpxtpx:atemp>35</gpxtpx:atemp>
            <gpxtpx:hr>123</gpxtpx:hr>
          </gpxtpx:TrackPointExtension>
        </extensions>
      </trkpt>
      <trkpt lat="25.097932247444987" lon="121.45757974125445">
        <ele>3</ele>
        <time>2024-07-20T00:10:41.159Z</time>
        <extensions>
          <gpxtpx:TrackPointExtension>
            <gpxtpx:atemp>35</gpxtpx:atemp>
            <gpxtpx:hr>121</gpxtpx:hr>
          </gpxtpx:TrackPointExtension>
        </extensions>
      </trkpt>
      <trkpt lat="25.09825495071709" lon="121.45744311623275">
        <ele>4</ele>
        <time>2024-07-20T00:10:47.159Z</time>
        <extensions>
          <gpxtpx:TrackPointExtension>
            <gpxtpx:atemp>35</gpxtpx:atemp>
            <gpxtpx:hr>123</gpxtpx:hr>
          </gpxtpx:TrackPointExtension>
        </extensions>
      </trkpt>
      <trkpt lat="25.098622916266322" lon="121.45703290589154">
        <ele>4</ele>
        <time>2024-07-20T00:10:56.159Z</time>
        <extensions>
          <gpxtpx:TrackPointExtension>
            <gpxtpx:atemp>34</gpxtpx:atemp>
            <gpxtpx:hr>130</gpxtpx:hr>
          </gpxtpx:TrackPointExtension>
        </extensions>
      </trkpt>
      <trkpt lat="25.099231358617544" lon="121.45665102638304">
        <ele>3</ele>
        <time>2024-07-20T00:11:07.159Z</time>
        <extensions>
          <gpxtpx:TrackPointExtension>
            <gpxtpx:atemp>34</gpxtpx:atemp>
            <gpxtpx:hr>134</gpxtpx:hr>
          </gpxtpx:TrackPointExtension>
        </extensions>
      </trkpt>
      <trkpt lat="25.10050012730062" lon="121.45539441145957">
        <ele>5</ele>
        <time>2024-07-20T00:11:39.159Z</time>
        <extensions>
          <gpxtpx:TrackPointExtension>
            <gpxtpx:atemp>34</gpxtpx:atemp>
            <gpxtpx:hr>139</gpxtpx:hr>
          </gpxtpx:TrackPointExtension>
        </extensions>
      </trkpt>
      <trkpt lat="25.100916121155024" lon="121.45521361380816">
        <ele>3</ele>
        <time>2024-07-20T00:11:52.159Z</time>
        <extensions>
          <gpxtpx:TrackPointExtension>
            <gpxtpx:atemp>34</gpxtpx:atemp>
            <gpxtpx:hr>129</gpxtpx:hr>
          </gpxtpx:TrackPointExtension>
        </extensions>
      </trkpt>
      <trkpt lat="25.101539650931954" lon="121.4546227734536">
        <ele>0</ele>
        <time>2024-07-20T00:12:10.159Z</time>
        <extensions>
          <gpxtpx:TrackPointExtension>
            <gpxtpx:atemp>34</gpxtpx:atemp>
            <gpxtpx:hr>128</gpxtpx:hr>
          </gpxtpx:TrackPointExtension>
        </extensions>
      </trkpt>
      <trkpt lat="25.101642832159996" lon="121.45448966883123">
        <ele>0</ele>
        <time>2024-07-20T00:12:14.159Z</time>
        <extensions>
          <gpxtpx:TrackPointExtension>
            <gpxtpx:atemp>34</gpxtpx:atemp>
            <gpxtpx:hr>126</gpxtpx:hr>
          </gpxtpx:TrackPointExtension>
        </extensions>
      </trkpt>
      <trkpt lat="25.101289534941316" lon="121.4537932164967">
        <ele>3</ele>
        <time>2024-07-20T00:12:30.159Z</time>
        <extensions>
          <gpxtpx:TrackPointExtension>
            <gpxtpx:atemp>34</gpxtpx:atemp>
            <gpxtpx:hr>129</gpxtpx:hr>
          </gpxtpx:TrackPointExtension>
        </extensions>
      </trkpt>
      <trkpt lat="25.101341" lon="121.453691">
        <ele>5</ele>
        <time>2024-07-20T00:12:32.923Z</time>
      </trkpt>
      <trkpt lat="25.102185" lon="121.454412">
        <ele>1</ele>
        <time>2024-07-20T00:12:55.212Z</time>
      </trkpt>
      <trkpt lat="25.1024" lon="121.454783">
        <ele>2</ele>
        <time>2024-07-20T00:13:03.581Z</time>
      </trkpt>
      <trkpt lat="25.102629" lon="121.45467">
        <ele>2</ele>
        <time>2024-07-20T00:13:08.820Z</time>
      </trkpt>
      <trkpt lat="25.104001" lon="121.455591">
        <ele>1</ele>
        <time>2024-07-20T00:13:42.373Z</time>
      </trkpt>
      <trkpt lat="25.104243" lon="121.455675">
        <ele>1</ele>
        <time>2024-07-20T00:13:47.671Z</time>
      </trkpt>
      <trkpt lat="25.105756" lon="121.455838">
        <ele>6</ele>
        <time>2024-07-20T00:14:19.426Z</time>
      </trkpt>
      <trkpt lat="25.105909" lon="121.455768">
        <ele>5</ele>
        <time>2024-07-20T00:14:22.885Z</time>
      </trkpt>
      <trkpt lat="25.106671" lon="121.45598">
        <ele>4</ele>
        <time>2024-07-20T00:14:36.808Z</time>
      </trkpt>
      <trkpt lat="25.10678" lon="121.45586">
        <ele>4</ele>
        <time>2024-07-20T00:14:39.534Z</time>
      </trkpt>
      <trkpt lat="25.106962" lon="121.455855">
        <ele>4</ele>
        <time>2024-07-20T00:14:42.764Z</time>
      </trkpt>
      <trkpt lat="25.108557" lon="121.45618">
        <ele>8</ele>
        <time>2024-07-20T00:15:11.658Z</time>
      </trkpt>
      <trkpt lat="25.108454" lon="121.455976">
        <ele>9</ele>
        <time>2024-07-20T00:15:15.552Z</time>
      </trkpt>
      <trkpt lat="25.108475" lon="121.455808">
        <ele>11</ele>
        <time>2024-07-20T00:15:18.289Z</time>
      </trkpt>
      <trkpt lat="25.107024" lon="121.454183">
        <ele>19</ele>
        <time>2024-07-20T00:15:55.138Z</time>
      </trkpt>
      <trkpt lat="25.106804" lon="121.453764">
        <ele>22</ele>
        <time>2024-07-20T00:16:02.946Z</time>
      </trkpt>
      <trkpt lat="25.106811" lon="121.453359">
        <ele>22</ele>
        <time>2024-07-20T00:16:09.477Z</time>
      </trkpt>
      <trkpt lat="25.108793" lon="121.455412">
        <ele>18</ele>
        <time>2024-07-20T00:16:57.910Z</time>
      </trkpt>
      <trkpt lat="25.109239" lon="121.455624">
        <ele>19</ele>
        <time>2024-07-20T00:17:06.577Z</time>
      </trkpt>
      <trkpt lat="25.11049" lon="121.45592">
        <ele>25</ele>
        <time>2024-07-20T00:17:29.437Z</time>
      </trkpt>
      <trkpt lat="25.111734" lon="121.456797">
        <ele>28</ele>
        <time>2024-07-20T00:17:55.724Z</time>
      </trkpt>
      <trkpt lat="25.112847" lon="121.458246">
        <ele>34</ele>
        <time>2024-07-20T00:18:26.463Z</time>
      </trkpt>
      <trkpt lat="25.113455" lon="121.4585">
        <ele>36</ele>
        <time>2024-07-20T00:18:38.128Z</time>
      </trkpt>
      <trkpt lat="25.11334279552102" lon="121.45903341472149">
        <ele>13</ele>
        <time>2024-07-20T00:18:46.957Z</time>
        <extensions>
          <gpxtpx:TrackPointExtension>
            <gpxtpx:atemp>34</gpxtpx:atemp>
            <gpxtpx:hr>158</gpxtpx:hr>
          </gpxtpx:TrackPointExtension>
        </extensions>
      </trkpt>
      <trkpt lat="25.113719813525677" lon="121.45908873528242">
        <ele>12</ele>
        <time>2024-07-20T00:18:53.729Z</time>
        <extensions>
          <gpxtpx:TrackPointExtension>
            <gpxtpx:atemp>34</gpxtpx:atemp>
            <gpxtpx:hr>159</gpxtpx:hr>
          </gpxtpx:TrackPointExtension>
        </extensions>
      </trkpt>
      <trkpt lat="25.11412256397307" lon="121.45903827622533">
        <ele>15</ele>
        <time>2024-07-20T00:18:58.729Z</time>
        <extensions>
          <gpxtpx:TrackPointExtension>
            <gpxtpx:atemp>34</gpxtpx:atemp>
            <gpxtpx:hr>161</gpxtpx:hr>
          </gpxtpx:TrackPointExtension>
        </extensions>
      </trkpt>
      <trkpt lat="25.11472111567855" lon="121.45887457765639">
        <ele>7</ele>
        <time>2024-07-20T00:19:06.729Z</time>
        <extensions>
          <gpxtpx:TrackPointExtension>
            <gpxtpx:atemp>34</gpxtpx:atemp>
            <gpxtpx:hr>162</gpxtpx:hr>
          </gpxtpx:TrackPointExtension>
        </extensions>
      </trkpt>
      <trkpt lat="25.115661900490522" lon="121.4584060292691">
        <ele>7</ele>
        <time>2024-07-20T00:19:20.729Z</time>
        <extensions>
          <gpxtpx:TrackPointExtension>
            <gpxtpx:atemp>34</gpxtpx:atemp>
            <gpxtpx:hr>160</gpxtpx:hr>
          </gpxtpx:TrackPointExtension>
        </extensions>
      </trkpt>
      <trkpt lat="25.117038628086448" lon="121.45813378505409">
        <ele>2</ele>
        <time>2024-07-20T00:19:40.729Z</time>
        <extensions>
          <gpxtpx:TrackPointExtension>
            <gpxtpx:atemp>34</gpxtpx:atemp>
            <gpxtpx:hr>159</gpxtpx:hr>
          </gpxtpx:TrackPointExtension>
        </extensions>
      </trkpt>
      <trkpt lat="25.118218800053" lon="121.45771946758032">
        <ele>3</ele>
        <time>2024-07-20T00:19:57.729Z</time>
        <extensions>
          <gpxtpx:TrackPointExtension>
            <gpxtpx:atemp>34</gpxtpx:atemp>
            <gpxtpx:hr>159</gpxtpx:hr>
          </gpxtpx:TrackPointExtension>
        </extensions>
      </trkpt>
      <trkpt lat="25.11887300759554" lon="121.45764285698533">
        <ele>4</ele>
        <time>2024-07-20T00:20:06.729Z</time>
        <extensions>
          <gpxtpx:TrackPointExtension>
            <gpxtpx:atemp>34</gpxtpx:atemp>
            <gpxtpx:hr>159</gpxtpx:hr>
          </gpxtpx:TrackPointExtension>
        </extensions>
      </trkpt>
      <trkpt lat="25.119190262630582" lon="121.45751788280904">
        <ele>3</ele>
        <time>2024-07-20T00:20:11.729Z</time>
        <extensions>
          <gpxtpx:TrackPointExtension>
            <gpxtpx:atemp>34</gpxtpx:atemp>
            <gpxtpx:hr>158</gpxtpx:hr>
          </gpxtpx:TrackPointExtension>
        </extensions>
      </trkpt>
      <trkpt lat="25.119893085211515" lon="121.4568895753473">
        <ele>3</ele>
        <time>2024-07-20T00:20:26.729Z</time>
        <extensions>
          <gpxtpx:TrackPointExtension>
            <gpxtpx:atemp>34</gpxtpx:atemp>
            <gpxtpx:hr>152</gpxtpx:hr>
          </gpxtpx:TrackPointExtension>
        </extensions>
      </trkpt>
      <trkpt lat="25.12011361308396" lon="121.45679502747953">
        <ele>3</ele>
        <time>2024-07-20T00:20:30.729Z</time>
        <extensions>
          <gpxtpx:TrackPointExtension>
            <gpxtpx:atemp>34</gpxtpx:atemp>
            <gpxtpx:hr>152</gpxtpx:hr>
          </gpxtpx:TrackPointExtension>
        </extensions>
      </trkpt>
      <trkpt lat="25.12084325775504" lon="121.45671984180808">
        <ele>3</ele>
        <time>2024-07-20T00:20:48.729Z</time>
        <extensions>
          <gpxtpx:TrackPointExtension>
            <gpxtpx:atemp>34</gpxtpx:atemp>
            <gpxtpx:hr>140</gpxtpx:hr>
          </gpxtpx:TrackPointExtension>
        </extensions>
      </trkpt>
      <trkpt lat="25.12080159969628" lon="121.45667172968388">
        <ele>3</ele>
        <time>2024-07-20T00:21:12.729Z</time>
        <extensions>
          <gpxtpx:TrackPointExtension>
            <gpxtpx:atemp>34</gpxtpx:atemp>
            <gpxtpx:hr>145</gpxtpx:hr>
          </gpxtpx:TrackPointExtension>
        </extensions>
      </trkpt>
      <trkpt lat="25.121139474213123" lon="121.4564545545727">
        <ele>5</ele>
        <time>2024-07-20T00:21:22.729Z</time>
        <extensions>
          <gpxtpx:TrackPointExtension>
            <gpxtpx:atemp>34</gpxtpx:atemp>
            <gpxtpx:hr>146</gpxtpx:hr>
          </gpxtpx:TrackPointExtension>
        </extensions>
      </trkpt>
      <trkpt lat="25.12229885905981" lon="121.45592657849193">
        <ele>8</ele>
        <time>2024-07-20T00:21:44.729Z</time>
        <extensions>
          <gpxtpx:TrackPointExtension>
            <gpxtpx:atemp>34</gpxtpx:atemp>
            <gpxtpx:hr>150</gpxtpx:hr>
          </gpxtpx:TrackPointExtension>
        </extensions>
      </trkpt>
      <trkpt lat="25.122816022485495" lon="121.45550874061882">
        <ele>9</ele>
        <time>2024-07-20T00:21:55.729Z</time>
        <extensions>
          <gpxtpx:TrackPointExtension>
            <gpxtpx:atemp>34</gpxtpx:atemp>
            <gpxtpx:hr>152</gpxtpx:hr>
          </gpxtpx:TrackPointExtension>
        </extensions>
      </trkpt>
      <trkpt lat="25.123344585299492" lon="121.45532928407192">
        <ele>4</ele>
        <time>2024-07-20T00:22:07.729Z</time>
        <extensions>
          <gpxtpx:TrackPointExtension>
            <gpxtpx:atemp>34</gpxtpx:atemp>
            <gpxtpx:hr>146</gpxtpx:hr>
          </gpxtpx:TrackPointExtension>
        </extensions>
      </trkpt>
      <trkpt lat="25.123985297977924" lon="121.45477934740484">
        <ele>7</ele>
        <time>2024-07-20T00:22:22.729Z</time>
        <extensions>
          <gpxtpx:TrackPointExtension>
            <gpxtpx:atemp>34</gpxtpx:atemp>
            <gpxtpx:hr>143</gpxtpx:hr>
          </gpxtpx:TrackPointExtension>
        </extensions>
      </trkpt>
      <trkpt lat="25.12477512471378" lon="121.4542958792299">
        <ele>4</ele>
        <time>2024-07-20T00:22:37.729Z</time>
        <extensions>
          <gpxtpx:TrackPointExtension>
            <gpxtpx:atemp>34</gpxtpx:atemp>
            <gpxtpx:hr>138</gpxtpx:hr>
          </gpxtpx:TrackPointExtension>
        </extensions>
      </trkpt>
      <trkpt lat="25.125327240675688" lon="121.45440249703825">
        <ele>2</ele>
        <time>2024-07-20T00:22:46.729Z</time>
        <extensions>
          <gpxtpx:TrackPointExtension>
            <gpxtpx:atemp>34</gpxtpx:atemp>
            <gpxtpx:hr>132</gpxtpx:hr>
          </gpxtpx:TrackPointExtension>
        </extensions>
      </trkpt>
      <trkpt lat="25.12572856619954" lon="121.4540038537234">
        <ele>6</ele>
        <time>2024-07-20T00:22:55.729Z</time>
        <extensions>
          <gpxtpx:TrackPointExtension>
            <gpxtpx:atemp>34</gpxtpx:atemp>
            <gpxtpx:hr>134</gpxtpx:hr>
          </gpxtpx:TrackPointExtension>
        </extensions>
      </trkpt>
      <trkpt lat="25.126292165368795" lon="121.45383487455547">
        <ele>4</ele>
        <time>2024-07-20T00:23:04.729Z</time>
        <extensions>
          <gpxtpx:TrackPointExtension>
            <gpxtpx:atemp>34</gpxtpx:atemp>
            <gpxtpx:hr>135</gpxtpx:hr>
          </gpxtpx:TrackPointExtension>
        </extensions>
      </trkpt>
      <trkpt lat="25.126611096784472" lon="121.45342567004263">
        <ele>4</ele>
        <time>2024-07-20T00:23:12.729Z</time>
        <extensions>
          <gpxtpx:TrackPointExtension>
            <gpxtpx:atemp>34</gpxtpx:atemp>
            <gpxtpx:hr>136</gpxtpx:hr>
          </gpxtpx:TrackPointExtension>
        </extensions>
      </trkpt>
      <trkpt lat="25.12800743803382" lon="121.45271748304367">
        <ele>4</ele>
        <time>2024-07-20T00:23:36.729Z</time>
        <extensions>
          <gpxtpx:TrackPointExtension>
            <gpxtpx:atemp>33</gpxtpx:atemp>
            <gpxtpx:hr>144</gpxtpx:hr>
          </gpxtpx:TrackPointExtension>
        </extensions>
      </trkpt>
      <trkpt lat="25.1294435095042" lon="121.45252520218492">
        <ele>5</ele>
        <time>2024-07-20T00:23:58.729Z</time>
        <extensions>
          <gpxtpx:TrackPointExtension>
            <gpxtpx:atemp>33</gpxtpx:atemp>
            <gpxtpx:hr>145</gpxtpx:hr>
          </gpxtpx:TrackPointExtension>
        </extensions>
      </trkpt>
      <trkpt lat="25.130269713699818" lon="121.45221951417625">
        <ele>5</ele>
        <time>2024-07-20T00:24:11.729Z</time>
        <extensions>
          <gpxtpx:TrackPointExtension>
            <gpxtpx:atemp>33</gpxtpx:atemp>
            <gpxtpx:hr>145</gpxtpx:hr>
          </gpxtpx:TrackPointExtension>
        </extensions>
      </trkpt>
      <trkpt lat="25.131138917058706" lon="121.45227097906172">
        <ele>3</ele>
        <time>2024-07-20T00:24:24.729Z</time>
        <extensions>
          <gpxtpx:TrackPointExtension>
            <gpxtpx:atemp>33</gpxtpx:atemp>
            <gpxtpx:hr>146</gpxtpx:hr>
          </gpxtpx:TrackPointExtension>
        </extensions>
      </trkpt>
      <trkpt lat="25.132430149242282" lon="121.4524376951158">
        <ele>3</ele>
        <time>2024-07-20T00:24:43.729Z</time>
        <extensions>
          <gpxtpx:TrackPointExtension>
            <gpxtpx:atemp>33</gpxtpx:atemp>
            <gpxtpx:hr>150</gpxtpx:hr>
          </gpxtpx:TrackPointExtension>
        </extensions>
      </trkpt>
      <trkpt lat="25.133079830557108" lon="121.4521752577275">
        <ele>5</ele>
        <time>2024-07-20T00:24:53.729Z</time>
        <extensions>
          <gpxtpx:TrackPointExtension>
            <gpxtpx:atemp>33</gpxtpx:atemp>
            <gpxtpx:hr>153</gpxtpx:hr>
          </gpxtpx:TrackPointExtension>
        </extensions>
      </trkpt>
      <trkpt lat="25.1337606087327" lon="121.45204165019095">
        <ele>4</ele>
        <time>2024-07-20T00:25:03.729Z</time>
        <extensions>
          <gpxtpx:TrackPointExtension>
            <gpxtpx:atemp>33</gpxtpx:atemp>
            <gpxtpx:hr>152</gpxtpx:hr>
          </gpxtpx:TrackPointExtension>
        </extensions>
      </trkpt>
      <trkpt lat="25.13536473736167" lon="121.45132776349783">
        <ele>6</ele>
        <time>2024-07-20T00:25:30.729Z</time>
        <extensions>
          <gpxtpx:TrackPointExtension>
            <gpxtpx:atemp>33</gpxtpx:atemp>
            <gpxtpx:hr>160</gpxtpx:hr>
          </gpxtpx:TrackPointExtension>
        </extensions>
      </trkpt>
      <trkpt lat="25.136246429756284" lon="121.45066693425179">
        <ele>5</ele>
        <time>2024-07-20T00:25:46.729Z</time>
        <extensions>
          <gpxtpx:TrackPointExtension>
            <gpxtpx:atemp>33</gpxtpx:atemp>
            <gpxtpx:hr>160</gpxtpx:hr>
          </gpxtpx:TrackPointExtension>
        </extensions>
      </trkpt>
      <trkpt lat="25.13723465614021" lon="121.45023551769555">
        <ele>4</ele>
        <time>2024-07-20T00:26:01.729Z</time>
        <extensions>
          <gpxtpx:TrackPointExtension>
            <gpxtpx:atemp>33</gpxtpx:atemp>
            <gpxtpx:hr>159</gpxtpx:hr>
          </gpxtpx:TrackPointExtension>
        </extensions>
      </trkpt>
      <trkpt lat="25.137992883101106" lon="121.45013543777168">
        <ele>5</ele>
        <time>2024-07-20T00:26:13.729Z</time>
        <extensions>
          <gpxtpx:TrackPointExtension>
            <gpxtpx:atemp>33</gpxtpx:atemp>
            <gpxtpx:hr>151</gpxtpx:hr>
          </gpxtpx:TrackPointExtension>
        </extensions>
      </trkpt>
      <trkpt lat="25.139346225187182" lon="121.44955599680543">
        <ele>7</ele>
        <time>2024-07-20T00:26:36.729Z</time>
        <extensions>
          <gpxtpx:TrackPointExtension>
            <gpxtpx:atemp>33</gpxtpx:atemp>
            <gpxtpx:hr>154</gpxtpx:hr>
          </gpxtpx:TrackPointExtension>
        </extensions>
      </trkpt>
      <trkpt lat="25.141512863337994" lon="121.4487701933831">
        <ele>2</ele>
        <time>2024-07-20T00:27:10.729Z</time>
        <extensions>
          <gpxtpx:TrackPointExtension>
            <gpxtpx:atemp>34</gpxtpx:atemp>
            <gpxtpx:hr>147</gpxtpx:hr>
          </gpxtpx:TrackPointExtension>
        </extensions>
      </trkpt>
      <trkpt lat="25.142006976529956" lon="121.44870229996741">
        <ele>2</ele>
        <time>2024-07-20T00:27:17.729Z</time>
        <extensions>
          <gpxtpx:TrackPointExtension>
            <gpxtpx:atemp>34</gpxtpx:atemp>
            <gpxtpx:hr>145</gpxtpx:hr>
          </gpxtpx:TrackPointExtension>
        </extensions>
      </trkpt>
      <trkpt lat="25.142582645639777" lon="121.44847364164889">
        <ele>5</ele>
        <time>2024-07-20T00:27:26.729Z</time>
        <extensions>
          <gpxtpx:TrackPointExtension>
            <gpxtpx:atemp>34</gpxtpx:atemp>
            <gpxtpx:hr>147</gpxtpx:hr>
          </gpxtpx:TrackPointExtension>
        </extensions>
      </trkpt>
      <trkpt lat="25.14409457333386" lon="121.44723596982658">
        <ele>5</ele>
        <time>2024-07-20T00:27:53.729Z</time>
        <extensions>
          <gpxtpx:TrackPointExtension>
            <gpxtpx:atemp>34</gpxtpx:atemp>
            <gpxtpx:hr>150</gpxtpx:hr>
          </gpxtpx:TrackPointExtension>
        </extensions>
      </trkpt>
      <trkpt lat="25.144913149997592" lon="121.44692910835147">
        <ele>5</ele>
        <time>2024-07-20T00:28:05.729Z</time>
        <extensions>
          <gpxtpx:TrackPointExtension>
            <gpxtpx:atemp>34</gpxtpx:atemp>
            <gpxtpx:hr>150</gpxtpx:hr>
          </gpxtpx:TrackPointExtension>
        </extensions>
      </trkpt>
      <trkpt lat="25.146406134590507" lon="121.44630038179457">
        <ele>10</ele>
        <time>2024-07-20T00:28:28.729Z</time>
        <extensions>
          <gpxtpx:TrackPointExtension>
            <gpxtpx:atemp>34</gpxtpx:atemp>
            <gpxtpx:hr>155</gpxtpx:hr>
          </gpxtpx:TrackPointExtension>
        </extensions>
      </trkpt>
      <trkpt lat="25.146926566958427" lon="121.44616995938122">
        <ele>11</ele>
        <time>2024-07-20T00:28:36.729Z</time>
        <extensions>
          <gpxtpx:TrackPointExtension>
            <gpxtpx:atemp>34</gpxtpx:atemp>
            <gpxtpx:hr>155</gpxtpx:hr>
          </gpxtpx:TrackPointExtension>
        </extensions>
      </trkpt>
      <trkpt lat="25.147666772827506" lon="121.44577332772315">
        <ele>13</ele>
        <time>2024-07-20T00:28:48.729Z</time>
        <extensions>
          <gpxtpx:TrackPointExtension>
            <gpxtpx:atemp>34</gpxtpx:atemp>
            <gpxtpx:hr>154</gpxtpx:hr>
          </gpxtpx:TrackPointExtension>
        </extensions>
      </trkpt>
      <trkpt lat="25.14789174310863" lon="121.4455876685679">
        <ele>7</ele>
        <time>2024-07-20T00:28:52.729Z</time>
        <extensions>
          <gpxtpx:TrackPointExtension>
            <gpxtpx:atemp>34</gpxtpx:atemp>
            <gpxtpx:hr>153</gpxtpx:hr>
          </gpxtpx:TrackPointExtension>
        </extensions>
      </trkpt>
      <trkpt lat="25.148288877680898" lon="121.44498039968312">
        <ele>8</ele>
        <time>2024-07-20T00:29:03.729Z</time>
        <extensions>
          <gpxtpx:TrackPointExtension>
            <gpxtpx:atemp>34</gpxtpx:atemp>
            <gpxtpx:hr>158</gpxtpx:hr>
          </gpxtpx:TrackPointExtension>
        </extensions>
      </trkpt>
      <trkpt lat="25.149162774905562" lon="121.44449877552688">
        <ele>7</ele>
        <time>2024-07-20T00:29:20.729Z</time>
        <extensions>
          <gpxtpx:TrackPointExtension>
            <gpxtpx:atemp>34</gpxtpx:atemp>
            <gpxtpx:hr>158</gpxtpx:hr>
          </gpxtpx:TrackPointExtension>
        </extensions>
      </trkpt>
      <trkpt lat="25.15100779943168" lon="121.4430315233767">
        <ele>4</ele>
        <time>2024-07-20T00:29:52.729Z</time>
        <extensions>
          <gpxtpx:TrackPointExtension>
            <gpxtpx:atemp>33</gpxtpx:atemp>
            <gpxtpx:hr>161</gpxtpx:hr>
          </gpxtpx:TrackPointExtension>
        </extensions>
      </trkpt>
      <trkpt lat="25.152034498751163" lon="121.44234739243984">
        <ele>5</ele>
        <time>2024-07-20T00:30:10.729Z</time>
        <extensions>
          <gpxtpx:TrackPointExtension>
            <gpxtpx:atemp>33</gpxtpx:atemp>
            <gpxtpx:hr>158</gpxtpx:hr>
          </gpxtpx:TrackPointExtension>
        </extensions>
      </trkpt>
      <trkpt lat="25.15243590809405" lon="121.4419109467417">
        <ele>6</ele>
        <time>2024-07-20T00:30:18.729Z</time>
        <extensions>
          <gpxtpx:TrackPointExtension>
            <gpxtpx:atemp>33</gpxtpx:atemp>
            <gpxtpx:hr>157</gpxtpx:hr>
          </gpxtpx:TrackPointExtension>
        </extensions>
      </trkpt>
      <trkpt lat="25.153473168611526" lon="121.44132270477712">
        <ele>7</ele>
        <time>2024-07-20T00:30:34.729Z</time>
        <extensions>
          <gpxtpx:TrackPointExtension>
            <gpxtpx:atemp>33</gpxtpx:atemp>
            <gpxtpx:hr>151</gpxtpx:hr>
          </gpxtpx:TrackPointExtension>
        </extensions>
      </trkpt>
      <trkpt lat="25.15390131622553" lon="121.44082431681454">
        <ele>6</ele>
        <time>2024-07-20T00:30:43.729Z</time>
        <extensions>
          <gpxtpx:TrackPointExtension>
            <gpxtpx:atemp>33</gpxtpx:atemp>
            <gpxtpx:hr>150</gpxtpx:hr>
          </gpxtpx:TrackPointExtension>
        </extensions>
      </trkpt>
      <trkpt lat="25.154623752459884" lon="121.4406759571284">
        <ele>1</ele>
        <time>2024-07-20T00:30:53.729Z</time>
        <extensions>
          <gpxtpx:TrackPointExtension>
            <gpxtpx:atemp>33</gpxtpx:atemp>
            <gpxtpx:hr>149</gpxtpx:hr>
          </gpxtpx:TrackPointExtension>
        </extensions>
      </trkpt>
      <trkpt lat="25.154683515429497" lon="121.44054159522057">
        <ele>1</ele>
        <time>2024-07-20T00:30:55.729Z</time>
        <extensions>
          <gpxtpx:TrackPointExtension>
            <gpxtpx:atemp>33</gpxtpx:atemp>
            <gpxtpx:hr>148</gpxtpx:hr>
          </gpxtpx:TrackPointExtension>
        </extensions>
      </trkpt>
      <trkpt lat="25.154687957838178" lon="121.44000490196049">
        <ele>3</ele>
        <time>2024-07-20T00:31:02.729Z</time>
        <extensions>
          <gpxtpx:TrackPointExtension>
            <gpxtpx:atemp>33</gpxtpx:atemp>
            <gpxtpx:hr>150</gpxtpx:hr>
          </gpxtpx:TrackPointExtension>
        </extensions>
      </trkpt>
      <trkpt lat="25.15496900305152" lon="121.43956795334816">
        <ele>5</ele>
        <time>2024-07-20T00:31:09.729Z</time>
        <extensions>
          <gpxtpx:TrackPointExtension>
            <gpxtpx:atemp>33</gpxtpx:atemp>
            <gpxtpx:hr>151</gpxtpx:hr>
          </gpxtpx:TrackPointExtension>
        </extensions>
      </trkpt>
      <trkpt lat="25.15626040287316" lon="121.43809366039932">
        <ele>1</ele>
        <time>2024-07-20T00:31:35.729Z</time>
        <extensions>
          <gpxtpx:TrackPointExtension>
            <gpxtpx:atemp>33</gpxtpx:atemp>
            <gpxtpx:hr>151</gpxtpx:hr>
          </gpxtpx:TrackPointExtension>
        </extensions>
      </trkpt>
      <trkpt lat="25.15686398372054" lon="121.43723334185779">
        <ele>4</ele>
        <time>2024-07-20T00:31:51.729Z</time>
        <extensions>
          <gpxtpx:TrackPointExtension>
            <gpxtpx:atemp>33</gpxtpx:atemp>
            <gpxtpx:hr>155</gpxtpx:hr>
          </gpxtpx:TrackPointExtension>
        </extensions>
      </trkpt>
      <trkpt lat="25.157824214547873" lon="121.43618979491293">
        <ele>4</ele>
        <time>2024-07-20T00:32:12.729Z</time>
        <extensions>
          <gpxtpx:TrackPointExtension>
            <gpxtpx:atemp>33</gpxtpx:atemp>
            <gpxtpx:hr>160</gpxtpx:hr>
          </gpxtpx:TrackPointExtension>
        </extensions>
      </trkpt>
      <trkpt lat="25.158030577003956" lon="121.43581219017506">
        <ele>4</ele>
        <time>2024-07-20T00:32:18.729Z</time>
        <extensions>
          <gpxtpx:TrackPointExtension>
            <gpxtpx:atemp>33</gpxtpx:atemp>
            <gpxtpx:hr>160</gpxtpx:hr>
          </gpxtpx:TrackPointExtension>
        </extensions>
      </trkpt>
      <trkpt lat="25.158800538629293" lon="121.435183044523">
        <ele>7</ele>
        <time>2024-07-20T00:32:37.729Z</time>
        <extensions>
          <gpxtpx:TrackPointExtension>
            <gpxtpx:atemp>33</gpxtpx:atemp>
            <gpxtpx:hr>145</gpxtpx:hr>
          </gpxtpx:TrackPointExtension>
        </extensions>
      </trkpt>
      <trkpt lat="25.159426582977176" lon="121.43439279869199">
        <ele>7</ele>
        <time>2024-07-20T00:33:26.729Z</time>
        <extensions>
          <gpxtpx:TrackPointExtension>
            <gpxtpx:atemp>34</gpxtpx:atemp>
            <gpxtpx:hr>135</gpxtpx:hr>
          </gpxtpx:TrackPointExtension>
        </extensions>
      </trkpt>
      <trkpt lat="25.15961542725563" lon="121.43425332382321">
        <ele>6</ele>
        <time>2024-07-20T00:33:34.729Z</time>
        <extensions>
          <gpxtpx:TrackPointExtension>
            <gpxtpx:atemp>34</gpxtpx:atemp>
            <gpxtpx:hr>131</gpxtpx:hr>
          </gpxtpx:TrackPointExtension>
        </extensions>
      </trkpt>
      <trkpt lat="25.159589275717735" lon="121.43419054336846">
        <ele>6</ele>
        <time>2024-07-20T00:33:37.729Z</time>
        <extensions>
          <gpxtpx:TrackPointExtension>
            <gpxtpx:atemp>34</gpxtpx:atemp>
            <gpxtpx:hr>130</gpxtpx:hr>
          </gpxtpx:TrackPointExtension>
        </extensions>
      </trkpt>
      <trkpt lat="25.158911934122443" lon="121.43499730154872">
        <ele>8</ele>
        <time>2024-07-20T00:34:37.729Z</time>
        <extensions>
          <gpxtpx:TrackPointExtension>
            <gpxtpx:atemp>34</gpxtpx:atemp>
            <gpxtpx:hr>136</gpxtpx:hr>
          </gpxtpx:TrackPointExtension>
        </extensions>
      </trkpt>
      <trkpt lat="25.171840181574225" lon="121.43900359980762">
        <ele>21</ele>
        <time>2024-07-20T01:06:52.729Z</time>
        <extensions>
          <gpxtpx:TrackPointExtension>
            <gpxtpx:atemp>34</gpxtpx:atemp>
            <gpxtpx:hr>135</gpxtpx:hr>
          </gpxtpx:TrackPointExtension>
        </extensions>
      </trkpt>
      <trkpt lat="25.17205777578056" lon="121.43904886208475">
        <ele>21</ele>
        <time>2024-07-20T01:07:02.729Z</time>
        <extensions>
          <gpxtpx:TrackPointExtension>
            <gpxtpx:atemp>34</gpxtpx:atemp>
            <gpxtpx:hr>141</gpxtpx:hr>
          </gpxtpx:TrackPointExtension>
        </extensions>
      </trkpt>
      <trkpt lat="25.173172736540437" lon="121.43893813714385">
        <ele>29</ele>
        <time>2024-07-20T01:08:22.729Z</time>
        <extensions>
          <gpxtpx:TrackPointExtension>
            <gpxtpx:atemp>35</gpxtpx:atemp>
            <gpxtpx:hr>149</gpxtpx:hr>
          </gpxtpx:TrackPointExtension>
        </extensions>
      </trkpt>
      <trkpt lat="25.174629595130682" lon="121.43902639858425">
        <ele>30</ele>
        <time>2024-07-20T01:08:54.729Z</time>
        <extensions>
          <gpxtpx:TrackPointExtension>
            <gpxtpx:atemp>35</gpxtpx:atemp>
            <gpxtpx:hr>155</gpxtpx:hr>
          </gpxtpx:TrackPointExtension>
        </extensions>
      </trkpt>
      <trkpt lat="25.17475599423051" lon="121.43917450681329">
        <ele>32</ele>
        <time>2024-07-20T01:08:59.729Z</time>
        <extensions>
          <gpxtpx:TrackPointExtension>
            <gpxtpx:atemp>35</gpxtpx:atemp>
            <gpxtpx:hr>156</gpxtpx:hr>
          </gpxtpx:TrackPointExtension>
        </extensions>
      </trkpt>
      <trkpt lat="25.174798909574747" lon="121.43967448733747">
        <ele>40</ele>
        <time>2024-07-20T01:09:12.729Z</time>
        <extensions>
          <gpxtpx:TrackPointExtension>
            <gpxtpx:atemp>35</gpxtpx:atemp>
            <gpxtpx:hr>162</gpxtpx:hr>
          </gpxtpx:TrackPointExtension>
        </extensions>
      </trkpt>
      <trkpt lat="25.17473462037742" lon="121.44052969291806">
        <ele>45</ele>
        <time>2024-07-20T01:09:33.729Z</time>
        <extensions>
          <gpxtpx:TrackPointExtension>
            <gpxtpx:atemp>35</gpxtpx:atemp>
            <gpxtpx:hr>166</gpxtpx:hr>
          </gpxtpx:TrackPointExtension>
        </extensions>
      </trkpt>
      <trkpt lat="25.17453622072935" lon="121.44130887463689">
        <ele>44</ele>
        <time>2024-07-20T01:10:24.729Z</time>
        <extensions>
          <gpxtpx:TrackPointExtension>
            <gpxtpx:atemp>36</gpxtpx:atemp>
            <gpxtpx:hr>149</gpxtpx:hr>
          </gpxtpx:TrackPointExtension>
        </extensions>
      </trkpt>
      <trkpt lat="25.174584165215492" lon="121.44141993485391">
        <ele>44</ele>
        <time>2024-07-20T01:10:28.729Z</time>
        <extensions>
          <gpxtpx:TrackPointExtension>
            <gpxtpx:atemp>36</gpxtpx:atemp>
            <gpxtpx:hr>149</gpxtpx:hr>
          </gpxtpx:TrackPointExtension>
        </extensions>
      </trkpt>
      <trkpt lat="25.17527441494167" lon="121.4416067674756">
        <ele>51</ele>
        <time>2024-07-20T01:10:43.729Z</time>
        <extensions>
          <gpxtpx:TrackPointExtension>
            <gpxtpx:atemp>36</gpxtpx:atemp>
            <gpxtpx:hr>155</gpxtpx:hr>
          </gpxtpx:TrackPointExtension>
        </extensions>
      </trkpt>
      <trkpt lat="25.17567959614098" lon="121.44187071360648">
        <ele>50</ele>
        <time>2024-07-20T01:10:53.729Z</time>
        <extensions>
          <gpxtpx:TrackPointExtension>
            <gpxtpx:atemp>36</gpxtpx:atemp>
            <gpxtpx:hr>158</gpxtpx:hr>
          </gpxtpx:TrackPointExtension>
        </extensions>
      </trkpt>
      <trkpt lat="25.176476715132594" lon="121.4424722827971">
        <ele>47</ele>
        <time>2024-07-20T01:11:16.729Z</time>
        <extensions>
          <gpxtpx:TrackPointExtension>
            <gpxtpx:atemp>36</gpxtpx:atemp>
            <gpxtpx:hr>149</gpxtpx:hr>
          </gpxtpx:TrackPointExtension>
        </extensions>
      </trkpt>
      <trkpt lat="25.17815644852817" lon="121.44401723518968">
        <ele>49</ele>
        <time>2024-07-20T01:12:01.729Z</time>
        <extensions>
          <gpxtpx:TrackPointExtension>
            <gpxtpx:atemp>36</gpxtpx:atemp>
            <gpxtpx:hr>159</gpxtpx:hr>
          </gpxtpx:TrackPointExtension>
        </extensions>
      </trkpt>
      <trkpt lat="25.178556265309453" lon="121.44431294873357">
        <ele>50</ele>
        <time>2024-07-20T01:12:10.729Z</time>
        <extensions>
          <gpxtpx:TrackPointExtension>
            <gpxtpx:atemp>36</gpxtpx:atemp>
            <gpxtpx:hr>161</gpxtpx:hr>
          </gpxtpx:TrackPointExtension>
        </extensions>
      </trkpt>
      <trkpt lat="25.178957590833306" lon="121.44444203004241">
        <ele>54</ele>
        <time>2024-07-20T01:12:17.729Z</time>
        <extensions>
          <gpxtpx:TrackPointExtension>
            <gpxtpx:atemp>36</gpxtpx:atemp>
            <gpxtpx:hr>161</gpxtpx:hr>
          </gpxtpx:TrackPointExtension>
        </extensions>
      </trkpt>
      <trkpt lat="25.18111115321517" lon="121.44476741552353">
        <ele>44</ele>
        <time>2024-07-20T01:13:15.729Z</time>
        <extensions>
          <gpxtpx:TrackPointExtension>
            <gpxtpx:atemp>36</gpxtpx:atemp>
            <gpxtpx:hr>150</gpxtpx:hr>
          </gpxtpx:TrackPointExtension>
        </extensions>
      </trkpt>
      <trkpt lat="25.185192804783583" lon="121.44423197954893">
        <ele>36</ele>
        <time>2024-07-20T01:14:40.729Z</time>
        <extensions>
          <gpxtpx:TrackPointExtension>
            <gpxtpx:atemp>35</gpxtpx:atemp>
            <gpxtpx:hr>139</gpxtpx:hr>
          </gpxtpx:TrackPointExtension>
        </extensions>
      </trkpt>
      <trkpt lat="25.188001580536366" lon="121.44417255185544">
        <ele>33</ele>
        <time>2024-07-20T01:15:21.729Z</time>
        <extensions>
          <gpxtpx:TrackPointExtension>
            <gpxtpx:atemp>35</gpxtpx:atemp>
            <gpxtpx:hr>160</gpxtpx:hr>
          </gpxtpx:TrackPointExtension>
        </extensions>
      </trkpt>
      <trkpt lat="25.189610151574016" lon="121.44376376643777">
        <ele>31</ele>
        <time>2024-07-20T01:15:43.729Z</time>
        <extensions>
          <gpxtpx:TrackPointExtension>
            <gpxtpx:atemp>35</gpxtpx:atemp>
            <gpxtpx:hr>166</gpxtpx:hr>
          </gpxtpx:TrackPointExtension>
        </extensions>
      </trkpt>
      <trkpt lat="25.19213712774217" lon="121.44460908137262">
        <ele>40</ele>
        <time>2024-07-20T01:16:22.729Z</time>
        <extensions>
          <gpxtpx:TrackPointExtension>
            <gpxtpx:atemp>34</gpxtpx:atemp>
            <gpxtpx:hr>170</gpxtpx:hr>
          </gpxtpx:TrackPointExtension>
        </extensions>
      </trkpt>
      <trkpt lat="25.19224986433983" lon="121.44455786794424">
        <ele>40</ele>
        <time>2024-07-20T01:16:25.729Z</time>
        <extensions>
          <gpxtpx:TrackPointExtension>
            <gpxtpx:atemp>35</gpxtpx:atemp>
            <gpxtpx:hr>169</gpxtpx:hr>
          </gpxtpx:TrackPointExtension>
        </extensions>
      </trkpt>
      <trkpt lat="25.19243409857154" lon="121.44426248967648">
        <ele>43</ele>
        <time>2024-07-20T01:16:32.729Z</time>
        <extensions>
          <gpxtpx:TrackPointExtension>
            <gpxtpx:atemp>34</gpxtpx:atemp>
            <gpxtpx:hr>170</gpxtpx:hr>
          </gpxtpx:TrackPointExtension>
        </extensions>
      </trkpt>
      <trkpt lat="25.192587906494737" lon="121.44307938404381">
        <ele>45</ele>
        <time>2024-07-20T01:17:00.729Z</time>
        <extensions>
          <gpxtpx:TrackPointExtension>
            <gpxtpx:atemp>34</gpxtpx:atemp>
            <gpxtpx:hr>166</gpxtpx:hr>
          </gpxtpx:TrackPointExtension>
        </extensions>
      </trkpt>
      <trkpt lat="25.192505596205592" lon="121.44430146552622">
        <ele>42</ele>
        <time>2024-07-20T01:17:33.729Z</time>
        <extensions>
          <gpxtpx:TrackPointExtension>
            <gpxtpx:atemp>34</gpxtpx:atemp>
            <gpxtpx:hr>155</gpxtpx:hr>
          </gpxtpx:TrackPointExtension>
        </extensions>
      </trkpt>
      <trkpt lat="25.192684549838305" lon="121.44425863400102">
        <ele>43</ele>
        <time>2024-07-20T01:17:37.729Z</time>
        <extensions>
          <gpxtpx:TrackPointExtension>
            <gpxtpx:atemp>34</gpxtpx:atemp>
            <gpxtpx:hr>154</gpxtpx:hr>
          </gpxtpx:TrackPointExtension>
        </extensions>
      </trkpt>
      <trkpt lat="25.193383768200874" lon="121.44378731958568">
        <ele>46</ele>
        <time>2024-07-20T01:17:52.729Z</time>
        <extensions>
          <gpxtpx:TrackPointExtension>
            <gpxtpx:atemp>34</gpxtpx:atemp>
            <gpxtpx:hr>159</gpxtpx:hr>
          </gpxtpx:TrackPointExtension>
        </extensions>
      </trkpt>
      <trkpt lat="25.193682499229908" lon="121.44377365708351">
        <ele>47</ele>
        <time>2024-07-20T01:17:57.729Z</time>
        <extensions>
          <gpxtpx:TrackPointExtension>
            <gpxtpx:atemp>35</gpxtpx:atemp>
            <gpxtpx:hr>160</gpxtpx:hr>
          </gpxtpx:TrackPointExtension>
        </extensions>
      </trkpt>
      <trkpt lat="25.195199539884925" lon="121.44485173746943">
        <ele>53</ele>
        <time>2024-07-20T01:18:33.729Z</time>
        <extensions>
          <gpxtpx:TrackPointExtension>
            <gpxtpx:atemp>35</gpxtpx:atemp>
            <gpxtpx:hr>170</gpxtpx:hr>
          </gpxtpx:TrackPointExtension>
        </extensions>
      </trkpt>
      <trkpt lat="25.196568220853806" lon="121.4453424140811">
        <ele>58</ele>
        <time>2024-07-20T01:19:01.729Z</time>
        <extensions>
          <gpxtpx:TrackPointExtension>
            <gpxtpx:atemp>35</gpxtpx:atemp>
            <gpxtpx:hr>173</gpxtpx:hr>
          </gpxtpx:TrackPointExtension>
        </extensions>
      </trkpt>
      <trkpt lat="25.196936102584004" lon="121.44559839740396">
        <ele>57</ele>
        <time>2024-07-20T01:19:08.729Z</time>
        <extensions>
          <gpxtpx:TrackPointExtension>
            <gpxtpx:atemp>35</gpxtpx:atemp>
            <gpxtpx:hr>172</gpxtpx:hr>
          </gpxtpx:TrackPointExtension>
        </extensions>
      </trkpt>
      <trkpt lat="25.197365172207355" lon="121.44611665047705">
        <ele>56</ele>
        <time>2024-07-20T01:20:27.729Z</time>
        <extensions>
          <gpxtpx:TrackPointExtension>
            <gpxtpx:atemp>35</gpxtpx:atemp>
            <gpxtpx:hr>146</gpxtpx:hr>
          </gpxtpx:TrackPointExtension>
        </extensions>
      </trkpt>
      <trkpt lat="25.19838709384203" lon="121.44759823568165">
        <ele>58</ele>
        <time>2024-07-20T01:21:00.729Z</time>
        <extensions>
          <gpxtpx:TrackPointExtension>
            <gpxtpx:atemp>36</gpxtpx:atemp>
            <gpxtpx:hr>162</gpxtpx:hr>
          </gpxtpx:TrackPointExtension>
        </extensions>
      </trkpt>
      <trkpt lat="25.19893242046237" lon="121.44800836220384">
        <ele>57</ele>
        <time>2024-07-20T01:21:11.729Z</time>
        <extensions>
          <gpxtpx:TrackPointExtension>
            <gpxtpx:atemp>36</gpxtpx:atemp>
            <gpxtpx:hr>161</gpxtpx:hr>
          </gpxtpx:TrackPointExtension>
        </extensions>
      </trkpt>
      <trkpt lat="25.19929544068873" lon="121.4481586497277">
        <ele>58</ele>
        <time>2024-07-20T01:21:16.729Z</time>
        <extensions>
          <gpxtpx:TrackPointExtension>
            <gpxtpx:atemp>36</gpxtpx:atemp>
            <gpxtpx:hr>163</gpxtpx:hr>
          </gpxtpx:TrackPointExtension>
        </extensions>
      </trkpt>
      <trkpt lat="25.201731137931347" lon="121.44841806963086">
        <ele>48</ele>
        <time>2024-07-20T01:21:42.729Z</time>
        <extensions>
          <gpxtpx:TrackPointExtension>
            <gpxtpx:atemp>36</gpxtpx:atemp>
            <gpxtpx:hr>169</gpxtpx:hr>
          </gpxtpx:TrackPointExtension>
        </extensions>
      </trkpt>
      <trkpt lat="25.20233228802681" lon="121.44853985868394">
        <ele>51</ele>
        <time>2024-07-20T01:21:48.729Z</time>
        <extensions>
          <gpxtpx:TrackPointExtension>
            <gpxtpx:atemp>36</gpxtpx:atemp>
            <gpxtpx:hr>170</gpxtpx:hr>
          </gpxtpx:TrackPointExtension>
        </extensions>
      </trkpt>
      <trkpt lat="25.20356903783977" lon="121.44893640652299">
        <ele>57</ele>
        <time>2024-07-20T01:22:03.729Z</time>
        <extensions>
          <gpxtpx:TrackPointExtension>
            <gpxtpx:atemp>35</gpxtpx:atemp>
            <gpxtpx:hr>175</gpxtpx:hr>
          </gpxtpx:TrackPointExtension>
        </extensions>
      </trkpt>
      <trkpt lat="25.204609064385295" lon="121.4489131886512">
        <ele>63</ele>
        <time>2024-07-20T01:22:20.729Z</time>
        <extensions>
          <gpxtpx:TrackPointExtension>
            <gpxtpx:atemp>35</gpxtpx:atemp>
            <gpxtpx:hr>179</gpxtpx:hr>
          </gpxtpx:TrackPointExtension>
        </extensions>
      </trkpt>
      <trkpt lat="25.206107581034303" lon="121.44906749948859">
        <ele>63</ele>
        <time>2024-07-20T01:22:45.729Z</time>
        <extensions>
          <gpxtpx:TrackPointExtension>
            <gpxtpx:atemp>35</gpxtpx:atemp>
            <gpxtpx:hr>175</gpxtpx:hr>
          </gpxtpx:TrackPointExtension>
        </extensions>
      </trkpt>
      <trkpt lat="25.206834375858307" lon="121.44885828718543">
        <ele>61</ele>
        <time>2024-07-20T01:23:04.729Z</time>
        <extensions>
          <gpxtpx:TrackPointExtension>
            <gpxtpx:atemp>35</gpxtpx:atemp>
            <gpxtpx:hr>175</gpxtpx:hr>
          </gpxtpx:TrackPointExtension>
        </extensions>
      </trkpt>
      <trkpt lat="25.207294207066298" lon="121.44886155612767">
        <ele>59</ele>
        <time>2024-07-20T01:23:09.729Z</time>
        <extensions>
          <gpxtpx:TrackPointExtension>
            <gpxtpx:atemp>35</gpxtpx:atemp>
            <gpxtpx:hr>178</gpxtpx:hr>
          </gpxtpx:TrackPointExtension>
        </extensions>
      </trkpt>
      <trkpt lat="25.209656981751323" lon="121.4493674878031">
        <ele>52</ele>
        <time>2024-07-20T01:23:32.729Z</time>
        <extensions>
          <gpxtpx:TrackPointExtension>
            <gpxtpx:atemp>35</gpxtpx:atemp>
            <gpxtpx:hr>184</gpxtpx:hr>
          </gpxtpx:TrackPointExtension>
        </extensions>
      </trkpt>
      <trkpt lat="25.21100739017129" lon="121.45025144331157">
        <ele>41</ele>
        <time>2024-07-20T01:23:44.729Z</time>
        <extensions>
          <gpxtpx:TrackPointExtension>
            <gpxtpx:atemp>34</gpxtpx:atemp>
            <gpxtpx:hr>187</gpxtpx:hr>
          </gpxtpx:TrackPointExtension>
        </extensions>
      </trkpt>
      <trkpt lat="25.212476570159197" lon="121.45052041858435">
        <ele>35</ele>
        <time>2024-07-20T01:23:55.729Z</time>
        <extensions>
          <gpxtpx:TrackPointExtension>
            <gpxtpx:atemp>34</gpxtpx:atemp>
            <gpxtpx:hr>180</gpxtpx:hr>
          </gpxtpx:TrackPointExtension>
        </extensions>
      </trkpt>
      <trkpt lat="25.21504646167159" lon="121.45067908801138">
        <ele>29</ele>
        <time>2024-07-20T01:24:15.729Z</time>
        <extensions>
          <gpxtpx:TrackPointExtension>
            <gpxtpx:atemp>34</gpxtpx:atemp>
            <gpxtpx:hr>177</gpxtpx:hr>
          </gpxtpx:TrackPointExtension>
        </extensions>
      </trkpt>
      <trkpt lat="25.216477001085877" lon="121.44989194348454">
        <ele>41</ele>
        <time>2024-07-20T01:24:35.729Z</time>
        <extensions>
          <gpxtpx:TrackPointExtension>
            <gpxtpx:atemp>34</gpxtpx:atemp>
            <gpxtpx:hr>180</gpxtpx:hr>
          </gpxtpx:TrackPointExtension>
        </extensions>
      </trkpt>
      <trkpt lat="25.217421976849437" lon="121.4499491918832">
        <ele>47</ele>
        <time>2024-07-20T01:24:55.729Z</time>
        <extensions>
          <gpxtpx:TrackPointExtension>
            <gpxtpx:atemp>34</gpxtpx:atemp>
            <gpxtpx:hr>183</gpxtpx:hr>
          </gpxtpx:TrackPointExtension>
        </extensions>
      </trkpt>
      <trkpt lat="25.219422737136483" lon="121.45033827982843">
        <ele>56</ele>
        <time>2024-07-20T01:25:38.729Z</time>
        <extensions>
          <gpxtpx:TrackPointExtension>
            <gpxtpx:atemp>34</gpxtpx:atemp>
            <gpxtpx:hr>186</gpxtpx:hr>
          </gpxtpx:TrackPointExtension>
        </extensions>
      </trkpt>
      <trkpt lat="25.219872342422605" lon="121.45058982074261">
        <ele>53</ele>
        <time>2024-07-20T01:25:45.729Z</time>
        <extensions>
          <gpxtpx:TrackPointExtension>
            <gpxtpx:atemp>34</gpxtpx:atemp>
            <gpxtpx:hr>185</gpxtpx:hr>
          </gpxtpx:TrackPointExtension>
        </extensions>
      </trkpt>
      <trkpt lat="25.22050341591239" lon="121.45121628418565">
        <ele>48</ele>
        <time>2024-07-20T01:25:56.729Z</time>
        <extensions>
          <gpxtpx:TrackPointExtension>
            <gpxtpx:atemp>34</gpxtpx:atemp>
            <gpxtpx:hr>183</gpxtpx:hr>
          </gpxtpx:TrackPointExtension>
        </extensions>
      </trkpt>
      <trkpt lat="25.22093776613474" lon="121.4515176974237">
        <ele>47</ele>
        <time>2024-07-20T01:26:02.729Z</time>
        <extensions>
          <gpxtpx:TrackPointExtension>
            <gpxtpx:atemp>34</gpxtpx:atemp>
            <gpxtpx:hr>183</gpxtpx:hr>
          </gpxtpx:TrackPointExtension>
        </extensions>
      </trkpt>
      <trkpt lat="25.22148217074573" lon="121.45169313065708">
        <ele>46</ele>
        <time>2024-07-20T01:26:08.729Z</time>
        <extensions>
          <gpxtpx:TrackPointExtension>
            <gpxtpx:atemp>34</gpxtpx:atemp>
            <gpxtpx:hr>182</gpxtpx:hr>
          </gpxtpx:TrackPointExtension>
        </extensions>
      </trkpt>
      <trkpt lat="25.223950473591685" lon="121.45195372402668">
        <ele>40</ele>
        <time>2024-07-20T01:26:30.729Z</time>
        <extensions>
          <gpxtpx:TrackPointExtension>
            <gpxtpx:atemp>34</gpxtpx:atemp>
            <gpxtpx:hr>177</gpxtpx:hr>
          </gpxtpx:TrackPointExtension>
        </extensions>
      </trkpt>
      <trkpt lat="25.225473046302795" lon="121.45201776176691">
        <ele>43</ele>
        <time>2024-07-20T01:26:49.729Z</time>
        <extensions>
          <gpxtpx:TrackPointExtension>
            <gpxtpx:atemp>34</gpxtpx:atemp>
            <gpxtpx:hr>179</gpxtpx:hr>
          </gpxtpx:TrackPointExtension>
        </extensions>
      </trkpt>
      <trkpt lat="25.22705697454512" lon="121.45190284587443">
        <ele>41</ele>
        <time>2024-07-20T01:27:16.729Z</time>
        <extensions>
          <gpxtpx:TrackPointExtension>
            <gpxtpx:atemp>34</gpxtpx:atemp>
            <gpxtpx:hr>173</gpxtpx:hr>
          </gpxtpx:TrackPointExtension>
        </extensions>
      </trkpt>
      <trkpt lat="25.229137865826488" lon="121.45157880149782">
        <ele>41</ele>
        <time>2024-07-20T01:27:50.729Z</time>
        <extensions>
          <gpxtpx:TrackPointExtension>
            <gpxtpx:atemp>34</gpxtpx:atemp>
            <gpxtpx:hr>165</gpxtpx:hr>
          </gpxtpx:TrackPointExtension>
        </extensions>
      </trkpt>
      <trkpt lat="25.229762820526958" lon="121.45158600993454">
        <ele>36</ele>
        <time>2024-07-20T01:27:58.729Z</time>
        <extensions>
          <gpxtpx:TrackPointExtension>
            <gpxtpx:atemp>34</gpxtpx:atemp>
            <gpxtpx:hr>168</gpxtpx:hr>
          </gpxtpx:TrackPointExtension>
        </extensions>
      </trkpt>
      <trkpt lat="25.230982387438416" lon="121.45181030966341">
        <ele>31</ele>
        <time>2024-07-20T01:28:11.729Z</time>
        <extensions>
          <gpxtpx:TrackPointExtension>
            <gpxtpx:atemp>34</gpxtpx:atemp>
            <gpxtpx:hr>173</gpxtpx:hr>
          </gpxtpx:TrackPointExtension>
        </extensions>
      </trkpt>
      <trkpt lat="25.231470298022032" lon="121.45209143869579">
        <ele>26</ele>
        <time>2024-07-20T01:28:16.729Z</time>
        <extensions>
          <gpxtpx:TrackPointExtension>
            <gpxtpx:atemp>34</gpxtpx:atemp>
            <gpxtpx:hr>172</gpxtpx:hr>
          </gpxtpx:TrackPointExtension>
        </extensions>
      </trkpt>
      <trkpt lat="25.231824181973934" lon="121.45240274257958">
        <ele>25</ele>
        <time>2024-07-20T01:28:20.729Z</time>
        <extensions>
          <gpxtpx:TrackPointExtension>
            <gpxtpx:atemp>34</gpxtpx:atemp>
            <gpxtpx:hr>173</gpxtpx:hr>
          </gpxtpx:TrackPointExtension>
        </extensions>
      </trkpt>
      <trkpt lat="25.232832692563534" lon="121.45384484902024">
        <ele>35</ele>
        <time>2024-07-20T01:28:40.729Z</time>
        <extensions>
          <gpxtpx:TrackPointExtension>
            <gpxtpx:atemp>34</gpxtpx:atemp>
            <gpxtpx:hr>176</gpxtpx:hr>
          </gpxtpx:TrackPointExtension>
        </extensions>
      </trkpt>
      <trkpt lat="25.234081596136093" lon="121.45510171540082">
        <ele>34</ele>
        <time>2024-07-20T01:29:04.729Z</time>
        <extensions>
          <gpxtpx:TrackPointExtension>
            <gpxtpx:atemp>34</gpxtpx:atemp>
            <gpxtpx:hr>179</gpxtpx:hr>
          </gpxtpx:TrackPointExtension>
        </extensions>
      </trkpt>
      <trkpt lat="25.234466157853603" lon="121.45540966652334">
        <ele>28</ele>
        <time>2024-07-20T01:29:09.729Z</time>
        <extensions>
          <gpxtpx:TrackPointExtension>
            <gpxtpx:atemp>34</gpxtpx:atemp>
            <gpxtpx:hr>178</gpxtpx:hr>
          </gpxtpx:TrackPointExtension>
        </extensions>
      </trkpt>
      <trkpt lat="25.235269060358405" lon="121.45585508085787">
        <ele>20</ele>
        <time>2024-07-20T01:29:17.729Z</time>
        <extensions>
          <gpxtpx:TrackPointExtension>
            <gpxtpx:atemp>34</gpxtpx:atemp>
            <gpxtpx:hr>178</gpxtpx:hr>
          </gpxtpx:TrackPointExtension>
        </extensions>
      </trkpt>
      <trkpt lat="25.236661294475198" lon="121.45647006109357">
        <ele>24</ele>
        <time>2024-07-20T01:29:31.729Z</time>
        <extensions>
          <gpxtpx:TrackPointExtension>
            <gpxtpx:atemp>34</gpxtpx:atemp>
            <gpxtpx:hr>177</gpxtpx:hr>
          </gpxtpx:TrackPointExtension>
        </extensions>
      </trkpt>
      <trkpt lat="25.239609628915787" lon="121.4570539444685">
        <ele>26</ele>
        <time>2024-07-20T01:30:12.729Z</time>
        <extensions>
          <gpxtpx:TrackPointExtension>
            <gpxtpx:atemp>34</gpxtpx:atemp>
            <gpxtpx:hr>179</gpxtpx:hr>
          </gpxtpx:TrackPointExtension>
        </extensions>
      </trkpt>
      <trkpt lat="25.241637881845236" lon="121.45802021026611">
        <ele>25</ele>
        <time>2024-07-20T01:30:48.729Z</time>
        <extensions>
          <gpxtpx:TrackPointExtension>
            <gpxtpx:atemp>34</gpxtpx:atemp>
            <gpxtpx:hr>179</gpxtpx:hr>
          </gpxtpx:TrackPointExtension>
        </extensions>
      </trkpt>
      <trkpt lat="25.243991184979677" lon="121.45892688073218">
        <ele>23</ele>
        <time>2024-07-20T01:31:15.729Z</time>
        <extensions>
          <gpxtpx:TrackPointExtension>
            <gpxtpx:atemp>34</gpxtpx:atemp>
            <gpxtpx:hr>183</gpxtpx:hr>
          </gpxtpx:TrackPointExtension>
        </extensions>
      </trkpt>
      <trkpt lat="25.244711190462112" lon="121.45913978107274">
        <ele>21</ele>
        <time>2024-07-20T01:31:26.729Z</time>
        <extensions>
          <gpxtpx:TrackPointExtension>
            <gpxtpx:atemp>34</gpxtpx:atemp>
            <gpxtpx:hr>180</gpxtpx:hr>
          </gpxtpx:TrackPointExtension>
        </extensions>
      </trkpt>
      <trkpt lat="25.246146507561207" lon="121.45934144966304">
        <ele>19</ele>
        <time>2024-07-20T01:31:43.729Z</time>
        <extensions>
          <gpxtpx:TrackPointExtension>
            <gpxtpx:atemp>34</gpxtpx:atemp>
            <gpxtpx:hr>179</gpxtpx:hr>
          </gpxtpx:TrackPointExtension>
        </extensions>
      </trkpt>
      <trkpt lat="25.24681127630174" lon="121.45967136137187">
        <ele>13</ele>
        <time>2024-07-20T01:31:50.729Z</time>
        <extensions>
          <gpxtpx:TrackPointExtension>
            <gpxtpx:atemp>34</gpxtpx:atemp>
            <gpxtpx:hr>179</gpxtpx:hr>
          </gpxtpx:TrackPointExtension>
        </extensions>
      </trkpt>
      <trkpt lat="25.247146300971508" lon="121.46013437770307">
        <ele>14</ele>
        <time>2024-07-20T01:31:55.729Z</time>
        <extensions>
          <gpxtpx:TrackPointExtension>
            <gpxtpx:atemp>34</gpxtpx:atemp>
            <gpxtpx:hr>177</gpxtpx:hr>
          </gpxtpx:TrackPointExtension>
        </extensions>
      </trkpt>
      <trkpt lat="25.248336028307676" lon="121.46302278153598">
        <ele>12</ele>
        <time>2024-07-20T01:32:23.729Z</time>
        <extensions>
          <gpxtpx:TrackPointExtension>
            <gpxtpx:atemp>34</gpxtpx:atemp>
            <gpxtpx:hr>175</gpxtpx:hr>
          </gpxtpx:TrackPointExtension>
        </extensions>
      </trkpt>
      <trkpt lat="25.25075144134462" lon="121.46956376731396">
        <ele>7</ele>
        <time>2024-07-20T01:33:42.729Z</time>
        <extensions>
          <gpxtpx:TrackPointExtension>
            <gpxtpx:atemp>34</gpxtpx:atemp>
            <gpxtpx:hr>182</gpxtpx:hr>
          </gpxtpx:TrackPointExtension>
        </extensions>
      </trkpt>
      <trkpt lat="25.25214266963303" lon="121.47164071910083">
        <ele>11</ele>
        <time>2024-07-20T01:34:13.729Z</time>
        <extensions>
          <gpxtpx:TrackPointExtension>
            <gpxtpx:atemp>34</gpxtpx:atemp>
            <gpxtpx:hr>179</gpxtpx:hr>
          </gpxtpx:TrackPointExtension>
        </extensions>
      </trkpt>
      <trkpt lat="25.253650657832623" lon="121.4733965601772">
        <ele>7</ele>
        <time>2024-07-20T01:34:42.729Z</time>
        <extensions>
          <gpxtpx:TrackPointExtension>
            <gpxtpx:atemp>34</gpxtpx:atemp>
            <gpxtpx:hr>180</gpxtpx:hr>
          </gpxtpx:TrackPointExtension>
        </extensions>
      </trkpt>
      <trkpt lat="25.254576271399856" lon="121.47429367527366">
        <ele>7</ele>
        <time>2024-07-20T01:34:57.729Z</time>
        <extensions>
          <gpxtpx:TrackPointExtension>
            <gpxtpx:atemp>34</gpxtpx:atemp>
            <gpxtpx:hr>180</gpxtpx:hr>
          </gpxtpx:TrackPointExtension>
        </extensions>
      </trkpt>
      <trkpt lat="25.256209652870893" lon="121.47569043561816">
        <ele>8</ele>
        <time>2024-07-20T01:35:23.729Z</time>
        <extensions>
          <gpxtpx:TrackPointExtension>
            <gpxtpx:atemp>34</gpxtpx:atemp>
            <gpxtpx:hr>179</gpxtpx:hr>
          </gpxtpx:TrackPointExtension>
        </extensions>
      </trkpt>
      <trkpt lat="25.257002413272858" lon="121.47629234008491">
        <ele>8</ele>
        <time>2024-07-20T01:35:35.729Z</time>
        <extensions>
          <gpxtpx:TrackPointExtension>
            <gpxtpx:atemp>34</gpxtpx:atemp>
            <gpxtpx:hr>179</gpxtpx:hr>
          </gpxtpx:TrackPointExtension>
        </extensions>
      </trkpt>
      <trkpt lat="25.261505590751767" lon="121.47912877611816">
        <ele>8</ele>
        <time>2024-07-20T01:36:43.729Z</time>
        <extensions>
          <gpxtpx:TrackPointExtension>
            <gpxtpx:atemp>34</gpxtpx:atemp>
            <gpxtpx:hr>180</gpxtpx:hr>
          </gpxtpx:TrackPointExtension>
        </extensions>
      </trkpt>
      <trkpt lat="25.26197732426226" lon="121.47949858568609">
        <ele>6</ele>
        <time>2024-07-20T01:36:51.729Z</time>
        <extensions>
          <gpxtpx:TrackPointExtension>
            <gpxtpx:atemp>34</gpxtpx:atemp>
            <gpxtpx:hr>179</gpxtpx:hr>
          </gpxtpx:TrackPointExtension>
        </extensions>
      </trkpt>
      <trkpt lat="25.262322491034865" lon="121.47991701029241">
        <ele>5</ele>
        <time>2024-07-20T01:36:58.729Z</time>
        <extensions>
          <gpxtpx:TrackPointExtension>
            <gpxtpx:atemp>34</gpxtpx:atemp>
            <gpxtpx:hr>178</gpxtpx:hr>
          </gpxtpx:TrackPointExtension>
        </extensions>
      </trkpt>
      <trkpt lat="25.26340643875301" lon="121.48148878477514">
        <ele>12</ele>
        <time>2024-07-20T01:37:30.729Z</time>
        <extensions>
          <gpxtpx:TrackPointExtension>
            <gpxtpx:atemp>34</gpxtpx:atemp>
            <gpxtpx:hr>180</gpxtpx:hr>
          </gpxtpx:TrackPointExtension>
        </extensions>
      </trkpt>
      <trkpt lat="25.263547590002418" lon="121.48180084303021">
        <ele>15</ele>
        <time>2024-07-20T01:37:37.729Z</time>
        <extensions>
          <gpxtpx:TrackPointExtension>
            <gpxtpx:atemp>34</gpxtpx:atemp>
            <gpxtpx:hr>179</gpxtpx:hr>
          </gpxtpx:TrackPointExtension>
        </extensions>
      </trkpt>
      <trkpt lat="25.263584051281214" lon="121.48216268979013">
        <ele>17</ele>
        <time>2024-07-20T01:37:45.729Z</time>
        <extensions>
          <gpxtpx:TrackPointExtension>
            <gpxtpx:atemp>35</gpxtpx:atemp>
            <gpxtpx:hr>180</gpxtpx:hr>
          </gpxtpx:TrackPointExtension>
        </extensions>
      </trkpt>
      <trkpt lat="25.263478020206094" lon="121.48264339193702">
        <ele>18</ele>
        <time>2024-07-20T01:37:54.729Z</time>
        <extensions>
          <gpxtpx:TrackPointExtension>
            <gpxtpx:atemp>35</gpxtpx:atemp>
            <gpxtpx:hr>182</gpxtpx:hr>
          </gpxtpx:TrackPointExtension>
        </extensions>
      </trkpt>
      <trkpt lat="25.2627731859684" lon="121.48376916535199">
        <ele>22</ele>
        <time>2024-07-20T01:38:15.729Z</time>
        <extensions>
          <gpxtpx:TrackPointExtension>
            <gpxtpx:atemp>35</gpxtpx:atemp>
            <gpxtpx:hr>180</gpxtpx:hr>
          </gpxtpx:TrackPointExtension>
        </extensions>
      </trkpt>
      <trkpt lat="25.26262851431966" lon="121.484120702371">
        <ele>21</ele>
        <time>2024-07-20T01:38:21.729Z</time>
        <extensions>
          <gpxtpx:TrackPointExtension>
            <gpxtpx:atemp>35</gpxtpx:atemp>
            <gpxtpx:hr>181</gpxtpx:hr>
          </gpxtpx:TrackPointExtension>
        </extensions>
      </trkpt>
      <trkpt lat="25.26187900453806" lon="121.487249834463">
        <ele>23</ele>
        <time>2024-07-20T01:39:13.729Z</time>
        <extensions>
          <gpxtpx:TrackPointExtension>
            <gpxtpx:atemp>36</gpxtpx:atemp>
            <gpxtpx:hr>178</gpxtpx:hr>
          </gpxtpx:TrackPointExtension>
        </extensions>
      </trkpt>
      <trkpt lat="25.260155852884054" lon="121.49162946268916">
        <ele>34</ele>
        <time>2024-07-20T01:40:33.729Z</time>
        <extensions>
          <gpxtpx:TrackPointExtension>
            <gpxtpx:atemp>37</gpxtpx:atemp>
            <gpxtpx:hr>180</gpxtpx:hr>
          </gpxtpx:TrackPointExtension>
        </extensions>
      </trkpt>
      <trkpt lat="25.260036746039987" lon="121.49228383786976">
        <ele>38</ele>
        <time>2024-07-20T01:40:47.729Z</time>
        <extensions>
          <gpxtpx:TrackPointExtension>
            <gpxtpx:atemp>37</gpxtpx:atemp>
            <gpxtpx:hr>182</gpxtpx:hr>
          </gpxtpx:TrackPointExtension>
        </extensions>
      </trkpt>
      <trkpt lat="25.26010723784566" lon="121.4938585460186">
        <ele>40</ele>
        <time>2024-07-20T01:41:14.729Z</time>
        <extensions>
          <gpxtpx:TrackPointExtension>
            <gpxtpx:atemp>38</gpxtpx:atemp>
            <gpxtpx:hr>181</gpxtpx:hr>
          </gpxtpx:TrackPointExtension>
        </extensions>
      </trkpt>
      <trkpt lat="25.25970214046538" lon="121.49753912352026">
        <ele>55</ele>
        <time>2024-07-20T01:42:59.729Z</time>
        <extensions>
          <gpxtpx:TrackPointExtension>
            <gpxtpx:atemp>39</gpxtpx:atemp>
            <gpxtpx:hr>174</gpxtpx:hr>
          </gpxtpx:TrackPointExtension>
        </extensions>
      </trkpt>
      <trkpt lat="25.25982627645135" lon="121.49806123226881">
        <ele>54</ele>
        <time>2024-07-20T01:43:12.729Z</time>
        <extensions>
          <gpxtpx:TrackPointExtension>
            <gpxtpx:atemp>39</gpxtpx:atemp>
            <gpxtpx:hr>178</gpxtpx:hr>
          </gpxtpx:TrackPointExtension>
        </extensions>
      </trkpt>
      <trkpt lat="25.261101918295026" lon="121.49988178163767">
        <ele>56</ele>
        <time>2024-07-20T01:43:51.729Z</time>
        <extensions>
          <gpxtpx:TrackPointExtension>
            <gpxtpx:atemp>39</gpxtpx:atemp>
            <gpxtpx:hr>173</gpxtpx:hr>
          </gpxtpx:TrackPointExtension>
        </extensions>
      </trkpt>
      <trkpt lat="25.26141338981688" lon="121.50068267248571">
        <ele>55</ele>
        <time>2024-07-20T01:44:02.729Z</time>
        <extensions>
          <gpxtpx:TrackPointExtension>
            <gpxtpx:atemp>39</gpxtpx:atemp>
            <gpxtpx:hr>172</gpxtpx:hr>
          </gpxtpx:TrackPointExtension>
        </extensions>
      </trkpt>
      <trkpt lat="25.261369803920388" lon="121.50362497195601">
        <ele>60</ele>
        <time>2024-07-20T01:44:42.729Z</time>
        <extensions>
          <gpxtpx:TrackPointExtension>
            <gpxtpx:atemp>38</gpxtpx:atemp>
            <gpxtpx:hr>172</gpxtpx:hr>
          </gpxtpx:TrackPointExtension>
        </extensions>
      </trkpt>
      <trkpt lat="25.261392518877983" lon="121.50416468270123">
        <ele>58</ele>
        <time>2024-07-20T01:44:50.729Z</time>
        <extensions>
          <gpxtpx:TrackPointExtension>
            <gpxtpx:atemp>38</gpxtpx:atemp>
            <gpxtpx:hr>174</gpxtpx:hr>
          </gpxtpx:TrackPointExtension>
        </extensions>
      </trkpt>
      <trkpt lat="25.2615125477314" lon="121.50469752028584">
        <ele>59</ele>
        <time>2024-07-20T01:46:00.729Z</time>
        <extensions>
          <gpxtpx:TrackPointExtension>
            <gpxtpx:atemp>39</gpxtpx:atemp>
            <gpxtpx:hr>162</gpxtpx:hr>
          </gpxtpx:TrackPointExtension>
        </extensions>
      </trkpt>
      <trkpt lat="25.26178772561252" lon="121.50511896237731">
        <ele>58</ele>
        <time>2024-07-20T01:46:08.729Z</time>
        <extensions>
          <gpxtpx:TrackPointExtension>
            <gpxtpx:atemp>39</gpxtpx:atemp>
            <gpxtpx:hr>162</gpxtpx:hr>
          </gpxtpx:TrackPointExtension>
        </extensions>
      </trkpt>
      <trkpt lat="25.26226155459881" lon="121.50557359680533">
        <ele>55</ele>
        <time>2024-07-20T01:46:16.729Z</time>
        <extensions>
          <gpxtpx:TrackPointExtension>
            <gpxtpx:atemp>39</gpxtpx:atemp>
            <gpxtpx:hr>163</gpxtpx:hr>
          </gpxtpx:TrackPointExtension>
        </extensions>
      </trkpt>
      <trkpt lat="25.263481959700584" lon="121.50652980431914">
        <ele>44</ele>
        <time>2024-07-20T01:46:30.729Z</time>
        <extensions>
          <gpxtpx:TrackPointExtension>
            <gpxtpx:atemp>38</gpxtpx:atemp>
            <gpxtpx:hr>167</gpxtpx:hr>
          </gpxtpx:TrackPointExtension>
        </extensions>
      </trkpt>
      <trkpt lat="25.264423079788685" lon="121.50711201131344">
        <ele>40</ele>
        <time>2024-07-20T01:46:39.729Z</time>
        <extensions>
          <gpxtpx:TrackPointExtension>
            <gpxtpx:atemp>38</gpxtpx:atemp>
            <gpxtpx:hr>166</gpxtpx:hr>
          </gpxtpx:TrackPointExtension>
        </extensions>
      </trkpt>
      <trkpt lat="25.26730041950941" lon="121.50849024765193">
        <ele>32</ele>
        <time>2024-07-20T01:47:07.729Z</time>
        <extensions>
          <gpxtpx:TrackPointExtension>
            <gpxtpx:atemp>37</gpxtpx:atemp>
            <gpxtpx:hr>169</gpxtpx:hr>
          </gpxtpx:TrackPointExtension>
        </extensions>
      </trkpt>
      <trkpt lat="25.26878535747528" lon="121.50887330062687">
        <ele>27</ele>
        <time>2024-07-20T01:47:22.729Z</time>
        <extensions>
          <gpxtpx:TrackPointExtension>
            <gpxtpx:atemp>37</gpxtpx:atemp>
            <gpxtpx:hr>173</gpxtpx:hr>
          </gpxtpx:TrackPointExtension>
        </extensions>
      </trkpt>
      <trkpt lat="25.26939606294036" lon="121.50915266945958">
        <ele>26</ele>
        <time>2024-07-20T01:47:29.729Z</time>
        <extensions>
          <gpxtpx:TrackPointExtension>
            <gpxtpx:atemp>37</gpxtpx:atemp>
            <gpxtpx:hr>175</gpxtpx:hr>
          </gpxtpx:TrackPointExtension>
        </extensions>
      </trkpt>
      <trkpt lat="25.2697444986552" lon="121.50943656452">
        <ele>25</ele>
        <time>2024-07-20T01:47:34.729Z</time>
        <extensions>
          <gpxtpx:TrackPointExtension>
            <gpxtpx:atemp>37</gpxtpx:atemp>
            <gpxtpx:hr>177</gpxtpx:hr>
          </gpxtpx:TrackPointExtension>
        </extensions>
      </trkpt>
      <trkpt lat="25.270397113636136" lon="121.51024642400444">
        <ele>33</ele>
        <time>2024-07-20T01:47:51.729Z</time>
        <extensions>
          <gpxtpx:TrackPointExtension>
            <gpxtpx:atemp>37</gpxtpx:atemp>
            <gpxtpx:hr>176</gpxtpx:hr>
          </gpxtpx:TrackPointExtension>
        </extensions>
      </trkpt>
      <trkpt lat="25.271043861284852" lon="121.5108615718782">
        <ele>42</ele>
        <time>2024-07-20T01:48:21.729Z</time>
        <extensions>
          <gpxtpx:TrackPointExtension>
            <gpxtpx:atemp>37</gpxtpx:atemp>
            <gpxtpx:hr>179</gpxtpx:hr>
          </gpxtpx:TrackPointExtension>
        </extensions>
      </trkpt>
      <trkpt lat="25.2724626660347" lon="121.51161577552557">
        <ele>50</ele>
        <time>2024-07-20T01:48:57.729Z</time>
        <extensions>
          <gpxtpx:TrackPointExtension>
            <gpxtpx:atemp>37</gpxtpx:atemp>
            <gpxtpx:hr>175</gpxtpx:hr>
          </gpxtpx:TrackPointExtension>
        </extensions>
      </trkpt>
      <trkpt lat="25.273286774754524" lon="121.51269000023603">
        <ele>49</ele>
        <time>2024-07-20T01:49:32.729Z</time>
        <extensions>
          <gpxtpx:TrackPointExtension>
            <gpxtpx:atemp>36</gpxtpx:atemp>
            <gpxtpx:hr>179</gpxtpx:hr>
          </gpxtpx:TrackPointExtension>
        </extensions>
      </trkpt>
      <trkpt lat="25.274353539571166" lon="121.5137745346874">
        <ele>57</ele>
        <time>2024-07-20T01:50:16.729Z</time>
        <extensions>
          <gpxtpx:TrackPointExtension>
            <gpxtpx:atemp>37</gpxtpx:atemp>
            <gpxtpx:hr>179</gpxtpx:hr>
          </gpxtpx:TrackPointExtension>
        </extensions>
      </trkpt>
      <trkpt lat="25.27455604635179" lon="121.51413864456117">
        <ele>56</ele>
        <time>2024-07-20T01:50:29.729Z</time>
        <extensions>
          <gpxtpx:TrackPointExtension>
            <gpxtpx:atemp>37</gpxtpx:atemp>
            <gpxtpx:hr>179</gpxtpx:hr>
          </gpxtpx:TrackPointExtension>
        </extensions>
      </trkpt>
      <trkpt lat="25.275048650801182" lon="121.51533666998148">
        <ele>65</ele>
        <time>2024-07-20T01:50:59.729Z</time>
        <extensions>
          <gpxtpx:TrackPointExtension>
            <gpxtpx:atemp>37</gpxtpx:atemp>
            <gpxtpx:hr>180</gpxtpx:hr>
          </gpxtpx:TrackPointExtension>
        </extensions>
      </trkpt>
      <trkpt lat="25.27643669396639" lon="121.51655405759811">
        <ele>56</ele>
        <time>2024-07-20T01:51:18.729Z</time>
        <extensions>
          <gpxtpx:TrackPointExtension>
            <gpxtpx:atemp>37</gpxtpx:atemp>
            <gpxtpx:hr>176</gpxtpx:hr>
          </gpxtpx:TrackPointExtension>
        </extensions>
      </trkpt>
      <trkpt lat="25.277308076620102" lon="121.51743398979306">
        <ele>54</ele>
        <time>2024-07-20T01:51:32.729Z</time>
        <extensions>
          <gpxtpx:TrackPointExtension>
            <gpxtpx:atemp>37</gpxtpx:atemp>
            <gpxtpx:hr>172</gpxtpx:hr>
          </gpxtpx:TrackPointExtension>
        </extensions>
      </trkpt>
      <trkpt lat="25.27803554199636" lon="121.51786213740706">
        <ele>50</ele>
        <time>2024-07-20T01:51:40.729Z</time>
        <extensions>
          <gpxtpx:TrackPointExtension>
            <gpxtpx:atemp>36</gpxtpx:atemp>
            <gpxtpx:hr>173</gpxtpx:hr>
          </gpxtpx:TrackPointExtension>
        </extensions>
      </trkpt>
      <trkpt lat="25.28011123649776" lon="121.51870192028582">
        <ele>39</ele>
        <time>2024-07-20T01:51:57.729Z</time>
        <extensions>
          <gpxtpx:TrackPointExtension>
            <gpxtpx:atemp>36</gpxtpx:atemp>
            <gpxtpx:hr>167</gpxtpx:hr>
          </gpxtpx:TrackPointExtension>
        </extensions>
      </trkpt>
      <trkpt lat="25.2819050475955" lon="121.51956324465573">
        <ele>18</ele>
        <time>2024-07-20T01:52:13.729Z</time>
        <extensions>
          <gpxtpx:TrackPointExtension>
            <gpxtpx:atemp>36</gpxtpx:atemp>
            <gpxtpx:hr>163</gpxtpx:hr>
          </gpxtpx:TrackPointExtension>
        </extensions>
      </trkpt>
      <trkpt lat="25.282490523532033" lon="121.52001645416021">
        <ele>15</ele>
        <time>2024-07-20T01:52:55.729Z</time>
        <extensions>
          <gpxtpx:TrackPointExtension>
            <gpxtpx:atemp>36</gpxtpx:atemp>
            <gpxtpx:hr>161</gpxtpx:hr>
          </gpxtpx:TrackPointExtension>
        </extensions>
      </trkpt>
      <trkpt lat="25.28353800997138" lon="121.521020187065">
        <ele>11</ele>
        <time>2024-07-20T01:53:14.729Z</time>
        <extensions>
          <gpxtpx:TrackPointExtension>
            <gpxtpx:atemp>36</gpxtpx:atemp>
            <gpxtpx:hr>157</gpxtpx:hr>
          </gpxtpx:TrackPointExtension>
        </extensions>
      </trkpt>
      <trkpt lat="25.284694712609053" lon="121.52188100852072">
        <ele>12</ele>
        <time>2024-07-20T01:53:32.729Z</time>
        <extensions>
          <gpxtpx:TrackPointExtension>
            <gpxtpx:atemp>36</gpxtpx:atemp>
            <gpxtpx:hr>162</gpxtpx:hr>
          </gpxtpx:TrackPointExtension>
        </extensions>
      </trkpt>
      <trkpt lat="25.285074412822723" lon="121.52230898849666">
        <ele>12</ele>
        <time>2024-07-20T01:53:39.729Z</time>
        <extensions>
          <gpxtpx:TrackPointExtension>
            <gpxtpx:atemp>36</gpxtpx:atemp>
            <gpxtpx:hr>163</gpxtpx:hr>
          </gpxtpx:TrackPointExtension>
        </extensions>
      </trkpt>
      <trkpt lat="25.285269459709525" lon="121.52269748970866">
        <ele>9</ele>
        <time>2024-07-20T01:53:44.729Z</time>
        <extensions>
          <gpxtpx:TrackPointExtension>
            <gpxtpx:atemp>36</gpxtpx:atemp>
            <gpxtpx:hr>165</gpxtpx:hr>
          </gpxtpx:TrackPointExtension>
        </extensions>
      </trkpt>
      <trkpt lat="25.28536015190184" lon="121.52313192375004">
        <ele>9</ele>
        <time>2024-07-20T01:53:49.729Z</time>
        <extensions>
          <gpxtpx:TrackPointExtension>
            <gpxtpx:atemp>36</gpxtpx:atemp>
            <gpxtpx:hr>167</gpxtpx:hr>
          </gpxtpx:TrackPointExtension>
        </extensions>
      </trkpt>
      <trkpt lat="25.28533902950585" lon="121.52375511825085">
        <ele>14</ele>
        <time>2024-07-20T01:53:56.729Z</time>
        <extensions>
          <gpxtpx:TrackPointExtension>
            <gpxtpx:atemp>36</gpxtpx:atemp>
            <gpxtpx:hr>169</gpxtpx:hr>
          </gpxtpx:TrackPointExtension>
        </extensions>
      </trkpt>
      <trkpt lat="25.284915575757623" lon="121.5264996048063">
        <ele>26</ele>
        <time>2024-07-20T01:54:27.729Z</time>
        <extensions>
          <gpxtpx:TrackPointExtension>
            <gpxtpx:atemp>36</gpxtpx:atemp>
            <gpxtpx:hr>174</gpxtpx:hr>
          </gpxtpx:TrackPointExtension>
        </extensions>
      </trkpt>
      <trkpt lat="25.284936279058456" lon="121.52692724950612">
        <ele>9</ele>
        <time>2024-07-20T01:54:32.729Z</time>
        <extensions>
          <gpxtpx:TrackPointExtension>
            <gpxtpx:atemp>36</gpxtpx:atemp>
            <gpxtpx:hr>174</gpxtpx:hr>
          </gpxtpx:TrackPointExtension>
        </extensions>
      </trkpt>
      <trkpt lat="25.285093439742923" lon="121.52742488309741">
        <ele>5</ele>
        <time>2024-07-20T01:54:38.729Z</time>
        <extensions>
          <gpxtpx:TrackPointExtension>
            <gpxtpx:atemp>36</gpxtpx:atemp>
            <gpxtpx:hr>175</gpxtpx:hr>
          </gpxtpx:TrackPointExtension>
        </extensions>
      </trkpt>
      <trkpt lat="25.285976892337203" lon="121.52968095615506">
        <ele>5</ele>
        <time>2024-07-20T01:55:05.729Z</time>
        <extensions>
          <gpxtpx:TrackPointExtension>
            <gpxtpx:atemp>36</gpxtpx:atemp>
            <gpxtpx:hr>174</gpxtpx:hr>
          </gpxtpx:TrackPointExtension>
        </extensions>
      </trkpt>
      <trkpt lat="25.286621628329158" lon="121.53048813343048">
        <ele>6</ele>
        <time>2024-07-20T01:55:18.729Z</time>
        <extensions>
          <gpxtpx:TrackPointExtension>
            <gpxtpx:atemp>36</gpxtpx:atemp>
            <gpxtpx:hr>175</gpxtpx:hr>
          </gpxtpx:TrackPointExtension>
        </extensions>
      </trkpt>
      <trkpt lat="25.287458058446646" lon="121.53136068955064">
        <ele>14</ele>
        <time>2024-07-20T01:55:37.729Z</time>
        <extensions>
          <gpxtpx:TrackPointExtension>
            <gpxtpx:atemp>36</gpxtpx:atemp>
            <gpxtpx:hr>173</gpxtpx:hr>
          </gpxtpx:TrackPointExtension>
        </extensions>
      </trkpt>
      <trkpt lat="25.288018975406885" lon="121.53210776858032">
        <ele>7</ele>
        <time>2024-07-20T01:55:54.729Z</time>
        <extensions>
          <gpxtpx:TrackPointExtension>
            <gpxtpx:atemp>36</gpxtpx:atemp>
            <gpxtpx:hr>173</gpxtpx:hr>
          </gpxtpx:TrackPointExtension>
        </extensions>
      </trkpt>
      <trkpt lat="25.28814193792641" lon="121.53241655789316">
        <ele>8</ele>
        <time>2024-07-20T01:55:59.729Z</time>
        <extensions>
          <gpxtpx:TrackPointExtension>
            <gpxtpx:atemp>36</gpxtpx:atemp>
            <gpxtpx:hr>174</gpxtpx:hr>
          </gpxtpx:TrackPointExtension>
        </extensions>
      </trkpt>
      <trkpt lat="25.288278060033917" lon="121.53354031965137">
        <ele>10</ele>
        <time>2024-07-20T01:56:15.729Z</time>
        <extensions>
          <gpxtpx:TrackPointExtension>
            <gpxtpx:atemp>36</gpxtpx:atemp>
            <gpxtpx:hr>174</gpxtpx:hr>
          </gpxtpx:TrackPointExtension>
        </extensions>
      </trkpt>
      <trkpt lat="25.288419043645263" lon="121.53401222079992">
        <ele>12</ele>
        <time>2024-07-20T01:56:22.729Z</time>
        <extensions>
          <gpxtpx:TrackPointExtension>
            <gpxtpx:atemp>36</gpxtpx:atemp>
            <gpxtpx:hr>174</gpxtpx:hr>
          </gpxtpx:TrackPointExtension>
        </extensions>
      </trkpt>
      <trkpt lat="25.28932630084455" lon="121.53510438278317">
        <ele>10</ele>
        <time>2024-07-20T01:56:45.729Z</time>
        <extensions>
          <gpxtpx:TrackPointExtension>
            <gpxtpx:atemp>37</gpxtpx:atemp>
            <gpxtpx:hr>176</gpxtpx:hr>
          </gpxtpx:TrackPointExtension>
        </extensions>
      </trkpt>
      <trkpt lat="25.289560155943036" lon="121.53559740632772">
        <ele>13</ele>
        <time>2024-07-20T01:56:57.729Z</time>
        <extensions>
          <gpxtpx:TrackPointExtension>
            <gpxtpx:atemp>37</gpxtpx:atemp>
            <gpxtpx:hr>179</gpxtpx:hr>
          </gpxtpx:TrackPointExtension>
        </extensions>
      </trkpt>
      <trkpt lat="25.289585972204804" lon="121.5358436666429">
        <ele>18</ele>
        <time>2024-07-20T01:57:42.729Z</time>
        <extensions>
          <gpxtpx:TrackPointExtension>
            <gpxtpx:atemp>37</gpxtpx:atemp>
            <gpxtpx:hr>174</gpxtpx:hr>
          </gpxtpx:TrackPointExtension>
        </extensions>
      </trkpt>
      <trkpt lat="25.289569543674588" lon="121.53613024391234">
        <ele>22</ele>
        <time>2024-07-20T01:57:52.729Z</time>
        <extensions>
          <gpxtpx:TrackPointExtension>
            <gpxtpx:atemp>37</gpxtpx:atemp>
            <gpxtpx:hr>175</gpxtpx:hr>
          </gpxtpx:TrackPointExtension>
        </extensions>
      </trkpt>
      <trkpt lat="25.289210882037878" lon="121.537656923756">
        <ele>32</ele>
        <time>2024-07-20T01:58:41.729Z</time>
        <extensions>
          <gpxtpx:TrackPointExtension>
            <gpxtpx:atemp>38</gpxtpx:atemp>
            <gpxtpx:hr>182</gpxtpx:hr>
          </gpxtpx:TrackPointExtension>
        </extensions>
      </trkpt>
      <trkpt lat="25.289283888414502" lon="121.53823996894062">
        <ele>37</ele>
        <time>2024-07-20T01:58:59.729Z</time>
        <extensions>
          <gpxtpx:TrackPointExtension>
            <gpxtpx:atemp>38</gpxtpx:atemp>
            <gpxtpx:hr>182</gpxtpx:hr>
          </gpxtpx:TrackPointExtension>
        </extensions>
      </trkpt>
      <trkpt lat="25.289749586954713" lon="121.53970462270081">
        <ele>31</ele>
        <time>2024-07-20T01:59:32.729Z</time>
        <extensions>
          <gpxtpx:TrackPointExtension>
            <gpxtpx:atemp>39</gpxtpx:atemp>
            <gpxtpx:hr>175</gpxtpx:hr>
          </gpxtpx:TrackPointExtension>
        </extensions>
      </trkpt>
      <trkpt lat="25.289715891703963" lon="121.54052152298391">
        <ele>36</ele>
        <time>2024-07-20T01:59:42.729Z</time>
        <extensions>
          <gpxtpx:TrackPointExtension>
            <gpxtpx:atemp>39</gpxtpx:atemp>
            <gpxtpx:hr>174</gpxtpx:hr>
          </gpxtpx:TrackPointExtension>
        </extensions>
      </trkpt>
      <trkpt lat="25.289146844297647" lon="121.54196270741522">
        <ele>19</ele>
        <time>2024-07-20T02:00:26.729Z</time>
        <extensions>
          <gpxtpx:TrackPointExtension>
            <gpxtpx:atemp>38</gpxtpx:atemp>
            <gpxtpx:hr>170</gpxtpx:hr>
          </gpxtpx:TrackPointExtension>
        </extensions>
      </trkpt>
      <trkpt lat="25.28774170204997" lon="121.54491506516933">
        <ele>13</ele>
        <time>2024-07-20T02:01:10.729Z</time>
        <extensions>
          <gpxtpx:TrackPointExtension>
            <gpxtpx:atemp>38</gpxtpx:atemp>
            <gpxtpx:hr>168</gpxtpx:hr>
          </gpxtpx:TrackPointExtension>
        </extensions>
      </trkpt>
      <trkpt lat="25.287495106458664" lon="121.54561352916062">
        <ele>10</ele>
        <time>2024-07-20T02:01:16.729Z</time>
        <extensions>
          <gpxtpx:TrackPointExtension>
            <gpxtpx:atemp>38</gpxtpx:atemp>
            <gpxtpx:hr>168</gpxtpx:hr>
          </gpxtpx:TrackPointExtension>
        </extensions>
      </trkpt>
      <trkpt lat="25.287443893030286" lon="121.54610303230584">
        <ele>8</ele>
        <time>2024-07-20T02:01:20.729Z</time>
        <extensions>
          <gpxtpx:TrackPointExtension>
            <gpxtpx:atemp>38</gpxtpx:atemp>
            <gpxtpx:hr>167</gpxtpx:hr>
          </gpxtpx:TrackPointExtension>
        </extensions>
      </trkpt>
      <trkpt lat="25.28750072233379" lon="121.54643814079463">
        <ele>8</ele>
        <time>2024-07-20T02:01:23.729Z</time>
        <extensions>
          <gpxtpx:TrackPointExtension>
            <gpxtpx:atemp>38</gpxtpx:atemp>
            <gpxtpx:hr>167</gpxtpx:hr>
          </gpxtpx:TrackPointExtension>
        </extensions>
      </trkpt>
      <trkpt lat="25.28771337121725" lon="121.54689755290747">
        <ele>7</ele>
        <time>2024-07-20T02:01:28.729Z</time>
        <extensions>
          <gpxtpx:TrackPointExtension>
            <gpxtpx:atemp>38</gpxtpx:atemp>
            <gpxtpx:hr>167</gpxtpx:hr>
          </gpxtpx:TrackPointExtension>
        </extensions>
      </trkpt>
      <trkpt lat="25.28871299698949" lon="121.54794562608004">
        <ele>5</ele>
        <time>2024-07-20T02:01:45.729Z</time>
        <extensions>
          <gpxtpx:TrackPointExtension>
            <gpxtpx:atemp>38</gpxtpx:atemp>
            <gpxtpx:hr>169</gpxtpx:hr>
          </gpxtpx:TrackPointExtension>
        </extensions>
      </trkpt>
      <trkpt lat="25.289344238117337" lon="121.5488227084279">
        <ele>11</ele>
        <time>2024-07-20T02:02:01.729Z</time>
        <extensions>
          <gpxtpx:TrackPointExtension>
            <gpxtpx:atemp>38</gpxtpx:atemp>
            <gpxtpx:hr>170</gpxtpx:hr>
          </gpxtpx:TrackPointExtension>
        </extensions>
      </trkpt>
      <trkpt lat="25.28960390947759" lon="121.54941648244858">
        <ele>13</ele>
        <time>2024-07-20T02:02:11.729Z</time>
        <extensions>
          <gpxtpx:TrackPointExtension>
            <gpxtpx:atemp>38</gpxtpx:atemp>
            <gpxtpx:hr>173</gpxtpx:hr>
          </gpxtpx:TrackPointExtension>
        </extensions>
      </trkpt>
      <trkpt lat="25.2902786526829" lon="121.55121515505016">
        <ele>16</ele>
        <time>2024-07-20T02:13:21.729Z</time>
        <extensions>
          <gpxtpx:TrackPointExtension>
            <gpxtpx:atemp>34</gpxtpx:atemp>
            <gpxtpx:hr>149</gpxtpx:hr>
          </gpxtpx:TrackPointExtension>
        </extensions>
      </trkpt>
      <trkpt lat="25.291695361956954" lon="121.55378052033484">
        <ele>8</ele>
        <time>2024-07-20T02:13:56.729Z</time>
        <extensions>
          <gpxtpx:TrackPointExtension>
            <gpxtpx:atemp>34</gpxtpx:atemp>
            <gpxtpx:hr>151</gpxtpx:hr>
          </gpxtpx:TrackPointExtension>
        </extensions>
      </trkpt>
      <trkpt lat="25.291809272021055" lon="121.55416080728173">
        <ele>9</ele>
        <time>2024-07-20T02:14:01.729Z</time>
        <extensions>
          <gpxtpx:TrackPointExtension>
            <gpxtpx:atemp>34</gpxtpx:atemp>
            <gpxtpx:hr>153</gpxtpx:hr>
          </gpxtpx:TrackPointExtension>
        </extensions>
      </trkpt>
      <trkpt lat="25.29180801473558" lon="121.55456867069006">
        <ele>11</ele>
        <time>2024-07-20T02:14:06.729Z</time>
        <extensions>
          <gpxtpx:TrackPointExtension>
            <gpxtpx:atemp>34</gpxtpx:atemp>
            <gpxtpx:hr>153</gpxtpx:hr>
          </gpxtpx:TrackPointExtension>
        </extensions>
      </trkpt>
      <trkpt lat="25.291254054754972" lon="121.55618227086961">
        <ele>15</ele>
        <time>2024-07-20T02:14:28.729Z</time>
        <extensions>
          <gpxtpx:TrackPointExtension>
            <gpxtpx:atemp>35</gpxtpx:atemp>
            <gpxtpx:hr>159</gpxtpx:hr>
          </gpxtpx:TrackPointExtension>
        </extensions>
      </trkpt>
      <trkpt lat="25.29111173003912" lon="121.55830280855298">
        <ele>10</ele>
        <time>2024-07-20T02:14:53.729Z</time>
        <extensions>
          <gpxtpx:TrackPointExtension>
            <gpxtpx:atemp>35</gpxtpx:atemp>
            <gpxtpx:hr>160</gpxtpx:hr>
          </gpxtpx:TrackPointExtension>
        </extensions>
      </trkpt>
      <trkpt lat="25.29083169065416" lon="121.55985614284873">
        <ele>19</ele>
        <time>2024-07-20T02:15:11.729Z</time>
        <extensions>
          <gpxtpx:TrackPointExtension>
            <gpxtpx:atemp>35</gpxtpx:atemp>
            <gpxtpx:hr>159</gpxtpx:hr>
          </gpxtpx:TrackPointExtension>
        </extensions>
      </trkpt>
      <trkpt lat="25.290766144171357" lon="121.56064236536622">
        <ele>13</ele>
        <time>2024-07-20T02:15:20.729Z</time>
        <extensions>
          <gpxtpx:TrackPointExtension>
            <gpxtpx:atemp>35</gpxtpx:atemp>
            <gpxtpx:hr>160</gpxtpx:hr>
          </gpxtpx:TrackPointExtension>
        </extensions>
      </trkpt>
      <trkpt lat="25.291031263768673" lon="121.5625375136733">
        <ele>14</ele>
        <time>2024-07-20T02:15:41.729Z</time>
        <extensions>
          <gpxtpx:TrackPointExtension>
            <gpxtpx:atemp>36</gpxtpx:atemp>
            <gpxtpx:hr>162</gpxtpx:hr>
          </gpxtpx:TrackPointExtension>
        </extensions>
      </trkpt>
      <trkpt lat="25.290852561593056" lon="121.56341945752501">
        <ele>13</ele>
        <time>2024-07-20T02:15:51.729Z</time>
        <extensions>
          <gpxtpx:TrackPointExtension>
            <gpxtpx:atemp>36</gpxtpx:atemp>
            <gpxtpx:hr>162</gpxtpx:hr>
          </gpxtpx:TrackPointExtension>
        </extensions>
      </trkpt>
      <trkpt lat="25.29085566289723" lon="121.56377057544887">
        <ele>15</ele>
        <time>2024-07-20T02:15:55.729Z</time>
        <extensions>
          <gpxtpx:TrackPointExtension>
            <gpxtpx:atemp>36</gpxtpx:atemp>
            <gpxtpx:hr>162</gpxtpx:hr>
          </gpxtpx:TrackPointExtension>
        </extensions>
      </trkpt>
      <trkpt lat="25.29161749407649" lon="121.56711244024336">
        <ele>7</ele>
        <time>2024-07-20T02:16:34.729Z</time>
        <extensions>
          <gpxtpx:TrackPointExtension>
            <gpxtpx:atemp>36</gpxtpx:atemp>
            <gpxtpx:hr>163</gpxtpx:hr>
          </gpxtpx:TrackPointExtension>
        </extensions>
      </trkpt>
      <trkpt lat="25.291745653375983" lon="121.56751871109009">
        <ele>5</ele>
        <time>2024-07-20T02:16:39.729Z</time>
        <extensions>
          <gpxtpx:TrackPointExtension>
            <gpxtpx:atemp>36</gpxtpx:atemp>
            <gpxtpx:hr>164</gpxtpx:hr>
          </gpxtpx:TrackPointExtension>
        </extensions>
      </trkpt>
      <trkpt lat="25.291941622272134" lon="121.56777829863131">
        <ele>6</ele>
        <time>2024-07-20T02:16:43.729Z</time>
        <extensions>
          <gpxtpx:TrackPointExtension>
            <gpxtpx:atemp>36</gpxtpx:atemp>
            <gpxtpx:hr>164</gpxtpx:hr>
          </gpxtpx:TrackPointExtension>
        </extensions>
      </trkpt>
      <trkpt lat="25.29223029501736" lon="121.56791743822396">
        <ele>8</ele>
        <time>2024-07-20T02:16:47.729Z</time>
        <extensions>
          <gpxtpx:TrackPointExtension>
            <gpxtpx:atemp>36</gpxtpx:atemp>
            <gpxtpx:hr>164</gpxtpx:hr>
          </gpxtpx:TrackPointExtension>
        </extensions>
      </trkpt>
      <trkpt lat="25.29383006505668" lon="121.5683472622186">
        <ele>13</ele>
        <time>2024-07-20T02:17:10.729Z</time>
        <extensions>
          <gpxtpx:TrackPointExtension>
            <gpxtpx:atemp>36</gpxtpx:atemp>
            <gpxtpx:hr>165</gpxtpx:hr>
          </gpxtpx:TrackPointExtension>
        </extensions>
      </trkpt>
      <trkpt lat="25.295634604990482" lon="121.56870097853243">
        <ele>9</ele>
        <time>2024-07-20T02:17:37.729Z</time>
        <extensions>
          <gpxtpx:TrackPointExtension>
            <gpxtpx:atemp>36</gpxtpx:atemp>
            <gpxtpx:hr>164</gpxtpx:hr>
          </gpxtpx:TrackPointExtension>
        </extensions>
      </trkpt>
      <trkpt lat="25.29597792774439" lon="121.56889032572508">
        <ele>8</ele>
        <time>2024-07-20T02:17:42.729Z</time>
        <extensions>
          <gpxtpx:TrackPointExtension>
            <gpxtpx:atemp>36</gpxtpx:atemp>
            <gpxtpx:hr>163</gpxtpx:hr>
          </gpxtpx:TrackPointExtension>
        </extensions>
      </trkpt>
      <trkpt lat="25.296261236071587" lon="121.56926969066262">
        <ele>8</ele>
        <time>2024-07-20T02:17:48.729Z</time>
        <extensions>
          <gpxtpx:TrackPointExtension>
            <gpxtpx:atemp>36</gpxtpx:atemp>
            <gpxtpx:hr>163</gpxtpx:hr>
          </gpxtpx:TrackPointExtension>
        </extensions>
      </trkpt>
      <trkpt lat="25.296841012313962" lon="121.57067382708192">
        <ele>7</ele>
        <time>2024-07-20T02:18:08.729Z</time>
        <extensions>
          <gpxtpx:TrackPointExtension>
            <gpxtpx:atemp>36</gpxtpx:atemp>
            <gpxtpx:hr>161</gpxtpx:hr>
          </gpxtpx:TrackPointExtension>
        </extensions>
      </trkpt>
      <trkpt lat="25.29686590656638" lon="121.57199339009821">
        <ele>9</ele>
        <time>2024-07-20T02:18:25.729Z</time>
        <extensions>
          <gpxtpx:TrackPointExtension>
            <gpxtpx:atemp>36</gpxtpx:atemp>
            <gpxtpx:hr>164</gpxtpx:hr>
          </gpxtpx:TrackPointExtension>
        </extensions>
      </trkpt>
      <trkpt lat="25.297483569011092" lon="121.5744067914784">
        <ele>6</ele>
        <time>2024-07-20T02:18:58.729Z</time>
        <extensions>
          <gpxtpx:TrackPointExtension>
            <gpxtpx:atemp>36</gpxtpx:atemp>
            <gpxtpx:hr>162</gpxtpx:hr>
          </gpxtpx:TrackPointExtension>
        </extensions>
      </trkpt>
      <trkpt lat="25.297668306156993" lon="121.57649405300617">
        <ele>9</ele>
        <time>2024-07-20T02:19:25.729Z</time>
        <extensions>
          <gpxtpx:TrackPointExtension>
            <gpxtpx:atemp>36</gpxtpx:atemp>
            <gpxtpx:hr>166</gpxtpx:hr>
          </gpxtpx:TrackPointExtension>
        </extensions>
      </trkpt>
      <trkpt lat="25.297459680587053" lon="121.5778134483844">
        <ele>12</ele>
        <time>2024-07-20T02:19:41.729Z</time>
        <extensions>
          <gpxtpx:TrackPointExtension>
            <gpxtpx:atemp>36</gpxtpx:atemp>
            <gpxtpx:hr>166</gpxtpx:hr>
          </gpxtpx:TrackPointExtension>
        </extensions>
      </trkpt>
      <trkpt lat="25.29723722487688" lon="121.57854963093996">
        <ele>7</ele>
        <time>2024-07-20T02:19:50.729Z</time>
        <extensions>
          <gpxtpx:TrackPointExtension>
            <gpxtpx:atemp>36</gpxtpx:atemp>
            <gpxtpx:hr>166</gpxtpx:hr>
          </gpxtpx:TrackPointExtension>
        </extensions>
      </trkpt>
      <trkpt lat="25.296956095844507" lon="121.57916938886046">
        <ele>6</ele>
        <time>2024-07-20T02:19:58.729Z</time>
        <extensions>
          <gpxtpx:TrackPointExtension>
            <gpxtpx:atemp>36</gpxtpx:atemp>
            <gpxtpx:hr>166</gpxtpx:hr>
          </gpxtpx:TrackPointExtension>
        </extensions>
      </trkpt>
      <trkpt lat="25.291978921741247" lon="121.58713378943503">
        <ele>-2</ele>
        <time>2024-07-20T02:22:00.729Z</time>
        <extensions>
          <gpxtpx:TrackPointExtension>
            <gpxtpx:atemp>37</gpxtpx:atemp>
            <gpxtpx:hr>172</gpxtpx:hr>
          </gpxtpx:TrackPointExtension>
        </extensions>
      </trkpt>
      <trkpt lat="25.291390512138605" lon="121.5882096067071">
        <ele>4</ele>
        <time>2024-07-20T02:22:15.729Z</time>
        <extensions>
          <gpxtpx:TrackPointExtension>
            <gpxtpx:atemp>37</gpxtpx:atemp>
            <gpxtpx:hr>171</gpxtpx:hr>
          </gpxtpx:TrackPointExtension>
        </extensions>
      </trkpt>
      <trkpt lat="25.291201332584023" lon="121.58888057805598">
        <ele>11</ele>
        <time>2024-07-20T02:22:22.729Z</time>
        <extensions>
          <gpxtpx:TrackPointExtension>
            <gpxtpx:atemp>37</gpxtpx:atemp>
            <gpxtpx:hr>170</gpxtpx:hr>
          </gpxtpx:TrackPointExtension>
        </extensions>
      </trkpt>
      <trkpt lat="25.29103788547218" lon="121.58996142446995">
        <ele>8</ele>
        <time>2024-07-20T02:22:32.729Z</time>
        <extensions>
          <gpxtpx:TrackPointExtension>
            <gpxtpx:atemp>37</gpxtpx:atemp>
            <gpxtpx:hr>167</gpxtpx:hr>
          </gpxtpx:TrackPointExtension>
        </extensions>
      </trkpt>
      <trkpt lat="25.290764467790723" lon="121.59264153800905">
        <ele>12</ele>
        <time>2024-07-20T02:23:05.729Z</time>
        <extensions>
          <gpxtpx:TrackPointExtension>
            <gpxtpx:atemp>37</gpxtpx:atemp>
            <gpxtpx:hr>162</gpxtpx:hr>
          </gpxtpx:TrackPointExtension>
        </extensions>
      </trkpt>
      <trkpt lat="25.289367455989122" lon="121.59625849686563">
        <ele>20</ele>
        <time>2024-07-20T02:23:51.729Z</time>
        <extensions>
          <gpxtpx:TrackPointExtension>
            <gpxtpx:atemp>37</gpxtpx:atemp>
            <gpxtpx:hr>166</gpxtpx:hr>
          </gpxtpx:TrackPointExtension>
        </extensions>
      </trkpt>
      <trkpt lat="25.288169598206878" lon="121.59905226901174">
        <ele>13</ele>
        <time>2024-07-20T02:24:24.729Z</time>
        <extensions>
          <gpxtpx:TrackPointExtension>
            <gpxtpx:atemp>37</gpxtpx:atemp>
            <gpxtpx:hr>171</gpxtpx:hr>
          </gpxtpx:TrackPointExtension>
        </extensions>
      </trkpt>
      <trkpt lat="25.287018176168203" lon="121.60093618556857">
        <ele>15</ele>
        <time>2024-07-20T02:24:48.729Z</time>
        <extensions>
          <gpxtpx:TrackPointExtension>
            <gpxtpx:atemp>38</gpxtpx:atemp>
            <gpxtpx:hr>175</gpxtpx:hr>
          </gpxtpx:TrackPointExtension>
        </extensions>
      </trkpt>
      <trkpt lat="25.2851671166718" lon="121.60363842733204">
        <ele>7</ele>
        <time>2024-07-20T02:25:22.729Z</time>
        <extensions>
          <gpxtpx:TrackPointExtension>
            <gpxtpx:atemp>38</gpxtpx:atemp>
            <gpxtpx:hr>173</gpxtpx:hr>
          </gpxtpx:TrackPointExtension>
        </extensions>
      </trkpt>
      <trkpt lat="25.284738885238767" lon="121.60414662212133">
        <ele>4</ele>
        <time>2024-07-20T02:25:29.729Z</time>
        <extensions>
          <gpxtpx:TrackPointExtension>
            <gpxtpx:atemp>38</gpxtpx:atemp>
            <gpxtpx:hr>172</gpxtpx:hr>
          </gpxtpx:TrackPointExtension>
        </extensions>
      </trkpt>
      <trkpt lat="25.28368318453431" lon="121.60504239611328">
        <ele>10</ele>
        <time>2024-07-20T02:25:44.729Z</time>
        <extensions>
          <gpxtpx:TrackPointExtension>
            <gpxtpx:atemp>38</gpxtpx:atemp>
            <gpxtpx:hr>172</gpxtpx:hr>
          </gpxtpx:TrackPointExtension>
        </extensions>
      </trkpt>
      <trkpt lat="25.281930696219206" lon="121.60593263804913">
        <ele>9</ele>
        <time>2024-07-20T02:26:06.729Z</time>
        <extensions>
          <gpxtpx:TrackPointExtension>
            <gpxtpx:atemp>38</gpxtpx:atemp>
            <gpxtpx:hr>173</gpxtpx:hr>
          </gpxtpx:TrackPointExtension>
        </extensions>
      </trkpt>
      <trkpt lat="25.2814301289618" lon="121.60628928802907">
        <ele>5</ele>
        <time>2024-07-20T02:26:13.729Z</time>
        <extensions>
          <gpxtpx:TrackPointExtension>
            <gpxtpx:atemp>38</gpxtpx:atemp>
            <gpxtpx:hr>174</gpxtpx:hr>
          </gpxtpx:TrackPointExtension>
        </extensions>
      </trkpt>
      <trkpt lat="25.281011536717415" lon="121.60673134960234">
        <ele>5</ele>
        <time>2024-07-20T02:26:20.729Z</time>
        <extensions>
          <gpxtpx:TrackPointExtension>
            <gpxtpx:atemp>38</gpxtpx:atemp>
            <gpxtpx:hr>174</gpxtpx:hr>
          </gpxtpx:TrackPointExtension>
        </extensions>
      </trkpt>
      <trkpt lat="25.280678356066346" lon="121.60724331624806">
        <ele>8</ele>
        <time>2024-07-20T02:26:27.729Z</time>
        <extensions>
          <gpxtpx:TrackPointExtension>
            <gpxtpx:atemp>38</gpxtpx:atemp>
            <gpxtpx:hr>173</gpxtpx:hr>
          </gpxtpx:TrackPointExtension>
        </extensions>
      </trkpt>
      <trkpt lat="25.280225733295083" lon="121.60817110911012">
        <ele>5</ele>
        <time>2024-07-20T02:26:39.729Z</time>
        <extensions>
          <gpxtpx:TrackPointExtension>
            <gpxtpx:atemp>38</gpxtpx:atemp>
            <gpxtpx:hr>170</gpxtpx:hr>
          </gpxtpx:TrackPointExtension>
        </extensions>
      </trkpt>
      <trkpt lat="25.28000713326037" lon="121.60879698581994">
        <ele>10</ele>
        <time>2024-07-20T02:26:47.729Z</time>
        <extensions>
          <gpxtpx:TrackPointExtension>
            <gpxtpx:atemp>38</gpxtpx:atemp>
            <gpxtpx:hr>171</gpxtpx:hr>
          </gpxtpx:TrackPointExtension>
        </extensions>
      </trkpt>
      <trkpt lat="25.279701109975576" lon="121.61058970727026">
        <ele>8</ele>
        <time>2024-07-20T02:27:09.729Z</time>
        <extensions>
          <gpxtpx:TrackPointExtension>
            <gpxtpx:atemp>38</gpxtpx:atemp>
            <gpxtpx:hr>171</gpxtpx:hr>
          </gpxtpx:TrackPointExtension>
        </extensions>
      </trkpt>
      <trkpt lat="25.27927371673286" lon="121.6118118725717">
        <ele>6</ele>
        <time>2024-07-20T02:27:24.729Z</time>
        <extensions>
          <gpxtpx:TrackPointExtension>
            <gpxtpx:atemp>38</gpxtpx:atemp>
            <gpxtpx:hr>174</gpxtpx:hr>
          </gpxtpx:TrackPointExtension>
        </extensions>
      </trkpt>
      <trkpt lat="25.279118651524186" lon="121.61246918141842">
        <ele>6</ele>
        <time>2024-07-20T02:27:32.729Z</time>
        <extensions>
          <gpxtpx:TrackPointExtension>
            <gpxtpx:atemp>37</gpxtpx:atemp>
            <gpxtpx:hr>174</gpxtpx:hr>
          </gpxtpx:TrackPointExtension>
        </extensions>
      </trkpt>
      <trkpt lat="25.278995102271438" lon="121.61382663063705">
        <ele>10</ele>
        <time>2024-07-20T02:27:47.729Z</time>
        <extensions>
          <gpxtpx:TrackPointExtension>
            <gpxtpx:atemp>37</gpxtpx:atemp>
            <gpxtpx:hr>172</gpxtpx:hr>
          </gpxtpx:TrackPointExtension>
        </extensions>
      </trkpt>
      <trkpt lat="25.27883450500667" lon="121.61449517123401">
        <ele>10</ele>
        <time>2024-07-20T02:27:55.729Z</time>
        <extensions>
          <gpxtpx:TrackPointExtension>
            <gpxtpx:atemp>37</gpxtpx:atemp>
            <gpxtpx:hr>173</gpxtpx:hr>
          </gpxtpx:TrackPointExtension>
        </extensions>
      </trkpt>
      <trkpt lat="25.27805649675429" lon="121.61614045500755">
        <ele>13</ele>
        <time>2024-07-20T02:28:18.729Z</time>
        <extensions>
          <gpxtpx:TrackPointExtension>
            <gpxtpx:atemp>38</gpxtpx:atemp>
            <gpxtpx:hr>173</gpxtpx:hr>
          </gpxtpx:TrackPointExtension>
        </extensions>
      </trkpt>
      <trkpt lat="25.27729080989957" lon="121.61728416569531">
        <ele>10</ele>
        <time>2024-07-20T02:28:34.729Z</time>
        <extensions>
          <gpxtpx:TrackPointExtension>
            <gpxtpx:atemp>37</gpxtpx:atemp>
            <gpxtpx:hr>170</gpxtpx:hr>
          </gpxtpx:TrackPointExtension>
        </extensions>
      </trkpt>
      <trkpt lat="25.27187149040401" lon="121.62305736914277">
        <ele>9</ele>
        <time>2024-07-20T02:30:04.729Z</time>
        <extensions>
          <gpxtpx:TrackPointExtension>
            <gpxtpx:atemp>38</gpxtpx:atemp>
            <gpxtpx:hr>171</gpxtpx:hr>
          </gpxtpx:TrackPointExtension>
        </extensions>
      </trkpt>
      <trkpt lat="25.269527658820152" lon="121.62581828422844">
        <ele>9</ele>
        <time>2024-07-20T02:30:44.729Z</time>
        <extensions>
          <gpxtpx:TrackPointExtension>
            <gpxtpx:atemp>38</gpxtpx:atemp>
            <gpxtpx:hr>170</gpxtpx:hr>
          </gpxtpx:TrackPointExtension>
        </extensions>
      </trkpt>
      <trkpt lat="25.268763061612844" lon="121.62656427361071">
        <ele>11</ele>
        <time>2024-07-20T02:30:56.729Z</time>
        <extensions>
          <gpxtpx:TrackPointExtension>
            <gpxtpx:atemp>38</gpxtpx:atemp>
            <gpxtpx:hr>170</gpxtpx:hr>
          </gpxtpx:TrackPointExtension>
        </extensions>
      </trkpt>
      <trkpt lat="25.263634929433465" lon="121.63050016388297">
        <ele>5</ele>
        <time>2024-07-20T02:32:08.729Z</time>
        <extensions>
          <gpxtpx:TrackPointExtension>
            <gpxtpx:atemp>38</gpxtpx:atemp>
            <gpxtpx:hr>170</gpxtpx:hr>
          </gpxtpx:TrackPointExtension>
        </extensions>
      </trkpt>
      <trkpt lat="25.261649675667286" lon="121.63141664117575">
        <ele>3</ele>
        <time>2024-07-20T02:32:32.729Z</time>
        <extensions>
          <gpxtpx:TrackPointExtension>
            <gpxtpx:atemp>38</gpxtpx:atemp>
            <gpxtpx:hr>171</gpxtpx:hr>
          </gpxtpx:TrackPointExtension>
        </extensions>
      </trkpt>
      <trkpt lat="25.25906595401466" lon="121.63292789831758">
        <ele>5</ele>
        <time>2024-07-20T02:33:05.729Z</time>
        <extensions>
          <gpxtpx:TrackPointExtension>
            <gpxtpx:atemp>38</gpxtpx:atemp>
            <gpxtpx:hr>172</gpxtpx:hr>
          </gpxtpx:TrackPointExtension>
        </extensions>
      </trkpt>
      <trkpt lat="25.258380565792322" lon="121.63315848447382">
        <ele>7</ele>
        <time>2024-07-20T02:33:13.729Z</time>
        <extensions>
          <gpxtpx:TrackPointExtension>
            <gpxtpx:atemp>38</gpxtpx:atemp>
            <gpxtpx:hr>173</gpxtpx:hr>
          </gpxtpx:TrackPointExtension>
        </extensions>
      </trkpt>
      <trkpt lat="25.255081616342068" lon="121.63355729542673">
        <ele>9</ele>
        <time>2024-07-20T02:33:50.729Z</time>
        <extensions>
          <gpxtpx:TrackPointExtension>
            <gpxtpx:atemp>38</gpxtpx:atemp>
            <gpxtpx:hr>175</gpxtpx:hr>
          </gpxtpx:TrackPointExtension>
        </extensions>
      </trkpt>
      <trkpt lat="25.250990828499198" lon="121.6345950588584">
        <ele>6</ele>
        <time>2024-07-20T02:34:36.729Z</time>
        <extensions>
          <gpxtpx:TrackPointExtension>
            <gpxtpx:atemp>39</gpxtpx:atemp>
            <gpxtpx:hr>175</gpxtpx:hr>
          </gpxtpx:TrackPointExtension>
        </extensions>
      </trkpt>
      <trkpt lat="25.249721137806773" lon="121.63453923538327">
        <ele>6</ele>
        <time>2024-07-20T02:34:50.729Z</time>
        <extensions>
          <gpxtpx:TrackPointExtension>
            <gpxtpx:atemp>39</gpxtpx:atemp>
            <gpxtpx:hr>176</gpxtpx:hr>
          </gpxtpx:TrackPointExtension>
        </extensions>
      </trkpt>
      <trkpt lat="25.245002545416355" lon="121.63402022793889">
        <ele>4</ele>
        <time>2024-07-20T02:35:43.729Z</time>
        <extensions>
          <gpxtpx:TrackPointExtension>
            <gpxtpx:atemp>39</gpxtpx:atemp>
            <gpxtpx:hr>174</gpxtpx:hr>
          </gpxtpx:TrackPointExtension>
        </extensions>
      </trkpt>
      <trkpt lat="25.243107983842492" lon="121.63369987159967">
        <ele>5</ele>
        <time>2024-07-20T02:36:03.729Z</time>
        <extensions>
          <gpxtpx:TrackPointExtension>
            <gpxtpx:atemp>39</gpxtpx:atemp>
            <gpxtpx:hr>175</gpxtpx:hr>
          </gpxtpx:TrackPointExtension>
        </extensions>
      </trkpt>
      <trkpt lat="25.240731379017234" lon="121.63313451223075">
        <ele>5</ele>
        <time>2024-07-20T02:36:30.729Z</time>
        <extensions>
          <gpxtpx:TrackPointExtension>
            <gpxtpx:atemp>39</gpxtpx:atemp>
            <gpxtpx:hr>174</gpxtpx:hr>
          </gpxtpx:TrackPointExtension>
        </extensions>
      </trkpt>
      <trkpt lat="25.23994205519557" lon="121.63256655447185">
        <ele>10</ele>
        <time>2024-07-20T02:36:41.729Z</time>
        <extensions>
          <gpxtpx:TrackPointExtension>
            <gpxtpx:atemp>39</gpxtpx:atemp>
            <gpxtpx:hr>175</gpxtpx:hr>
          </gpxtpx:TrackPointExtension>
        </extensions>
      </trkpt>
      <trkpt lat="25.239093638956547" lon="121.63136542774737">
        <ele>8</ele>
        <time>2024-07-20T02:36:59.729Z</time>
        <extensions>
          <gpxtpx:TrackPointExtension>
            <gpxtpx:atemp>39</gpxtpx:atemp>
            <gpxtpx:hr>173</gpxtpx:hr>
          </gpxtpx:TrackPointExtension>
        </extensions>
      </trkpt>
      <trkpt lat="25.23844781331718" lon="121.63070275448263">
        <ele>11</ele>
        <time>2024-07-20T02:37:14.729Z</time>
        <extensions>
          <gpxtpx:TrackPointExtension>
            <gpxtpx:atemp>39</gpxtpx:atemp>
            <gpxtpx:hr>172</gpxtpx:hr>
          </gpxtpx:TrackPointExtension>
        </extensions>
      </trkpt>
      <trkpt lat="25.236779563128948" lon="121.62954839877784">
        <ele>7</ele>
        <time>2024-07-20T02:37:53.729Z</time>
        <extensions>
          <gpxtpx:TrackPointExtension>
            <gpxtpx:atemp>39</gpxtpx:atemp>
            <gpxtpx:hr>166</gpxtpx:hr>
          </gpxtpx:TrackPointExtension>
        </extensions>
      </trkpt>
      <trkpt lat="25.236484184861183" lon="121.62942325696349">
        <ele>6</ele>
        <time>2024-07-20T02:38:02.729Z</time>
        <extensions>
          <gpxtpx:TrackPointExtension>
            <gpxtpx:atemp>39</gpxtpx:atemp>
            <gpxtpx:hr>169</gpxtpx:hr>
          </gpxtpx:TrackPointExtension>
        </extensions>
      </trkpt>
      <trkpt lat="25.235840370878577" lon="121.6293072514236">
        <ele>7</ele>
        <time>2024-07-20T02:38:15.729Z</time>
        <extensions>
          <gpxtpx:TrackPointExtension>
            <gpxtpx:atemp>39</gpxtpx:atemp>
            <gpxtpx:hr>170</gpxtpx:hr>
          </gpxtpx:TrackPointExtension>
        </extensions>
      </trkpt>
      <trkpt lat="25.22900409065187" lon="121.62989591248333">
        <ele>6</ele>
        <time>2024-07-20T02:39:42.729Z</time>
        <extensions>
          <gpxtpx:TrackPointExtension>
            <gpxtpx:atemp>39</gpxtpx:atemp>
            <gpxtpx:hr>172</gpxtpx:hr>
          </gpxtpx:TrackPointExtension>
        </extensions>
      </trkpt>
      <trkpt lat="25.228534201160073" lon="121.62984369322658">
        <ele>7</ele>
        <time>2024-07-20T02:39:48.729Z</time>
        <extensions>
          <gpxtpx:TrackPointExtension>
            <gpxtpx:atemp>39</gpxtpx:atemp>
            <gpxtpx:hr>173</gpxtpx:hr>
          </gpxtpx:TrackPointExtension>
        </extensions>
      </trkpt>
      <trkpt lat="25.22679017856717" lon="121.62924220785499">
        <ele>8</ele>
        <time>2024-07-20T02:40:26.729Z</time>
        <extensions>
          <gpxtpx:TrackPointExtension>
            <gpxtpx:atemp>39</gpxtpx:atemp>
            <gpxtpx:hr>173</gpxtpx:hr>
          </gpxtpx:TrackPointExtension>
        </extensions>
      </trkpt>
      <trkpt lat="25.22609716281295" lon="121.62910013459623">
        <ele>5</ele>
        <time>2024-07-20T02:40:39.729Z</time>
        <extensions>
          <gpxtpx:TrackPointExtension>
            <gpxtpx:atemp>39</gpxtpx:atemp>
            <gpxtpx:hr>173</gpxtpx:hr>
          </gpxtpx:TrackPointExtension>
        </extensions>
      </trkpt>
      <trkpt lat="25.225359303876758" lon="121.62929266691208">
        <ele>6</ele>
        <time>2024-07-20T02:40:52.729Z</time>
        <extensions>
          <gpxtpx:TrackPointExtension>
            <gpxtpx:atemp>39</gpxtpx:atemp>
            <gpxtpx:hr>171</gpxtpx:hr>
          </gpxtpx:TrackPointExtension>
        </extensions>
      </trkpt>
      <trkpt lat="25.223307497799397" lon="121.63102017715573">
        <ele>9</ele>
        <time>2024-07-20T02:41:22.729Z</time>
        <extensions>
          <gpxtpx:TrackPointExtension>
            <gpxtpx:atemp>40</gpxtpx:atemp>
            <gpxtpx:hr>165</gpxtpx:hr>
          </gpxtpx:TrackPointExtension>
        </extensions>
      </trkpt>
      <trkpt lat="25.22284389473498" lon="121.63128269836307">
        <ele>8</ele>
        <time>2024-07-20T02:41:28.729Z</time>
        <extensions>
          <gpxtpx:TrackPointExtension>
            <gpxtpx:atemp>39</gpxtpx:atemp>
            <gpxtpx:hr>164</gpxtpx:hr>
          </gpxtpx:TrackPointExtension>
        </extensions>
      </trkpt>
      <trkpt lat="25.22140497341752" lon="121.63167731836438">
        <ele>9</ele>
        <time>2024-07-20T02:43:05.729Z</time>
        <extensions>
          <gpxtpx:TrackPointExtension>
            <gpxtpx:atemp>40</gpxtpx:atemp>
            <gpxtpx:hr>159</gpxtpx:hr>
          </gpxtpx:TrackPointExtension>
        </extensions>
      </trkpt>
      <trkpt lat="25.220568627119064" lon="121.63209456950426">
        <ele>9</ele>
        <time>2024-07-20T02:43:23.729Z</time>
        <extensions>
          <gpxtpx:TrackPointExtension>
            <gpxtpx:atemp>40</gpxtpx:atemp>
            <gpxtpx:hr>162</gpxtpx:hr>
          </gpxtpx:TrackPointExtension>
        </extensions>
      </trkpt>
      <trkpt lat="25.217603780329227" lon="121.6341196373105">
        <ele>8</ele>
        <time>2024-07-20T02:44:21.729Z</time>
        <extensions>
          <gpxtpx:TrackPointExtension>
            <gpxtpx:atemp>39</gpxtpx:atemp>
            <gpxtpx:hr>160</gpxtpx:hr>
          </gpxtpx:TrackPointExtension>
        </extensions>
      </trkpt>
      <trkpt lat="25.21734486334026" lon="121.63442834280431">
        <ele>9</ele>
        <time>2024-07-20T02:44:27.729Z</time>
        <extensions>
          <gpxtpx:TrackPointExtension>
            <gpxtpx:atemp>39</gpxtpx:atemp>
            <gpxtpx:hr>161</gpxtpx:hr>
          </gpxtpx:TrackPointExtension>
        </extensions>
      </trkpt>
      <trkpt lat="25.217157695442438" lon="121.63479781709611">
        <ele>9</ele>
        <time>2024-07-20T02:44:33.729Z</time>
        <extensions>
          <gpxtpx:TrackPointExtension>
            <gpxtpx:atemp>39</gpxtpx:atemp>
            <gpxtpx:hr>162</gpxtpx:hr>
          </gpxtpx:TrackPointExtension>
        </extensions>
      </trkpt>
      <trkpt lat="25.217081336304545" lon="121.63522479124367">
        <ele>9</ele>
        <time>2024-07-20T02:44:39.729Z</time>
        <extensions>
          <gpxtpx:TrackPointExtension>
            <gpxtpx:atemp>39</gpxtpx:atemp>
            <gpxtpx:hr>163</gpxtpx:hr>
          </gpxtpx:TrackPointExtension>
        </extensions>
      </trkpt>
      <trkpt lat="25.217426838353276" lon="121.63766467943788">
        <ele>9</ele>
        <time>2024-07-20T02:45:15.729Z</time>
        <extensions>
          <gpxtpx:TrackPointExtension>
            <gpxtpx:atemp>39</gpxtpx:atemp>
            <gpxtpx:hr>158</gpxtpx:hr>
          </gpxtpx:TrackPointExtension>
        </extensions>
      </trkpt>
      <trkpt lat="25.21726967766881" lon="121.63888818584383">
        <ele>8</ele>
        <time>2024-07-20T02:45:35.729Z</time>
        <extensions>
          <gpxtpx:TrackPointExtension>
            <gpxtpx:atemp>39</gpxtpx:atemp>
            <gpxtpx:hr>161</gpxtpx:hr>
          </gpxtpx:TrackPointExtension>
        </extensions>
      </trkpt>
      <trkpt lat="25.21728635765612" lon="121.63927199319005">
        <ele>9</ele>
        <time>2024-07-20T02:45:41.729Z</time>
        <extensions>
          <gpxtpx:TrackPointExtension>
            <gpxtpx:atemp>39</gpxtpx:atemp>
            <gpxtpx:hr>162</gpxtpx:hr>
          </gpxtpx:TrackPointExtension>
        </extensions>
      </trkpt>
      <trkpt lat="25.217634290456772" lon="121.64061712101102">
        <ele>7</ele>
        <time>2024-07-20T02:46:01.729Z</time>
        <extensions>
          <gpxtpx:TrackPointExtension>
            <gpxtpx:atemp>38</gpxtpx:atemp>
            <gpxtpx:hr>163</gpxtpx:hr>
          </gpxtpx:TrackPointExtension>
        </extensions>
      </trkpt>
      <trkpt lat="25.21758575923741" lon="121.64110989309847">
        <ele>4</ele>
        <time>2024-07-20T02:46:07.729Z</time>
        <extensions>
          <gpxtpx:TrackPointExtension>
            <gpxtpx:atemp>38</gpxtpx:atemp>
            <gpxtpx:hr>163</gpxtpx:hr>
          </gpxtpx:TrackPointExtension>
        </extensions>
      </trkpt>
      <trkpt lat="25.217426754534245" lon="121.64147417061031">
        <ele>5</ele>
        <time>2024-07-20T02:46:12.729Z</time>
        <extensions>
          <gpxtpx:TrackPointExtension>
            <gpxtpx:atemp>38</gpxtpx:atemp>
            <gpxtpx:hr>163</gpxtpx:hr>
          </gpxtpx:TrackPointExtension>
        </extensions>
      </trkpt>
      <trkpt lat="25.217165742069483" lon="121.64182336069643">
        <ele>6</ele>
        <time>2024-07-20T02:46:18.729Z</time>
        <extensions>
          <gpxtpx:TrackPointExtension>
            <gpxtpx:atemp>38</gpxtpx:atemp>
            <gpxtpx:hr>163</gpxtpx:hr>
          </gpxtpx:TrackPointExtension>
        </extensions>
      </trkpt>
      <trkpt lat="25.21215478889644" lon="121.64666927419603">
        <ele>8</ele>
        <time>2024-07-20T02:48:05.729Z</time>
        <extensions>
          <gpxtpx:TrackPointExtension>
            <gpxtpx:atemp>38</gpxtpx:atemp>
            <gpxtpx:hr>165</gpxtpx:hr>
          </gpxtpx:TrackPointExtension>
        </extensions>
      </trkpt>
      <trkpt lat="25.20926546305418" lon="121.65045462548733">
        <ele>9</ele>
        <time>2024-07-20T02:49:04.729Z</time>
        <extensions>
          <gpxtpx:TrackPointExtension>
            <gpxtpx:atemp>39</gpxtpx:atemp>
            <gpxtpx:hr>176</gpxtpx:hr>
          </gpxtpx:TrackPointExtension>
        </extensions>
      </trkpt>
      <trkpt lat="25.20882365293801" lon="121.65113909170032">
        <ele>10</ele>
        <time>2024-07-20T02:49:16.729Z</time>
        <extensions>
          <gpxtpx:TrackPointExtension>
            <gpxtpx:atemp>39</gpxtpx:atemp>
            <gpxtpx:hr>177</gpxtpx:hr>
          </gpxtpx:TrackPointExtension>
        </extensions>
      </trkpt>
      <trkpt lat="25.208738911896944" lon="121.65146875195205">
        <ele>11</ele>
        <time>2024-07-20T02:49:21.729Z</time>
        <extensions>
          <gpxtpx:TrackPointExtension>
            <gpxtpx:atemp>39</gpxtpx:atemp>
            <gpxtpx:hr>177</gpxtpx:hr>
          </gpxtpx:TrackPointExtension>
        </extensions>
      </trkpt>
      <trkpt lat="25.208736481145024" lon="121.65189329534769">
        <ele>11</ele>
        <time>2024-07-20T02:49:27.729Z</time>
        <extensions>
          <gpxtpx:TrackPointExtension>
            <gpxtpx:atemp>39</gpxtpx:atemp>
            <gpxtpx:hr>178</gpxtpx:hr>
          </gpxtpx:TrackPointExtension>
        </extensions>
      </trkpt>
      <trkpt lat="25.2088672388345" lon="121.65421315468848">
        <ele>18</ele>
        <time>2024-07-20T02:50:14.729Z</time>
        <extensions>
          <gpxtpx:TrackPointExtension>
            <gpxtpx:atemp>39</gpxtpx:atemp>
            <gpxtpx:hr>174</gpxtpx:hr>
          </gpxtpx:TrackPointExtension>
        </extensions>
      </trkpt>
      <trkpt lat="25.20947903394699" lon="121.65617200545967">
        <ele>24</ele>
        <time>2024-07-20T02:50:57.729Z</time>
        <extensions>
          <gpxtpx:TrackPointExtension>
            <gpxtpx:atemp>39</gpxtpx:atemp>
            <gpxtpx:hr>175</gpxtpx:hr>
          </gpxtpx:TrackPointExtension>
        </extensions>
      </trkpt>
      <trkpt lat="25.20955815911293" lon="121.65739073418081">
        <ele>19</ele>
        <time>2024-07-20T02:51:18.729Z</time>
        <extensions>
          <gpxtpx:TrackPointExtension>
            <gpxtpx:atemp>39</gpxtpx:atemp>
            <gpxtpx:hr>173</gpxtpx:hr>
          </gpxtpx:TrackPointExtension>
        </extensions>
      </trkpt>
      <trkpt lat="25.209362944588065" lon="121.65771771222353">
        <ele>16</ele>
        <time>2024-07-20T02:51:24.729Z</time>
        <extensions>
          <gpxtpx:TrackPointExtension>
            <gpxtpx:atemp>39</gpxtpx:atemp>
            <gpxtpx:hr>172</gpxtpx:hr>
          </gpxtpx:TrackPointExtension>
        </extensions>
      </trkpt>
      <trkpt lat="25.207888064906" lon="121.65895873680711">
        <ele>11</ele>
        <time>2024-07-20T02:51:49.729Z</time>
        <extensions>
          <gpxtpx:TrackPointExtension>
            <gpxtpx:atemp>39</gpxtpx:atemp>
            <gpxtpx:hr>167</gpxtpx:hr>
          </gpxtpx:TrackPointExtension>
        </extensions>
      </trkpt>
      <trkpt lat="25.207289764657617" lon="121.65963130071759">
        <ele>9</ele>
        <time>2024-07-20T02:51:58.729Z</time>
        <extensions>
          <gpxtpx:TrackPointExtension>
            <gpxtpx:atemp>39</gpxtpx:atemp>
            <gpxtpx:hr>166</gpxtpx:hr>
          </gpxtpx:TrackPointExtension>
        </extensions>
      </trkpt>
      <trkpt lat="25.206697331741452" lon="121.6608361992985">
        <ele>13</ele>
        <time>2024-07-20T02:52:12.729Z</time>
        <extensions>
          <gpxtpx:TrackPointExtension>
            <gpxtpx:atemp>39</gpxtpx:atemp>
            <gpxtpx:hr>164</gpxtpx:hr>
          </gpxtpx:TrackPointExtension>
        </extensions>
      </trkpt>
      <trkpt lat="25.2051286585629" lon="121.66574086993933">
        <ele>18</ele>
        <time>2024-07-20T02:53:36.729Z</time>
        <extensions>
          <gpxtpx:TrackPointExtension>
            <gpxtpx:atemp>39</gpxtpx:atemp>
            <gpxtpx:hr>160</gpxtpx:hr>
          </gpxtpx:TrackPointExtension>
        </extensions>
      </trkpt>
      <trkpt lat="25.204871920868754" lon="121.6661996114999">
        <ele>14</ele>
        <time>2024-07-20T02:53:43.729Z</time>
        <extensions>
          <gpxtpx:TrackPointExtension>
            <gpxtpx:atemp>39</gpxtpx:atemp>
            <gpxtpx:hr>161</gpxtpx:hr>
          </gpxtpx:TrackPointExtension>
        </extensions>
      </trkpt>
      <trkpt lat="25.203655119985342" lon="121.66787825524807">
        <ele>15</ele>
        <time>2024-07-20T02:54:11.729Z</time>
        <extensions>
          <gpxtpx:TrackPointExtension>
            <gpxtpx:atemp>39</gpxtpx:atemp>
            <gpxtpx:hr>157</gpxtpx:hr>
          </gpxtpx:TrackPointExtension>
        </extensions>
      </trkpt>
      <trkpt lat="25.202386770397425" lon="121.67011052370071">
        <ele>13</ele>
        <time>2024-07-20T02:54:48.729Z</time>
        <extensions>
          <gpxtpx:TrackPointExtension>
            <gpxtpx:atemp>39</gpxtpx:atemp>
            <gpxtpx:hr>164</gpxtpx:hr>
          </gpxtpx:TrackPointExtension>
        </extensions>
      </trkpt>
      <trkpt lat="25.20146207883954" lon="121.67102783918381">
        <ele>16</ele>
        <time>2024-07-20T02:55:09.729Z</time>
        <extensions>
          <gpxtpx:TrackPointExtension>
            <gpxtpx:atemp>39</gpxtpx:atemp>
            <gpxtpx:hr>166</gpxtpx:hr>
          </gpxtpx:TrackPointExtension>
        </extensions>
      </trkpt>
      <trkpt lat="25.201228726655245" lon="121.67136915028095">
        <ele>16</ele>
        <time>2024-07-20T02:55:15.729Z</time>
        <extensions>
          <gpxtpx:TrackPointExtension>
            <gpxtpx:atemp>39</gpxtpx:atemp>
            <gpxtpx:hr>166</gpxtpx:hr>
          </gpxtpx:TrackPointExtension>
        </extensions>
      </trkpt>
      <trkpt lat="25.201098304241896" lon="121.67176762595773">
        <ele>16</ele>
        <time>2024-07-20T02:55:20.729Z</time>
        <extensions>
          <gpxtpx:TrackPointExtension>
            <gpxtpx:atemp>39</gpxtpx:atemp>
            <gpxtpx:hr>167</gpxtpx:hr>
          </gpxtpx:TrackPointExtension>
        </extensions>
      </trkpt>
      <trkpt lat="25.20107014104724" lon="121.67214942164719">
        <ele>13</ele>
        <time>2024-07-20T02:55:24.729Z</time>
        <extensions>
          <gpxtpx:TrackPointExtension>
            <gpxtpx:atemp>39</gpxtpx:atemp>
            <gpxtpx:hr>166</gpxtpx:hr>
          </gpxtpx:TrackPointExtension>
        </extensions>
      </trkpt>
      <trkpt lat="25.201203664764762" lon="121.67435587383807">
        <ele>18</ele>
        <time>2024-07-20T02:55:55.729Z</time>
        <extensions>
          <gpxtpx:TrackPointExtension>
            <gpxtpx:atemp>39</gpxtpx:atemp>
            <gpxtpx:hr>157</gpxtpx:hr>
          </gpxtpx:TrackPointExtension>
        </extensions>
      </trkpt>
      <trkpt lat="25.201073409989476" lon="121.67481620796025">
        <ele>15</ele>
        <time>2024-07-20T02:56:50.729Z</time>
        <extensions>
          <gpxtpx:TrackPointExtension>
            <gpxtpx:atemp>39</gpxtpx:atemp>
            <gpxtpx:hr>157</gpxtpx:hr>
          </gpxtpx:TrackPointExtension>
        </extensions>
      </trkpt>
      <trkpt lat="25.200420124456286" lon="121.67615270242095">
        <ele>25</ele>
        <time>2024-07-20T02:57:18.729Z</time>
        <extensions>
          <gpxtpx:TrackPointExtension>
            <gpxtpx:atemp>39</gpxtpx:atemp>
            <gpxtpx:hr>158</gpxtpx:hr>
          </gpxtpx:TrackPointExtension>
        </extensions>
      </trkpt>
      <trkpt lat="25.20036614499986" lon="121.67794207111001">
        <ele>19</ele>
        <time>2024-07-20T02:57:44.729Z</time>
        <extensions>
          <gpxtpx:TrackPointExtension>
            <gpxtpx:atemp>39</gpxtpx:atemp>
            <gpxtpx:hr>163</gpxtpx:hr>
          </gpxtpx:TrackPointExtension>
        </extensions>
      </trkpt>
      <trkpt lat="25.200276877731085" lon="121.67829771526158">
        <ele>21</ele>
        <time>2024-07-20T02:57:49.729Z</time>
        <extensions>
          <gpxtpx:TrackPointExtension>
            <gpxtpx:atemp>39</gpxtpx:atemp>
            <gpxtpx:hr>162</gpxtpx:hr>
          </gpxtpx:TrackPointExtension>
        </extensions>
      </trkpt>
      <trkpt lat="25.200023157522082" lon="121.67874287813902">
        <ele>40</ele>
        <time>2024-07-20T02:57:56.729Z</time>
        <extensions>
          <gpxtpx:TrackPointExtension>
            <gpxtpx:atemp>39</gpxtpx:atemp>
            <gpxtpx:hr>164</gpxtpx:hr>
          </gpxtpx:TrackPointExtension>
        </extensions>
      </trkpt>
      <trkpt lat="25.19284648820758" lon="121.68432966805995">
        <ele>19</ele>
        <time>2024-07-20T02:59:46.729Z</time>
        <extensions>
          <gpxtpx:TrackPointExtension>
            <gpxtpx:atemp>37</gpxtpx:atemp>
            <gpxtpx:hr>165</gpxtpx:hr>
          </gpxtpx:TrackPointExtension>
        </extensions>
      </trkpt>
      <trkpt lat="25.191850969567895" lon="121.68392959982157">
        <ele>11</ele>
        <time>2024-07-20T02:59:59.729Z</time>
        <extensions>
          <gpxtpx:TrackPointExtension>
            <gpxtpx:atemp>36</gpxtpx:atemp>
            <gpxtpx:hr>159</gpxtpx:hr>
          </gpxtpx:TrackPointExtension>
        </extensions>
      </trkpt>
      <trkpt lat="25.190739696845412" lon="121.68323490768671">
        <ele>17</ele>
        <time>2024-07-20T03:00:13.729Z</time>
        <extensions>
          <gpxtpx:TrackPointExtension>
            <gpxtpx:atemp>36</gpxtpx:atemp>
            <gpxtpx:hr>161</gpxtpx:hr>
          </gpxtpx:TrackPointExtension>
        </extensions>
      </trkpt>
      <trkpt lat="25.18999052233994" lon="121.68307087384164">
        <ele>12</ele>
        <time>2024-07-20T03:00:22.729Z</time>
        <extensions>
          <gpxtpx:TrackPointExtension>
            <gpxtpx:atemp>37</gpxtpx:atemp>
            <gpxtpx:hr>160</gpxtpx:hr>
          </gpxtpx:TrackPointExtension>
        </extensions>
      </trkpt>
      <trkpt lat="25.18894345499575" lon="121.68306148611009">
        <ele>16</ele>
        <time>2024-07-20T03:00:37.729Z</time>
        <extensions>
          <gpxtpx:TrackPointExtension>
            <gpxtpx:atemp>37</gpxtpx:atemp>
            <gpxtpx:hr>156</gpxtpx:hr>
          </gpxtpx:TrackPointExtension>
        </extensions>
      </trkpt>
      <trkpt lat="25.186715461313725" lon="121.68327807448804">
        <ele>16</ele>
        <time>2024-07-20T03:01:12.729Z</time>
        <extensions>
          <gpxtpx:TrackPointExtension>
            <gpxtpx:atemp>37</gpxtpx:atemp>
            <gpxtpx:hr>162</gpxtpx:hr>
          </gpxtpx:TrackPointExtension>
        </extensions>
      </trkpt>
      <trkpt lat="25.186138367280364" lon="121.68342961929739">
        <ele>15</ele>
        <time>2024-07-20T03:01:21.729Z</time>
        <extensions>
          <gpxtpx:TrackPointExtension>
            <gpxtpx:atemp>37</gpxtpx:atemp>
            <gpxtpx:hr>162</gpxtpx:hr>
          </gpxtpx:TrackPointExtension>
        </extensions>
      </trkpt>
      <trkpt lat="25.185734359547496" lon="121.68362768366933">
        <ele>12</ele>
        <time>2024-07-20T03:01:28.729Z</time>
        <extensions>
          <gpxtpx:TrackPointExtension>
            <gpxtpx:atemp>37</gpxtpx:atemp>
            <gpxtpx:hr>163</gpxtpx:hr>
          </gpxtpx:TrackPointExtension>
        </extensions>
      </trkpt>
      <trkpt lat="25.18546530045569" lon="121.68386673554778">
        <ele>14</ele>
        <time>2024-07-20T03:01:33.729Z</time>
        <extensions>
          <gpxtpx:TrackPointExtension>
            <gpxtpx:atemp>38</gpxtpx:atemp>
            <gpxtpx:hr>164</gpxtpx:hr>
          </gpxtpx:TrackPointExtension>
        </extensions>
      </trkpt>
      <trkpt lat="25.185147458687425" lon="121.68443662114441">
        <ele>14</ele>
        <time>2024-07-20T03:01:42.729Z</time>
        <extensions>
          <gpxtpx:TrackPointExtension>
            <gpxtpx:atemp>38</gpxtpx:atemp>
            <gpxtpx:hr>163</gpxtpx:hr>
          </gpxtpx:TrackPointExtension>
        </extensions>
      </trkpt>
      <trkpt lat="25.184847889468074" lon="121.68575777672231">
        <ele>22</ele>
        <time>2024-07-20T03:01:59.729Z</time>
        <extensions>
          <gpxtpx:TrackPointExtension>
            <gpxtpx:atemp>38</gpxtpx:atemp>
            <gpxtpx:hr>163</gpxtpx:hr>
          </gpxtpx:TrackPointExtension>
        </extensions>
      </trkpt>
      <trkpt lat="25.18471570685506" lon="121.68608081527054">
        <ele>21</ele>
        <time>2024-07-20T03:02:03.729Z</time>
        <extensions>
          <gpxtpx:TrackPointExtension>
            <gpxtpx:atemp>38</gpxtpx:atemp>
            <gpxtpx:hr>162</gpxtpx:hr>
          </gpxtpx:TrackPointExtension>
        </extensions>
      </trkpt>
      <trkpt lat="25.18431262113154" lon="121.68662111274898">
        <ele>21</ele>
        <time>2024-07-20T03:02:11.729Z</time>
        <extensions>
          <gpxtpx:TrackPointExtension>
            <gpxtpx:atemp>38</gpxtpx:atemp>
            <gpxtpx:hr>160</gpxtpx:hr>
          </gpxtpx:TrackPointExtension>
        </extensions>
      </trkpt>
      <trkpt lat="25.183793865144253" lon="121.6871970333159">
        <ele>12</ele>
        <time>2024-07-20T03:02:20.729Z</time>
        <extensions>
          <gpxtpx:TrackPointExtension>
            <gpxtpx:atemp>38</gpxtpx:atemp>
            <gpxtpx:hr>160</gpxtpx:hr>
          </gpxtpx:TrackPointExtension>
        </extensions>
      </trkpt>
      <trkpt lat="25.182399367913604" lon="121.68805768713355">
        <ele>8</ele>
        <time>2024-07-20T03:03:06.729Z</time>
        <extensions>
          <gpxtpx:TrackPointExtension>
            <gpxtpx:atemp>38</gpxtpx:atemp>
            <gpxtpx:hr>165</gpxtpx:hr>
          </gpxtpx:TrackPointExtension>
        </extensions>
      </trkpt>
      <trkpt lat="25.181440142914653" lon="121.68912646360695">
        <ele>9</ele>
        <time>2024-07-20T03:03:27.729Z</time>
        <extensions>
          <gpxtpx:TrackPointExtension>
            <gpxtpx:atemp>38</gpxtpx:atemp>
            <gpxtpx:hr>163</gpxtpx:hr>
          </gpxtpx:TrackPointExtension>
        </extensions>
      </trkpt>
      <trkpt lat="25.18055258318782" lon="121.68990774080157">
        <ele>10</ele>
        <time>2024-07-20T03:03:43.729Z</time>
        <extensions>
          <gpxtpx:TrackPointExtension>
            <gpxtpx:atemp>38</gpxtpx:atemp>
            <gpxtpx:hr>161</gpxtpx:hr>
          </gpxtpx:TrackPointExtension>
        </extensions>
      </trkpt>
      <trkpt lat="25.180216133594513" lon="121.6902860160917">
        <ele>9</ele>
        <time>2024-07-20T03:03:50.729Z</time>
        <extensions>
          <gpxtpx:TrackPointExtension>
            <gpxtpx:atemp>38</gpxtpx:atemp>
            <gpxtpx:hr>161</gpxtpx:hr>
          </gpxtpx:TrackPointExtension>
        </extensions>
      </trkpt>
      <trkpt lat="25.179996946826577" lon="121.69068926945329">
        <ele>10</ele>
        <time>2024-07-20T03:03:56.208Z</time>
        <extensions>
          <gpxtpx:TrackPointExtension>
            <gpxtpx:atemp>38</gpxtpx:atemp>
            <gpxtpx:hr>161</gpxtpx:hr>
          </gpxtpx:TrackPointExtension>
        </extensions>
      </trkpt>
      <trkpt lat="25.179699" lon="121.693347">
        <ele>5</ele>
        <time>2024-07-20T03:04:27.463Z</time>
      </trkpt>
      <trkpt lat="25.179591" lon="121.693776">
        <ele>6</ele>
        <time>2024-07-20T03:04:32.655Z</time>
      </trkpt>
      <trkpt lat="25.17965" lon="121.693907">
        <ele>6</ele>
        <time>2024-07-20T03:04:34.359Z</time>
      </trkpt>
      <trkpt lat="25.179482" lon="121.69435">
        <ele>5</ele>
        <time>2024-07-20T03:04:39.954Z</time>
      </trkpt>
      <trkpt lat="25.179642" lon="121.694383">
        <ele>5</ele>
        <time>2024-07-20T03:04:42.049Z</time>
      </trkpt>
      <trkpt lat="25.179393" lon="121.6952">
        <ele>4</ele>
        <time>2024-07-20T03:04:56.478Z</time>
      </trkpt>
      <trkpt lat="25.179461" lon="121.695756">
        <ele>5</ele>
        <time>2024-07-20T03:05:05.838Z</time>
      </trkpt>
      <trkpt lat="25.179908" lon="121.697188">
        <ele>6</ele>
        <time>2024-07-20T03:05:31.074Z</time>
      </trkpt>
      <trkpt lat="25.179902" lon="121.698087">
        <ele>8</ele>
        <time>2024-07-20T03:05:46.067Z</time>
      </trkpt>
      <trkpt lat="25.180011" lon="121.698096">
        <ele>5</ele>
        <time>2024-07-20T03:05:48.075Z</time>
      </trkpt>
      <trkpt lat="25.180056" lon="121.698226">
        <ele>5</ele>
        <time>2024-07-20T03:05:50.444Z</time>
      </trkpt>
      <trkpt lat="25.179978" lon="121.699369">
        <ele>6</ele>
        <time>2024-07-20T03:06:09.750Z</time>
      </trkpt>
      <trkpt lat="25.179714" lon="121.699567">
        <ele>6</ele>
        <time>2024-07-20T03:06:15.611Z</time>
      </trkpt>
      <trkpt lat="25.179542" lon="121.699853">
        <ele>7</ele>
        <time>2024-07-20T03:06:21.438Z</time>
      </trkpt>
      <trkpt lat="25.179217" lon="121.700936">
        <ele>4</ele>
        <time>2024-07-20T03:06:40.412Z</time>
      </trkpt>
      <trkpt lat="25.178744" lon="121.701756">
        <ele>9</ele>
        <time>2024-07-20T03:06:56.650Z</time>
      </trkpt>
      <trkpt lat="25.178133" lon="121.702199">
        <ele>4</ele>
        <time>2024-07-20T03:07:10.146Z</time>
      </trkpt>
      <trkpt lat="25.176915" lon="121.702432">
        <ele>10</ele>
        <time>2024-07-20T03:07:32.955Z</time>
      </trkpt>
      <trkpt lat="25.176569" lon="121.702711">
        <ele>9</ele>
        <time>2024-07-20T03:07:40.824Z</time>
      </trkpt>
      <trkpt lat="25.176371" lon="121.702987">
        <ele>7</ele>
        <time>2024-07-20T03:07:46.683Z</time>
      </trkpt>
      <trkpt lat="25.175833" lon="121.704217">
        <ele>8</ele>
        <time>2024-07-20T03:08:09.406Z</time>
      </trkpt>
      <trkpt lat="25.175184" lon="121.705155">
        <ele>14</ele>
        <time>2024-07-20T03:08:29.046Z</time>
      </trkpt>
      <trkpt lat="25.175221" lon="121.705232">
        <ele>12</ele>
        <time>2024-07-20T03:08:30.495Z</time>
      </trkpt>
      <trkpt lat="25.175" lon="121.705614">
        <ele>12</ele>
        <time>2024-07-20T03:08:38.033Z</time>
      </trkpt>
      <trkpt lat="25.175097" lon="121.705768">
        <ele>6</ele>
        <time>2024-07-20T03:08:41.152Z</time>
      </trkpt>
      <trkpt lat="25.174908" lon="121.706144">
        <ele>6</ele>
        <time>2024-07-20T03:08:48.303Z</time>
      </trkpt>
      <trkpt lat="25.174796" lon="121.706632">
        <ele>9</ele>
        <time>2024-07-20T03:08:56.686Z</time>
      </trkpt>
      <trkpt lat="25.174887" lon="121.70708">
        <ele>4</ele>
        <time>2024-07-20T03:09:04.320Z</time>
      </trkpt>
      <trkpt lat="25.174855" lon="121.707581">
        <ele>4</ele>
        <time>2024-07-20T03:09:12.708Z</time>
      </trkpt>
      <trkpt lat="25.174506" lon="121.708191">
        <ele>5</ele>
        <time>2024-07-20T03:09:24.885Z</time>
      </trkpt>
      <trkpt lat="25.174" lon="121.708399">
        <ele>6</ele>
        <time>2024-07-20T03:09:34.830Z</time>
      </trkpt>
      <trkpt lat="25.173527" lon="121.708443">
        <ele>8</ele>
        <time>2024-07-20T03:09:43.565Z</time>
      </trkpt>
      <trkpt lat="25.172063" lon="121.708126">
        <ele>10</ele>
        <time>2024-07-20T03:10:11.018Z</time>
      </trkpt>
      <trkpt lat="25.17227" lon="121.708222">
        <ele>7</ele>
        <time>2024-07-20T03:10:15.767Z</time>
      </trkpt>
      <trkpt lat="25.17182" lon="121.708215">
        <ele>9</ele>
        <time>2024-07-20T03:10:24.038Z</time>
      </trkpt>
      <trkpt lat="25.171025" lon="121.708553">
        <ele>12</ele>
        <time>2024-07-20T03:10:39.822Z</time>
      </trkpt>
      <trkpt lat="25.16981" lon="121.708548">
        <ele>6</ele>
        <time>2024-07-20T03:11:02.246Z</time>
      </trkpt>
      <trkpt lat="25.169509" lon="121.708388">
        <ele>4</ele>
        <time>2024-07-20T03:11:08.462Z</time>
      </trkpt>
      <trkpt lat="25.169218" lon="121.707902">
        <ele>7</ele>
        <time>2024-07-20T03:11:18.155Z</time>
      </trkpt>
      <trkpt lat="25.16866" lon="121.70733">
        <ele>11</ele>
        <time>2024-07-20T03:11:32.160Z</time>
      </trkpt>
      <trkpt lat="25.167481" lon="121.707454">
        <ele>7</ele>
        <time>2024-07-20T03:11:54.208Z</time>
      </trkpt>
      <trkpt lat="25.166277" lon="121.706532">
        <ele>7</ele>
        <time>2024-07-20T03:12:21.133Z</time>
      </trkpt>
      <trkpt lat="25.165958" lon="121.706387">
        <ele>8</ele>
        <time>2024-07-20T03:12:27.509Z</time>
      </trkpt>
      <trkpt lat="25.165636" lon="121.706456">
        <ele>9</ele>
        <time>2024-07-20T03:12:33.543Z</time>
      </trkpt>
      <trkpt lat="25.164959" lon="121.706828">
        <ele>3</ele>
        <time>2024-07-20T03:12:47.464Z</time>
      </trkpt>
      <trkpt lat="25.164661" lon="121.707168">
        <ele>7</ele>
        <time>2024-07-20T03:12:55.352Z</time>
      </trkpt>
      <trkpt lat="25.164328" lon="121.70772">
        <ele>10</ele>
        <time>2024-07-20T03:13:06.493Z</time>
      </trkpt>
      <trkpt lat="25.163899" lon="121.709773">
        <ele>18</ele>
        <time>2024-07-20T03:13:41.580Z</time>
      </trkpt>
      <trkpt lat="25.163856" lon="121.711425">
        <ele>11</ele>
        <time>2024-07-20T03:14:09.098Z</time>
      </trkpt>
      <trkpt lat="25.164069" lon="121.712252">
        <ele>13</ele>
        <time>2024-07-20T03:14:23.456Z</time>
      </trkpt>
      <trkpt lat="25.164542" lon="121.712749">
        <ele>16</ele>
        <time>2024-07-20T03:14:35.462Z</time>
      </trkpt>
      <trkpt lat="25.164701" lon="121.713059">
        <ele>19</ele>
        <time>2024-07-20T03:14:41.408Z</time>
      </trkpt>
      <trkpt lat="25.16521" lon="121.714718">
        <ele>10</ele>
        <time>2024-07-20T03:15:10.614Z</time>
      </trkpt>
      <trkpt lat="25.165061" lon="121.715227">
        <ele>14</ele>
        <time>2024-07-20T03:15:19.568Z</time>
      </trkpt>
      <trkpt lat="25.164916" lon="121.716383">
        <ele>7</ele>
        <time>2024-07-20T03:15:38.981Z</time>
      </trkpt>
      <trkpt lat="25.164628" lon="121.717078">
        <ele>15</ele>
        <time>2024-07-20T03:15:51.703Z</time>
      </trkpt>
      <trkpt lat="25.16447" lon="121.717968">
        <ele>13</ele>
        <time>2024-07-20T03:16:06.820Z</time>
      </trkpt>
      <trkpt lat="25.164085" lon="121.718664">
        <ele>26</ele>
        <time>2024-07-20T03:16:20.475Z</time>
      </trkpt>
      <trkpt lat="25.164098" lon="121.71961">
        <ele>20</ele>
        <time>2024-07-20T03:16:36.301Z</time>
      </trkpt>
      <trkpt lat="25.163757" lon="121.720402">
        <ele>21</ele>
        <time>2024-07-20T03:16:51.009Z</time>
      </trkpt>
      <trkpt lat="25.163876" lon="121.721968">
        <ele>22</ele>
        <time>2024-07-20T03:17:17.200Z</time>
      </trkpt>
      <trkpt lat="25.164329" lon="121.724522">
        <ele>10</ele>
        <time>2024-07-20T03:18:00.539Z</time>
      </trkpt>
      <trkpt lat="25.16427" lon="121.724805">
        <ele>10</ele>
        <time>2024-07-20T03:18:05.373Z</time>
      </trkpt>
      <trkpt lat="25.1633" lon="121.725938">
        <ele>6</ele>
        <time>2024-07-20T03:18:31.335Z</time>
      </trkpt>
      <trkpt lat="25.163019" lon="121.726432">
        <ele>7</ele>
        <time>2024-07-20T03:18:41.076Z</time>
      </trkpt>
      <trkpt lat="25.162924" lon="121.727116">
        <ele>12</ele>
        <time>2024-07-20T03:18:52.583Z</time>
      </trkpt>
      <trkpt lat="25.163033" lon="121.727565">
        <ele>8</ele>
        <time>2024-07-20T03:19:00.313Z</time>
      </trkpt>
      <trkpt lat="25.162896" lon="121.728348">
        <ele>9</ele>
        <time>2024-07-20T03:19:13.573Z</time>
      </trkpt>
      <trkpt lat="25.162701" lon="121.729089">
        <ele>8</ele>
        <time>2024-07-20T03:19:26.573Z</time>
      </trkpt>
      <trkpt lat="25.163153" lon="121.729678">
        <ele>7</ele>
        <time>2024-07-20T03:19:39.481Z</time>
      </trkpt>
      <trkpt lat="25.163098" lon="121.730022">
        <ele>5</ele>
        <time>2024-07-20T03:19:45.543Z</time>
      </trkpt>
      <trkpt lat="25.160896" lon="121.732282">
        <ele>5</ele>
        <time>2024-07-20T03:20:40.758Z</time>
      </trkpt>
      <trkpt lat="25.160579" lon="121.732282">
        <ele>7</ele>
        <time>2024-07-20T03:20:46.636Z</time>
      </trkpt>
      <trkpt lat="25.160093" lon="121.732002">
        <ele>10</ele>
        <time>2024-07-20T03:20:56.772Z</time>
      </trkpt>
      <trkpt lat="25.159351" lon="121.732349">
        <ele>15</ele>
        <time>2024-07-20T03:21:11.619Z</time>
      </trkpt>
      <trkpt lat="25.158775" lon="121.732369">
        <ele>20</ele>
        <time>2024-07-20T03:21:22.292Z</time>
      </trkpt>
      <trkpt lat="25.158428" lon="121.732171">
        <ele>23</ele>
        <time>2024-07-20T03:21:29.502Z</time>
      </trkpt>
      <trkpt lat="25.158" lon="121.731753">
        <ele>33</ele>
        <time>2024-07-20T03:21:39.996Z</time>
      </trkpt>
      <trkpt lat="25.157679" lon="121.732133">
        <ele>27</ele>
        <time>2024-07-20T03:21:48.639Z</time>
      </trkpt>
      <trkpt lat="25.157285" lon="121.732961">
        <ele>36</ele>
        <time>2024-07-20T03:22:04.238Z</time>
      </trkpt>
      <trkpt lat="25.157239" lon="121.733332">
        <ele>32</ele>
        <time>2024-07-20T03:22:10.465Z</time>
      </trkpt>
      <trkpt lat="25.157348" lon="121.734324">
        <ele>28</ele>
        <time>2024-07-20T03:22:27.119Z</time>
      </trkpt>
      <trkpt lat="25.155156" lon="121.733751">
        <ele>29</ele>
        <time>2024-07-20T03:23:08.567Z</time>
      </trkpt>
      <trkpt lat="25.154223" lon="121.7334">
        <ele>26</ele>
        <time>2024-07-20T03:23:26.683Z</time>
      </trkpt>
      <trkpt lat="25.152833" lon="121.735752">
        <ele>27</ele>
        <time>2024-07-20T03:24:13.410Z</time>
      </trkpt>
      <trkpt lat="25.152131" lon="121.736477">
        <ele>24</ele>
        <time>2024-07-20T03:24:31.138Z</time>
      </trkpt>
      <trkpt lat="25.151944" lon="121.736594">
        <ele>25</ele>
        <time>2024-07-20T03:24:35.086Z</time>
      </trkpt>
      <trkpt lat="25.151651" lon="121.736621">
        <ele>25</ele>
        <time>2024-07-20T03:24:40.527Z</time>
      </trkpt>
      <trkpt lat="25.150849" lon="121.736301">
        <ele>21</ele>
        <time>2024-07-20T03:24:56.244Z</time>
      </trkpt>
      <trkpt lat="25.150659" lon="121.736299">
        <ele>22</ele>
        <time>2024-07-20T03:24:59.773Z</time>
      </trkpt>
      <trkpt lat="25.150446" lon="121.736413">
        <ele>24</ele>
        <time>2024-07-20T03:25:04.143Z</time>
      </trkpt>
      <trkpt lat="25.149778" lon="121.737077">
        <ele>27</ele>
        <time>2024-07-20T03:25:20.704Z</time>
      </trkpt>
      <trkpt lat="25.14894" lon="121.737369">
        <ele>32</ele>
        <time>2024-07-20T03:25:36.873Z</time>
      </trkpt>
      <trkpt lat="25.148452" lon="121.737739">
        <ele>24</ele>
        <time>2024-07-20T03:25:47.849Z</time>
      </trkpt>
      <trkpt lat="25.147954" lon="121.737978">
        <ele>19</ele>
        <time>2024-07-20T03:25:57.830Z</time>
      </trkpt>
      <trkpt lat="25.146022" lon="121.738693">
        <ele>18</ele>
        <time>2024-07-20T03:26:35.270Z</time>
      </trkpt>
      <trkpt lat="25.145488" lon="121.738714">
        <ele>15</ele>
        <time>2024-07-20T03:26:45.095Z</time>
      </trkpt>
      <trkpt lat="25.145005" lon="121.738867">
        <ele>7</ele>
        <time>2024-07-20T03:26:54.334Z</time>
      </trkpt>
      <trkpt lat="25.14463" lon="121.738933">
        <ele>4</ele>
        <time>2024-07-20T03:27:01.515Z</time>
      </trkpt>
      <trkpt lat="25.144447" lon="121.738726">
        <ele>7</ele>
        <time>2024-07-20T03:27:06.341Z</time>
      </trkpt>
      <trkpt lat="25.143478" lon="121.7383">
        <ele>9</ele>
        <time>2024-07-20T03:27:25.501Z</time>
      </trkpt>
      <trkpt lat="25.143033" lon="121.738191">
        <ele>11</ele>
        <time>2024-07-20T03:27:33.921Z</time>
      </trkpt>
      <trkpt lat="25.136872" lon="121.741159">
        <ele>10</ele>
        <time>2024-07-20T03:29:37.441Z</time>
      </trkpt>
      <trkpt lat="25.136683" lon="121.741138">
        <ele>11</ele>
        <time>2024-07-20T03:29:41.017Z</time>
      </trkpt>
      <trkpt lat="25.136073" lon="121.740742">
        <ele>12</ele>
        <time>2024-07-20T03:29:54.016Z</time>
      </trkpt>
      <trkpt lat="25.135717" lon="121.741378">
        <ele>6</ele>
        <time>2024-07-20T03:30:06.452Z</time>
      </trkpt>
      <trkpt lat="25.134562" lon="121.740596">
        <ele>7</ele>
        <time>2024-07-20T03:30:31.351Z</time>
      </trkpt>
      <trkpt lat="25.134027" lon="121.740738">
        <ele>8</ele>
        <time>2024-07-20T03:30:41.500Z</time>
      </trkpt>
      <trkpt lat="25.132677" lon="121.739885">
        <ele>7</ele>
        <time>2024-07-20T03:31:10.088Z</time>
      </trkpt>
      <trkpt lat="25.131567" lon="121.739871">
        <ele>11</ele>
        <time>2024-07-20T03:31:30.706Z</time>
      </trkpt>
      <trkpt lat="25.132181" lon="121.738718">
        <ele>9</ele>
        <time>2024-07-20T03:31:52.955Z</time>
      </trkpt>
      <trkpt lat="25.132369" lon="121.7387">
        <ele>11</ele>
        <time>2024-07-20T03:31:56.810Z</time>
      </trkpt>
      <trkpt lat="25.132522" lon="121.738898">
        <ele>9</ele>
        <time>2024-07-20T03:32:01.315Z</time>
      </trkpt>
      <trkpt lat="25.1326" lon="121.738853">
        <ele>10</ele>
        <time>2024-07-20T03:32:02.931Z</time>
      </trkpt>
      <trkpt lat="25.132715" lon="121.738929">
        <ele>9</ele>
        <time>2024-07-20T03:32:05.393Z</time>
      </trkpt>
    </trkseg>
  </trk>
</gpx>
