<?xml version="1.0" encoding="UTF-8"?>
<gpx creator="Garmin Connect" version="1.1"
  xsi:schemaLocation="http://www.topografix.com/GPX/1/1 http://www.topografix.com/GPX/11.xsd"
  xmlns:ns3="http://www.garmin.com/xmlschemas/TrackPointExtension/v1"
  xmlns="http://www.topografix.com/GPX/1/1"
  xmlns:xsi="http://www.w3.org/2001/XMLSchema-instance" xmlns:ns2="http://www.garmin.com/xmlschemas/GpxExtensions/v3">
  <metadata>
    <name>明德宮 草湳 深坑</name>
    <link href="connect.garmin.com">
      <text>Garmin Connect</text>
    </link>
    <time>2026-05-02T11:19:27.000Z</time>
  </metadata>
  <trk>
    <name>明德宮 草湳 深坑</name>
    <trkseg>
      <trkpt lat="24.98836333863437" lon="121.53943145647645">
        <ele>13.14</ele>
      </trkpt>
      <trkpt lat="24.98838186264038" lon="121.53970956802368">
        <ele>13.36</ele>
      </trkpt>
      <trkpt lat="24.988338947296143" lon="121.54000997543335">
        <ele>13.68</ele>
      </trkpt>
      <trkpt lat="24.988296031951904" lon="121.54000997543335">
        <ele>13.94</ele>
      </trkpt>
      <trkpt lat="24.988253116607666" lon="121.54003143310547">
        <ele>14.19</ele>
      </trkpt>
      <trkpt lat="24.988210201263428" lon="121.5400743484497">
        <ele>14.46</ele>
      </trkpt>
      <trkpt lat="24.98818874359131" lon="121.54016017913818">
        <ele>14.8</ele>
      </trkpt>
      <trkpt lat="24.988156473264098" lon="121.54046092182398">
        <ele>15.41</ele>
      </trkpt>
      <trkpt lat="24.98812437057495" lon="121.54076099395752">
        <ele>16.22</ele>
      </trkpt>
      <trkpt lat="24.98812437057495" lon="121.54095436446369">
        <ele>16.99</ele>
      </trkpt>
      <trkpt lat="24.988124454393983" lon="121.54114723205566">
        <ele>17.73</ele>
      </trkpt>
      <trkpt lat="24.988138703629375" lon="121.54149097390473">
        <ele>18.16</ele>
      </trkpt>
      <trkpt lat="24.988153036683798" lon="121.54183479957283">
        <ele>18.49</ele>
      </trkpt>
      <trkpt lat="24.98816728591919" lon="121.54217720031738">
        <ele>18.78</ele>
      </trkpt>
      <trkpt lat="24.988210201263428" lon="121.54242061078548">
        <ele>19.02</ele>
      </trkpt>
      <trkpt lat="24.988253200426698" lon="121.54266410507262">
        <ele>19.19</ele>
      </trkpt>
      <trkpt lat="24.988296031951904" lon="121.54290676116943">
        <ele>19.4</ele>
      </trkpt>
      <trkpt lat="24.988349676132202" lon="121.54313223436475">
        <ele>19.65</ele>
      </trkpt>
      <trkpt lat="24.9884033203125" lon="121.54335737228394">
        <ele>19.82</ele>
      </trkpt>
      <trkpt lat="24.9884033203125" lon="121.54344320297241">
        <ele>19.79</ele>
      </trkpt>
      <trkpt lat="24.98837104998529" lon="121.54361503198743">
        <ele>19.5</ele>
      </trkpt>
      <trkpt lat="24.988338947296143" lon="121.54378652572632">
        <ele>19.26</ele>
      </trkpt>
      <trkpt lat="24.988306676968932" lon="121.54397981241345">
        <ele>19.11</ele>
      </trkpt>
      <trkpt lat="24.988274574279785" lon="121.54417276382446">
        <ele>18.99</ele>
      </trkpt>
      <trkpt lat="24.988274658098817" lon="121.54417276382446">
        <ele>18.88</ele>
      </trkpt>
      <trkpt lat="24.98818874359131" lon="121.54438734054565">
        <ele>18.8</ele>
      </trkpt>
      <trkpt lat="24.98812437057495" lon="121.54445171356201">
        <ele>18.71</ele>
      </trkpt>
      <trkpt lat="24.988059997558594" lon="121.54451608657837">
        <ele>18.64</ele>
      </trkpt>
      <trkpt lat="24.987952709197998" lon="121.54455900192261">
        <ele>18.53</ele>
      </trkpt>
      <trkpt lat="24.987770905718207" lon="121.54464449733496">
        <ele>18.71</ele>
      </trkpt>
      <trkpt lat="24.987587928771973" lon="121.54473066329956">
        <ele>18.88</ele>
      </trkpt>
      <trkpt lat="24.98741685412824" lon="121.54479478485882">
        <ele>18.89</ele>
      </trkpt>
      <trkpt lat="24.987244606018066" lon="121.54485940933228">
        <ele>18.85</ele>
      </trkpt>
      <trkpt lat="24.98708409257233" lon="121.54495563358068">
        <ele>18.83</ele>
      </trkpt>
      <trkpt lat="24.98692274093628" lon="121.54505252838135">
        <ele>18.79</ele>
      </trkpt>
      <trkpt lat="24.98692282475531" lon="121.54505252838135">
        <ele>18.82</ele>
      </trkpt>
      <trkpt lat="24.986815452575684" lon="121.54509544372559">
        <ele>18.8</ele>
      </trkpt>
      <trkpt lat="24.986751079559326" lon="121.5451169013977">
        <ele>18.9</ele>
      </trkpt>
      <trkpt lat="24.98666524887085" lon="121.54509544372559">
        <ele>19.06</ele>
      </trkpt>
      <trkpt lat="24.986557960510254" lon="121.54505252838135">
        <ele>19.27</ele>
      </trkpt>
      <trkpt lat="24.986472129821777" lon="121.54503107070923">
        <ele>19.52</ele>
      </trkpt>
      <trkpt lat="24.98619318008423" lon="121.54505252838135">
        <ele>20.13</ele>
      </trkpt>
      <trkpt lat="24.985979441553354" lon="121.54504179954529">
        <ele>20.6</ele>
      </trkpt>
      <trkpt lat="24.985764026641846" lon="121.54503107070923">
        <ele>20.81</ele>
      </trkpt>
      <trkpt lat="24.985592365264893" lon="121.54505252838135">
        <ele>20.9</ele>
      </trkpt>
      <trkpt lat="24.98546370305121" lon="121.54509544372559">
        <ele>20.89</ele>
      </trkpt>
      <trkpt lat="24.985313499346375" lon="121.54509544372559">
        <ele>20.75</ele>
      </trkpt>
      <trkpt lat="24.98503563925624" lon="121.54508471488953">
        <ele>20.48</ele>
      </trkpt>
      <trkpt lat="24.984755516052246" lon="121.54507398605347">
        <ele>20.19</ele>
      </trkpt>
      <trkpt lat="24.984605312347412" lon="121.54509544372559">
        <ele>19.91</ele>
      </trkpt>
      <trkpt lat="24.984455108642578" lon="121.54513835906982">
        <ele>19.69</ele>
      </trkpt>
      <trkpt lat="24.984304988756776" lon="121.54520273208618">
        <ele>19.5</ele>
      </trkpt>
      <trkpt lat="24.984090328216553" lon="121.5453314781189">
        <ele>19.06</ele>
      </trkpt>
      <trkpt lat="24.98387575149536" lon="121.54554605484009">
        <ele>18.7</ele>
      </trkpt>
      <trkpt lat="24.983811378479004" lon="121.54563188552856">
        <ele>18.4</ele>
      </trkpt>
      <trkpt lat="24.983725547790527" lon="121.545889377594">
        <ele>18.34</ele>
      </trkpt>
      <trkpt lat="24.9836612585932" lon="121.54606103897095">
        <ele>18.21</ele>
      </trkpt>
      <trkpt lat="24.98363971710205" lon="121.5462327003479">
        <ele>17.96</ele>
      </trkpt>
      <trkpt lat="24.98365044593811" lon="121.54641534201801">
        <ele>17.69</ele>
      </trkpt>
      <trkpt lat="24.98366117477417" lon="121.54659748077393">
        <ele>17.48</ele>
      </trkpt>
      <trkpt lat="24.98369336128235" lon="121.5469251293689">
        <ele>17.28</ele>
      </trkpt>
      <trkpt lat="24.98372563160956" lon="121.54725277796388">
        <ele>17.23</ele>
      </trkpt>
      <trkpt lat="24.98375790193677" lon="121.54758051037788">
        <ele>17.32</ele>
      </trkpt>
      <trkpt lat="24.983790004625916" lon="121.5479063987732">
        <ele>17.2</ele>
      </trkpt>
      <trkpt lat="24.983832836151123" lon="121.54822826385498">
        <ele>17.01</ele>
      </trkpt>
      <trkpt lat="24.98387575149536" lon="121.54839992523193">
        <ele>16.96</ele>
      </trkpt>
      <trkpt lat="24.98394012451172" lon="121.54858239926398">
        <ele>17.04</ele>
      </trkpt>
      <trkpt lat="24.984004497528076" lon="121.54876470565796">
        <ele>17.13</ele>
      </trkpt>
      <trkpt lat="24.984090328216553" lon="121.54900074005127">
        <ele>17.21</ele>
      </trkpt>
      <trkpt lat="24.984197532758117" lon="121.54919377528131">
        <ele>17.3</ele>
      </trkpt>
      <trkpt lat="24.984304904937744" lon="121.54938697814941">
        <ele>17.38</ele>
      </trkpt>
      <trkpt lat="24.984433567151427" lon="121.54956920072436">
        <ele>17.44</ele>
      </trkpt>
      <trkpt lat="24.984562397003174" lon="121.54975175857544">
        <ele>17.52</ele>
      </trkpt>
      <trkpt lat="24.984562480822206" lon="121.54975175857544">
        <ele>17.63</ele>
      </trkpt>
      <trkpt lat="24.984680246561766" lon="121.54989106580615">
        <ele>17.77</ele>
      </trkpt>
      <trkpt lat="24.984798431396484" lon="121.55003070831299">
        <ele>17.92</ele>
      </trkpt>
      <trkpt lat="24.984926842153072" lon="121.55013774521649">
        <ele>18.09</ele>
      </trkpt>
      <trkpt lat="24.985055923461914" lon="121.55024528503418">
        <ele>18.29</ele>
      </trkpt>
      <trkpt lat="24.985291957855225" lon="121.55043840408325">
        <ele>18.46</ele>
      </trkpt>
      <trkpt lat="24.985549449920654" lon="121.55056715011597">
        <ele>18.61</ele>
      </trkpt>
      <trkpt lat="24.985828399658203" lon="121.55065298080444">
        <ele>18.73</ele>
      </trkpt>
      <trkpt lat="24.986042976379395" lon="121.55065298080444">
        <ele>18.96</ele>
      </trkpt>
      <trkpt lat="24.986279010772705" lon="121.5507173538208">
        <ele>19.19</ele>
      </trkpt>
      <trkpt lat="24.98642921447754" lon="121.55076026916504">
        <ele>19.47</ele>
      </trkpt>
      <trkpt lat="24.986493587493896" lon="121.55073881149292">
        <ele>19.74</ele>
      </trkpt>
      <trkpt lat="24.986515045166016" lon="121.55065298080444">
        <ele>20.04</ele>
      </trkpt>
      <trkpt lat="24.986515128985047" lon="121.55065298080444">
        <ele>20.31</ele>
      </trkpt>
      <trkpt lat="24.986579418182373" lon="121.5506100654602">
        <ele>20.61</ele>
      </trkpt>
      <trkpt lat="24.986729621887207" lon="121.55050277709961">
        <ele>20.89</ele>
      </trkpt>
      <trkpt lat="24.98687982559204" lon="121.55048131942749">
        <ele>21.22</ele>
      </trkpt>
      <trkpt lat="24.986965656280518" lon="121.55050277709961">
        <ele>21.5</ele>
      </trkpt>
      <trkpt lat="24.98711585998535" lon="121.55056715011597">
        <ele>21.78</ele>
      </trkpt>
      <trkpt lat="24.987223148345947" lon="121.55069589614868">
        <ele>22.05</ele>
      </trkpt>
      <trkpt lat="24.987266063690186" lon="121.55076026916504">
        <ele>22.27</ele>
      </trkpt>
      <trkpt lat="24.987341165542603" lon="121.55103947035968">
        <ele>22.47</ele>
      </trkpt>
      <trkpt lat="24.98741626739502" lon="121.55131816864014">
        <ele>22.63</ele>
      </trkpt>
      <trkpt lat="24.98743772506714" lon="121.55151128768921">
        <ele>22.77</ele>
      </trkpt>
      <trkpt lat="24.98741626739502" lon="121.55168294906616">
        <ele>22.85</ele>
      </trkpt>
      <trkpt lat="24.98735181055963" lon="121.55185469426215">
        <ele>22.86</ele>
      </trkpt>
      <trkpt lat="24.987287521362305" lon="121.55202627182007">
        <ele>22.73</ele>
      </trkpt>
      <trkpt lat="24.98718023300171" lon="121.55226230621338">
        <ele>22.56</ele>
      </trkpt>
      <trkpt lat="24.98697655275464" lon="121.55249800533056">
        <ele>22.46</ele>
      </trkpt>
      <trkpt lat="24.986772537231445" lon="121.552734375">
        <ele>22.26</ele>
      </trkpt>
      <trkpt lat="24.98662233352661" lon="121.55290603637695">
        <ele>22.01</ele>
      </trkpt>
      <trkpt lat="24.986397614702582" lon="121.55303436331451">
        <ele>21.79</ele>
      </trkpt>
      <trkpt lat="24.98617172241211" lon="121.55316352844238">
        <ele>21.62</ele>
      </trkpt>
      <trkpt lat="24.986011208966374" lon="121.55324902385473">
        <ele>21.42</ele>
      </trkpt>
      <trkpt lat="24.985849857330322" lon="121.55333518981934">
        <ele>21.23</ele>
      </trkpt>
      <trkpt lat="24.985764026641846" lon="121.55337810516357">
        <ele>21.02</ele>
      </trkpt>
      <trkpt lat="24.98553905636072" lon="121.55358153395355">
        <ele>20.82</ele>
      </trkpt>
      <trkpt lat="24.985313415527344" lon="121.55378580093384">
        <ele>20.63</ele>
      </trkpt>
      <trkpt lat="24.98516321182251" lon="121.55389308929443">
        <ele>20.42</ele>
      </trkpt>
      <trkpt lat="24.985013008117676" lon="121.55397891998291">
        <ele>20.19</ele>
      </trkpt>
      <trkpt lat="24.984799101948738" lon="121.55406441539526">
        <ele>20.03</ele>
      </trkpt>
      <trkpt lat="24.984583854675293" lon="121.55415058135986">
        <ele>19.92</ele>
      </trkpt>
      <trkpt lat="24.984476566314697" lon="121.55415058135986">
        <ele>19.83</ele>
      </trkpt>
      <trkpt lat="24.984304904937744" lon="121.55415058135986">
        <ele>19.76</ele>
      </trkpt>
      <trkpt lat="24.98408043757081" lon="121.55409710481763">
        <ele>19.84</ele>
      </trkpt>
      <trkpt lat="24.983854293823242" lon="121.55404329299927">
        <ele>19.89</ele>
      </trkpt>
      <trkpt lat="24.98369386419654" lon="121.55398981645703">
        <ele>19.85</ele>
      </trkpt>
      <trkpt lat="24.983532428741455" lon="121.55393600463867">
        <ele>19.76</ele>
      </trkpt>
      <trkpt lat="24.983317852020264" lon="121.55387163162231">
        <ele>19.75</ele>
      </trkpt>
      <trkpt lat="24.983103275299072" lon="121.5538501739502">
        <ele>19.84</ele>
      </trkpt>
      <trkpt lat="24.98282960616052" lon="121.5537859685719">
        <ele>19.96</ele>
      </trkpt>
      <trkpt lat="24.982556020841002" lon="121.55372184701264">
        <ele>20.09</ele>
      </trkpt>
      <trkpt lat="24.982282435521483" lon="121.55365772545338">
        <ele>20.2</ele>
      </trkpt>
      <trkpt lat="24.982008850201964" lon="121.55359360389411">
        <ele>20.37</ele>
      </trkpt>
      <trkpt lat="24.981729984283447" lon="121.55352830886841">
        <ele>20.6</ele>
      </trkpt>
      <trkpt lat="24.9815268907696" lon="121.55350693501532">
        <ele>20.8</ele>
      </trkpt>
      <trkpt lat="24.981322288513184" lon="121.55348539352417">
        <ele>20.93</ele>
      </trkpt>
      <trkpt lat="24.981055157259107" lon="121.55348539352417">
        <ele>21.1</ele>
      </trkpt>
      <trkpt lat="24.980785846710205" lon="121.55348539352417">
        <ele>21.24</ele>
      </trkpt>
      <trkpt lat="24.980614185333252" lon="121.55348539352417">
        <ele>21.33</ele>
      </trkpt>
      <trkpt lat="24.980411091819406" lon="121.55351741239429">
        <ele>21.39</ele>
      </trkpt>
      <trkpt lat="24.98020648956299" lon="121.55354976654053">
        <ele>21.41</ele>
      </trkpt>
      <trkpt lat="24.97990608215332" lon="121.55361413955688">
        <ele>21.39</ele>
      </trkpt>
      <trkpt lat="24.97963727451861" lon="121.55369653366506">
        <ele>21.35</ele>
      </trkpt>
      <trkpt lat="24.97936855070293" lon="121.55377901159227">
        <ele>21.39</ele>
      </trkpt>
      <trkpt lat="24.97909974306822" lon="121.55386148951948">
        <ele>21.39</ele>
      </trkpt>
      <trkpt lat="24.97883101925254" lon="121.55394396744668">
        <ele>21.32</ele>
      </trkpt>
      <trkpt lat="24.978562211617827" lon="121.55402644537389">
        <ele>21.22</ele>
      </trkpt>
      <trkpt lat="24.978293487802148" lon="121.55410883948207">
        <ele>21.15</ele>
      </trkpt>
      <trkpt lat="24.978017807006836" lon="121.5541934967041">
        <ele>20.91</ele>
      </trkpt>
      <trkpt lat="24.977771881967783" lon="121.55427899211645">
        <ele>20.74</ele>
      </trkpt>
      <trkpt lat="24.977524280548096" lon="121.55436515808105">
        <ele>20.58</ele>
      </trkpt>
      <trkpt lat="24.977309703826904" lon="121.55449390411377">
        <ele>20.46</ele>
      </trkpt>
      <trkpt lat="24.97720241546631" lon="121.55460119247437">
        <ele>20.35</ele>
      </trkpt>
      <trkpt lat="24.977009296417236" lon="121.55479431152344">
        <ele>20.19</ele>
      </trkpt>
      <trkpt lat="24.97694492340088" lon="121.55490159988403">
        <ele>20.07</ele>
      </trkpt>
      <trkpt lat="24.97694500721991" lon="121.55490159988403">
        <ele>19.92</ele>
      </trkpt>
      <trkpt lat="24.976816177368164" lon="121.55513763427734">
        <ele>19.86</ele>
      </trkpt>
      <trkpt lat="24.976751804351807" lon="121.55539512634277">
        <ele>19.75</ele>
      </trkpt>
      <trkpt lat="24.976730346679688" lon="121.55550241470337">
        <ele>19.63</ele>
      </trkpt>
      <trkpt lat="24.976730346679688" lon="121.55580282211304">
        <ele>19.48</ele>
      </trkpt>
      <trkpt lat="24.976773345842957" lon="121.55612468719482">
        <ele>19.32</ele>
      </trkpt>
      <trkpt lat="24.976816261187196" lon="121.55636097304523">
        <ele>19.13</ele>
      </trkpt>
      <trkpt lat="24.976859092712402" lon="121.55659675598145">
        <ele>18.9</ele>
      </trkpt>
      <trkpt lat="24.97694500721991" lon="121.5567684173584">
        <ele>18.69</ele>
      </trkpt>
      <trkpt lat="24.977095127105713" lon="121.55696153640747">
        <ele>18.49</ele>
      </trkpt>
      <trkpt lat="24.97718095779419" lon="121.55702590942383">
        <ele>18.35</ele>
      </trkpt>
      <trkpt lat="24.977352619171143" lon="121.55713319778442">
        <ele>18.19</ele>
      </trkpt>
      <trkpt lat="24.977502822875977" lon="121.55717611312866">
        <ele>18.11</ele>
      </trkpt>
      <trkpt lat="24.97750290669501" lon="121.55717611312866">
        <ele>18.04</ele>
      </trkpt>
      <trkpt lat="24.977794932201505" lon="121.55721165239811">
        <ele>17.99</ele>
      </trkpt>
      <trkpt lat="24.978087041527033" lon="121.55724727548659">
        <ele>17.9</ele>
      </trkpt>
      <trkpt lat="24.978382671251893" lon="121.55728340148926">
        <ele>17.87</ele>
      </trkpt>
      <trkpt lat="24.9785428494215" lon="121.55730469152331">
        <ele>17.89</ele>
      </trkpt>
      <trkpt lat="24.97870445251465" lon="121.5573263168335">
        <ele>18.02</ele>
      </trkpt>
      <trkpt lat="24.978854656219482" lon="121.55736923217773">
        <ele>18.1</ele>
      </trkpt>
      <trkpt lat="24.979047775268555" lon="121.55745506286621">
        <ele>18.15</ele>
      </trkpt>
      <trkpt lat="24.97920828871429" lon="121.55756201595068">
        <ele>18.19</ele>
      </trkpt>
      <trkpt lat="24.979369640350342" lon="121.5576696395874">
        <ele>18.21</ele>
      </trkpt>
      <trkpt lat="24.979369724169374" lon="121.5576696395874">
        <ele>18.24</ele>
      </trkpt>
      <trkpt lat="24.979476928710938" lon="121.55773401260376">
        <ele>18.24</ele>
      </trkpt>
      <trkpt lat="24.97968035750091" lon="121.55790525488555">
        <ele>18.18</ele>
      </trkpt>
      <trkpt lat="24.9798846244812" lon="121.55807733535767">
        <ele>18.19</ele>
      </trkpt>
      <trkpt lat="24.97994908131659" lon="121.55816316604614">
        <ele>18.23</ele>
      </trkpt>
      <trkpt lat="24.980013370513916" lon="121.5582275390625">
        <ele>18.29</ele>
      </trkpt>
      <trkpt lat="24.98012065887451" lon="121.55839920043945">
        <ele>18.36</ele>
      </trkpt>
      <trkpt lat="24.98018503189087" lon="121.55859231948853">
        <ele>18.46</ele>
      </trkpt>
      <trkpt lat="24.980227947235107" lon="121.5587748773396">
        <ele>18.49</ele>
      </trkpt>
      <trkpt lat="24.980270862579346" lon="121.55895709991455">
        <ele>18.52</ele>
      </trkpt>
      <trkpt lat="24.980270862579346" lon="121.55904293060303">
        <ele>18.49</ele>
      </trkpt>
      <trkpt lat="24.980270946398377" lon="121.55917167663574">
        <ele>18.39</ele>
      </trkpt>
      <trkpt lat="24.980227947235107" lon="121.55936479568481">
        <ele>18.23</ele>
      </trkpt>
      <trkpt lat="24.980149157345295" lon="121.55966545455158">
        <ele>17.98</ele>
      </trkpt>
      <trkpt lat="24.980070451274514" lon="121.55996619723737">
        <ele>17.82</ele>
      </trkpt>
      <trkpt lat="24.97999199666083" lon="121.56026601791382">
        <ele>17.75</ele>
      </trkpt>
      <trkpt lat="24.979927456006408" lon="121.56049149110913">
        <ele>17.71</ele>
      </trkpt>
      <trkpt lat="24.979863166809082" lon="121.56071662902832">
        <ele>17.63</ele>
      </trkpt>
      <trkpt lat="24.979841709136963" lon="121.56088829040527">
        <ele>17.51</ele>
      </trkpt>
      <trkpt lat="24.979841709136963" lon="121.56123161315918">
        <ele>17.26</ele>
      </trkpt>
      <trkpt lat="24.979863250628114" lon="121.56144618988037">
        <ele>17.07</ele>
      </trkpt>
      <trkpt lat="24.97991689480841" lon="121.56166093423963">
        <ele>16.98</ele>
      </trkpt>
      <trkpt lat="24.979970455169678" lon="121.56187534332275">
        <ele>16.99</ele>
      </trkpt>
      <trkpt lat="24.980034828186035" lon="121.56202554702759">
        <ele>17.0</ele>
      </trkpt>
      <trkpt lat="24.98012065887451" lon="121.56219720840454">
        <ele>16.97</ele>
      </trkpt>
      <trkpt lat="24.98020657338202" lon="121.5623688697815">
        <ele>16.93</ele>
      </trkpt>
      <trkpt lat="24.980335235595703" lon="121.56262636184692">
        <ele>16.89</ele>
      </trkpt>
      <trkpt lat="24.980463981628418" lon="121.56288385391235">
        <ele>16.85</ele>
      </trkpt>
      <trkpt lat="24.980592727661133" lon="121.56314134597778">
        <ele>16.75</ele>
      </trkpt>
      <trkpt lat="24.980592811480165" lon="121.56314134597778">
        <ele>16.72</ele>
      </trkpt>
      <trkpt lat="24.98070445843041" lon="121.56337075866759">
        <ele>16.63</ele>
      </trkpt>
      <trkpt lat="24.980816189199686" lon="121.56360025517642">
        <ele>16.55</ele>
      </trkpt>
      <trkpt lat="24.98092783614993" lon="121.56382966786623">
        <ele>16.53</ele>
      </trkpt>
      <trkpt lat="24.98104258440435" lon="121.56406528316438">
        <ele>16.67</ele>
      </trkpt>
      <trkpt lat="24.981157332658768" lon="121.56430098228157">
        <ele>16.84</ele>
      </trkpt>
      <trkpt lat="24.981272080913186" lon="121.56453659757972">
        <ele>17.01</ele>
      </trkpt>
      <trkpt lat="24.981386745348573" lon="121.56477212905884">
        <ele>17.12</ele>
      </trkpt>
      <trkpt lat="24.98138666152954" lon="121.56457901000977">
        <ele>17.36</ele>
      </trkpt>
      <trkpt lat="24.981300747022033" lon="121.56432126648724">
        <ele>17.56</ele>
      </trkpt>
      <trkpt lat="24.981215000152588" lon="121.5640640258789">
        <ele>17.72</ele>
      </trkpt>
      <trkpt lat="24.98117216862738" lon="121.56391382217407">
        <ele>17.92</ele>
      </trkpt>
      <trkpt lat="24.98115062713623" lon="121.56378507614136">
        <ele>18.16</ele>
      </trkpt>
      <trkpt lat="24.981064712628722" lon="121.56358106061816">
        <ele>18.41</ele>
      </trkpt>
      <trkpt lat="24.980978965759277" lon="121.5633773803711">
        <ele>18.79</ele>
      </trkpt>
      <trkpt lat="24.98093605041504" lon="121.56320571899414">
        <ele>19.14</ele>
      </trkpt>
      <trkpt lat="24.981064796447754" lon="121.56345893628895">
        <ele>19.3</ele>
      </trkpt>
      <trkpt lat="24.98119354248047" lon="121.56371215358377">
        <ele>19.49</ele>
      </trkpt>
      <trkpt lat="24.981322288513184" lon="121.56396537087858">
        <ele>19.82</ele>
      </trkpt>
      <trkpt lat="24.9814510345459" lon="121.56421858817339">
        <ele>20.17</ele>
      </trkpt>
      <trkpt lat="24.981579780578613" lon="121.56447172164917">
        <ele>20.45</ele>
      </trkpt>
      <trkpt lat="24.981794357299805" lon="121.56440734863281">
        <ele>20.81</ele>
      </trkpt>
      <trkpt lat="24.981858730316162" lon="121.56470264308155">
        <ele>20.96</ele>
      </trkpt>
      <trkpt lat="24.98192318715155" lon="121.56499802134931">
        <ele>21.08</ele>
      </trkpt>
      <trkpt lat="24.98198764398694" lon="121.56529339961708">
        <ele>21.24</ele>
      </trkpt>
      <trkpt lat="24.982051849365234" lon="121.56558752059937">
        <ele>21.47</ele>
      </trkpt>
      <trkpt lat="24.982105493545532" lon="121.56581299379468">
        <ele>21.71</ele>
      </trkpt>
      <trkpt lat="24.98215913772583" lon="121.56603813171387">
        <ele>21.92</ele>
      </trkpt>
      <trkpt lat="24.982244968414307" lon="121.56629042699933">
        <ele>22.05</ele>
      </trkpt>
      <trkpt lat="24.982330882921815" lon="121.5665427222848">
        <ele>22.05</ele>
      </trkpt>
      <trkpt lat="24.982416797429323" lon="121.56679501757026">
        <ele>21.91</ele>
      </trkpt>
      <trkpt lat="24.982502460479736" lon="121.56704664230347">
        <ele>21.76</ele>
      </trkpt>
      <trkpt lat="24.982256619259715" lon="121.56711076386273">
        <ele>21.6</ele>
      </trkpt>
      <trkpt lat="24.982010778039694" lon="121.56717488542199">
        <ele>21.51</ele>
      </trkpt>
      <trkpt lat="24.981765020638704" lon="121.56723900698125">
        <ele>21.42</ele>
      </trkpt>
      <trkpt lat="24.981515491381288" lon="121.5673041343689">
        <ele>21.19</ele>
      </trkpt>
      <trkpt lat="24.981515407562256" lon="121.5673041343689">
        <ele>21.07</ele>
      </trkpt>
      <trkpt lat="24.981280211359262" lon="121.56736289151013">
        <ele>20.67</ele>
      </trkpt>
      <trkpt lat="24.9810450989753" lon="121.56742164865136">
        <ele>20.36</ele>
      </trkpt>
      <trkpt lat="24.98080998659134" lon="121.5674804057926">
        <ele>20.24</ele>
      </trkpt>
      <trkpt lat="24.980571353808045" lon="121.5675401687622">
        <ele>20.29</ele>
      </trkpt>
      <trkpt lat="24.980571269989014" lon="121.5675401687622">
        <ele>20.37</ele>
      </trkpt>
      <trkpt lat="24.980350323021412" lon="121.56759716570377">
        <ele>20.68</ele>
      </trkpt>
      <trkpt lat="24.980129459872842" lon="121.56765416264534">
        <ele>21.11</ele>
      </trkpt>
      <trkpt lat="24.97990608215332" lon="121.56771183013916">
        <ele>21.61</ele>
      </trkpt>
      <trkpt lat="24.97962713241577" lon="121.56779766082764">
        <ele>22.11</ele>
      </trkpt>
      <trkpt lat="24.979466199874878" lon="121.5675509814173">
        <ele>24.21</ele>
      </trkpt>
      <trkpt lat="24.979305267333984" lon="121.5673041343689">
        <ele>24.86</ele>
      </trkpt>
      <trkpt lat="24.9790592584759" lon="121.56741100363433">
        <ele>25.68</ele>
      </trkpt>
      <trkpt lat="24.978811740875244" lon="121.56751871109009">
        <ele>26.62</ele>
      </trkpt>
      <trkpt lat="24.97864007949829" lon="121.5676474571228">
        <ele>27.72</ele>
      </trkpt>
      <trkpt lat="24.97840404510498" lon="121.567862033844">
        <ele>28.82</ele>
      </trkpt>
      <trkpt lat="24.978275299072266" lon="121.56803369522095">
        <ele>30.03</ele>
      </trkpt>
      <trkpt lat="24.97814655303955" lon="121.56833410263062">
        <ele>31.31</ele>
      </trkpt>
      <trkpt lat="24.978060722351074" lon="121.56844139099121">
        <ele>32.72</ele>
      </trkpt>
      <trkpt lat="24.97791051864624" lon="121.5685486793518">
        <ele>34.23</ele>
      </trkpt>
      <trkpt lat="24.977824687957764" lon="121.5687096118927">
        <ele>35.84</ele>
      </trkpt>
      <trkpt lat="24.97773894108832" lon="121.5688705444336">
        <ele>37.4</ele>
      </trkpt>
      <trkpt lat="24.977631652727723" lon="121.56905285082757">
        <ele>38.97</ele>
      </trkpt>
      <trkpt lat="24.977524364367127" lon="121.56923532485962">
        <ele>40.71</ele>
      </trkpt>
      <trkpt lat="24.9774169921875" lon="121.56949281692505">
        <ele>42.54</ele>
      </trkpt>
      <trkpt lat="24.977352619171143" lon="121.56970739364624">
        <ele>44.44</ele>
      </trkpt>
      <trkpt lat="24.97731389477849" lon="121.57002967782319">
        <ele>46.33</ele>
      </trkpt>
      <trkpt lat="24.97727525420487" lon="121.57035196200013">
        <ele>48.12</ele>
      </trkpt>
      <trkpt lat="24.97723661363125" lon="121.57067424617708">
        <ele>49.97</ele>
      </trkpt>
      <trkpt lat="24.977197973057628" lon="121.57099653035402">
        <ele>52.06</ele>
      </trkpt>
      <trkpt lat="24.977159583941102" lon="121.57131671905518">
        <ele>54.16</ele>
      </trkpt>
      <trkpt lat="24.977116584777832" lon="121.57140254974365">
        <ele>56.12</ele>
      </trkpt>
      <trkpt lat="24.977009296417236" lon="121.57153129577637">
        <ele>58.15</ele>
      </trkpt>
      <trkpt lat="24.97694492340088" lon="121.5715742111206">
        <ele>60.09</ele>
      </trkpt>
      <trkpt lat="24.976794719696045" lon="121.57159566879272">
        <ele>62.13</ele>
      </trkpt>
      <trkpt lat="24.97649548575282" lon="121.57158141955733">
        <ele>64.16</ele>
      </trkpt>
      <trkpt lat="24.97619633562863" lon="121.57156717032194">
        <ele>65.81</ele>
      </trkpt>
      <trkpt lat="24.97589349746704" lon="121.57155275344849">
        <ele>67.49</ele>
      </trkpt>
      <trkpt lat="24.975786209106445" lon="121.57150983810425">
        <ele>69.19</ele>
      </trkpt>
      <trkpt lat="24.975636089220643" lon="121.57140254974365">
        <ele>70.86</ele>
      </trkpt>
      <trkpt lat="24.975528800860047" lon="121.57127380371094">
        <ele>72.57</ele>
      </trkpt>
      <trkpt lat="24.97542142868042" lon="121.57116651535034">
        <ele>74.24</ele>
      </trkpt>
      <trkpt lat="24.975357139483094" lon="121.5711236000061">
        <ele>75.85</ele>
      </trkpt>
      <trkpt lat="24.975228309631348" lon="121.57114505767822">
        <ele>77.46</ele>
      </trkpt>
      <trkpt lat="24.97514247894287" lon="121.57120943069458">
        <ele>79.0</ele>
      </trkpt>
      <trkpt lat="24.975121021270752" lon="121.57127380371094">
        <ele>80.48</ele>
      </trkpt>
      <trkpt lat="24.975099563598633" lon="121.57150983810425">
        <ele>81.93</ele>
      </trkpt>
      <trkpt lat="24.975067293271422" lon="121.57169239595532">
        <ele>83.37</ele>
      </trkpt>
      <trkpt lat="24.975035190582275" lon="121.57187461853027">
        <ele>84.81</ele>
      </trkpt>
      <trkpt lat="24.975056648254395" lon="121.57200336456299">
        <ele>86.15</ele>
      </trkpt>
      <trkpt lat="24.975185310468078" lon="121.57220712862909">
        <ele>87.42</ele>
      </trkpt>
      <trkpt lat="24.975314224138856" lon="121.57241106033325">
        <ele>88.77</ele>
      </trkpt>
      <trkpt lat="24.975357139483094" lon="121.57251834869385">
        <ele>90.08</ele>
      </trkpt>
      <trkpt lat="24.9753999710083" lon="121.57262563705444">
        <ele>91.3</ele>
      </trkpt>
      <trkpt lat="24.9753999710083" lon="121.5726900100708">
        <ele>92.49</ele>
      </trkpt>
      <trkpt lat="24.975357055664062" lon="121.5727972984314">
        <ele>93.77</ele>
      </trkpt>
      <trkpt lat="24.975271224975586" lon="121.57284021377563">
        <ele>95.0</ele>
      </trkpt>
      <trkpt lat="24.975228309631348" lon="121.57284021377563">
        <ele>96.08</ele>
      </trkpt>
      <trkpt lat="24.97518539428711" lon="121.57281875610352">
        <ele>97.08</ele>
      </trkpt>
      <trkpt lat="24.975024545565248" lon="121.57258280552924">
        <ele>97.9</ele>
      </trkpt>
      <trkpt lat="24.974863529205322" lon="121.5723466873169">
        <ele>98.59</ele>
      </trkpt>
      <trkpt lat="24.974799156188965" lon="121.57226085662842">
        <ele>99.37</ele>
      </trkpt>
      <trkpt lat="24.97462749481201" lon="121.5721321105957">
        <ele>100.49</ele>
      </trkpt>
      <trkpt lat="24.974584579467773" lon="121.57208919525146">
        <ele>101.29</ele>
      </trkpt>
      <trkpt lat="24.974563121795654" lon="121.57198190689087">
        <ele>101.88</ele>
      </trkpt>
      <trkpt lat="24.974563121795654" lon="121.57178845256567">
        <ele>102.42</ele>
      </trkpt>
      <trkpt lat="24.974563121795654" lon="121.57159566879272">
        <ele>102.94</ele>
      </trkpt>
      <trkpt lat="24.974541664123535" lon="121.57150983810425">
        <ele>103.51</ele>
      </trkpt>
      <trkpt lat="24.974498748779297" lon="121.57142400741577">
        <ele>104.1</ele>
      </trkpt>
      <trkpt lat="24.97445583343506" lon="121.5713381767273">
        <ele>104.66</ele>
      </trkpt>
      <trkpt lat="24.974241256713867" lon="121.57114505767822">
        <ele>105.39</ele>
      </trkpt>
      <trkpt lat="24.97419834136963" lon="121.57110214233398">
        <ele>106.0</ele>
      </trkpt>
      <trkpt lat="24.97413396835327" lon="121.57095193862915">
        <ele>106.57</ele>
      </trkpt>
      <trkpt lat="24.974112510681152" lon="121.5708875656128">
        <ele>107.16</ele>
      </trkpt>
      <trkpt lat="24.97413396835327" lon="121.570565700531">
        <ele>107.73</ele>
      </trkpt>
      <trkpt lat="24.97413396835327" lon="121.57052278518677">
        <ele>108.34</ele>
      </trkpt>
      <trkpt lat="24.974069595336914" lon="121.57045841217041">
        <ele>109.03</ele>
      </trkpt>
      <trkpt lat="24.973876476287842" lon="121.57043695449829">
        <ele>109.98</ele>
      </trkpt>
      <trkpt lat="24.973812103271484" lon="121.57039403915405">
        <ele>110.75</ele>
      </trkpt>
      <trkpt lat="24.97370481491089" lon="121.57030820846558">
        <ele>111.61</ele>
      </trkpt>
      <trkpt lat="24.97368335723877" lon="121.5702223777771">
        <ele>112.38</ele>
      </trkpt>
      <trkpt lat="24.97366189956665" lon="121.57007217407227">
        <ele>113.08</ele>
      </trkpt>
      <trkpt lat="24.97367262840271" lon="121.56973907724023">
        <ele>113.87</ele>
      </trkpt>
      <trkpt lat="24.97368335723877" lon="121.56940698623657">
        <ele>114.79</ele>
      </trkpt>
      <trkpt lat="24.97366181574762" lon="121.56920280307531">
        <ele>115.77</ele>
      </trkpt>
      <trkpt lat="24.97364044189453" lon="121.56899929046631">
        <ele>116.68</ele>
      </trkpt>
      <trkpt lat="24.973597526550293" lon="121.56897783279419">
        <ele>117.66</ele>
      </trkpt>
      <trkpt lat="24.973511695861816" lon="121.56895637512207">
        <ele>118.71</ele>
      </trkpt>
      <trkpt lat="24.973319163545966" lon="121.56903114169836">
        <ele>119.95</ele>
      </trkpt>
      <trkpt lat="24.973125457763672" lon="121.5691065788269">
        <ele>121.27</ele>
      </trkpt>
      <trkpt lat="24.97297533787787" lon="121.5691065788269">
        <ele>122.54</ele>
      </trkpt>
      <trkpt lat="24.972975254058838" lon="121.5691065788269">
        <ele>123.57</ele>
      </trkpt>
      <trkpt lat="24.97291088104248" lon="121.56906366348267">
        <ele>124.7</ele>
      </trkpt>
      <trkpt lat="24.97288942337036" lon="121.56899929046631">
        <ele>125.75</ele>
      </trkpt>
      <trkpt lat="24.97288942337036" lon="121.56895637512207">
        <ele>126.78</ele>
      </trkpt>
      <trkpt lat="24.9729323387146" lon="121.56884908676147">
        <ele>127.77</ele>
      </trkpt>
      <trkpt lat="24.973039627075195" lon="121.56867742538452">
        <ele>128.71</ele>
      </trkpt>
      <trkpt lat="24.973039627075195" lon="121.56859159469604">
        <ele>129.84</ele>
      </trkpt>
      <trkpt lat="24.97293242253363" lon="121.56835556030273">
        <ele>131.13</ele>
      </trkpt>
      <trkpt lat="24.972803592681885" lon="121.56814098358154">
        <ele>132.27</ele>
      </trkpt>
      <trkpt lat="24.97273930348456" lon="121.56807661056519">
        <ele>133.46</ele>
      </trkpt>
      <trkpt lat="24.97267484664917" lon="121.56805515289307">
        <ele>134.67</ele>
      </trkpt>
      <trkpt lat="24.972589099779725" lon="121.56805515289307">
        <ele>135.94</ele>
      </trkpt>
      <trkpt lat="24.97246026992798" lon="121.56826972961426">
        <ele>137.51</ele>
      </trkpt>
      <trkpt lat="24.97241727076471" lon="121.56845228746533">
        <ele>139.17</ele>
      </trkpt>
      <trkpt lat="24.972374439239502" lon="121.56863451004028">
        <ele>140.93</ele>
      </trkpt>
      <trkpt lat="24.972352981567383" lon="121.56867742538452">
        <ele>142.48</ele>
      </trkpt>
      <trkpt lat="24.97213840484619" lon="121.5688705444336">
        <ele>144.19</ele>
      </trkpt>
      <trkpt lat="24.972116947174072" lon="121.56893491744995">
        <ele>145.79</ele>
      </trkpt>
      <trkpt lat="24.972095489501953" lon="121.56906366348267">
        <ele>147.38</ele>
      </trkpt>
      <trkpt lat="24.972117030993104" lon="121.56912803649902">
        <ele>148.98</ele>
      </trkpt>
      <trkpt lat="24.972224235534668" lon="121.56934261322021">
        <ele>150.66</ele>
      </trkpt>
      <trkpt lat="24.972245693206787" lon="121.56940698623657">
        <ele>152.31</ele>
      </trkpt>
      <trkpt lat="24.972224235534668" lon="121.56962156295776">
        <ele>154.21</ele>
      </trkpt>
      <trkpt lat="24.972267234697938" lon="121.56972885131836">
        <ele>156.0</ele>
      </trkpt>
      <trkpt lat="24.972267150878906" lon="121.56972885131836">
        <ele>157.59</ele>
      </trkpt>
      <trkpt lat="24.972374439239502" lon="121.56996488571167">
        <ele>159.33</ele>
      </trkpt>
      <trkpt lat="24.972374439239502" lon="121.57002925872803">
        <ele>160.93</ele>
      </trkpt>
      <trkpt lat="24.972352981567383" lon="121.57037258148193">
        <ele>162.4</ele>
      </trkpt>
      <trkpt lat="24.972352981567383" lon="121.57045841217041">
        <ele>163.84</ele>
      </trkpt>
      <trkpt lat="24.97246026992798" lon="121.5707802772522">
        <ele>165.26</ele>
      </trkpt>
      <trkpt lat="24.972481727600098" lon="121.57090902328491">
        <ele>166.68</ele>
      </trkpt>
      <trkpt lat="24.97246026992798" lon="121.57120943069458">
        <ele>168.23</ele>
      </trkpt>
      <trkpt lat="24.97239589691162" lon="121.57138109207153">
        <ele>169.65</ele>
      </trkpt>
      <trkpt lat="24.972299337387085" lon="121.57152048312128">
        <ele>171.03</ele>
      </trkpt>
      <trkpt lat="24.97220277786255" lon="121.57166004180908">
        <ele>172.32</ele>
      </trkpt>
      <trkpt lat="24.97220277786255" lon="121.57176733016968">
        <ele>173.43</ele>
      </trkpt>
      <trkpt lat="24.97220277786255" lon="121.57181024551392">
        <ele>174.39</ele>
      </trkpt>
      <trkpt lat="24.972245693206787" lon="121.57187461853027">
        <ele>175.21</ele>
      </trkpt>
      <trkpt lat="24.972352981567383" lon="121.57191753387451">
        <ele>175.78</ele>
      </trkpt>
      <trkpt lat="24.972545262426138" lon="121.57194955274463">
        <ele>176.14</ele>
      </trkpt>
      <trkpt lat="24.972739219665527" lon="121.57198190689087">
        <ele>176.51</ele>
      </trkpt>
      <trkpt lat="24.972825050354004" lon="121.57202482223511">
        <ele>177.13</ele>
      </trkpt>
      <trkpt lat="24.972846508026123" lon="121.57206773757935">
        <ele>177.84</ele>
      </trkpt>
      <trkpt lat="24.972867965698242" lon="121.57211065292358">
        <ele>178.56</ele>
      </trkpt>
      <trkpt lat="24.972867965698242" lon="121.57232522964478">
        <ele>179.64</ele>
      </trkpt>
      <trkpt lat="24.97288942337036" lon="121.57241106033325">
        <ele>180.39</ele>
      </trkpt>
      <trkpt lat="24.972996711730957" lon="121.57249689102173">
        <ele>181.06</ele>
      </trkpt>
      <trkpt lat="24.973189244046807" lon="121.57259311527014">
        <ele>181.65</ele>
      </trkpt>
      <trkpt lat="24.973383033648133" lon="121.5726900100708">
        <ele>182.28</ele>
      </trkpt>
      <trkpt lat="24.97342586517334" lon="121.57273292541504">
        <ele>182.99</ele>
      </trkpt>
      <trkpt lat="24.973468780517578" lon="121.57281875610352">
        <ele>183.81</ele>
      </trkpt>
      <trkpt lat="24.973576068878174" lon="121.57307633198798">
        <ele>184.69</ele>
      </trkpt>
      <trkpt lat="24.97368335723877" lon="121.57333374023438">
        <ele>185.43</ele>
      </trkpt>
      <trkpt lat="24.973726272583008" lon="121.57350540161133">
        <ele>186.35</ele>
      </trkpt>
      <trkpt lat="24.97374781407416" lon="121.57371997833252">
        <ele>187.45</ele>
      </trkpt>
      <trkpt lat="24.97372635640204" lon="121.573805809021">
        <ele>188.54</ele>
      </trkpt>
      <trkpt lat="24.97366189956665" lon="121.57395601272583">
        <ele>189.69</ele>
      </trkpt>
      <trkpt lat="24.973490238189697" lon="121.57417058944702">
        <ele>190.78</ele>
      </trkpt>
      <trkpt lat="24.973361575976014" lon="121.57444953918457">
        <ele>191.76</ele>
      </trkpt>
      <trkpt lat="24.973297202959657" lon="121.57457828521729">
        <ele>192.88</ele>
      </trkpt>
      <trkpt lat="24.973146999254823" lon="121.57477140426636">
        <ele>194.05</ele>
      </trkpt>
      <trkpt lat="24.97314691543579" lon="121.57477140426636">
        <ele>195.18</ele>
      </trkpt>
      <trkpt lat="24.973018169403076" lon="121.57490015029907">
        <ele>196.37</ele>
      </trkpt>
      <trkpt lat="24.97295379638672" lon="121.57502889633179">
        <ele>197.54</ele>
      </trkpt>
      <trkpt lat="24.97292152605951" lon="121.57530818134546">
        <ele>198.73</ele>
      </trkpt>
      <trkpt lat="24.972889507189393" lon="121.57558679580688">
        <ele>199.99</ele>
      </trkpt>
      <trkpt lat="24.972825050354004" lon="121.57580137252808">
        <ele>201.35</ele>
      </trkpt>
      <trkpt lat="24.972717761993408" lon="121.57603740692139">
        <ele>202.8</ele>
      </trkpt>
      <trkpt lat="24.972599744796753" lon="121.57621971331537">
        <ele>204.19</ele>
      </trkpt>
      <trkpt lat="24.972481727600098" lon="121.57640218734741">
        <ele>205.53</ele>
      </trkpt>
      <trkpt lat="24.97234250418842" lon="121.57653068192303">
        <ele>206.97</ele>
      </trkpt>
      <trkpt lat="24.97220277786255" lon="121.57665967941284">
        <ele>208.54</ele>
      </trkpt>
      <trkpt lat="24.97215986251831" lon="121.5767240524292">
        <ele>209.94</ele>
      </trkpt>
      <trkpt lat="24.972031116485596" lon="121.57691717147827">
        <ele>211.37</ele>
      </trkpt>
      <trkpt lat="24.97194528579712" lon="121.57721757888794">
        <ele>212.61</ele>
      </trkpt>
      <trkpt lat="24.971773624420166" lon="121.57745361328125">
        <ele>214.2</ele>
      </trkpt>
      <trkpt lat="24.971730709075928" lon="121.57747507095337">
        <ele>215.58</ele>
      </trkpt>
      <trkpt lat="24.97168779373169" lon="121.57749652862549">
        <ele>216.95</ele>
      </trkpt>
      <trkpt lat="24.97164487838745" lon="121.57747507095337">
        <ele>218.32</ele>
      </trkpt>
      <trkpt lat="24.971623420715332" lon="121.57745361328125">
        <ele>219.64</ele>
      </trkpt>
      <trkpt lat="24.971623420715332" lon="121.57736778259277">
        <ele>220.92</ele>
      </trkpt>
      <trkpt lat="24.971723584458232" lon="121.5771244559437">
        <ele>222.03</ele>
      </trkpt>
      <trkpt lat="24.971823748201132" lon="121.57688112929463">
        <ele>223.31</ele>
      </trkpt>
      <trkpt lat="24.971923828125" lon="121.57663822174072">
        <ele>224.69</ele>
      </trkpt>
      <trkpt lat="24.97194528579712" lon="121.57650947570801">
        <ele>226.07</ele>
      </trkpt>
      <trkpt lat="24.97189507819712" lon="121.5762301068753">
        <ele>227.5</ele>
      </trkpt>
      <trkpt lat="24.971844954416156" lon="121.57595082186162">
        <ele>228.77</ele>
      </trkpt>
      <trkpt lat="24.971795082092285" lon="121.57567262649536">
        <ele>230.17</ele>
      </trkpt>
      <trkpt lat="24.971805810928345" lon="121.57541471533477">
        <ele>231.5</ele>
      </trkpt>
      <trkpt lat="24.971816539764404" lon="121.5751576423645">
        <ele>232.93</ele>
      </trkpt>
      <trkpt lat="24.971837997436523" lon="121.57500743865967">
        <ele>234.32</ele>
      </trkpt>
      <trkpt lat="24.971923828125" lon="121.57468557357788">
        <ele>235.62</ele>
      </trkpt>
      <trkpt lat="24.97194528579712" lon="121.57455682754517">
        <ele>237.06</ele>
      </trkpt>
      <trkpt lat="24.97191301546991" lon="121.574363457039">
        <ele>238.7</ele>
      </trkpt>
      <trkpt lat="24.97188091278076" lon="121.57417058944702">
        <ele>240.4</ele>
      </trkpt>
      <trkpt lat="24.971923828125" lon="121.57395601272583">
        <ele>241.87</ele>
      </trkpt>
      <trkpt lat="24.971923828125" lon="121.57391309738159">
        <ele>243.43</ele>
      </trkpt>
      <trkpt lat="24.97190237045288" lon="121.57387018203735">
        <ele>245.06</ele>
      </trkpt>
      <trkpt lat="24.971859455108643" lon="121.57384872436523">
        <ele>246.77</ele>
      </trkpt>
      <trkpt lat="24.971816539764404" lon="121.57382726669312">
        <ele>248.51</ele>
      </trkpt>
      <trkpt lat="24.971773624420166" lon="121.57384872436523">
        <ele>250.28</ele>
      </trkpt>
      <trkpt lat="24.971752166748047" lon="121.57389163970947">
        <ele>252.02</ele>
      </trkpt>
      <trkpt lat="24.97164479456842" lon="121.57414921559393">
        <ele>253.91</ele>
      </trkpt>
      <trkpt lat="24.971537590026855" lon="121.57440662384033">
        <ele>255.79</ele>
      </trkpt>
      <trkpt lat="24.971451675519347" lon="121.5747072827071">
        <ele>257.78</ele>
      </trkpt>
      <trkpt lat="24.971365928649902" lon="121.57500743865967">
        <ele>259.7</ele>
      </trkpt>
      <trkpt lat="24.971323013305664" lon="121.57509326934814">
        <ele>261.54</ele>
      </trkpt>
      <trkpt lat="24.971226453781128" lon="121.57523266039789">
        <ele>263.55</ele>
      </trkpt>
      <trkpt lat="24.971129894256592" lon="121.5753722190857">
        <ele>265.64</ele>
      </trkpt>
      <trkpt lat="24.971108436584473" lon="121.57541513442993">
        <ele>267.52</ele>
      </trkpt>
      <trkpt lat="24.97109410353005" lon="121.57569441944361">
        <ele>269.34</ele>
      </trkpt>
      <trkpt lat="24.971079770475626" lon="121.57597378827631">
        <ele>271.07</ele>
      </trkpt>
      <trkpt lat="24.971065521240234" lon="121.57625198364258">
        <ele>272.71</ele>
      </trkpt>
      <trkpt lat="24.971065521240234" lon="121.57631635665894">
        <ele>274.44</ele>
      </trkpt>
      <trkpt lat="24.971022605895996" lon="121.57635927200317">
        <ele>276.26</ele>
      </trkpt>
      <trkpt lat="24.970979690551758" lon="121.5763807296753">
        <ele>278.11</ele>
      </trkpt>
      <trkpt lat="24.9709153175354" lon="121.5763807296753">
        <ele>279.93</ele>
      </trkpt>
      <trkpt lat="24.97067928314209" lon="121.57640218734741">
        <ele>281.75</ele>
      </trkpt>
      <trkpt lat="24.97041206806898" lon="121.57637008465827">
        <ele>283.58</ele>
      </trkpt>
      <trkpt lat="24.97014284133911" lon="121.57633781433105">
        <ele>285.6</ele>
      </trkpt>
      <trkpt lat="24.969863891601562" lon="121.57633781433105">
        <ele>287.49</ele>
      </trkpt>
      <trkpt lat="24.969778060913086" lon="121.5763807296753">
        <ele>289.06</ele>
      </trkpt>
      <trkpt lat="24.96969223022461" lon="121.57640218734741">
        <ele>290.58</ele>
      </trkpt>
      <trkpt lat="24.96952082030475" lon="121.57656278461218">
        <ele>292.06</ele>
      </trkpt>
      <trkpt lat="24.969348907470703" lon="121.5767240524292">
        <ele>293.3</ele>
      </trkpt>
      <trkpt lat="24.969305992126465" lon="121.57674551010132">
        <ele>294.51</ele>
      </trkpt>
      <trkpt lat="24.96919870376587" lon="121.57676696777344">
        <ele>295.66</ele>
      </trkpt>
      <trkpt lat="24.96894129551947" lon="121.57676696777344">
        <ele>296.76</ele>
      </trkpt>
      <trkpt lat="24.96894121170044" lon="121.57676696777344">
        <ele>297.67</ele>
      </trkpt>
      <trkpt lat="24.968727389350533" lon="121.57672413624823">
        <ele>298.64</ele>
      </trkpt>
      <trkpt lat="24.968512058258057" lon="121.57668113708496">
        <ele>299.55</ele>
      </trkpt>
      <trkpt lat="24.968361938372254" lon="121.57685967162251">
        <ele>300.19</ele>
      </trkpt>
      <trkpt lat="24.968211902305484" lon="121.5770382899791">
        <ele>300.63</ele>
      </trkpt>
      <trkpt lat="24.968061447143555" lon="121.57721757888794">
        <ele>300.91</ele>
      </trkpt>
      <trkpt lat="24.968018531799316" lon="121.5772819519043">
        <ele>301.1</ele>
      </trkpt>
      <trkpt lat="24.967997074127197" lon="121.57734632492065">
        <ele>301.19</ele>
      </trkpt>
      <trkpt lat="24.967997074127197" lon="121.57741069793701">
        <ele>301.18</ele>
      </trkpt>
      <trkpt lat="24.968018531799316" lon="121.57747507095337">
        <ele>301.05</ele>
      </trkpt>
      <trkpt lat="24.968061447143555" lon="121.57753944396973">
        <ele>300.81</ele>
      </trkpt>
      <trkpt lat="24.968190025538206" lon="121.57771093770862">
        <ele>300.48</ele>
      </trkpt>
      <trkpt lat="24.968318939208984" lon="121.57788276672363">
        <ele>300.06</ele>
      </trkpt>
      <trkpt lat="24.96840476989746" lon="121.57794713973999">
        <ele>299.57</ele>
      </trkpt>
      <trkpt lat="24.96846914291382" lon="121.57796859741211">
        <ele>299.02</ele>
      </trkpt>
      <trkpt lat="24.968576431274414" lon="121.57792568206787">
        <ele>298.41</ele>
      </trkpt>
      <trkpt lat="24.968758150935173" lon="121.57785083167255">
        <ele>297.65</ele>
      </trkpt>
      <trkpt lat="24.96894121170044" lon="121.57777547836304">
        <ele>296.98</ele>
      </trkpt>
      <trkpt lat="24.969091415405273" lon="121.57775402069092">
        <ele>296.36</ele>
      </trkpt>
      <trkpt lat="24.96917724609375" lon="121.57781839370728">
        <ele>295.8</ele>
      </trkpt>
      <trkpt lat="24.969370365142822" lon="121.57801151275635">
        <ele>295.33</ele>
      </trkpt>
      <trkpt lat="24.96941328048706" lon="121.57811880111694">
        <ele>294.76</ele>
      </trkpt>
      <trkpt lat="24.969477653503418" lon="121.5782904624939">
        <ele>294.18</ele>
      </trkpt>
      <trkpt lat="24.969542026519775" lon="121.57837629318237">
        <ele>293.56</ele>
      </trkpt>
      <trkpt lat="24.969778060913086" lon="121.5785264968872">
        <ele>292.78</ele>
      </trkpt>
      <trkpt lat="24.969971179962158" lon="121.57856941223145">
        <ele>292.05</ele>
      </trkpt>
      <trkpt lat="24.970014095306396" lon="121.57861232757568">
        <ele>291.51</ele>
      </trkpt>
      <trkpt lat="24.97005583718419" lon="121.57872699201107">
        <ele>291.06</ele>
      </trkpt>
      <trkpt lat="24.97005575336516" lon="121.57872699201107">
        <ele>290.61</ele>
      </trkpt>
      <trkpt lat="24.970099925994873" lon="121.578848361969">
        <ele>290.25</ele>
      </trkpt>
      <trkpt lat="24.970099925994873" lon="121.57893419265747">
        <ele>289.96</ele>
      </trkpt>
      <trkpt lat="24.969992637634277" lon="121.5790843963623">
        <ele>289.91</ele>
      </trkpt>
      <trkpt lat="24.969971179962158" lon="121.57912731170654">
        <ele>289.7</ele>
      </trkpt>
      <trkpt lat="24.969992637634277" lon="121.57936334609985">
        <ele>289.59</ele>
      </trkpt>
      <trkpt lat="24.970014095306396" lon="121.57940626144409">
        <ele>289.39</ele>
      </trkpt>
      <trkpt lat="24.970078468322754" lon="121.57944917678833">
        <ele>289.19</ele>
      </trkpt>
      <trkpt lat="24.970271587371826" lon="121.5795350074768">
        <ele>288.77</ele>
      </trkpt>
      <trkpt lat="24.97044324874878" lon="121.57977104187012">
        <ele>288.44</ele>
      </trkpt>
      <trkpt lat="24.970614910125732" lon="121.57987833023071">
        <ele>288.15</ele>
      </trkpt>
      <trkpt lat="24.9704647064209" lon="121.58004999160767">
        <ele>288.55</ele>
      </trkpt>
      <trkpt lat="24.970314502716064" lon="121.58015727996826">
        <ele>288.81</ele>
      </trkpt>
      <trkpt lat="24.97014284133911" lon="121.58022165298462">
        <ele>289.19</ele>
      </trkpt>
      <trkpt lat="24.969950476661325" lon="121.58022165298462">
        <ele>289.6</ele>
      </trkpt>
      <trkpt lat="24.969756603240967" lon="121.58022165298462">
        <ele>290.07</ele>
      </trkpt>
      <trkpt lat="24.969563484191895" lon="121.58028602600098">
        <ele>290.55</ele>
      </trkpt>
      <trkpt lat="24.969499111175537" lon="121.58035039901733">
        <ele>291.12</ele>
      </trkpt>
      <trkpt lat="24.96939182281494" lon="121.58047914505005">
        <ele>291.77</ele>
      </trkpt>
      <trkpt lat="24.969327449798584" lon="121.5805435180664">
        <ele>292.52</ele>
      </trkpt>
      <trkpt lat="24.96917724609375" lon="121.58062934875488">
        <ele>293.33</ele>
      </trkpt>
      <trkpt lat="24.968984127044678" lon="121.580650806427">
        <ele>294.24</ele>
      </trkpt>
      <trkpt lat="24.968813052400947" lon="121.5806079749018">
        <ele>295.24</ele>
      </trkpt>
      <trkpt lat="24.96864080429077" lon="121.58056497573853">
        <ele>296.32</ele>
      </trkpt>
      <trkpt lat="24.968490600585938" lon="121.58056497573853">
        <ele>297.41</ele>
      </trkpt>
      <trkpt lat="24.968255488201976" lon="121.58061836846173">
        <ele>298.55</ele>
      </trkpt>
      <trkpt lat="24.968018615618348" lon="121.58067226409912">
        <ele>299.62</ele>
      </trkpt>
      <trkpt lat="24.968018531799316" lon="121.58067226409912">
        <ele>300.59</ele>
      </trkpt>
      <trkpt lat="24.96786874718964" lon="121.5807578433305">
        <ele>301.51</ele>
      </trkpt>
      <trkpt lat="24.96771812438965" lon="121.58084392547607">
        <ele>302.49</ele>
      </trkpt>
      <trkpt lat="24.967557694762945" lon="121.58089731819928">
        <ele>303.5</ele>
      </trkpt>
      <trkpt lat="24.96739625930786" lon="121.58095121383667">
        <ele>304.47</ele>
      </trkpt>
      <trkpt lat="24.96720322407782" lon="121.58099412918091">
        <ele>305.4</ele>
      </trkpt>
      <trkpt lat="24.967074394226074" lon="121.58101558685303">
        <ele>306.33</ele>
      </trkpt>
      <trkpt lat="24.967031478881836" lon="121.58105850219727">
        <ele>307.12</ele>
      </trkpt>
      <trkpt lat="24.966988563537598" lon="121.5811014175415">
        <ele>307.9</ele>
      </trkpt>
      <trkpt lat="24.96696710586548" lon="121.58116579055786">
        <ele>308.64</ele>
      </trkpt>
      <trkpt lat="24.966956293210387" lon="121.58135916106403">
        <ele>309.25</ele>
      </trkpt>
      <trkpt lat="24.96694564819336" lon="121.581552028656">
        <ele>309.78</ele>
      </trkpt>
      <trkpt lat="24.96692419052124" lon="121.58170223236084">
        <ele>310.25</ele>
      </trkpt>
      <trkpt lat="24.966881275177002" lon="121.58180952072144">
        <ele>310.76</ele>
      </trkpt>
      <trkpt lat="24.966838359832764" lon="121.58189535140991">
        <ele>311.21</ele>
      </trkpt>
      <trkpt lat="24.96670961380005" lon="121.58200263977051">
        <ele>311.71</ele>
      </trkpt>
      <trkpt lat="24.96649570763111" lon="121.58208813518286">
        <ele>312.38</ele>
      </trkpt>
      <trkpt lat="24.966280460357666" lon="121.58217430114746">
        <ele>313.06</ele>
      </trkpt>
      <trkpt lat="24.966259002685547" lon="121.5822172164917">
        <ele>313.42</ele>
      </trkpt>
      <trkpt lat="24.96619462966919" lon="121.58241033554077">
        <ele>313.39</ele>
      </trkpt>
      <trkpt lat="24.966087341308594" lon="121.58260345458984">
        <ele>313.54</ele>
      </trkpt>
      <trkpt lat="24.966022968292236" lon="121.5826678276062">
        <ele>313.87</ele>
      </trkpt>
      <trkpt lat="24.965894306078553" lon="121.5827751159668">
        <ele>314.25</ele>
      </trkpt>
      <trkpt lat="24.96589422225952" lon="121.5827751159668">
        <ele>314.46</ele>
      </trkpt>
      <trkpt lat="24.965851306915283" lon="121.58288240432739">
        <ele>314.69</ele>
      </trkpt>
      <trkpt lat="24.965851306915283" lon="121.58294677734375">
        <ele>314.86</ele>
      </trkpt>
      <trkpt lat="24.965872764587402" lon="121.58301115036011">
        <ele>314.98</ele>
      </trkpt>
      <trkpt lat="24.96595867909491" lon="121.58318281173706">
        <ele>315.05</ele>
      </trkpt>
      <trkpt lat="24.96595859527588" lon="121.58318281173706">
        <ele>315.14</ele>
      </trkpt>
      <trkpt lat="24.966001510620117" lon="121.58324718475342">
        <ele>315.18</ele>
      </trkpt>
      <trkpt lat="24.966044425964355" lon="121.58341884613037">
        <ele>315.22</ele>
      </trkpt>
      <trkpt lat="24.966022968292236" lon="121.58363342285156">
        <ele>315.32</ele>
      </trkpt>
      <trkpt lat="24.965990697965026" lon="121.58381598070264">
        <ele>315.31</ele>
      </trkpt>
      <trkpt lat="24.96595859527588" lon="121.58399820327759">
        <ele>315.35</ele>
      </trkpt>
      <trkpt lat="24.96595859527588" lon="121.58406257629395">
        <ele>315.31</ele>
      </trkpt>
      <trkpt lat="24.965980052947998" lon="121.58427715301514">
        <ele>315.23</ele>
      </trkpt>
      <trkpt lat="24.966065883636475" lon="121.5845775604248">
        <ele>315.11</ele>
      </trkpt>
      <trkpt lat="24.966087341308594" lon="121.58476011827588">
        <ele>315.09</ele>
      </trkpt>
      <trkpt lat="24.966108798980713" lon="121.58494234085083">
        <ele>315.09</ele>
      </trkpt>
      <trkpt lat="24.966130256652832" lon="121.58507108688354">
        <ele>314.99</ele>
      </trkpt>
      <trkpt lat="24.966301918029785" lon="121.58528566360474">
        <ele>314.65</ele>
      </trkpt>
      <trkpt lat="24.966344833374023" lon="121.58541440963745">
        <ele>314.39</ele>
      </trkpt>
      <trkpt lat="24.966366291046143" lon="121.58556461334229">
        <ele>314.17</ele>
      </trkpt>
      <trkpt lat="24.96640920639038" lon="121.58584356307983">
        <ele>313.88</ele>
      </trkpt>
      <trkpt lat="24.96640920639038" lon="121.5861439704895">
        <ele>313.63</ele>
      </trkpt>
      <trkpt lat="24.96645212173462" lon="121.58627271652222">
        <ele>313.27</ele>
      </trkpt>
      <trkpt lat="24.966559410095215" lon="121.58648729324341">
        <ele>312.83</ele>
      </trkpt>
      <trkpt lat="24.96666669845581" lon="121.58663749694824">
        <ele>312.4</ele>
      </trkpt>
      <trkpt lat="24.966816902160645" lon="121.58674478530884">
        <ele>311.9</ele>
      </trkpt>
      <trkpt lat="24.966988563537598" lon="121.5868091583252">
        <ele>311.44</ele>
      </trkpt>
      <trkpt lat="24.967031478881836" lon="121.58683061599731">
        <ele>311.04</ele>
      </trkpt>
      <trkpt lat="24.967052936553955" lon="121.58687353134155">
        <ele>310.67</ele>
      </trkpt>
      <trkpt lat="24.967117309570312" lon="121.5871524810791">
        <ele>310.38</ele>
      </trkpt>
      <trkpt lat="24.96720322407782" lon="121.58743143081665">
        <ele>310.07</ele>
      </trkpt>
      <trkpt lat="24.96724613942206" lon="121.58753871917725">
        <ele>309.74</ele>
      </trkpt>
      <trkpt lat="24.967331886291504" lon="121.58777475357056">
        <ele>309.45</ele>
      </trkpt>
      <trkpt lat="24.967374801635742" lon="121.58779621124268">
        <ele>309.16</ele>
      </trkpt>
      <trkpt lat="24.96748217381537" lon="121.58783912658691">
        <ele>308.87</ele>
      </trkpt>
      <trkpt lat="24.967610836029053" lon="121.58783912658691">
        <ele>308.58</ele>
      </trkpt>
      <trkpt lat="24.967771098017693" lon="121.58780702389777">
        <ele>308.31</ele>
      </trkpt>
      <trkpt lat="24.96793270111084" lon="121.58777475357056">
        <ele>308.1</ele>
      </trkpt>
      <trkpt lat="24.967997074127197" lon="121.58777475357056">
        <ele>308.04</ele>
      </trkpt>
      <trkpt lat="24.968082988634706" lon="121.58779621124268">
        <ele>308.04</ele>
      </trkpt>
      <trkpt lat="24.968211483210325" lon="121.58791397698224">
        <ele>308.12</ele>
      </trkpt>
      <trkpt lat="24.968340480700135" lon="121.58803224563599">
        <ele>308.3</ele>
      </trkpt>
      <trkpt lat="24.968329081311822" lon="121.58810030668974">
        <ele>308.56</ele>
      </trkpt>
      <trkpt lat="24.968319023028016" lon="121.5881609916687">
        <ele>309.25</ele>
      </trkpt>
      <trkpt lat="24.968276023864746" lon="121.58828973770142">
        <ele>309.71</ele>
      </trkpt>
      <trkpt lat="24.96816873550415" lon="121.58843994140625">
        <ele>310.22</ele>
      </trkpt>
      <trkpt lat="24.96797041967511" lon="121.58866491168737">
        <ele>310.87</ele>
      </trkpt>
      <trkpt lat="24.967772187665105" lon="121.58888996578753">
        <ele>311.49</ele>
      </trkpt>
      <trkpt lat="24.967573955655098" lon="121.58911501988769">
        <ele>312.17</ele>
      </trkpt>
      <trkpt lat="24.967374801635742" lon="121.58934116363525">
        <ele>312.8</ele>
      </trkpt>
      <trkpt lat="24.967246055603027" lon="121.58940553665161">
        <ele>313.46</ele>
      </trkpt>
      <trkpt lat="24.96704296208918" lon="121.58943755552173">
        <ele>314.21</ele>
      </trkpt>
      <trkpt lat="24.966838359832764" lon="121.58946990966797">
        <ele>314.88</ele>
      </trkpt>
      <trkpt lat="24.966773986816406" lon="121.58949136734009">
        <ele>315.39</ele>
      </trkpt>
      <trkpt lat="24.96670961380005" lon="121.58953428268433">
        <ele>315.85</ele>
      </trkpt>
      <trkpt lat="24.96668815612793" lon="121.5896201133728">
        <ele>316.14</ele>
      </trkpt>
      <trkpt lat="24.96668815612793" lon="121.58977031707764">
        <ele>316.34</ele>
      </trkpt>
      <trkpt lat="24.96670961380005" lon="121.589834690094">
        <ele>316.55</ele>
      </trkpt>
      <trkpt lat="24.96687037870288" lon="121.59004901535809">
        <ele>316.51</ele>
      </trkpt>
      <trkpt lat="24.967031478881836" lon="121.59026384353638">
        <ele>316.52</ele>
      </trkpt>
      <trkpt lat="24.967031478881836" lon="121.59039258956909">
        <ele>316.62</ele>
      </trkpt>
      <trkpt lat="24.967031478881836" lon="121.59065008163452">
        <ele>316.7</ele>
      </trkpt>
      <trkpt lat="24.967052936553955" lon="121.5908432006836">
        <ele>316.57</ele>
      </trkpt>
      <trkpt lat="24.967128038406372" lon="121.59112240187824">
        <ele>316.33</ele>
      </trkpt>
      <trkpt lat="24.96720314025879" lon="121.59140110015869">
        <ele>316.13</ele>
      </trkpt>
      <trkpt lat="24.967246055603027" lon="121.59148693084717">
        <ele>315.81</ele>
      </trkpt>
      <trkpt lat="24.967288970947266" lon="121.5915298461914">
        <ele>315.41</ele>
      </trkpt>
      <trkpt lat="24.967353343963623" lon="121.59157276153564">
        <ele>314.93</ele>
      </trkpt>
      <trkpt lat="24.967556353658438" lon="121.5915940515697">
        <ele>314.35</ele>
      </trkpt>
      <trkpt lat="24.967761039733887" lon="121.59161567687988">
        <ele>313.58</ele>
      </trkpt>
      <trkpt lat="24.967967653647065" lon="121.59168692305684">
        <ele>312.87</ele>
      </trkpt>
      <trkpt lat="24.968174351379275" lon="121.5917581692338">
        <ele>312.13</ele>
      </trkpt>
      <trkpt lat="24.968383312225342" lon="121.59183025360107">
        <ele>311.38</ele>
      </trkpt>
      <trkpt lat="24.968533515930176" lon="121.5918517112732">
        <ele>310.68</ele>
      </trkpt>
      <trkpt lat="24.968769550323486" lon="121.59183025360107">
        <ele>309.92</ele>
      </trkpt>
      <trkpt lat="24.968929812312126" lon="121.5918408986181">
        <ele>309.27</ele>
      </trkpt>
      <trkpt lat="24.969091415405273" lon="121.5918517112732">
        <ele>308.64</ele>
      </trkpt>
      <trkpt lat="24.96919870376587" lon="121.5918517112732">
        <ele>308.06</ele>
      </trkpt>
      <trkpt lat="24.969499111175537" lon="121.59176588058472">
        <ele>307.34</ele>
      </trkpt>
      <trkpt lat="24.969691643491387" lon="121.59165884368122">
        <ele>306.54</ele>
      </trkpt>
      <trkpt lat="24.96988534927368" lon="121.59155130386353">
        <ele>305.74</ele>
      </trkpt>
      <trkpt lat="24.970035552978516" lon="121.59150838851929">
        <ele>305.08</ele>
      </trkpt>
      <trkpt lat="24.97018575668335" lon="121.59148693084717">
        <ele>304.48</ele>
      </trkpt>
      <trkpt lat="24.970228672027588" lon="121.59148693084717">
        <ele>303.98</ele>
      </trkpt>
      <trkpt lat="24.970271671190858" lon="121.59155130386353">
        <ele>303.63</ele>
      </trkpt>
      <trkpt lat="24.97040033340454" lon="121.59183025360107">
        <ele>303.47</ele>
      </trkpt>
      <trkpt lat="24.97044324874878" lon="121.59191608428955">
        <ele>303.22</ele>
      </trkpt>
      <trkpt lat="24.97058255597949" lon="121.5920983068645">
        <ele>302.96</ele>
      </trkpt>
      <trkpt lat="24.970722198486328" lon="121.59228086471558">
        <ele>302.77</ele>
      </trkpt>
      <trkpt lat="24.970743656158447" lon="121.59236669540405">
        <ele>302.72</ele>
      </trkpt>
      <trkpt lat="24.970722198486328" lon="121.59247398376465">
        <ele>302.8</ele>
      </trkpt>
      <trkpt lat="24.970593452453613" lon="121.5926456451416">
        <ele>303.11</ele>
      </trkpt>
      <trkpt lat="24.970550537109375" lon="121.59273147583008">
        <ele>303.35</ele>
      </trkpt>
      <trkpt lat="24.970604181289673" lon="121.59291394986212">
        <ele>303.44</ele>
      </trkpt>
      <trkpt lat="24.97065782546997" lon="121.5930962562561">
        <ele>303.58</ele>
      </trkpt>
      <trkpt lat="24.97063636779785" lon="121.59324645996094">
        <ele>303.92</ele>
      </trkpt>
      <trkpt lat="24.970571994781494" lon="121.59343957901001">
        <ele>304.33</ele>
      </trkpt>
      <trkpt lat="24.970529079437256" lon="121.59348249435425">
        <ele>304.84</ele>
      </trkpt>
      <trkpt lat="24.970507621765137" lon="121.59352540969849">
        <ele>305.35</ele>
      </trkpt>
      <trkpt lat="24.97040033340454" lon="121.59352540969849">
        <ele>306.06</ele>
      </trkpt>
      <trkpt lat="24.970207884907722" lon="121.59348257817328">
        <ele>306.99</ele>
      </trkpt>
      <trkpt lat="24.970014095306396" lon="121.59343957901001">
        <ele>307.86</ele>
      </trkpt>
      <trkpt lat="24.9697255063802" lon="121.5935143455863">
        <ele>308.59</ele>
      </trkpt>
      <trkpt lat="24.96943473815918" lon="121.59358978271484">
        <ele>309.3</ele>
      </trkpt>
      <trkpt lat="24.969370365142822" lon="121.59363269805908">
        <ele>309.89</ele>
      </trkpt>
      <trkpt lat="24.969327449798584" lon="121.59367561340332">
        <ele>310.46</ele>
      </trkpt>
      <trkpt lat="24.969305992126465" lon="121.5937614440918">
        <ele>310.96</ele>
      </trkpt>
      <trkpt lat="24.969284534454346" lon="121.59384727478027">
        <ele>311.46</ele>
      </trkpt>
      <trkpt lat="24.969327533617616" lon="121.59404039382935">
        <ele>311.83</ele>
      </trkpt>
      <trkpt lat="24.969327449798584" lon="121.59404039382935">
        <ele>312.34</ele>
      </trkpt>
      <trkpt lat="24.969284534454346" lon="121.59419059753418">
        <ele>312.82</ele>
      </trkpt>
      <trkpt lat="24.969198619946837" lon="121.59438371658325">
        <ele>313.34</ele>
      </trkpt>
      <trkpt lat="24.969112873077393" lon="121.59457683563232">
        <ele>313.76</ele>
      </trkpt>
      <trkpt lat="24.969041291624308" lon="121.59480582922697">
        <ele>314.17</ele>
      </trkpt>
      <trkpt lat="24.968969710171223" lon="121.59503490664065">
        <ele>314.65</ele>
      </trkpt>
      <trkpt lat="24.968898380175233" lon="121.59526348114014">
        <ele>315.11</ele>
      </trkpt>
      <trkpt lat="24.968855381011963" lon="121.59539222717285">
        <ele>315.45</ele>
      </trkpt>
      <trkpt lat="24.968812465667725" lon="121.59545660018921">
        <ele>315.74</ele>
      </trkpt>
      <trkpt lat="24.968769634142518" lon="121.59549951553345">
        <ele>316.04</ele>
      </trkpt>
      <trkpt lat="24.96868380345404" lon="121.59552097320557">
        <ele>316.33</ele>
      </trkpt>
      <trkpt lat="24.968437794595957" lon="121.5954140201211">
        <ele>316.68</ele>
      </trkpt>
      <trkpt lat="24.96819019317627" lon="121.59530639648438">
        <ele>317.02</ele>
      </trkpt>
      <trkpt lat="24.968061447143555" lon="121.59528493881226">
        <ele>317.31</ele>
      </trkpt>
      <trkpt lat="24.96797570027411" lon="121.59530639648438">
        <ele>317.51</ele>
      </trkpt>
      <trkpt lat="24.967889869585633" lon="121.59534931182861">
        <ele>317.71</ele>
      </trkpt>
      <trkpt lat="24.967825412750244" lon="121.59545660018921">
        <ele>317.87</ele>
      </trkpt>
      <trkpt lat="24.967782413586974" lon="121.59562842920423">
        <ele>317.99</ele>
      </trkpt>
      <trkpt lat="24.967739582061768" lon="121.59579992294312">
        <ele>318.14</ele>
      </trkpt>
      <trkpt lat="24.96771820820868" lon="121.59597158432007">
        <ele>318.23</ele>
      </trkpt>
      <trkpt lat="24.96769666671753" lon="121.59607887268066">
        <ele>318.35</ele>
      </trkpt>
      <trkpt lat="24.96767520904541" lon="121.59614324569702">
        <ele>318.52</ele>
      </trkpt>
      <trkpt lat="24.967610836029053" lon="121.59620761871338">
        <ele>318.77</ele>
      </trkpt>
      <trkpt lat="24.967482089996338" lon="121.59625053405762">
        <ele>319.08</ele>
      </trkpt>
      <trkpt lat="24.967224597930908" lon="121.59627199172974">
        <ele>319.57</ele>
      </trkpt>
      <trkpt lat="24.96713876724243" lon="121.59635782241821">
        <ele>319.84</ele>
      </trkpt>
      <trkpt lat="24.967095935717225" lon="121.59642219543457">
        <ele>320.11</ele>
      </trkpt>
      <trkpt lat="24.967095851898193" lon="121.59642219543457">
        <ele>320.41</ele>
      </trkpt>
      <trkpt lat="24.96692419052124" lon="121.59663677215576">
        <ele>320.76</ele>
      </trkpt>
      <trkpt lat="24.966838359832764" lon="121.59672260284424">
        <ele>321.05</ele>
      </trkpt>
      <trkpt lat="24.96659578755498" lon="121.59687238745391">
        <ele>321.32</ele>
      </trkpt>
      <trkpt lat="24.966353299096227" lon="121.59702217206359">
        <ele>321.69</ele>
      </trkpt>
      <trkpt lat="24.966108798980713" lon="121.59717321395874">
        <ele>322.18</ele>
      </trkpt>
      <trkpt lat="24.965872764587402" lon="121.59728050231934">
        <ele>322.81</ele>
      </trkpt>
      <trkpt lat="24.965829933062196" lon="121.59732341766357">
        <ele>323.02</ele>
      </trkpt>
      <trkpt lat="24.965808391571045" lon="121.59736633300781">
        <ele>323.16</ele>
      </trkpt>
      <trkpt lat="24.965808475390077" lon="121.59745216369629">
        <ele>323.3</ele>
      </trkpt>
      <trkpt lat="24.965872764587402" lon="121.59755945205688">
        <ele>323.33</ele>
      </trkpt>
      <trkpt lat="24.96591567993164" lon="121.59760236740112">
        <ele>323.3</ele>
      </trkpt>
      <trkpt lat="24.966076025739312" lon="121.59767721779644">
        <ele>322.87</ele>
      </trkpt>
      <trkpt lat="24.966237545013428" lon="121.59775257110596">
        <ele>322.37</ele>
      </trkpt>
      <trkpt lat="24.966323375701904" lon="121.59781694412231">
        <ele>322.12</ele>
      </trkpt>
      <trkpt lat="24.966451870277524" lon="121.597956167534">
        <ele>321.78</ele>
      </trkpt>
      <trkpt lat="24.966580867767334" lon="121.59809589385986">
        <ele>321.47</ele>
      </trkpt>
      <trkpt lat="24.96664524078369" lon="121.59820318222046">
        <ele>321.23</ele>
      </trkpt>
      <trkpt lat="24.96664524078369" lon="121.59826755523682">
        <ele>321.1</ele>
      </trkpt>
      <trkpt lat="24.96662369929254" lon="121.59856838174164">
        <ele>321.19</ele>
      </trkpt>
      <trkpt lat="24.966602325439453" lon="121.59886837005615">
        <ele>321.38</ele>
      </trkpt>
      <trkpt lat="24.966559410095215" lon="121.59901857376099">
        <ele>321.47</ele>
      </trkpt>
      <trkpt lat="24.96647357940674" lon="121.59916869364679">
        <ele>321.49</ele>
      </trkpt>
      <trkpt lat="24.96638774871826" lon="121.59931898117065">
        <ele>321.44</ele>
      </trkpt>
      <trkpt lat="24.966366291046143" lon="121.59938335418701">
        <ele>321.22</ele>
      </trkpt>
      <trkpt lat="24.96638774871826" lon="121.59944772720337">
        <ele>320.9</ele>
      </trkpt>
      <trkpt lat="24.966409290209413" lon="121.59951210021973">
        <ele>320.61</ele>
      </trkpt>
      <trkpt lat="24.96640920639038" lon="121.59951210021973">
        <ele>320.41</ele>
      </trkpt>
      <trkpt lat="24.96647357940674" lon="121.59955501556396">
        <ele>320.11</ele>
      </trkpt>
      <trkpt lat="24.966602325439453" lon="121.59955501556396">
        <ele>319.94</ele>
      </trkpt>
      <trkpt lat="24.96682687662542" lon="121.5994480624795">
        <ele>319.51</ele>
      </trkpt>
      <trkpt lat="24.967052936553955" lon="121.59934043884277">
        <ele>319.18</ele>
      </trkpt>
      <trkpt lat="24.967256113886833" lon="121.59923340193927">
        <ele>318.99</ele>
      </trkpt>
      <trkpt lat="24.96746063232422" lon="121.59912586212158">
        <ele>318.92</ele>
      </trkpt>
      <trkpt lat="24.96757848188281" lon="121.59899728372693">
        <ele>318.76</ele>
      </trkpt>
      <trkpt lat="24.96769666671753" lon="121.59886837005615">
        <ele>318.79</ele>
      </trkpt>
      <trkpt lat="24.967761039733887" lon="121.59884691238403">
        <ele>319.21</ele>
      </trkpt>
      <trkpt lat="24.967803955078125" lon="121.59884691238403">
        <ele>319.73</ele>
      </trkpt>
      <trkpt lat="24.9678897857666" lon="121.59891128540039">
        <ele>320.5</ele>
      </trkpt>
      <trkpt lat="24.968018531799316" lon="121.59919023513794">
        <ele>322.34</ele>
      </trkpt>
      <trkpt lat="24.968082904815674" lon="121.59927606582642">
        <ele>323.3</ele>
      </trkpt>
      <trkpt lat="24.968383312225342" lon="121.59938335418701">
        <ele>324.28</ele>
      </trkpt>
      <trkpt lat="24.968490600585938" lon="121.59938335418701">
        <ele>324.97</ele>
      </trkpt>
      <trkpt lat="24.968597888946533" lon="121.59931898117065">
        <ele>325.61</ele>
      </trkpt>
      <trkpt lat="24.96864080429077" lon="121.5992546081543">
        <ele>326.34</ele>
      </trkpt>
      <trkpt lat="24.968726634979248" lon="121.59901857376099">
        <ele>326.84</ele>
      </trkpt>
      <trkpt lat="24.968769550323486" lon="121.59886837005615">
        <ele>327.51</ele>
      </trkpt>
      <trkpt lat="24.968769550323486" lon="121.59867525100708">
        <ele>328.15</ele>
      </trkpt>
      <trkpt lat="24.968791007995605" lon="121.59861087799072">
        <ele>328.96</ele>
      </trkpt>
      <trkpt lat="24.968876838684082" lon="121.59854650497437">
        <ele>329.83</ele>
      </trkpt>
      <trkpt lat="24.96891975402832" lon="121.59854650497437">
        <ele>330.86</ele>
      </trkpt>
      <trkpt lat="24.969048500061035" lon="121.59856796264648">
        <ele>332.01</ele>
      </trkpt>
      <trkpt lat="24.969112873077393" lon="121.59865379333496">
        <ele>333.21</ele>
      </trkpt>
      <trkpt lat="24.96913433074951" lon="121.5986967086792">
        <ele>334.33</ele>
      </trkpt>
      <trkpt lat="24.96914505958557" lon="121.59893307834864">
        <ele>335.82</ele>
      </trkpt>
      <trkpt lat="24.96915578842163" lon="121.59916877746582">
        <ele>337.25</ele>
      </trkpt>
      <trkpt lat="24.96919870376587" lon="121.59936189651489">
        <ele>338.55</ele>
      </trkpt>
      <trkpt lat="24.969241619110107" lon="121.59940481185913">
        <ele>339.57</ele>
      </trkpt>
      <trkpt lat="24.969348907470703" lon="121.59946918487549">
        <ele>340.52</ele>
      </trkpt>
      <trkpt lat="24.969616122543812" lon="121.59957605414093">
        <ele>341.33</ele>
      </trkpt>
      <trkpt lat="24.96988534927368" lon="121.59968376159668">
        <ele>342.12</ele>
      </trkpt>
      <trkpt lat="24.970057010650635" lon="121.59979104995728">
        <ele>342.7</ele>
      </trkpt>
      <trkpt lat="24.970099925994873" lon="121.59983396530151">
        <ele>343.41</ele>
      </trkpt>
      <trkpt lat="24.970121383666992" lon="121.59989833831787">
        <ele>344.16</ele>
      </trkpt>
      <trkpt lat="24.970121383666992" lon="121.60024166107178">
        <ele>345.15</ele>
      </trkpt>
      <trkpt lat="24.97020721435547" lon="121.60054206848145">
        <ele>345.57</ele>
      </trkpt>
      <trkpt lat="24.970250129699707" lon="121.60067081451416">
        <ele>346.08</ele>
      </trkpt>
      <trkpt lat="24.970314502716064" lon="121.60077810287476">
        <ele>346.51</ele>
      </trkpt>
      <trkpt lat="24.970357418060303" lon="121.60088539123535">
        <ele>346.87</ele>
      </trkpt>
      <trkpt lat="24.970357418060303" lon="121.60114288330078">
        <ele>347.11</ele>
      </trkpt>
      <trkpt lat="24.970293045043945" lon="121.60135746002197">
        <ele>347.61</ele>
      </trkpt>
      <trkpt lat="24.970293128862977" lon="121.6015076637268">
        <ele>347.85</ele>
      </trkpt>
      <trkpt lat="24.970293045043945" lon="121.6015076637268">
        <ele>347.9</ele>
      </trkpt>
      <trkpt lat="24.970293045043945" lon="121.60159349441528">
        <ele>347.86</ele>
      </trkpt>
      <trkpt lat="24.970271587371826" lon="121.60170078277588">
        <ele>347.83</ele>
      </trkpt>
      <trkpt lat="24.970185672864318" lon="121.60189390182495">
        <ele>348.0</ele>
      </trkpt>
      <trkpt lat="24.970099925994873" lon="121.60208702087402">
        <ele>348.07</ele>
      </trkpt>
      <trkpt lat="24.970078468322754" lon="121.60221576690674">
        <ele>347.71</ele>
      </trkpt>
      <trkpt lat="24.97013211250305" lon="121.60245205275714">
        <ele>346.76</ele>
      </trkpt>
      <trkpt lat="24.97018575668335" lon="121.60268783569336">
        <ele>345.53</ele>
      </trkpt>
      <trkpt lat="24.97021794319153" lon="121.6029778495431">
        <ele>344.28</ele>
      </trkpt>
      <trkpt lat="24.970250129699707" lon="121.60326719284058">
        <ele>343.14</ele>
      </trkpt>
      <trkpt lat="24.970250129699707" lon="121.60343885421753">
        <ele>342.11</ele>
      </trkpt>
      <trkpt lat="24.970228672027588" lon="121.60378217697144">
        <ele>341.03</ele>
      </trkpt>
      <trkpt lat="24.97016429901123" lon="121.60406112670898">
        <ele>340.07</ele>
      </trkpt>
      <trkpt lat="24.97016429901123" lon="121.60431861877441">
        <ele>338.81</ele>
      </trkpt>
      <trkpt lat="24.97016429901123" lon="121.60444736480713">
        <ele>337.58</ele>
      </trkpt>
      <trkpt lat="24.970121383666992" lon="121.60449028015137">
        <ele>336.51</ele>
      </trkpt>
      <trkpt lat="24.9699068069458" lon="121.60468339920044">
        <ele>335.58</ele>
      </trkpt>
      <trkpt lat="24.969863891601562" lon="121.60472631454468">
        <ele>334.47</ele>
      </trkpt>
      <trkpt lat="24.969863891601562" lon="121.60481214523315">
        <ele>333.34</ele>
      </trkpt>
      <trkpt lat="24.969842433929443" lon="121.60498380661011">
        <ele>332.31</ele>
      </trkpt>
      <trkpt lat="24.969842433929443" lon="121.60506963729858">
        <ele>331.29</ele>
      </trkpt>
      <trkpt lat="24.96988534927368" lon="121.60532712936401">
        <ele>330.16</ele>
      </trkpt>
      <trkpt lat="24.96992826461792" lon="121.60545587539673">
        <ele>329.19</ele>
      </trkpt>
      <trkpt lat="24.969971179962158" lon="121.60549879074097">
        <ele>328.32</ele>
      </trkpt>
      <trkpt lat="24.970057010650635" lon="121.60552024841309">
        <ele>327.45</ele>
      </trkpt>
      <trkpt lat="24.97021752409637" lon="121.6054922528565">
        <ele>326.71</ele>
      </trkpt>
      <trkpt lat="24.970379378646612" lon="121.60546417348087">
        <ele>326.16</ele>
      </trkpt>
      <trkpt lat="24.970550620928407" lon="121.60543441772461">
        <ele>326.06</ele>
      </trkpt>
      <trkpt lat="24.970550537109375" lon="121.60543441772461">
        <ele>326.16</ele>
      </trkpt>
      <trkpt lat="24.970539724454284" lon="121.60561705939472">
        <ele>326.5</ele>
      </trkpt>
      <trkpt lat="24.970529079437256" lon="121.60579919815063">
        <ele>327.07</ele>
      </trkpt>
      <trkpt lat="24.970507621765137" lon="121.60594940185547">
        <ele>327.73</ele>
      </trkpt>
      <trkpt lat="24.97040033340454" lon="121.60618543624878">
        <ele>328.63</ele>
      </trkpt>
      <trkpt lat="24.970357418060303" lon="121.60640001296997">
        <ele>329.72</ele>
      </trkpt>
      <trkpt lat="24.970357418060303" lon="121.6066575050354">
        <ele>330.92</ele>
      </trkpt>
      <trkpt lat="24.970325147733092" lon="121.60690451972187">
        <ele>332.17</ele>
      </trkpt>
      <trkpt lat="24.970293045043945" lon="121.60715103149414">
        <ele>333.52</ele>
      </trkpt>
      <trkpt lat="24.970271503552794" lon="121.60735513083637">
        <ele>334.63</ele>
      </trkpt>
      <trkpt lat="24.970250129699707" lon="121.6075587272644">
        <ele>336.01</ele>
      </trkpt>
      <trkpt lat="24.970271587371826" lon="121.607666015625">
        <ele>337.56</ele>
      </trkpt>
      <trkpt lat="24.970314502716064" lon="121.60785913467407">
        <ele>339.13</ele>
      </trkpt>
      <trkpt lat="24.970314502716064" lon="121.60790205001831">
        <ele>340.82</ele>
      </trkpt>
      <trkpt lat="24.970314502716064" lon="121.60796642303467">
        <ele>342.57</ele>
      </trkpt>
      <trkpt lat="24.97016429901123" lon="121.60824537277222">
        <ele>344.5</ele>
      </trkpt>
      <trkpt lat="24.970057094469666" lon="121.60850286483765">
        <ele>346.71</ele>
      </trkpt>
      <trkpt lat="24.970057010650635" lon="121.60850286483765">
        <ele>348.56</ele>
      </trkpt>
      <trkpt lat="24.96999272145331" lon="121.60869598388672">
        <ele>350.64</ele>
      </trkpt>
      <trkpt lat="24.970035552978516" lon="121.60882472991943">
        <ele>352.52</ele>
      </trkpt>
      <trkpt lat="24.970164382830262" lon="121.60908222198486">
        <ele>354.4</ele>
      </trkpt>
      <trkpt lat="24.97016429901123" lon="121.60921096801758">
        <ele>356.39</ele>
      </trkpt>
      <trkpt lat="24.97016429901123" lon="121.60953283309937">
        <ele>358.53</ele>
      </trkpt>
      <trkpt lat="24.97018575668335" lon="121.60961866378784">
        <ele>360.39</ele>
      </trkpt>
      <trkpt lat="24.970293045043945" lon="121.60989761352539">
        <ele>362.07</ele>
      </trkpt>
      <trkpt lat="24.970293045043945" lon="121.6100263595581">
        <ele>363.81</ele>
      </trkpt>
      <trkpt lat="24.970250129699707" lon="121.6101336479187">
        <ele>365.7</ele>
      </trkpt>
      <trkpt lat="24.970099925994873" lon="121.61041259765625">
        <ele>367.82</ele>
      </trkpt>
      <trkpt lat="24.969992553815246" lon="121.61068090237677">
        <ele>369.65</ele>
      </trkpt>
      <trkpt lat="24.96988534927368" lon="121.61094903945923">
        <ele>371.31</ele>
      </trkpt>
      <trkpt lat="24.96988534927368" lon="121.61101341247559">
        <ele>372.69</ele>
      </trkpt>
      <trkpt lat="24.96988534927368" lon="121.6110348701477">
        <ele>374.06</ele>
      </trkpt>
      <trkpt lat="24.96994972229004" lon="121.61105632781982">
        <ele>375.34</ele>
      </trkpt>
      <trkpt lat="24.970228672027588" lon="121.61090612411499">
        <ele>376.08</ele>
      </trkpt>
      <trkpt lat="24.970293045043945" lon="121.61090612411499">
        <ele>377.25</ele>
      </trkpt>
      <trkpt lat="24.970357418060303" lon="121.61094903945923">
        <ele>378.48</ele>
      </trkpt>
      <trkpt lat="24.970496892929077" lon="121.61121726036072">
        <ele>379.94</ele>
      </trkpt>
      <trkpt lat="24.97063636779785" lon="121.6114854812622">
        <ele>381.41</ele>
      </trkpt>
      <trkpt lat="24.97067928314209" lon="121.61178588867188">
        <ele>383.2</ele>
      </trkpt>
      <trkpt lat="24.970732927322388" lon="121.61195763386786">
        <ele>384.8</ele>
      </trkpt>
      <trkpt lat="24.970786571502686" lon="121.61212921142578">
        <ele>386.08</ele>
      </trkpt>
      <trkpt lat="24.970808029174805" lon="121.6122579574585">
        <ele>387.5</ele>
      </trkpt>
      <trkpt lat="24.97070074081421" lon="121.61253690719604">
        <ele>389.06</ele>
      </trkpt>
      <trkpt lat="24.970689928159118" lon="121.61275173537433">
        <ele>390.89</ele>
      </trkpt>
      <trkpt lat="24.97067928314209" lon="121.61296606063843">
        <ele>392.82</ele>
      </trkpt>
      <trkpt lat="24.970593452453613" lon="121.61322355270386">
        <ele>395.2</ele>
      </trkpt>
      <trkpt lat="24.970593452453613" lon="121.6134599223733">
        <ele>397.21</ele>
      </trkpt>
      <trkpt lat="24.970593452453613" lon="121.61369562149048">
        <ele>399.15</ele>
      </trkpt>
      <trkpt lat="24.970614910125732" lon="121.61393190734088">
        <ele>401.04</ele>
      </trkpt>
      <trkpt lat="24.97063636779785" lon="121.6141676902771">
        <ele>403.16</ele>
      </trkpt>
      <trkpt lat="24.970593452453613" lon="121.614511013031">
        <ele>405.66</ele>
      </trkpt>
      <trkpt lat="24.970614910125732" lon="121.61463975906372">
        <ele>407.9</ele>
      </trkpt>
      <trkpt lat="24.97070074081421" lon="121.61474704742432">
        <ele>410.08</ele>
      </trkpt>
      <trkpt lat="24.970786571502686" lon="121.61478996276855">
        <ele>412.64</ele>
      </trkpt>
      <trkpt lat="24.970872486010194" lon="121.61478996276855">
        <ele>415.22</ele>
      </trkpt>
      <trkpt lat="24.971044063568115" lon="121.61474704742432">
        <ele>417.88</ele>
      </trkpt>
      <trkpt lat="24.971225867047906" lon="121.61485400050879">
        <ele>421.09</ele>
      </trkpt>
      <trkpt lat="24.97140884399414" lon="121.61496162414551">
        <ele>424.5</ele>
      </trkpt>
      <trkpt lat="24.971580505371094" lon="121.61500453948975">
        <ele>427.73</ele>
      </trkpt>
      <trkpt lat="24.97166633605957" lon="121.61500453948975">
        <ele>430.7</ele>
      </trkpt>
      <trkpt lat="24.971858616918325" lon="121.61500445567071">
        <ele>433.76</ele>
      </trkpt>
      <trkpt lat="24.972052574157715" lon="121.61500453948975">
        <ele>436.75</ele>
      </trkpt>
      <trkpt lat="24.97213840484619" lon="121.61496162414551">
        <ele>439.9</ele>
      </trkpt>
      <trkpt lat="24.972267150878906" lon="121.61470413208008">
        <ele>443.0</ele>
      </trkpt>
      <trkpt lat="24.972310066223145" lon="121.61463975906372">
        <ele>446.01</ele>
      </trkpt>
      <trkpt lat="24.972374439239502" lon="121.6146183013916">
        <ele>448.99</ele>
      </trkpt>
      <trkpt lat="24.97256680391729" lon="121.61455409601331">
        <ele>452.1</ele>
      </trkpt>
      <trkpt lat="24.972760677337646" lon="121.61448955535889">
        <ele>455.06</ele>
      </trkpt>
      <trkpt lat="24.972825050354004" lon="121.61444664001465">
        <ele>457.74</ele>
      </trkpt>
      <trkpt lat="24.97291088104248" lon="121.61436080932617">
        <ele>460.34</ele>
      </trkpt>
      <trkpt lat="24.97295379638672" lon="121.61429643630981">
        <ele>462.75</ele>
      </trkpt>
      <trkpt lat="24.97295379638672" lon="121.61423206329346">
        <ele>464.98</ele>
      </trkpt>
      <trkpt lat="24.97295379638672" lon="121.61418914794922">
        <ele>467.11</ele>
      </trkpt>
      <trkpt lat="24.9729323387146" lon="121.61414623260498">
        <ele>469.03</ele>
      </trkpt>
      <trkpt lat="24.972717761993408" lon="121.61401748657227">
        <ele>470.49</ele>
      </trkpt>
      <trkpt lat="24.97269630432129" lon="121.61397457122803">
        <ele>472.11</ele>
      </trkpt>
      <trkpt lat="24.97269630432129" lon="121.61388874053955">
        <ele>473.66</ele>
      </trkpt>
      <trkpt lat="24.972717761993408" lon="121.61384582519531">
        <ele>475.06</ele>
      </trkpt>
      <trkpt lat="24.972803592681885" lon="121.6138243675232">
        <ele>476.4</ele>
      </trkpt>
      <trkpt lat="24.972985228523612" lon="121.61386711522937">
        <ele>477.76</ele>
      </trkpt>
      <trkpt lat="24.97316837310791" lon="121.61391019821167">
        <ele>479.08</ele>
      </trkpt>
      <trkpt lat="24.97321128845215" lon="121.61395311355591">
        <ele>479.74</ele>
      </trkpt>
      <trkpt lat="24.973275661468506" lon="121.61399602890015">
        <ele>480.2</ele>
      </trkpt>
      <trkpt lat="24.9733829498291" lon="121.6141676902771">
        <ele>480.41</ele>
      </trkpt>
      <trkpt lat="24.9733829498291" lon="121.61421060562134">
        <ele>480.37</ele>
      </trkpt>
      <trkpt lat="24.973340034484863" lon="121.61440372467041">
        <ele>479.89</ele>
      </trkpt>
      <trkpt lat="24.973318576812744" lon="121.61444664001465">
        <ele>479.45</ele>
      </trkpt>
      <trkpt lat="24.973340034484863" lon="121.61448955535889">
        <ele>478.92</ele>
      </trkpt>
      <trkpt lat="24.973361492156982" lon="121.614511013031">
        <ele>478.26</ele>
      </trkpt>
      <trkpt lat="24.97340440750122" lon="121.614511013031">
        <ele>477.5</ele>
      </trkpt>
      <trkpt lat="24.97349032200873" lon="121.614511013031">
        <ele>476.63</ele>
      </trkpt>
      <trkpt lat="24.973597526550293" lon="121.61446809768677">
        <ele>475.68</ele>
      </trkpt>
      <trkpt lat="24.97370481491089" lon="121.61446809768677">
        <ele>474.55</ele>
      </trkpt>
      <trkpt lat="24.97393984347582" lon="121.61450011655688">
        <ele>473.04</ele>
      </trkpt>
      <trkpt lat="24.97417688369751" lon="121.61453247070312">
        <ele>471.47</ele>
      </trkpt>
      <trkpt lat="24.974327087402344" lon="121.61457538604736">
        <ele>469.88</ele>
      </trkpt>
      <trkpt lat="24.9743914604187" lon="121.6146183013916">
        <ele>468.33</ele>
      </trkpt>
      <trkpt lat="24.974562702700496" lon="121.61474671214819">
        <ele>466.57</ele>
      </trkpt>
      <trkpt lat="24.974734783172607" lon="121.61487579345703">
        <ele>464.91</ele>
      </trkpt>
      <trkpt lat="24.974820697680116" lon="121.61498308181763">
        <ele>463.37</ele>
      </trkpt>
      <trkpt lat="24.974906528368592" lon="121.61521911621094">
        <ele>461.78</ele>
      </trkpt>
      <trkpt lat="24.974970817565918" lon="121.6152834892273">
        <ele>460.48</ele>
      </trkpt>
      <trkpt lat="24.97514189220965" lon="121.61535833962262">
        <ele>459.3</ele>
      </trkpt>
      <trkpt lat="24.975314140319824" lon="121.61543369293213">
        <ele>458.17</ele>
      </trkpt>
      <trkpt lat="24.975335597991943" lon="121.61547660827637">
        <ele>457.2</ele>
      </trkpt>
      <trkpt lat="24.975335597991943" lon="121.61556612700224">
        <ele>456.32</ele>
      </trkpt>
      <trkpt lat="24.975335597991943" lon="121.61560535430908">
        <ele>454.97</ele>
      </trkpt>
      <trkpt lat="24.975378597155213" lon="121.6156268119812">
        <ele>454.5</ele>
      </trkpt>
      <trkpt lat="24.97542142868042" lon="121.61560535430908">
        <ele>454.13</ele>
      </trkpt>
      <trkpt lat="24.97542142868042" lon="121.61556243896484">
        <ele>453.89</ele>
      </trkpt>
      <trkpt lat="24.97543215751648" lon="121.61532598547637">
        <ele>453.76</ele>
      </trkpt>
      <trkpt lat="24.97544288635254" lon="121.61509037017822">
        <ele>453.72</ele>
      </trkpt>
      <trkpt lat="24.97544288635254" lon="121.61489725112915">
        <ele>453.76</ele>
      </trkpt>
      <trkpt lat="24.9753999710083" lon="121.61478996276855">
        <ele>453.91</ele>
      </trkpt>
      <trkpt lat="24.97527826577425" lon="121.61452517844737">
        <ele>454.26</ele>
      </trkpt>
      <trkpt lat="24.97515664435923" lon="121.61426047794521">
        <ele>454.54</ele>
      </trkpt>
      <trkpt lat="24.975035190582275" lon="121.61399602890015">
        <ele>454.64</ele>
      </trkpt>
      <trkpt lat="24.9749493598938" lon="121.61388874053955">
        <ele>454.78</ele>
      </trkpt>
      <trkpt lat="24.974799156188965" lon="121.61378145217896">
        <ele>455.03</ele>
      </trkpt>
      <trkpt lat="24.974777698516846" lon="121.61373853683472">
        <ele>455.04</ele>
      </trkpt>
      <trkpt lat="24.974777698516846" lon="121.61369562149048">
        <ele>454.95</ele>
      </trkpt>
      <trkpt lat="24.974777698516846" lon="121.61363124847412">
        <ele>454.77</ele>
      </trkpt>
      <trkpt lat="24.974842071533203" lon="121.61348104476929">
        <ele>454.51</ele>
      </trkpt>
      <trkpt lat="24.97490644454956" lon="121.61341667175293">
        <ele>454.09</ele>
      </trkpt>
      <trkpt lat="24.9749493598938" lon="121.61339521408081">
        <ele>453.62</ele>
      </trkpt>
      <trkpt lat="24.975152369588614" lon="121.61340585909784">
        <ele>452.78</ele>
      </trkpt>
      <trkpt lat="24.975357055664062" lon="121.61341667175293">
        <ele>451.99</ele>
      </trkpt>
      <trkpt lat="24.975464344024658" lon="121.61337375640869">
        <ele>451.22</ele>
      </trkpt>
      <trkpt lat="24.975614547729492" lon="121.61328792572021">
        <ele>450.45</ele>
      </trkpt>
      <trkpt lat="24.975828705355525" lon="121.61309514194727">
        <ele>449.51</ele>
      </trkpt>
      <trkpt lat="24.976043701171875" lon="121.61290168762207">
        <ele>448.54</ele>
      </trkpt>
      <trkpt lat="24.976215362548828" lon="121.61283731460571">
        <ele>447.14</ele>
      </trkpt>
      <trkpt lat="24.976472854614258" lon="121.61277294158936">
        <ele>445.82</ele>
      </trkpt>
      <trkpt lat="24.976601600646973" lon="121.61277294158936">
        <ele>444.47</ele>
      </trkpt>
      <trkpt lat="24.97673043049872" lon="121.61279439926147">
        <ele>443.09</ele>
      </trkpt>
      <trkpt lat="24.976912066340446" lon="121.61285852082074">
        <ele>441.58</ele>
      </trkpt>
      <trkpt lat="24.977095127105713" lon="121.61292314529419">
        <ele>440.01</ele>
      </trkpt>
      <trkpt lat="24.977259328588843" lon="121.6130730137229">
        <ele>438.07</ele>
      </trkpt>
      <trkpt lat="24.977423530071974" lon="121.61322296597064">
        <ele>436.13</ele>
      </trkpt>
      <trkpt lat="24.977588653564453" lon="121.61337375640869">
        <ele>434.16</ele>
      </trkpt>
      <trkpt lat="24.977781185880303" lon="121.61347350105643">
        <ele>432.35</ele>
      </trkpt>
      <trkpt lat="24.977973718196154" lon="121.6135733295232">
        <ele>430.54</ele>
      </trkpt>
      <trkpt lat="24.9781680945307" lon="121.61367416381836">
        <ele>428.75</ele>
      </trkpt>
      <trkpt lat="24.978253841400146" lon="121.61375999450684">
        <ele>426.85</ele>
      </trkpt>
      <trkpt lat="24.978425418958068" lon="121.61403877660632">
        <ele>424.6</ele>
      </trkpt>
      <trkpt lat="24.978597164154053" lon="121.61431789398193">
        <ele>422.25</ele>
      </trkpt>
      <trkpt lat="24.978715013712645" lon="121.61445720121264">
        <ele>420.28</ele>
      </trkpt>
      <trkpt lat="24.978833198547363" lon="121.61459684371948">
        <ele>418.52</ele>
      </trkpt>
      <trkpt lat="24.9788761138916" lon="121.61463975906372">
        <ele>416.92</ele>
      </trkpt>
      <trkpt lat="24.978983402252197" lon="121.61468267440796">
        <ele>415.42</ele>
      </trkpt>
      <trkpt lat="24.979069232940674" lon="121.61466121673584">
        <ele>414.05</ele>
      </trkpt>
      <trkpt lat="24.979112232103944" lon="121.61463975906372">
        <ele>412.75</ele>
      </trkpt>
      <trkpt lat="24.979240726679564" lon="121.61450045183301">
        <ele>411.55</ele>
      </trkpt>
      <trkpt lat="24.979369724169374" lon="121.61436080932617">
        <ele>410.4</ele>
      </trkpt>
      <trkpt lat="24.979562759399414" lon="121.6141676902771">
        <ele>409.27</ele>
      </trkpt>
      <trkpt lat="24.979798877611756" lon="121.61397457122803">
        <ele>408.17</ele>
      </trkpt>
      <trkpt lat="24.97994899749756" lon="121.6138243675232">
        <ele>407.29</ele>
      </trkpt>
      <trkpt lat="24.97994908131659" lon="121.6138243675232">
        <ele>406.27</ele>
      </trkpt>
      <trkpt lat="24.980066930875182" lon="121.61364197731018">
        <ele>405.5</ele>
      </trkpt>
      <trkpt lat="24.98018503189087" lon="121.61345958709717">
        <ele>404.67</ele>
      </trkpt>
      <trkpt lat="24.980335235595703" lon="121.61330938339233">
        <ele>403.7</ele>
      </trkpt>
      <trkpt lat="24.98039960861206" lon="121.61328792572021">
        <ele>402.7</ele>
      </trkpt>
      <trkpt lat="24.980506896972656" lon="121.61333084106445">
        <ele>401.57</ele>
      </trkpt>
      <trkpt lat="24.98074209317565" lon="121.61343771032989">
        <ele>400.21</ele>
      </trkpt>
      <trkpt lat="24.980978965759277" lon="121.61354541778564">
        <ele>398.77</ele>
      </trkpt>
      <trkpt lat="24.981107711791992" lon="121.61352396011353">
        <ele>397.62</ele>
      </trkpt>
      <trkpt lat="24.98117216862738" lon="121.61348104476929">
        <ele>396.62</ele>
      </trkpt>
      <trkpt lat="24.98130057938397" lon="121.61337392404675">
        <ele>395.71</ele>
      </trkpt>
      <trkpt lat="24.98142966069281" lon="121.6132664680481">
        <ele>394.71</ele>
      </trkpt>
      <trkpt lat="24.981558322906494" lon="121.6131591796875">
        <ele>393.44</ele>
      </trkpt>
      <trkpt lat="24.98166569508612" lon="121.61311626434326">
        <ele>392.35</ele>
      </trkpt>
      <trkpt lat="24.9819016456604" lon="121.61309480667114">
        <ele>391.14</ele>
      </trkpt>
      <trkpt lat="24.982030391693115" lon="121.61313772201538">
        <ele>390.05</ele>
      </trkpt>
      <trkpt lat="24.982094764709473" lon="121.61318063735962">
        <ele>389.07</ele>
      </trkpt>
      <trkpt lat="24.982116222381592" lon="121.61324501037598">
        <ele>388.17</ele>
      </trkpt>
      <trkpt lat="24.98213768005371" lon="121.61337375640869">
        <ele>387.3</ele>
      </trkpt>
      <trkpt lat="24.982116222381592" lon="121.6135025024414">
        <ele>386.47</ele>
      </trkpt>
      <trkpt lat="24.982073307037354" lon="121.61365270614624">
        <ele>385.66</ele>
      </trkpt>
      <trkpt lat="24.982030391693115" lon="121.61369562149048">
        <ele>384.78</ele>
      </trkpt>
      <trkpt lat="24.981966018676758" lon="121.61373853683472">
        <ele>383.89</ele>
      </trkpt>
      <trkpt lat="24.981858730316162" lon="121.61373853683472">
        <ele>383.01</ele>
      </trkpt>
      <trkpt lat="24.98168765567243" lon="121.61369570530951">
        <ele>382.21</ele>
      </trkpt>
      <trkpt lat="24.981515407562256" lon="121.61365270614624">
        <ele>381.43</ele>
      </trkpt>
      <trkpt lat="24.981472492218018" lon="121.61367416381836">
        <ele>380.37</ele>
      </trkpt>
      <trkpt lat="24.98140811920166" lon="121.61369562149048">
        <ele>379.29</ele>
      </trkpt>
      <trkpt lat="24.981365203857422" lon="121.61373853683472">
        <ele>378.07</ele>
      </trkpt>
      <trkpt lat="24.981343746185303" lon="121.61380290985107">
        <ele>376.83</ele>
      </trkpt>
      <trkpt lat="24.981343746185303" lon="121.61386728286743">
        <ele>375.52</ele>
      </trkpt>
      <trkpt lat="24.981365203857422" lon="121.61391019821167">
        <ele>374.18</ele>
      </trkpt>
      <trkpt lat="24.98140811920166" lon="121.61395311355591">
        <ele>372.76</ele>
      </trkpt>
      <trkpt lat="24.981472492218018" lon="121.61397457122803">
        <ele>371.3</ele>
      </trkpt>
      <trkpt lat="24.981763092800975" lon="121.61401723511517">
        <ele>369.82</ele>
      </trkpt>
      <trkpt lat="24.982053777202964" lon="121.61405998282135">
        <ele>368.41</ele>
      </trkpt>
      <trkpt lat="24.982344461604953" lon="121.61410273052752">
        <ele>366.83</ele>
      </trkpt>
      <trkpt lat="24.98263506218791" lon="121.6141454782337">
        <ele>365.05</ele>
      </trkpt>
      <trkpt lat="24.98293161392212" lon="121.61418914794922">
        <ele>363.22</ele>
      </trkpt>
      <trkpt lat="24.983159601688385" lon="121.61424614489079">
        <ele>361.46</ele>
      </trkpt>
      <trkpt lat="24.98338758945465" lon="121.61430314183235">
        <ele>359.63</ele>
      </trkpt>
      <trkpt lat="24.98361825942993" lon="121.61436080932617">
        <ele>357.89</ele>
      </trkpt>
      <trkpt lat="24.983618343248963" lon="121.61436080932617">
        <ele>356.31</ele>
      </trkpt>
      <trkpt lat="24.983778605237603" lon="121.61440355703235">
        <ele>354.71</ele>
      </trkpt>
      <trkpt lat="24.98394012451172" lon="121.61444664001465">
        <ele>353.1</ele>
      </trkpt>
      <trkpt lat="24.983983039855957" lon="121.614511013031">
        <ele>351.47</ele>
      </trkpt>
      <trkpt lat="24.98398312367499" lon="121.61455392837524">
        <ele>349.86</ele>
      </trkpt>
      <trkpt lat="24.983961582183838" lon="121.61459684371948">
        <ele>348.27</ele>
      </trkpt>
      <trkpt lat="24.9839186668396" lon="121.6146183013916">
        <ele>346.72</ele>
      </trkpt>
      <trkpt lat="24.983618343248963" lon="121.61459684371948">
        <ele>345.28</ele>
      </trkpt>
      <trkpt lat="24.983317852020264" lon="121.61459684371948">
        <ele>344.02</ele>
      </trkpt>
      <trkpt lat="24.983317935839295" lon="121.61459684371948">
        <ele>342.53</ele>
      </trkpt>
      <trkpt lat="24.98316764831543" lon="121.61463975906372">
        <ele>341.13</ele>
      </trkpt>
      <trkpt lat="24.983017947524786" lon="121.61470388062298">
        <ele>339.58</ele>
      </trkpt>
      <trkpt lat="24.98286724090576" lon="121.61476850509644">
        <ele>338.02</ele>
      </trkpt>
      <trkpt lat="24.982717037200928" lon="121.61485433578491">
        <ele>336.42</ele>
      </trkpt>
      <trkpt lat="24.982502460479736" lon="121.6150689125061">
        <ele>334.61</ele>
      </trkpt>
      <trkpt lat="24.982352256774902" lon="121.61526203155518">
        <ele>332.59</ele>
      </trkpt>
      <trkpt lat="24.982201969251037" lon="121.61556243896484">
        <ele>330.45</ele>
      </trkpt>
      <trkpt lat="24.982051849365234" lon="121.61586284637451">
        <ele>328.69</ele>
      </trkpt>
      <trkpt lat="24.982008934020996" lon="121.61601305007935">
        <ele>327.3</ele>
      </trkpt>
      <trkpt lat="24.982030391693115" lon="121.61616325378418">
        <ele>325.89</ele>
      </trkpt>
      <trkpt lat="24.982073307037354" lon="121.61622762680054">
        <ele>324.49</ele>
      </trkpt>
      <trkpt lat="24.98213768005371" lon="121.61624908447266">
        <ele>323.15</ele>
      </trkpt>
      <trkpt lat="24.98220205307007" lon="121.61627054214478">
        <ele>321.82</ele>
      </trkpt>
      <trkpt lat="24.982287967577577" lon="121.61624908447266">
        <ele>320.57</ele>
      </trkpt>
      <trkpt lat="24.98241662979126" lon="121.61616325378418">
        <ele>319.29</ele>
      </trkpt>
      <trkpt lat="24.982566833496094" lon="121.61592721939087">
        <ele>318.12</ele>
      </trkpt>
      <trkpt lat="24.982684599235654" lon="121.61580936983228">
        <ele>316.93</ele>
      </trkpt>
      <trkpt lat="24.982802867889404" lon="121.61569118499756">
        <ele>315.56</ele>
      </trkpt>
      <trkpt lat="24.983060359954834" lon="121.61554098129272">
        <ele>314.06</ele>
      </trkpt>
      <trkpt lat="24.983252976089716" lon="121.61539111286402">
        <ele>312.61</ele>
      </trkpt>
      <trkpt lat="24.98344659805298" lon="121.61524057388306">
        <ele>311.2</ele>
      </trkpt>
      <trkpt lat="24.983575344085693" lon="121.61519765853882">
        <ele>309.76</ele>
      </trkpt>
      <trkpt lat="24.98363971710205" lon="121.61521911621094">
        <ele>308.16</ele>
      </trkpt>
      <trkpt lat="24.983810791745782" lon="121.61529396660626">
        <ele>306.37</ele>
      </trkpt>
      <trkpt lat="24.983983039855957" lon="121.61536931991577">
        <ele>304.62</ele>
      </trkpt>
      <trkpt lat="24.984253775328398" lon="121.61545481532812">
        <ele>303.0</ele>
      </trkpt>
      <trkpt lat="24.98452459461987" lon="121.61554031074047">
        <ele>301.33</ele>
      </trkpt>
      <trkpt lat="24.984798431396484" lon="121.6156268119812">
        <ele>299.32</ele>
      </trkpt>
      <trkpt lat="24.984991550445557" lon="121.61564826965332">
        <ele>297.52</ele>
      </trkpt>
      <trkpt lat="24.985270500183105" lon="121.6156268119812">
        <ele>295.86</ele>
      </trkpt>
      <trkpt lat="24.98542070388794" lon="121.61564826965332">
        <ele>294.14</ele>
      </trkpt>
      <trkpt lat="24.985570907592773" lon="121.6157341003418">
        <ele>292.38</ele>
      </trkpt>
      <trkpt lat="24.985795794054866" lon="121.61595898680389">
        <ele>290.35</ele>
      </trkpt>
      <trkpt lat="24.986021518707275" lon="121.6161847114563">
        <ele>288.28</ele>
      </trkpt>
      <trkpt lat="24.986085891723633" lon="121.61622762680054">
        <ele>286.66</ele>
      </trkpt>
      <trkpt lat="24.986214637756348" lon="121.61624908447266">
        <ele>285.11</ele>
      </trkpt>
      <trkpt lat="24.986321926116943" lon="121.61624908447266">
        <ele>283.61</ele>
      </trkpt>
      <trkpt lat="24.98636484146118" lon="121.61620616912842">
        <ele>282.22</ele>
      </trkpt>
      <trkpt lat="24.98640775680542" lon="121.61616325378418">
        <ele>280.86</ele>
      </trkpt>
      <trkpt lat="24.986450672149658" lon="121.61588430404663">
        <ele>279.77</ele>
      </trkpt>
      <trkpt lat="24.986472129821777" lon="121.61584138870239">
        <ele>278.57</ele>
      </trkpt>
      <trkpt lat="24.986515045166016" lon="121.61579847335815">
        <ele>277.38</ele>
      </trkpt>
      <trkpt lat="24.986600875854492" lon="121.61579847335815">
        <ele>276.13</ele>
      </trkpt>
      <trkpt lat="24.98664379119873" lon="121.61581993103027">
        <ele>275.02</ele>
      </trkpt>
      <trkpt lat="24.98666524887085" lon="121.61586284637451">
        <ele>274.03</ele>
      </trkpt>
      <trkpt lat="24.98666524887085" lon="121.61592721939087">
        <ele>273.12</ele>
      </trkpt>
      <trkpt lat="24.98661152087152" lon="121.61619569174945">
        <ele>272.27</ele>
      </trkpt>
      <trkpt lat="24.986557960510254" lon="121.61646366119385">
        <ele>271.42</ele>
      </trkpt>
      <trkpt lat="24.986536502838135" lon="121.6165280342102">
        <ele>270.67</ele>
      </trkpt>
      <trkpt lat="24.986493587493896" lon="121.61659240722656">
        <ele>270.0</ele>
      </trkpt>
      <trkpt lat="24.98642921447754" lon="121.6166353225708">
        <ele>269.38</ele>
      </trkpt>
      <trkpt lat="24.98642929829657" lon="121.6166353225708">
        <ele>268.83</ele>
      </trkpt>
      <trkpt lat="24.986300468444824" lon="121.6166353225708">
        <ele>268.35</ele>
      </trkpt>
      <trkpt lat="24.986043982207775" lon="121.61661394871771">
        <ele>267.85</ele>
      </trkpt>
      <trkpt lat="24.985785484313965" lon="121.61659240722656">
        <ele>267.26</ele>
      </trkpt>
      <trkpt lat="24.98563528060913" lon="121.6165280342102">
        <ele>266.82</ele>
      </trkpt>
      <trkpt lat="24.985496141016483" lon="121.61643164232373">
        <ele>266.52</ele>
      </trkpt>
      <trkpt lat="24.985356330871582" lon="121.61633491516113">
        <ele>266.27</ele>
      </trkpt>
      <trkpt lat="24.985206127166748" lon="121.6162919998169">
        <ele>265.86</ele>
      </trkpt>
      <trkpt lat="24.98493891209364" lon="121.61633466370404">
        <ele>265.16</ele>
      </trkpt>
      <trkpt lat="24.98466968536377" lon="121.61637783050537">
        <ele>264.59</ele>
      </trkpt>
      <trkpt lat="24.984562397003174" lon="121.61644220352173">
        <ele>264.02</ele>
      </trkpt>
      <trkpt lat="24.984498023986816" lon="121.61654949188232">
        <ele>263.35</ele>
      </trkpt>
      <trkpt lat="24.984498107805848" lon="121.61654949188232">
        <ele>262.78</ele>
      </trkpt>
      <trkpt lat="24.98439073562622" lon="121.61667823791504">
        <ele>262.02</ele>
      </trkpt>
      <trkpt lat="24.984326362609863" lon="121.61672115325928">
        <ele>261.32</ele>
      </trkpt>
      <trkpt lat="24.984240531921387" lon="121.6167426109314">
        <ele>260.63</ele>
      </trkpt>
      <trkpt lat="24.983984045684338" lon="121.61676390096545">
        <ele>259.98</ele>
      </trkpt>
      <trkpt lat="24.983725547790527" lon="121.61678552627563">
        <ele>259.12</ele>
      </trkpt>
      <trkpt lat="24.98353309929371" lon="121.61682827398181">
        <ele>258.18</ele>
      </trkpt>
      <trkpt lat="24.983339309692383" lon="121.61687135696411">
        <ele>257.34</ele>
      </trkpt>
      <trkpt lat="24.983232021331787" lon="121.61693572998047">
        <ele>256.41</ele>
      </trkpt>
      <trkpt lat="24.98314619064331" lon="121.61700010299683">
        <ele>255.42</ele>
      </trkpt>
      <trkpt lat="24.983081817626953" lon="121.6170859336853">
        <ele>254.31</ele>
      </trkpt>
      <trkpt lat="24.98297461308539" lon="121.61722524091601">
        <ele>253.0</ele>
      </trkpt>
      <trkpt lat="24.98286724090576" lon="121.61736488342285">
        <ele>251.78</ele>
      </trkpt>
      <trkpt lat="24.982845783233643" lon="121.61745071411133">
        <ele>250.47</ele>
      </trkpt>
      <trkpt lat="24.982845783233643" lon="121.61749362945557">
        <ele>249.04</ele>
      </trkpt>
      <trkpt lat="24.98286724090576" lon="121.6175365447998">
        <ele>247.5</ele>
      </trkpt>
      <trkpt lat="24.98288869857788" lon="121.61757946014404">
        <ele>246.0</ele>
      </trkpt>
      <trkpt lat="24.98293161392212" lon="121.61757946014404">
        <ele>244.47</ele>
      </trkpt>
      <trkpt lat="24.983017444610596" lon="121.61755800247192">
        <ele>242.86</ele>
      </trkpt>
      <trkpt lat="24.98316764831543" lon="121.61740779876709">
        <ele>241.32</ele>
      </trkpt>
      <trkpt lat="24.983232021331787" lon="121.61738634109497">
        <ele>239.68</ele>
      </trkpt>
      <trkpt lat="24.983296394348145" lon="121.61736488342285">
        <ele>238.02</ele>
      </trkpt>
      <trkpt lat="24.983531422913074" lon="121.61736488342285">
        <ele>236.07</ele>
      </trkpt>
      <trkpt lat="24.983768463134766" lon="121.61736488342285">
        <ele>234.26</ele>
      </trkpt>
      <trkpt lat="24.983992846682668" lon="121.61732213571668">
        <ele>232.68</ele>
      </trkpt>
      <trkpt lat="24.984219074249268" lon="121.61727905273438">
        <ele>231.2</ele>
      </trkpt>
      <trkpt lat="24.984283447265625" lon="121.6173005104065">
        <ele>229.62</ele>
      </trkpt>
      <trkpt lat="24.984347820281982" lon="121.61732196807861">
        <ele>228.07</ele>
      </trkpt>
      <trkpt lat="24.98443365097046" lon="121.61747217178345">
        <ele>226.38</ele>
      </trkpt>
      <trkpt lat="24.98443373478949" lon="121.61747217178345">
        <ele>224.93</ele>
      </trkpt>
      <trkpt lat="24.984519481658936" lon="121.617751121521">
        <ele>223.18</ele>
      </trkpt>
      <trkpt lat="24.98462677001953" lon="121.6179871559143">
        <ele>221.62</ele>
      </trkpt>
      <trkpt lat="24.98469114303589" lon="121.6180944442749">
        <ele>220.26</ele>
      </trkpt>
      <trkpt lat="24.9848304502666" lon="121.61827666684985">
        <ele>218.98</ele>
      </trkpt>
      <trkpt lat="24.984970092773438" lon="121.61845922470093">
        <ele>217.83</ele>
      </trkpt>
      <trkpt lat="24.985098838806152" lon="121.61856651306152">
        <ele>216.8</ele>
      </trkpt>
      <trkpt lat="24.98518466949463" lon="121.61860942840576">
        <ele>215.87</ele>
      </trkpt>
      <trkpt lat="24.98542070388794" lon="121.61867380142212">
        <ele>215.02</ele>
      </trkpt>
      <trkpt lat="24.985570907592773" lon="121.61867380142212">
        <ele>214.22</ele>
      </trkpt>
      <trkpt lat="24.985849857330322" lon="121.61865234375">
        <ele>213.48</ele>
      </trkpt>
      <trkpt lat="24.985957145690918" lon="121.61860942840576">
        <ele>212.86</ele>
      </trkpt>
      <trkpt lat="24.986235089600086" lon="121.61850247532129">
        <ele>212.35</ele>
      </trkpt>
      <trkpt lat="24.986515045166016" lon="121.61839485168457">
        <ele>211.8</ele>
      </trkpt>
      <trkpt lat="24.986708164215088" lon="121.61826610565186">
        <ele>211.48</ele>
      </trkpt>
      <trkpt lat="24.986815452575684" lon="121.61828756332397">
        <ele>210.99</ele>
      </trkpt>
      <trkpt lat="24.98701854608953" lon="121.61837305873632">
        <ele>210.35</ele>
      </trkpt>
      <trkpt lat="24.987223148345947" lon="121.61845922470093">
        <ele>209.82</ele>
      </trkpt>
      <trkpt lat="24.987308979034424" lon="121.61848068237305">
        <ele>209.41</ele>
      </trkpt>
      <trkpt lat="24.987459182739258" lon="121.61843776702881">
        <ele>209.13</ele>
      </trkpt>
      <trkpt lat="24.98770510777831" lon="121.61833081394434">
        <ele>208.84</ele>
      </trkpt>
      <trkpt lat="24.987952709197998" lon="121.61822319030762">
        <ele>208.33</ele>
      </trkpt>
      <trkpt lat="24.988038539886475" lon="121.61815881729126">
        <ele>207.86</ele>
      </trkpt>
      <trkpt lat="24.988253116607666" lon="121.6179871559143">
        <ele>207.28</ele>
      </trkpt>
      <trkpt lat="24.988317489624023" lon="121.61792278289795">
        <ele>206.71</ele>
      </trkpt>
      <trkpt lat="24.98838186264038" lon="121.61779403686523">
        <ele>206.11</ele>
      </trkpt>
      <trkpt lat="24.98844623565674" lon="121.61762220785022">
        <ele>205.42</ele>
      </trkpt>
      <trkpt lat="24.988510608673096" lon="121.61745071411133">
        <ele>204.66</ele>
      </trkpt>
      <trkpt lat="24.988553524017334" lon="121.61738634109497">
        <ele>203.86</ele>
      </trkpt>
      <trkpt lat="24.988596439361572" lon="121.61736488342285">
        <ele>203.0</ele>
      </trkpt>
      <trkpt lat="24.98866089619696" lon="121.61736488342285">
        <ele>202.08</ele>
      </trkpt>
      <trkpt lat="24.988725185394287" lon="121.61742925643921">
        <ele>201.04</ele>
      </trkpt>
      <trkpt lat="24.988789558410645" lon="121.61749362945557">
        <ele>199.97</ele>
      </trkpt>
      <trkpt lat="24.988928949460387" lon="121.61771885119379">
        <ele>198.76</ele>
      </trkpt>
      <trkpt lat="24.989068591967225" lon="121.61794424057007">
        <ele>197.62</ele>
      </trkpt>
      <trkpt lat="24.98918660916388" lon="121.61823400296271">
        <ele>196.5</ele>
      </trkpt>
      <trkpt lat="24.989304542541504" lon="121.61852359771729">
        <ele>195.4</ele>
      </trkpt>
      <trkpt lat="24.989326000213623" lon="121.61858797073364">
        <ele>194.26</ele>
      </trkpt>
      <trkpt lat="24.989347457885742" lon="121.61867380142212">
        <ele>193.08</ele>
      </trkpt>
      <trkpt lat="24.989283001050353" lon="121.61889927461743">
        <ele>191.99</ele>
      </trkpt>
      <trkpt lat="24.989218711853027" lon="121.61912441253662">
        <ele>190.57</ele>
      </trkpt>
      <trkpt lat="24.989197254180908" lon="121.6192102432251">
        <ele>189.35</ele>
      </trkpt>
      <trkpt lat="24.98913288116455" lon="121.61927461624146">
        <ele>188.21</ele>
      </trkpt>
      <trkpt lat="24.989068508148193" lon="121.61933898925781">
        <ele>187.14</ele>
      </trkpt>
      <trkpt lat="24.988886704668403" lon="121.61940311081707">
        <ele>186.16</ele>
      </trkpt>
      <trkpt lat="24.988703727722168" lon="121.61946773529053">
        <ele>185.15</ele>
      </trkpt>
      <trkpt lat="24.988489151000977" lon="121.61948919296265">
        <ele>184.12</ele>
      </trkpt>
      <trkpt lat="24.988274574279785" lon="121.61946773529053">
        <ele>183.01</ele>
      </trkpt>
      <trkpt lat="24.98805010691285" lon="121.61940352991223">
        <ele>182.02</ele>
      </trkpt>
      <trkpt lat="24.987823963165283" lon="121.61933898925781">
        <ele>181.25</ele>
      </trkpt>
      <trkpt lat="24.98765230178833" lon="121.6193175315857">
        <ele>180.56</ele>
      </trkpt>
      <trkpt lat="24.987566471099854" lon="121.61933898925781">
        <ele>179.72</ele>
      </trkpt>
      <trkpt lat="24.987480640411377" lon="121.61936044692993">
        <ele>178.88</ele>
      </trkpt>
      <trkpt lat="24.987266063690186" lon="121.619553565979">
        <ele>177.66</ele>
      </trkpt>
      <trkpt lat="24.98715877532959" lon="121.61959648132324">
        <ele>176.61</ele>
      </trkpt>
      <trkpt lat="24.98687982559204" lon="121.61961793899536">
        <ele>175.69</ele>
      </trkpt>
      <trkpt lat="24.986729621887207" lon="121.6196608543396">
        <ele>174.91</ele>
      </trkpt>
      <trkpt lat="24.98668670654297" lon="121.61970376968384">
        <ele>174.01</ele>
      </trkpt>
      <trkpt lat="24.986558044329286" lon="121.61986453458667">
        <ele>173.04</ele>
      </trkpt>
      <trkpt lat="24.98642921447754" lon="121.62002563476562">
        <ele>172.01</ele>
      </trkpt>
      <trkpt lat="24.986279346048832" lon="121.62012185901403">
        <ele>171.11</ele>
      </trkpt>
      <trkpt lat="24.98612880706787" lon="121.6202187538147">
        <ele>170.31</ele>
      </trkpt>
      <trkpt lat="24.98597868718207" lon="121.62042243406177">
        <ele>169.41</ele>
      </trkpt>
      <trkpt lat="24.985828399658203" lon="121.62062644958496">
        <ele>168.52</ele>
      </trkpt>
      <trkpt lat="24.985785484313965" lon="121.62071228027344">
        <ele>167.75</ele>
      </trkpt>
      <trkpt lat="24.98569965362549" lon="121.62090539932251">
        <ele>166.94</ele>
      </trkpt>
      <trkpt lat="24.985592365264893" lon="121.62103414535522">
        <ele>166.18</ele>
      </trkpt>
      <trkpt lat="24.98543201945722" lon="121.6210768930614">
        <ele>165.53</ele>
      </trkpt>
      <trkpt lat="24.985270500183105" lon="121.6211199760437">
        <ele>164.93</ele>
      </trkpt>
      <trkpt lat="24.985098838806152" lon="121.62118434906006">
        <ele>164.39</ele>
      </trkpt>
      <trkpt lat="24.9849271774292" lon="121.62131309509277">
        <ele>163.86</ele>
      </trkpt>
      <trkpt lat="24.985077381134033" lon="121.62161350250244">
        <ele>163.02</ele>
      </trkpt>
      <trkpt lat="24.985077464953065" lon="121.62172079086304">
        <ele>162.42</ele>
      </trkpt>
      <trkpt lat="24.985055923461914" lon="121.62182807922363">
        <ele>161.85</ele>
      </trkpt>
      <trkpt lat="24.985034465789795" lon="121.62187099456787">
        <ele>161.34</ele>
      </trkpt>
      <trkpt lat="24.984991550445557" lon="121.62191390991211">
        <ele>160.86</ele>
      </trkpt>
      <trkpt lat="24.984798431396484" lon="121.62199974060059">
        <ele>160.55</ele>
      </trkpt>
      <trkpt lat="24.984755516052246" lon="121.6220211982727">
        <ele>160.09</ele>
      </trkpt>
      <trkpt lat="24.984734058380127" lon="121.62206411361694">
        <ele>159.55</ele>
      </trkpt>
      <trkpt lat="24.984680330380797" lon="121.62223585881293">
        <ele>158.89</ele>
      </trkpt>
      <trkpt lat="24.98462677001953" lon="121.62240743637085">
        <ele>158.21</ele>
      </trkpt>
      <trkpt lat="24.984519565477967" lon="121.6225360147655">
        <ele>157.63</ele>
      </trkpt>
      <trkpt lat="24.98441219329834" lon="121.62266492843628">
        <ele>157.12</ele>
      </trkpt>
      <trkpt lat="24.9843692779541" lon="121.62272930145264">
        <ele>156.27</ele>
      </trkpt>
      <trkpt lat="24.984369361773133" lon="121.622793674469">
        <ele>155.25</ele>
      </trkpt>
      <trkpt lat="24.98441219329834" lon="121.62283658981323">
        <ele>154.09</ele>
      </trkpt>
      <trkpt lat="24.984455108642578" lon="121.62285804748535">
        <ele>152.86</ele>
      </trkpt>
      <trkpt lat="24.984605312347412" lon="121.62287950515747">
        <ele>151.37</ele>
      </trkpt>
      <trkpt lat="24.984841430559754" lon="121.62275075912476">
        <ele>149.78</ele>
      </trkpt>
      <trkpt lat="24.984970092773438" lon="121.62266492843628">
        <ele>148.37</ele>
      </trkpt>
      <trkpt lat="24.985098838806152" lon="121.62262201309204">
        <ele>146.89</ele>
      </trkpt>
      <trkpt lat="24.985397988930345" lon="121.62258639000356">
        <ele>145.01</ele>
      </trkpt>
      <trkpt lat="24.98569722287357" lon="121.62255076691508">
        <ele>143.3</ele>
      </trkpt>
      <trkpt lat="24.986000061035156" lon="121.62251472473145">
        <ele>141.77</ele>
      </trkpt>
      <trkpt lat="24.98612880706787" lon="121.6224718093872">
        <ele>140.23</ele>
      </trkpt>
      <trkpt lat="24.9863862991333" lon="121.62234306335449">
        <ele>138.6</ele>
      </trkpt>
      <trkpt lat="24.986578999087214" lon="121.62219319492579">
        <ele>136.85</ele>
      </trkpt>
      <trkpt lat="24.986771699041128" lon="121.62204332649708">
        <ele>135.17</ele>
      </trkpt>
      <trkpt lat="24.98696574009955" lon="121.62189245223999">
        <ele>133.53</ele>
      </trkpt>
      <trkpt lat="24.987169168889523" lon="121.6216781269759">
        <ele>131.86</ele>
      </trkpt>
      <trkpt lat="24.98737335205078" lon="121.62146329879761">
        <ele>130.04</ele>
      </trkpt>
      <trkpt lat="24.987523555755615" lon="121.62135601043701">
        <ele>128.38</ele>
      </trkpt>
      <trkpt lat="24.987716674804688" lon="121.62127017974854">
        <ele>126.76</ele>
      </trkpt>
      <trkpt lat="24.987898310646415" lon="121.62123807705939">
        <ele>125.17</ele>
      </trkpt>
      <trkpt lat="24.988081455230713" lon="121.62120580673218">
        <ele>123.59</ele>
      </trkpt>
      <trkpt lat="24.988231658935547" lon="121.62116289138794">
        <ele>122.01</ele>
      </trkpt>
      <trkpt lat="24.988338947296143" lon="121.62107706069946">
        <ele>120.54</ele>
      </trkpt>
      <trkpt lat="24.988510692492127" lon="121.62088394165039">
        <ele>119.11</ele>
      </trkpt>
      <trkpt lat="24.98863935470581" lon="121.6207766532898">
        <ele>117.67</ele>
      </trkpt>
      <trkpt lat="24.988703727722168" lon="121.62075519561768">
        <ele>116.08</ele>
      </trkpt>
      <trkpt lat="24.98892811127007" lon="121.62075519561768">
        <ele>114.35</ele>
      </trkpt>
      <trkpt lat="24.98915433883667" lon="121.62075519561768">
        <ele>112.58</ele>
      </trkpt>
      <trkpt lat="24.989304542541504" lon="121.62071228027344">
        <ele>110.84</ele>
      </trkpt>
      <trkpt lat="24.989519119262695" lon="121.6205620765686">
        <ele>109.26</ele>
      </trkpt>
      <trkpt lat="24.989712238311768" lon="121.62041187286377">
        <ele>107.72</ele>
      </trkpt>
      <trkpt lat="24.989869398996234" lon="121.62022604607046">
        <ele>105.81</ele>
      </trkpt>
      <trkpt lat="24.9900265596807" lon="121.62004030309618">
        <ele>103.8</ele>
      </trkpt>
      <trkpt lat="24.99018430709839" lon="121.61985397338867">
        <ele>101.96</ele>
      </trkpt>
      <trkpt lat="24.990313053131104" lon="121.61974668502808">
        <ele>100.06</ele>
      </trkpt>
      <trkpt lat="24.99044179916382" lon="121.61972522735596">
        <ele>97.96</ele>
      </trkpt>
      <trkpt lat="24.990708846598864" lon="121.61972514353693">
        <ele>95.6</ele>
      </trkpt>
      <trkpt lat="24.990978240966797" lon="121.61972522735596">
        <ele>93.36</ele>
      </trkpt>
      <trkpt lat="24.99112844467163" lon="121.6197681427002">
        <ele>91.37</ele>
      </trkpt>
      <trkpt lat="24.99138593673706" lon="121.61987543106079">
        <ele>89.44</ele>
      </trkpt>
      <trkpt lat="24.991557598114014" lon="121.61989688873291">
        <ele>87.68</ele>
      </trkpt>
      <trkpt lat="24.99164342880249" lon="121.61987543106079">
        <ele>85.97</ele>
      </trkpt>
      <trkpt lat="24.991707801818848" lon="121.61983251571655">
        <ele>84.29</ele>
      </trkpt>
      <trkpt lat="24.99188968911767" lon="121.61971474997699">
        <ele>82.65</ele>
      </trkpt>
      <trkpt lat="24.992072582244873" lon="121.61959648132324">
        <ele>81.13</ele>
      </trkpt>
      <trkpt lat="24.992072666063905" lon="121.61959648132324">
        <ele>79.72</ele>
      </trkpt>
      <trkpt lat="24.992201328277588" lon="121.61944627761841">
        <ele>78.4</ele>
      </trkpt>
      <trkpt lat="24.992265701293945" lon="121.61929607391357">
        <ele>77.19</ele>
      </trkpt>
      <trkpt lat="24.992265785112977" lon="121.61929607391357">
        <ele>75.99</ele>
      </trkpt>
      <trkpt lat="24.992330158129334" lon="121.61904905922711">
        <ele>74.78</ele>
      </trkpt>
      <trkpt lat="24.99239444732666" lon="121.61880254745483">
        <ele>73.63</ele>
      </trkpt>
      <trkpt lat="24.992480278015137" lon="121.61856634542346">
        <ele>72.51</ele>
      </trkpt>
      <trkpt lat="24.992566108703613" lon="121.61833047866821">
        <ele>71.41</ele>
      </trkpt>
      <trkpt lat="24.99263048171997" lon="121.6182017326355">
        <ele>70.53</ele>
      </trkpt>
      <trkpt lat="24.992737770080566" lon="121.6180944442749">
        <ele>69.75</ele>
      </trkpt>
      <trkpt lat="24.992995262145996" lon="121.61794424057007">
        <ele>68.99</ele>
      </trkpt>
      <trkpt lat="24.993176897987723" lon="121.61789076402783">
        <ele>68.34</ele>
      </trkpt>
      <trkpt lat="24.99336004257202" lon="121.61783695220947">
        <ele>67.87</ele>
      </trkpt>
      <trkpt lat="24.993467330932617" lon="121.61777257919312">
        <ele>67.49</ele>
      </trkpt>
      <trkpt lat="24.99361753463745" lon="121.61760091781616">
        <ele>67.22</ele>
      </trkpt>
      <trkpt lat="24.993746196851134" lon="121.61737561225891">
        <ele>66.84</ele>
      </trkpt>
      <trkpt lat="24.99387494288385" lon="121.61715030670166">
        <ele>66.25</ele>
      </trkpt>
      <trkpt lat="24.994003688916564" lon="121.61692508496344">
        <ele>65.67</ele>
      </trkpt>
      <trkpt lat="24.99413251876831" lon="121.61669969558716">
        <ele>65.22</ele>
      </trkpt>
      <trkpt lat="24.994196891784668" lon="121.6166353225708">
        <ele>64.73</ele>
      </trkpt>
      <trkpt lat="24.99439001083374" lon="121.6165280342102">
        <ele>64.21</ele>
      </trkpt>
      <trkpt lat="24.994475841522217" lon="121.61644220352173">
        <ele>63.88</ele>
      </trkpt>
      <trkpt lat="24.99447592534125" lon="121.61644220352173">
        <ele>63.61</ele>
      </trkpt>
      <trkpt lat="24.994604336097836" lon="121.6163350827992">
        <ele>63.2</ele>
      </trkpt>
      <trkpt lat="24.994733333587646" lon="121.61622762680054">
        <ele>62.91</ele>
      </trkpt>
      <trkpt lat="24.994754791259766" lon="121.61616325378418">
        <ele>62.68</ele>
      </trkpt>
      <trkpt lat="24.994754791259766" lon="121.61601305007935">
        <ele>62.49</ele>
      </trkpt>
      <trkpt lat="24.994754875078797" lon="121.61601305007935">
        <ele>62.26</ele>
      </trkpt>
      <trkpt lat="24.99468320980668" lon="121.61576963961124">
        <ele>62.13</ele>
      </trkpt>
      <trkpt lat="24.994611628353596" lon="121.61552622914314">
        <ele>61.96</ele>
      </trkpt>
      <trkpt lat="24.994540214538574" lon="121.6152834892273">
        <ele>61.74</ele>
      </trkpt>
      <trkpt lat="24.994540298357606" lon="121.6152834892273">
        <ele>61.44</ele>
      </trkpt>
      <trkpt lat="24.994461508467793" lon="121.61501141265035">
        <ele>61.26</ele>
      </trkpt>
      <trkpt lat="24.99438271857798" lon="121.6147393360734">
        <ele>60.94</ele>
      </trkpt>
      <trkpt lat="24.994304180145264" lon="121.61446809768677">
        <ele>60.45</ele>
      </trkpt>
      <trkpt lat="24.994304263964295" lon="121.61431789398193">
        <ele>59.93</ele>
      </trkpt>
      <trkpt lat="24.994325637817383" lon="121.61423206329346">
        <ele>59.34</ele>
      </trkpt>
      <trkpt lat="24.99436855316162" lon="121.61410331726074">
        <ele>58.74</ele>
      </trkpt>
      <trkpt lat="24.99441146850586" lon="121.61403894424438">
        <ele>58.06</ele>
      </trkpt>
      <trkpt lat="24.994475841522217" lon="121.61399602890015">
        <ele>57.28</ele>
      </trkpt>
      <trkpt lat="24.994753785431385" lon="121.61388907581568">
        <ele>56.23</ele>
      </trkpt>
      <trkpt lat="24.995033740997314" lon="121.61378145217896">
        <ele>55.25</ele>
      </trkpt>
      <trkpt lat="24.99518394470215" lon="121.61373853683472">
        <ele>54.32</ele>
      </trkpt>
      <trkpt lat="24.99534420669079" lon="121.61371716298163">
        <ele>53.46</ele>
      </trkpt>
      <trkpt lat="24.995505809783936" lon="121.61369562149048">
        <ele>52.57</ele>
      </trkpt>
      <trkpt lat="24.99570881947875" lon="121.6137062665075">
        <ele>51.62</ele>
      </trkpt>
      <trkpt lat="24.9959135055542" lon="121.6137170791626">
        <ele>50.55</ele>
      </trkpt>
      <trkpt lat="24.99619253911078" lon="121.61367416381836">
        <ele>49.32</ele>
      </trkpt>
      <trkpt lat="24.99642848968506" lon="121.61365270614624">
        <ele>48.24</ele>
      </trkpt>
      <trkpt lat="24.996599480509758" lon="121.613599229604">
        <ele>47.26</ele>
      </trkpt>
      <trkpt lat="24.996771812438965" lon="121.61354541778564">
        <ele>46.35</ele>
      </trkpt>
      <trkpt lat="24.997017569839954" lon="121.61349194124341">
        <ele>45.45</ele>
      </trkpt>
      <trkpt lat="24.997265338897705" lon="121.61343812942505">
        <ele>44.6</ele>
      </trkpt>
      <trkpt lat="24.997458457946777" lon="121.61335229873657">
        <ele>43.77</ele>
      </trkpt>
      <trkpt lat="24.997544372454286" lon="121.6132664680481">
        <ele>42.95</ele>
      </trkpt>
      <trkpt lat="24.99767303466797" lon="121.6130518913269">
        <ele>42.2</ele>
      </trkpt>
      <trkpt lat="24.997715950012207" lon="121.61300897598267">
        <ele>41.44</ele>
      </trkpt>
      <trkpt lat="24.997844696044922" lon="121.61296606063843">
        <ele>40.7</ele>
      </trkpt>
      <trkpt lat="24.99789389781654" lon="121.61296606063843">
        <ele>40.01</ele>
      </trkpt>
      <trkpt lat="24.998059272766113" lon="121.61296606063843">
        <ele>38.71</ele>
      </trkpt>
      <trkpt lat="24.99812364578247" lon="121.61296606063843">
        <ele>38.12</ele>
      </trkpt>
      <trkpt lat="24.99811291694641" lon="121.61264369264245">
        <ele>37.6</ele>
      </trkpt>
      <trkpt lat="24.998102271929383" lon="121.61232233047485">
        <ele>37.07</ele>
      </trkpt>
      <trkpt lat="24.99811291694641" lon="121.61210741847754">
        <ele>36.59</ele>
      </trkpt>
      <trkpt lat="24.99812364578247" lon="121.61189317703247">
        <ele>36.13</ele>
      </trkpt>
      <trkpt lat="24.99814510345459" lon="121.61164599470794">
        <ele>35.75</ele>
      </trkpt>
      <trkpt lat="24.99816656112671" lon="121.61139965057373">
        <ele>35.4</ele>
      </trkpt>
      <trkpt lat="24.99822238460183" lon="121.61106873303652">
        <ele>35.07</ele>
      </trkpt>
      <trkpt lat="24.998278291895986" lon="121.61073789931834">
        <ele>34.79</ele>
      </trkpt>
      <trkpt lat="24.998334115371108" lon="121.61040706560016">
        <ele>34.55</ele>
      </trkpt>
      <trkpt lat="24.998390022665262" lon="121.61007614806294">
        <ele>34.34</ele>
      </trkpt>
      <trkpt lat="24.99844559468329" lon="121.60974740982056">
        <ele>34.13</ele>
      </trkpt>
      <trkpt lat="24.99850284308195" lon="121.60941079258919">
        <ele>34.01</ele>
      </trkpt>
      <trkpt lat="24.998560175299644" lon="121.60907417535782">
        <ele>33.97</ele>
      </trkpt>
      <trkpt lat="24.998617256060243" lon="121.60873889923096">
        <ele>34.0</ele>
      </trkpt>
      <trkpt lat="24.998638713732362" lon="121.60863161087036">
        <ele>34.0</ele>
      </trkpt>
      <trkpt lat="24.99866017140448" lon="121.60843815654516">
        <ele>33.99</ele>
      </trkpt>
      <trkpt lat="24.9986816290766" lon="121.60824537277222">
        <ele>34.01</ele>
      </trkpt>
      <trkpt lat="24.99868154525757" lon="121.60815954208374">
        <ele>34.1</ele>
      </trkpt>
      <trkpt lat="24.998703002929688" lon="121.60781571641564">
        <ele>34.21</ele>
      </trkpt>
      <trkpt lat="24.99872454442084" lon="121.60747289657593">
        <ele>34.41</ele>
      </trkpt>
      <trkpt lat="24.998735273256898" lon="121.60717198625207">
        <ele>34.59</ele>
      </trkpt>
      <trkpt lat="24.998746002092957" lon="121.60687208175659">
        <ele>34.81</ele>
      </trkpt>
      <trkpt lat="24.998756647109985" lon="121.606614170596">
        <ele>35.08</ele>
      </trkpt>
      <trkpt lat="24.998767375946045" lon="121.60635709762573">
        <ele>35.45</ele>
      </trkpt>
      <trkpt lat="24.998810291290283" lon="121.60607772879303">
        <ele>35.91</ele>
      </trkpt>
      <trkpt lat="24.99885320663452" lon="121.60579919815063">
        <ele>36.47</ele>
      </trkpt>
      <trkpt lat="24.99890685081482" lon="121.60554137080908">
        <ele>36.93</ele>
      </trkpt>
      <trkpt lat="24.998960494995117" lon="121.60528421401978">
        <ele>37.36</ele>
      </trkpt>
      <trkpt lat="24.999035680666566" lon="121.60503719933331">
        <ele>37.83</ele>
      </trkpt>
      <trkpt lat="24.999110782518983" lon="121.60479068756104">
        <ele>38.29</ele>
      </trkpt>
      <trkpt lat="24.99911069869995" lon="121.60479068756104">
        <ele>38.79</ele>
      </trkpt>
      <trkpt lat="24.999196529388428" lon="121.60454367287457">
        <ele>39.25</ele>
      </trkpt>
      <trkpt lat="24.999282360076904" lon="121.6042971611023">
        <ele>39.67</ele>
      </trkpt>
      <trkpt lat="24.999357545748353" lon="121.60410387441516">
        <ele>40.2</ele>
      </trkpt>
      <trkpt lat="24.99943264760077" lon="121.60391092300415">
        <ele>40.76</ele>
      </trkpt>
      <trkpt lat="24.999539852142334" lon="121.60371780395508">
        <ele>41.28</ele>
      </trkpt>
      <trkpt lat="24.99964714050293" lon="121.603524684906">
        <ele>41.93</ele>
      </trkpt>
      <trkpt lat="24.999754261225462" lon="121.60338529385626">
        <ele>42.42</ele>
      </trkpt>
      <trkpt lat="24.99986171722412" lon="121.60324573516846">
        <ele>43.07</ele>
      </trkpt>
      <trkpt lat="25.000054836273193" lon="121.60298824310303">
        <ele>43.69</ele>
      </trkpt>
      <trkpt lat="25.000258265063167" lon="121.60279537551105">
        <ele>42.77</ele>
      </trkpt>
      <trkpt lat="25.000462532043457" lon="121.60260200500488">
        <ele>43.01</ele>
      </trkpt>
      <trkpt lat="25.00067710876465" lon="121.60236597061157">
        <ele>42.95</ele>
      </trkpt>
      <trkpt lat="25.0008487701416" lon="121.60215139389038">
        <ele>42.93</ele>
      </trkpt>
      <trkpt lat="25.000955974683166" lon="121.60199046134949">
        <ele>42.76</ele>
      </trkpt>
      <trkpt lat="25.001063346862793" lon="121.6018295288086">
        <ele>42.56</ele>
      </trkpt>
      <trkpt lat="25.001202737912536" lon="121.60158276557922">
        <ele>42.23</ele>
      </trkpt>
      <trkpt lat="25.00134221278131" lon="121.60133600234985">
        <ele>41.79</ele>
      </trkpt>
      <trkpt lat="25.001481687650084" lon="121.60108923912048">
        <ele>41.2</ele>
      </trkpt>
      <trkpt lat="25.00162116251886" lon="121.60084255971014">
        <ele>40.47</ele>
      </trkpt>
      <trkpt lat="25.001760637387633" lon="121.60059579648077">
        <ele>39.52</ele>
      </trkpt>
      <trkpt lat="25.00190019607544" lon="121.60034894943237">
        <ele>38.75</ele>
      </trkpt>
      <trkpt lat="25.001964569091797" lon="121.60024166107178">
        <ele>37.99</ele>
      </trkpt>
      <trkpt lat="25.002050399780273" lon="121.60002708435059">
        <ele>37.12</ele>
      </trkpt>
      <trkpt lat="25.00217914581299" lon="121.59996271133423">
        <ele>36.19</ele>
      </trkpt>
      <trkpt lat="25.002264976501465" lon="121.59985542297363">
        <ele>35.28</ele>
      </trkpt>
      <trkpt lat="25.002286434173584" lon="121.59974813461304">
        <ele>34.43</ele>
      </trkpt>
      <trkpt lat="25.002286434173584" lon="121.5995979309082">
        <ele>33.63</ele>
      </trkpt>
      <trkpt lat="25.002254163846374" lon="121.59934001974761">
        <ele>32.88</ele>
      </trkpt>
      <trkpt lat="25.00222214497626" lon="121.59908294677734">
        <ele>32.08</ele>
      </trkpt>
      <trkpt lat="25.002200603485107" lon="121.59878253936768">
        <ele>31.39</ele>
      </trkpt>
      <trkpt lat="25.002222061157227" lon="121.5985894203186">
        <ele>30.68</ele>
      </trkpt>
      <trkpt lat="25.002336474135518" lon="121.59836042672396">
        <ele>29.94</ele>
      </trkpt>
      <trkpt lat="25.00245097093284" lon="121.59813151694834">
        <ele>29.31</ele>
      </trkpt>
      <trkpt lat="25.002565383911133" lon="121.59790277481079">
        <ele>28.73</ele>
      </trkpt>
      <trkpt lat="25.00265121459961" lon="121.5976881980896">
        <ele>28.1</ele>
      </trkpt>
      <trkpt lat="25.00267267227173" lon="121.59747362136841">
        <ele>27.44</ele>
      </trkpt>
      <trkpt lat="25.00267267227173" lon="121.59736633300781">
        <ele>26.8</ele>
      </trkpt>
      <trkpt lat="25.00267267227173" lon="121.59728050231934">
        <ele>26.25</ele>
      </trkpt>
      <trkpt lat="25.00262975692749" lon="121.59710884094238">
        <ele>25.72</ele>
      </trkpt>
      <trkpt lat="25.002543926239014" lon="121.59693717956543">
        <ele>25.29</ele>
      </trkpt>
      <trkpt lat="25.002501010894775" lon="121.59685134887695">
        <ele>24.92</ele>
      </trkpt>
      <trkpt lat="25.00235080718994" lon="121.5966796875">
        <ele>24.61</ele>
      </trkpt>
      <trkpt lat="25.002264976501465" lon="121.59663677215576">
        <ele>24.51</ele>
      </trkpt>
      <trkpt lat="25.00209331512451" lon="121.59655094146729">
        <ele>24.52</ele>
      </trkpt>
      <trkpt lat="25.00182249583304" lon="121.59648673608899">
        <ele>24.74</ele>
      </trkpt>
      <trkpt lat="25.0015517603606" lon="121.59642261452973">
        <ele>24.89</ele>
      </trkpt>
      <trkpt lat="25.001277923583984" lon="121.59635782241821">
        <ele>24.87</ele>
      </trkpt>
      <trkpt lat="25.001032082363963" lon="121.59631507471204">
        <ele>24.98</ele>
      </trkpt>
      <trkpt lat="25.000784397125244" lon="121.59627199172974">
        <ele>25.22</ele>
      </trkpt>
      <trkpt lat="25.000478038564324" lon="121.59625774249434">
        <ele>25.51</ele>
      </trkpt>
      <trkpt lat="25.000171763822436" lon="121.59624349325895">
        <ele>25.84</ele>
      </trkpt>
      <trkpt lat="24.99986171722412" lon="121.5962290763855">
        <ele>26.37</ele>
      </trkpt>
      <trkpt lat="24.999647894874215" lon="121.59617559984326">
        <ele>27.06</ele>
      </trkpt>
      <trkpt lat="24.99943256378174" lon="121.5961217880249">
        <ele>27.71</ele>
      </trkpt>
      <trkpt lat="24.99915361404419" lon="121.5960144996643">
        <ele>28.44</ele>
      </trkpt>
      <trkpt lat="24.998939037322998" lon="121.59590721130371">
        <ele>29.18</ele>
      </trkpt>
      <trkpt lat="24.998682299628854" lon="121.59576279111207">
        <ele>29.93</ele>
      </trkpt>
      <trkpt lat="24.99842556193471" lon="121.59561837092042">
        <ele>30.78</ele>
      </trkpt>
      <trkpt lat="24.998168824240565" lon="121.59547395072877">
        <ele>31.68</ele>
      </trkpt>
      <trkpt lat="24.99790906906128" lon="121.5953278541565">
        <ele>32.6</ele>
      </trkpt>
      <trkpt lat="24.99771603383124" lon="121.59519910812378">
        <ele>33.35</ele>
      </trkpt>
      <trkpt lat="24.99752316623926" lon="121.59501914866269">
        <ele>33.94</ele>
      </trkpt>
      <trkpt lat="24.997330382466316" lon="121.5948391892016">
        <ele>34.66</ele>
      </trkpt>
      <trkpt lat="24.99713759869337" lon="121.59465931355953">
        <ele>35.53</ele>
      </trkpt>
      <trkpt lat="24.996944814920425" lon="121.59447935409844">
        <ele>36.43</ele>
      </trkpt>
      <trkpt lat="24.996750354766846" lon="121.59429788589478">
        <ele>37.15</ele>
      </trkpt>
      <trkpt lat="24.996750438585877" lon="121.59429788589478">
        <ele>37.79</ele>
      </trkpt>
      <trkpt lat="24.99668598175049" lon="121.59423351287842">
        <ele>38.36</ele>
      </trkpt>
      <trkpt lat="24.996493449434638" lon="121.5941586624831">
        <ele>38.97</ele>
      </trkpt>
      <trkpt lat="24.996299743652344" lon="121.59408330917358">
        <ele>39.35</ele>
      </trkpt>
      <trkpt lat="24.996235370635986" lon="121.59397602081299">
        <ele>39.72</ele>
      </trkpt>
      <trkpt lat="24.996213912963867" lon="121.59389019012451">
        <ele>40.13</ele>
      </trkpt>
      <trkpt lat="24.996235454455018" lon="121.59369707107544">
        <ele>40.58</ele>
      </trkpt>
      <trkpt lat="24.996321201324463" lon="121.59350386820734">
        <ele>41.02</ele>
      </trkpt>
      <trkpt lat="24.99640703201294" lon="121.5933108329773">
        <ele>41.3</ele>
      </trkpt>
      <trkpt lat="24.996471405029297" lon="121.59301042556763">
        <ele>41.59</ele>
      </trkpt>
      <trkpt lat="24.996535778045654" lon="121.59277439117432">
        <ele>41.57</ele>
      </trkpt>
      <trkpt lat="24.99660015106201" lon="121.592538356781">
        <ele>41.62</ele>
      </trkpt>
      <trkpt lat="24.996728897094727" lon="121.59228086471558">
        <ele>41.77</ele>
      </trkpt>
      <trkpt lat="24.99683610163629" lon="121.59210920333862">
        <ele>41.86</ele>
      </trkpt>
      <trkpt lat="24.996943473815918" lon="121.59193754196167">
        <ele>41.96</ele>
      </trkpt>
      <trkpt lat="24.99713659286499" lon="121.59170150756836">
        <ele>41.84</ele>
      </trkpt>
      <trkpt lat="24.997297190129757" lon="121.59155155532062">
        <ele>41.63</ele>
      </trkpt>
      <trkpt lat="24.997458457946777" lon="121.59140110015869">
        <ele>41.3</ele>
      </trkpt>
      <trkpt lat="24.99763011932373" lon="121.59122943878174">
        <ele>41.03</ele>
      </trkpt>
      <trkpt lat="24.997813515365124" lon="121.5909864474088">
        <ele>40.89</ele>
      </trkpt>
      <trkpt lat="24.997996911406517" lon="121.59074345603585">
        <ele>40.38</ele>
      </trkpt>
      <trkpt lat="24.998180391266942" lon="121.59050046466291">
        <ele>40.01</ele>
      </trkpt>
      <trkpt lat="24.998363787308335" lon="121.59025747328997">
        <ele>39.82</ele>
      </trkpt>
      <trkpt lat="24.99854726716876" lon="121.59001448191702">
        <ele>40.02</ele>
      </trkpt>
      <trkpt lat="24.998730663210154" lon="121.58977149054408">
        <ele>39.79</ele>
      </trkpt>
      <trkpt lat="24.99891414307058" lon="121.58952849917114">
        <ele>39.42</ele>
      </trkpt>
      <trkpt lat="24.999097539111972" lon="121.5892855077982">
        <ele>38.93</ele>
      </trkpt>
      <trkpt lat="24.999282360076904" lon="121.58904075622559">
        <ele>38.29</ele>
      </trkpt>
      <trkpt lat="24.999282443895936" lon="121.58904075622559">
        <ele>37.98</ele>
      </trkpt>
      <trkpt lat="24.999464666470885" lon="121.58880488947034">
        <ele>37.55</ele>
      </trkpt>
      <trkpt lat="24.99964722432196" lon="121.58856868743896">
        <ele>37.3</ele>
      </trkpt>
      <trkpt lat="24.999775886535645" lon="121.58835411071777">
        <ele>37.07</ele>
      </trkpt>
      <trkpt lat="24.999818801879883" lon="121.5882682800293">
        <ele>36.8</ele>
      </trkpt>
      <trkpt lat="24.99986171722412" lon="121.5881609916687">
        <ele>36.6</ele>
      </trkpt>
      <trkpt lat="24.999861801043153" lon="121.5880537033081">
        <ele>36.45</ele>
      </trkpt>
      <trkpt lat="24.999818885698915" lon="121.58775329589844">
        <ele>36.25</ele>
      </trkpt>
      <trkpt lat="24.999743700027466" lon="121.58744182437658">
        <ele>36.02</ele>
      </trkpt>
      <trkpt lat="24.99966868199408" lon="121.58713102340698">
        <ele>35.7</ele>
      </trkpt>
      <trkpt lat="24.999582767486572" lon="121.5868091583252">
        <ele>35.37</ele>
      </trkpt>
      <trkpt lat="24.999582851305604" lon="121.5868091583252">
        <ele>35.13</ele>
      </trkpt>
      <trkpt lat="24.999539852142334" lon="121.58650875091553">
        <ele>34.95</ele>
      </trkpt>
      <trkpt lat="24.999561309814453" lon="121.58642292022705">
        <ele>34.68</ele>
      </trkpt>
      <trkpt lat="24.99965786933899" lon="121.58616526052356">
        <ele>34.35</ele>
      </trkpt>
      <trkpt lat="24.999754428863525" lon="121.58590793609619">
        <ele>34.2</ele>
      </trkpt>
      <trkpt lat="24.999818801879883" lon="121.58571481704712">
        <ele>34.0</ele>
      </trkpt>
      <trkpt lat="24.99986171722412" lon="121.58537526614964">
        <ele>33.98</ele>
      </trkpt>
      <trkpt lat="24.99990471638739" lon="121.58503579907119">
        <ele>33.64</ele>
      </trkpt>
      <trkpt lat="24.99994771555066" lon="121.58469633199275">
        <ele>33.27</ele>
      </trkpt>
      <trkpt lat="24.9999906308949" lon="121.5843568649143">
        <ele>32.62</ele>
      </trkpt>
      <trkpt lat="25.000033378601074" lon="121.5840196609497">
        <ele>32.13</ele>
      </trkpt>
      <trkpt lat="25.00009775161743" lon="121.58380508422852">
        <ele>31.78</ele>
      </trkpt>
      <trkpt lat="25.000183582305908" lon="121.5836763381958">
        <ele>30.37</ele>
      </trkpt>
      <trkpt lat="25.000226497650146" lon="121.58361196517944">
        <ele>29.84</ele>
      </trkpt>
      <trkpt lat="25.00041961669922" lon="121.58348321914673">
        <ele>29.31</ele>
      </trkpt>
      <trkpt lat="25.000505447387695" lon="121.58344030380249">
        <ele>28.74</ele>
      </trkpt>
      <trkpt lat="25.000548362731934" lon="121.58339738845825">
        <ele>28.17</ele>
      </trkpt>
      <trkpt lat="25.000591278076172" lon="121.5833330154419">
        <ele>27.63</ele>
      </trkpt>
      <trkpt lat="25.00061273574829" lon="121.58318281173706">
        <ele>27.14</ele>
      </trkpt>
      <trkpt lat="25.00061273574829" lon="121.58307552337646">
        <ele>26.75</ele>
      </trkpt>
      <trkpt lat="25.000457167625427" lon="121.58282071352005">
        <ele>26.46</ele>
      </trkpt>
      <trkpt lat="25.000301683321595" lon="121.58256598748267">
        <ele>26.27</ele>
      </trkpt>
      <trkpt lat="25.00014611519873" lon="121.58231126144528">
        <ele>26.1</ele>
      </trkpt>
      <trkpt lat="24.9999906308949" lon="121.5820565354079">
        <ele>26.23</ele>
      </trkpt>
      <trkpt lat="24.999835062772036" lon="121.58180180937052">
        <ele>25.98</ele>
      </trkpt>
      <trkpt lat="24.999679578468204" lon="121.5815469995141">
        <ele>25.85</ele>
      </trkpt>
      <trkpt lat="24.99952401034534" lon="121.58129227347672">
        <ele>25.9</ele>
      </trkpt>
      <trkpt lat="24.99936819076538" lon="121.58103704452515">
        <ele>26.04</ele>
      </trkpt>
      <trkpt lat="24.999217987060547" lon="121.58078491687775">
        <ele>26.12</ele>
      </trkpt>
      <trkpt lat="24.999067867174745" lon="121.58053287304938">
        <ele>26.21</ele>
      </trkpt>
      <trkpt lat="24.99891766346991" lon="121.58028074540198">
        <ele>26.26</ele>
      </trkpt>
      <trkpt lat="24.998767459765077" lon="121.58002853393555">
        <ele>26.32</ele>
      </trkpt>
      <trkpt lat="24.99862438067794" lon="121.57977816648781">
        <ele>26.52</ele>
      </trkpt>
      <trkpt lat="24.998481385409832" lon="121.57952788285911">
        <ele>26.73</ele>
      </trkpt>
      <trkpt lat="24.998338306322694" lon="121.57927751541138">
        <ele>26.95</ele>
      </trkpt>
      <trkpt lat="24.998175194486976" lon="121.57901147380471">
        <ele>27.12</ele>
      </trkpt>
      <trkpt lat="24.99801216647029" lon="121.57874551601708">
        <ele>27.12</ele>
      </trkpt>
      <trkpt lat="24.997849138453603" lon="121.57847947441041">
        <ele>27.08</ele>
      </trkpt>
      <trkpt lat="24.997686110436916" lon="121.57821351662278">
        <ele>27.13</ele>
      </trkpt>
      <trkpt lat="24.997522914782166" lon="121.57794713973999">
        <ele>27.2</ele>
      </trkpt>
      <trkpt lat="24.99740623869002" lon="121.57774857245386">
        <ele>27.24</ele>
      </trkpt>
      <trkpt lat="24.997289646416903" lon="121.57755000516772">
        <ele>27.22</ele>
      </trkpt>
      <trkpt lat="24.997172970324755" lon="121.57735143788159">
        <ele>27.19</ele>
      </trkpt>
      <trkpt lat="24.997024945914745" lon="121.57709939405322">
        <ele>27.11</ele>
      </trkpt>
      <trkpt lat="24.996877005323768" lon="121.57684743404388">
        <ele>27.09</ele>
      </trkpt>
      <trkpt lat="24.99672898091376" lon="121.57659530639648">
        <ele>27.04</ele>
      </trkpt>
      <trkpt lat="24.996728897094727" lon="121.57659530639648">
        <ele>26.94</ele>
      </trkpt>
      <trkpt lat="24.996578777208924" lon="121.57633781433105">
        <ele>26.76</ele>
      </trkpt>
      <trkpt lat="24.99642857350409" lon="121.57610186375678">
        <ele>26.54</ele>
      </trkpt>
      <trkpt lat="24.996278453618288" lon="121.5758659131825">
        <ele>26.31</ele>
      </trkpt>
      <trkpt lat="24.996128166094422" lon="121.57562971115112">
        <ele>26.12</ele>
      </trkpt>
      <trkpt lat="24.99599229544401" lon="121.57540800981224">
        <ele>25.96</ele>
      </trkpt>
      <trkpt lat="24.9958564247936" lon="121.57518630847335">
        <ele>25.9</ele>
      </trkpt>
      <trkpt lat="24.99572047032416" lon="121.57496452331543">
        <ele>25.83</ele>
      </trkpt>
      <trkpt lat="24.99559884890914" lon="121.57475707121193">
        <ele>25.64</ele>
      </trkpt>
      <trkpt lat="24.99547722749412" lon="121.57454970292747">
        <ele>25.45</ele>
      </trkpt>
      <trkpt lat="24.9953556060791" lon="121.57434225082397">
        <ele>25.33</ele>
      </trkpt>
      <trkpt lat="24.995248317718506" lon="121.57421350479126">
        <ele>25.26</ele>
      </trkpt>
      <trkpt lat="24.995098114013672" lon="121.57406330108643">
        <ele>25.22</ele>
      </trkpt>
      <trkpt lat="24.994990825653076" lon="121.57397747039795">
        <ele>25.17</ele>
      </trkpt>
      <trkpt lat="24.994840621948242" lon="121.57391309738159">
        <ele>25.16</ele>
      </trkpt>
      <trkpt lat="24.99466896057129" lon="121.57389163970947">
        <ele>25.2</ele>
      </trkpt>
      <trkpt lat="24.994497299194336" lon="121.57389163970947">
        <ele>25.28</ele>
      </trkpt>
      <trkpt lat="24.994226563721895" lon="121.57386314123869">
        <ele>25.39</ele>
      </trkpt>
      <trkpt lat="24.993955912068486" lon="121.5738346427679">
        <ele>25.34</ele>
      </trkpt>
      <trkpt lat="24.99368199147284" lon="121.573805809021">
        <ele>25.18</ele>
      </trkpt>
      <trkpt lat="24.993457524105906" lon="121.57378443516791">
        <ele>25.12</ele>
      </trkpt>
      <trkpt lat="24.99323138035834" lon="121.57376289367676">
        <ele>25.19</ele>
      </trkpt>
      <trkpt lat="24.992921501398087" lon="121.5737521648407">
        <ele>25.41</ele>
      </trkpt>
      <trkpt lat="24.992609107866883" lon="121.57374143600464">
        <ele>25.42</ele>
      </trkpt>
      <trkpt lat="24.992302749305964" lon="121.57372006215155">
        <ele>25.29</ele>
      </trkpt>
      <trkpt lat="24.991996390745044" lon="121.57369868829846">
        <ele>25.31</ele>
      </trkpt>
      <trkpt lat="24.99168634414673" lon="121.57367706298828">
        <ele>25.47</ele>
      </trkpt>
      <trkpt lat="24.991729259490967" lon="121.57344102859497">
        <ele>25.43</ele>
      </trkpt>
      <trkpt lat="24.991729259490967" lon="121.57318311743438">
        <ele>25.36</ele>
      </trkpt>
      <trkpt lat="24.991729259490967" lon="121.57292604446411">
        <ele>25.21</ele>
      </trkpt>
      <trkpt lat="24.991729259490967" lon="121.57261976972222">
        <ele>24.89</ele>
      </trkpt>
      <trkpt lat="24.991729259490967" lon="121.57231357879937">
        <ele>24.66</ele>
      </trkpt>
      <trkpt lat="24.991729259490967" lon="121.57200738787651">
        <ele>24.77</ele>
      </trkpt>
      <trkpt lat="24.99172934331" lon="121.57170295715332">
        <ele>25.23</ele>
      </trkpt>
      <trkpt lat="24.991729259490967" lon="121.57170295715332">
        <ele>25.38</ele>
      </trkpt>
      <trkpt lat="24.991729259490967" lon="121.57143431715667">
        <ele>25.8</ele>
      </trkpt>
      <trkpt lat="24.991729259490967" lon="121.57116651535034">
        <ele>26.0</ele>
      </trkpt>
      <trkpt lat="24.991729259490967" lon="121.57108068466187">
        <ele>26.19</ele>
      </trkpt>
      <trkpt lat="24.991729259490967" lon="121.57086577266455">
        <ele>26.43</ele>
      </trkpt>
      <trkpt lat="24.99172934331" lon="121.57065153121948">
        <ele>26.74</ele>
      </trkpt>
      <trkpt lat="24.99172934331" lon="121.57044734805822">
        <ele>27.0</ele>
      </trkpt>
      <trkpt lat="24.99172934331" lon="121.57024383544922">
        <ele>27.25</ele>
      </trkpt>
      <trkpt lat="24.99172934331" lon="121.57001819461584">
        <ele>27.48</ele>
      </trkpt>
      <trkpt lat="24.99172934331" lon="121.56979322433472">
        <ele>27.68</ele>
      </trkpt>
      <trkpt lat="24.991718530654907" lon="121.56951385550201">
        <ele>27.83</ele>
      </trkpt>
      <trkpt lat="24.991707801818848" lon="121.56923532485962">
        <ele>27.9</ele>
      </trkpt>
      <trkpt lat="24.991664802655578" lon="121.56898822635412">
        <ele>27.95</ele>
      </trkpt>
      <trkpt lat="24.99162197113037" lon="121.56874179840088">
        <ele>28.04</ele>
      </trkpt>
      <trkpt lat="24.991557514294982" lon="121.56852697022259">
        <ele>28.14</ele>
      </trkpt>
      <trkpt lat="24.991493308916688" lon="121.5683126449585">
        <ele>28.26</ele>
      </trkpt>
      <trkpt lat="24.991428768262267" lon="121.56806563027203">
        <ele>28.35</ele>
      </trkpt>
      <trkpt lat="24.99136447906494" lon="121.56781911849976">
        <ele>28.56</ele>
      </trkpt>
      <trkpt lat="24.991257190704346" lon="121.56756162643433">
        <ele>28.75</ele>
      </trkpt>
      <trkpt lat="24.99114981852472" lon="121.56731469556689">
        <ele>28.82</ele>
      </trkpt>
      <trkpt lat="24.991042697802186" lon="121.56706809997559">
        <ele>28.9</ele>
      </trkpt>
      <trkpt lat="24.99091395176947" lon="121.56686073169112">
        <ele>28.99</ele>
      </trkpt>
      <trkpt lat="24.990785205736756" lon="121.56665336340666">
        <ele>29.05</ele>
      </trkpt>
      <trkpt lat="24.99065645970404" lon="121.56644582748413">
        <ele>29.07</ele>
      </trkpt>
      <trkpt lat="24.990495527163148" lon="121.56617760658264">
        <ele>29.0</ele>
      </trkpt>
      <trkpt lat="24.990334594622254" lon="121.56590938568115">
        <ele>28.96</ele>
      </trkpt>
      <trkpt lat="24.990212973207235" lon="121.56570193357766">
        <ele>28.83</ele>
      </trkpt>
      <trkpt lat="24.990091351792216" lon="121.56549456529319">
        <ele>28.54</ele>
      </trkpt>
      <trkpt lat="24.989969730377197" lon="121.5652871131897">
        <ele>28.06</ele>
      </trkpt>
      <trkpt lat="24.98988389968872" lon="121.56510463915765">
        <ele>27.69</ele>
      </trkpt>
      <trkpt lat="24.989798152819276" lon="121.56492233276367">
        <ele>27.32</ele>
      </trkpt>
      <trkpt lat="24.989712238311768" lon="121.56470758840442">
        <ele>26.93</ele>
      </trkpt>
      <trkpt lat="24.989626491442323" lon="121.56449317932129">
        <ele>26.49</ele>
      </trkpt>
      <trkpt lat="24.989540576934814" lon="121.5642891637981">
        <ele>26.0</ele>
      </trkpt>
      <trkpt lat="24.98945483006537" lon="121.56408548355103">
        <ele>25.54</ele>
      </trkpt>
      <trkpt lat="24.989454746246338" lon="121.56408548355103">
        <ele>25.17</ele>
      </trkpt>
      <trkpt lat="24.989354498684406" lon="121.56382782384753">
        <ele>24.77</ele>
      </trkpt>
      <trkpt lat="24.989254334941506" lon="121.56357016414404">
        <ele>24.41</ele>
      </trkpt>
      <trkpt lat="24.9891544226557" lon="121.56331300735474">
        <ele>24.02</ele>
      </trkpt>
      <trkpt lat="24.989089965820312" lon="121.56314134597778">
        <ele>23.7</ele>
      </trkpt>
      <trkpt lat="24.989047050476074" lon="121.56299114227295">
        <ele>23.43</ele>
      </trkpt>
      <trkpt lat="24.989004135131836" lon="121.5627121925354">
        <ele>23.21</ele>
      </trkpt>
      <trkpt lat="24.988968344405293" lon="121.56239703297615">
        <ele>23.0</ele>
      </trkpt>
      <trkpt lat="24.98893255367875" lon="121.5620818734169">
        <ele>22.78</ele>
      </trkpt>
      <trkpt lat="24.988896930590272" lon="121.56176805496216">
        <ele>22.63</ele>
      </trkpt>
      <trkpt lat="24.98886466026306" lon="121.56145641580224">
        <ele>22.48</ele>
      </trkpt>
      <trkpt lat="24.988832557573915" lon="121.5611457824707">
        <ele>22.27</ele>
      </trkpt>
      <trkpt lat="24.988811099901795" lon="121.56095266342163">
        <ele>22.15</ele>
      </trkpt>
      <trkpt lat="24.988789642229676" lon="121.56065225601196">
        <ele>22.08</ele>
      </trkpt>
      <trkpt lat="24.988789558410645" lon="121.56065225601196">
        <ele>22.01</ele>
      </trkpt>
      <trkpt lat="24.988789558410645" lon="121.5604158025235">
        <ele>21.99</ele>
      </trkpt>
      <trkpt lat="24.988789642229676" lon="121.56018018722534">
        <ele>22.0</ele>
      </trkpt>
      <trkpt lat="24.988789642229676" lon="121.56007289886475">
        <ele>22.01</ele>
      </trkpt>
      <trkpt lat="24.988789642229676" lon="121.5598042588681">
        <ele>22.03</ele>
      </trkpt>
      <trkpt lat="24.988789642229676" lon="121.55953561887145">
        <ele>21.95</ele>
      </trkpt>
      <trkpt lat="24.988789642229676" lon="121.55926706269383">
        <ele>21.88</ele>
      </trkpt>
      <trkpt lat="24.988789642229676" lon="121.55900001525879">
        <ele>21.91</ele>
      </trkpt>
      <trkpt lat="24.988789642229676" lon="121.55870631337166">
        <ele>21.94</ele>
      </trkpt>
      <trkpt lat="24.988789642229676" lon="121.55841261148453">
        <ele>21.87</ele>
      </trkpt>
      <trkpt lat="24.988789642229676" lon="121.5581202507019">
        <ele>21.9</ele>
      </trkpt>
      <trkpt lat="24.988789558410645" lon="121.5581202507019">
        <ele>21.95</ele>
      </trkpt>
      <trkpt lat="24.988778745755553" lon="121.55791606754065">
        <ele>22.05</ele>
      </trkpt>
      <trkpt lat="24.988768100738525" lon="121.55771255493164">
        <ele>22.17</ele>
      </trkpt>
      <trkpt lat="24.98872526921332" lon="121.55754089355469">
        <ele>22.29</ele>
      </trkpt>
      <trkpt lat="24.988725185394287" lon="121.55754089355469">
        <ele>22.37</ele>
      </trkpt>
      <trkpt lat="24.988660728558898" lon="121.55722573399544">
        <ele>22.51</ele>
      </trkpt>
      <trkpt lat="24.98859627172351" lon="121.55691065825522">
        <ele>22.62</ele>
      </trkpt>
      <trkpt lat="24.988532150164247" lon="121.55659675598145">
        <ele>22.66</ele>
      </trkpt>
      <trkpt lat="24.988499879837036" lon="121.55641411431134">
        <ele>22.7</ele>
      </trkpt>
      <trkpt lat="24.98846777714789" lon="121.55623197555542">
        <ele>22.72</ele>
      </trkpt>
      <trkpt lat="24.98842477798462" lon="121.5560170635581">
        <ele>22.82</ele>
      </trkpt>
      <trkpt lat="24.988381946459413" lon="121.55580282211304">
        <ele>22.99</ele>
      </trkpt>
      <trkpt lat="24.988360488787293" lon="121.55569553375244">
        <ele>23.18</ele>
      </trkpt>
      <trkpt lat="24.988296031951904" lon="121.55538397841156">
        <ele>23.45</ele>
      </trkpt>
      <trkpt lat="24.98823174275458" lon="121.55507326126099">
        <ele>23.76</ele>
      </trkpt>
      <trkpt lat="24.988231658935547" lon="121.55507326126099">
        <ele>23.95</ele>
      </trkpt>
      <trkpt lat="24.98816736973822" lon="121.55477285385132">
        <ele>24.22</ele>
      </trkpt>
      <trkpt lat="24.988145912066102" lon="121.55453681945801">
        <ele>24.44</ele>
      </trkpt>
      <trkpt lat="24.988145912066102" lon="121.55432224273682">
        <ele>24.65</ele>
      </trkpt>
      <trkpt lat="24.988124454393983" lon="121.5541934967041">
        <ele>24.82</ele>
      </trkpt>
      <trkpt lat="24.988124454393983" lon="121.55404329299927">
        <ele>24.97</ele>
      </trkpt>
      <trkpt lat="24.988102996721864" lon="121.55380725860596">
        <ele>25.07</ele>
      </trkpt>
      <trkpt lat="24.98806712217629" lon="121.5535565558821">
        <ele>25.13</ele>
      </trkpt>
      <trkpt lat="24.988031331449747" lon="121.55330585315824">
        <ele>25.23</ele>
      </trkpt>
      <trkpt lat="24.987995708361268" lon="121.55305624008179">
        <ele>25.4</ele>
      </trkpt>
      <trkpt lat="24.98794550076127" lon="121.55281274579465">
        <ele>25.61</ele>
      </trkpt>
      <trkpt lat="24.987895376980305" lon="121.55256925150752">
        <ele>25.8</ele>
      </trkpt>
      <trkpt lat="24.987845504656434" lon="121.55232667922974">
        <ele>25.92</ele>
      </trkpt>
      <trkpt lat="24.987824046984315" lon="121.55209064483643">
        <ele>25.99</ele>
      </trkpt>
      <trkpt lat="24.98778817243874" lon="121.55183273367584">
        <ele>25.95</ele>
      </trkpt>
      <trkpt lat="24.9877523817122" lon="121.55157490633428">
        <ele>25.87</ele>
      </trkpt>
      <trkpt lat="24.98771675862372" lon="121.55131816864014">
        <ele>25.85</ele>
      </trkpt>
      <trkpt lat="24.98768448829651" lon="121.55113552697003">
        <ele>25.86</ele>
      </trkpt>
      <trkpt lat="24.987652385607362" lon="121.55095338821411">
        <ele>25.87</ele>
      </trkpt>
      <trkpt lat="24.98765230178833" lon="121.55095338821411">
        <ele>25.82</ele>
      </trkpt>
      <trkpt lat="24.987612068653107" lon="121.55070553533733">
        <ele>25.75</ele>
      </trkpt>
      <trkpt lat="24.987571919336915" lon="121.55045776627958">
        <ele>25.61</ele>
      </trkpt>
      <trkpt lat="24.987531937658787" lon="121.55021100305021">
        <ele>25.49</ele>
      </trkpt>
      <trkpt lat="24.987523639574647" lon="121.5501594543457">
        <ele>25.31</ele>
      </trkpt>
      <trkpt lat="24.98745926655829" lon="121.54985904693604">
        <ele>25.22</ele>
      </trkpt>
      <trkpt lat="24.987459182739258" lon="121.54985904693604">
        <ele>25.1</ele>
      </trkpt>
      <trkpt lat="24.987416183575988" lon="121.5496226772666">
        <ele>25.02</ele>
      </trkpt>
      <trkpt lat="24.987373435869813" lon="121.54938697814941">
        <ele>24.88</ele>
      </trkpt>
      <trkpt lat="24.987341165542603" lon="121.5491720661521">
        <ele>24.65</ele>
      </trkpt>
      <trkpt lat="24.987309062853456" lon="121.54895782470703">
        <ele>24.4</ele>
      </trkpt>
      <trkpt lat="24.987266147509217" lon="121.54876470565796">
        <ele>24.22</ele>
      </trkpt>
      <trkpt lat="24.98722323216498" lon="121.54848575592041">
        <ele>24.06</ele>
      </trkpt>
      <trkpt lat="24.987223148345947" lon="121.54848575592041">
        <ele>23.74</ele>
      </trkpt>
      <trkpt lat="24.98718031682074" lon="121.5482497215271">
        <ele>23.4</ele>
      </trkpt>
      <trkpt lat="24.98713731765747" lon="121.54797035269439">
        <ele>22.96</ele>
      </trkpt>
      <trkpt lat="24.987094486132264" lon="121.547691822052">
        <ele>22.51</ele>
      </trkpt>
      <trkpt lat="24.987094402313232" lon="121.547691822052">
        <ele>22.13</ele>
      </trkpt>
      <trkpt lat="24.987051570788026" lon="121.54749870300293">
        <ele>21.71</ele>
      </trkpt>
      <trkpt lat="24.987030113115907" lon="121.54728412628174">
        <ele>21.26</ele>
      </trkpt>
      <trkpt lat="24.986987113952637" lon="121.54709075577557">
        <ele>20.85</ele>
      </trkpt>
      <trkpt lat="24.98694428242743" lon="121.5468978881836">
        <ele>20.49</ele>
      </trkpt>
      <trkpt lat="24.986901367083192" lon="121.54666185379028">
        <ele>20.26</ele>
      </trkpt>
      <trkpt lat="24.986879909411073" lon="121.54644727706909">
        <ele>20.11</ele>
      </trkpt>
      <trkpt lat="24.986836910247803" lon="121.54621090739965">
        <ele>19.89</ele>
      </trkpt>
      <trkpt lat="24.986794078722596" lon="121.54597520828247">
        <ele>19.59</ele>
      </trkpt>
      <trkpt lat="24.986772537231445" lon="121.54576063156128">
        <ele>19.33</ele>
      </trkpt>
      <trkpt lat="24.986772537231445" lon="121.54556717723608">
        <ele>19.2</ele>
      </trkpt>
      <trkpt lat="24.986772621050477" lon="121.54537439346313">
        <ele>19.17</ele>
      </trkpt>
      <trkpt lat="24.986879909411073" lon="121.54531002044678">
        <ele>19.28</ele>
      </trkpt>
      <trkpt lat="24.987093899399042" lon="121.54516727663577">
        <ele>19.56</ele>
      </trkpt>
      <trkpt lat="24.98730788938701" lon="121.54502461664379">
        <ele>19.84</ele>
      </trkpt>
      <trkpt lat="24.987523555755615" lon="121.5448808670044">
        <ele>20.12</ele>
      </trkpt>
      <trkpt lat="24.98765230178833" lon="121.54483795166016">
        <ele>20.34</ele>
      </trkpt>
      <trkpt lat="24.98783402144909" lon="121.54477374628186">
        <ele>20.48</ele>
      </trkpt>
      <trkpt lat="24.988017082214355" lon="121.54470920562744">
        <ele>20.74</ele>
      </trkpt>
      <trkpt lat="24.988017166033387" lon="121.54470920562744">
        <ele>21.06</ele>
      </trkpt>
      <trkpt lat="24.98823174275458" lon="121.54462337493896">
        <ele>21.52</ele>
      </trkpt>
      <trkpt lat="24.988338947296143" lon="121.54449462890625">
        <ele>21.89</ele>
      </trkpt>
      <trkpt lat="24.98838186264038" lon="121.54440879821777">
        <ele>22.17</ele>
      </trkpt>
      <trkpt lat="24.98842477798462" lon="121.54430150985718">
        <ele>22.45</ele>
      </trkpt>
      <trkpt lat="24.988467693328857" lon="121.54408659785986">
        <ele>22.68</ele>
      </trkpt>
      <trkpt lat="24.988510608673096" lon="121.5438723564148">
        <ele>22.93</ele>
      </trkpt>
      <trkpt lat="24.988510692492127" lon="121.5438723564148">
        <ele>23.26</ele>
      </trkpt>
      <trkpt lat="24.988553607836366" lon="121.54370044358075">
        <ele>23.62</ele>
      </trkpt>
      <trkpt lat="24.988596439361572" lon="121.54352903366089">
        <ele>24.01</ele>
      </trkpt>
      <trkpt lat="24.988596439361572" lon="121.5434217453003">
        <ele>24.07</ele>
      </trkpt>
      <trkpt lat="24.988553607836366" lon="121.54327154159546">
        <ele>23.94</ele>
      </trkpt>
      <trkpt lat="24.988478422164917" lon="121.54311052523553">
        <ele>23.74</ele>
      </trkpt>
      <trkpt lat="24.98840340413153" lon="121.54294967651367">
        <ele>23.48</ele>
      </trkpt>
      <trkpt lat="24.98837113380432" lon="121.54277776367962">
        <ele>23.31</ele>
      </trkpt>
      <trkpt lat="24.988338947296143" lon="121.54260635375977">
        <ele>23.19</ele>
      </trkpt>
      <trkpt lat="24.98831740580499" lon="121.54239144176245">
        <ele>23.04</ele>
      </trkpt>
      <trkpt lat="24.988296031951904" lon="121.54217720031738">
        <ele>22.75</ele>
      </trkpt>
      <trkpt lat="24.988317573443055" lon="121.54189825057983">
        <ele>22.4</ele>
      </trkpt>
      <trkpt lat="24.988333666697145" lon="121.54163497500122">
        <ele>21.9</ele>
      </trkpt>
      <trkpt lat="24.988349759951234" lon="121.54137178324163">
        <ele>21.37</ele>
      </trkpt>
      <trkpt lat="24.988365853205323" lon="121.54110850766301">
        <ele>20.64</ele>
      </trkpt>
      <trkpt lat="24.98838186264038" lon="121.540846824646">
        <ele>19.66</ele>
      </trkpt>
      <trkpt lat="24.988317489624023" lon="121.54069662094116">
        <ele>18.61</ele>
      </trkpt>
      <trkpt lat="24.988296031951904" lon="121.54056787490845">
        <ele>17.66</ele>
      </trkpt>
      <trkpt lat="24.988296031951904" lon="121.5402889251709">
        <ele>16.75</ele>
      </trkpt>
      <trkpt lat="24.988339031115174" lon="121.54000997543335">
        <ele>16.01</ele>
      </trkpt>
      <trkpt lat="24.98838186264038" lon="121.53970956802368">
        <ele>15.46</ele>
      </trkpt>
      <trkpt lat="24.988365937024355" lon="121.53947034850717">
        <ele>15.03</ele>
      </trkpt>
    </trkseg>
  </trk>
</gpx>
