<?xml version="1.0" encoding="UTF-8"?>
<gpx creator="Garmin Connect" version="1.1"
  xsi:schemaLocation="http://www.topografix.com/GPX/1/1 http://www.topografix.com/GPX/11.xsd"
  xmlns:ns3="http://www.garmin.com/xmlschemas/TrackPointExtension/v1"
  xmlns="http://www.topografix.com/GPX/1/1"
  xmlns:xsi="http://www.w3.org/2001/XMLSchema-instance" xmlns:ns2="http://www.garmin.com/xmlschemas/GpxExtensions/v3">
  <metadata>
    <name>環台北市(河濱自行車道)[65km]</name>
    <link href="connect.garmin.com">
      <text>Garmin Connect</text>
    </link>
    <time>2023-08-26T14:27:04.000Z</time>
  </metadata>
  <trk>
    <name>環台北市(河濱自行車道)[65km]</name>
    <desc>爬坡路段: 4.4公里&#xd;
下坡路段: 5.2公里</desc>
    <trkseg>
      <trkpt lat="25.09268995374441" lon="121.49780994281173">
        <ele>9.08</ele>
      </trkpt>
      <trkpt lat="25.09264485910535" lon="121.4978407882154">
        <ele>8.9</ele>
      </trkpt>
      <trkpt lat="25.092530194669962" lon="121.49791924282908">
        <ele>8.6</ele>
      </trkpt>
      <trkpt lat="25.092499935999513" lon="121.49793994612992">
        <ele>8.56</ele>
      </trkpt>
      <trkpt lat="25.092430785298347" lon="121.49801873601973">
        <ele>8.45</ele>
      </trkpt>
      <trkpt lat="25.09230623021722" lon="121.4981605578214">
        <ele>8.35</ele>
      </trkpt>
      <trkpt lat="25.092212352901697" lon="121.49826751090586">
        <ele>8.31</ele>
      </trkpt>
      <trkpt lat="25.091962572187185" lon="121.4985519926995">
        <ele>8.3</ele>
      </trkpt>
      <trkpt lat="25.091712791472673" lon="121.49883647449315">
        <ele>8.33</ele>
      </trkpt>
      <trkpt lat="25.09158756583929" lon="121.4989790506661">
        <ele>8.32</ele>
      </trkpt>
      <trkpt lat="25.09141992777586" lon="121.49916999042034">
        <ele>8.35</ele>
      </trkpt>
      <trkpt lat="25.091375252231956" lon="121.49923377670348">
        <ele>8.37</ele>
      </trkpt>
      <trkpt lat="25.091210547834635" lon="121.49946846999228">
        <ele>8.39</ele>
      </trkpt>
      <trkpt lat="25.091072916984558" lon="121.49966477416456">
        <ele>8.37</ele>
      </trkpt>
      <trkpt lat="25.090770665556192" lon="121.50009585544467">
        <ele>8.48</ele>
      </trkpt>
      <trkpt lat="25.09057846851647" lon="121.50036985985935">
        <ele>8.45</ele>
      </trkpt>
      <trkpt lat="25.090339919552207" lon="121.50070999749005">
        <ele>8.54</ele>
      </trkpt>
      <trkpt lat="25.09014319628477" lon="121.50093480013311">
        <ele>8.62</ele>
      </trkpt>
      <trkpt lat="25.090049486607313" lon="121.50104192085564">
        <ele>8.62</ele>
      </trkpt>
      <trkpt lat="25.089919986203313" lon="121.50118994526565">
        <ele>8.59</ele>
      </trkpt>
      <trkpt lat="25.089919986203313" lon="121.50118994526565">
        <ele>8.59</ele>
      </trkpt>
      <trkpt lat="25.089819990098476" lon="121.50126999244094">
        <ele>8.62</ele>
      </trkpt>
      <trkpt lat="25.08981722407043" lon="121.50127300992608">
        <ele>8.62</ele>
      </trkpt>
      <trkpt lat="25.08956710807979" lon="121.5015516243875">
        <ele>8.59</ele>
      </trkpt>
      <trkpt lat="25.08947272785008" lon="121.50165664963424">
        <ele>8.6</ele>
      </trkpt>
      <trkpt lat="25.089348005130887" lon="121.5017955377698">
        <ele>8.64</ele>
      </trkpt>
      <trkpt lat="25.08912823162973" lon="121.5020402893424">
        <ele>8.58</ele>
      </trkpt>
      <trkpt lat="25.088939974084496" lon="121.50224992074072">
        <ele>8.61</ele>
      </trkpt>
      <trkpt lat="25.08885992690921" lon="121.50237992405891">
        <ele>8.63</ele>
      </trkpt>
      <trkpt lat="25.088771749287844" lon="121.50247824378312">
        <ele>8.65</ele>
      </trkpt>
      <trkpt lat="25.088614085689187" lon="121.50265376083553">
        <ele>8.63</ele>
      </trkpt>
      <trkpt lat="25.08845642209053" lon="121.50282936170697">
        <ele>8.64</ele>
      </trkpt>
      <trkpt lat="25.088235391303897" lon="121.50307545438409">
        <ele>8.6</ele>
      </trkpt>
      <trkpt lat="25.088014444336295" lon="121.5033215470612">
        <ele>8.66</ele>
      </trkpt>
      <trkpt lat="25.08797999471426" lon="121.50335993617773">
        <ele>8.64</ele>
      </trkpt>
      <trkpt lat="25.08755193091929" lon="121.50371222756803">
        <ele>8.51</ele>
      </trkpt>
      <trkpt lat="25.087264264002442" lon="121.5039489325136">
        <ele>8.44</ele>
      </trkpt>
      <trkpt lat="25.086833015084267" lon="121.50430382229388">
        <ele>8.47</ele>
      </trkpt>
      <trkpt lat="25.086437221616507" lon="121.50462962687016">
        <ele>8.37</ele>
      </trkpt>
      <trkpt lat="25.08629372343421" lon="121.50474772788584">
        <ele>8.36</ele>
      </trkpt>
      <trkpt lat="25.085969930514693" lon="121.50501410476863">
        <ele>8.39</ele>
      </trkpt>
      <trkpt lat="25.08589851669967" lon="121.50507286190987">
        <ele>8.44</ele>
      </trkpt>
      <trkpt lat="25.085889967158437" lon="121.50507998652756">
        <ele>8.44</ele>
      </trkpt>
      <trkpt lat="25.08558377623558" lon="121.50526287965477">
        <ele>8.71</ele>
      </trkpt>
      <trkpt lat="25.08550465106964" lon="121.50531006976962">
        <ele>8.75</ele>
      </trkpt>
      <trkpt lat="25.08542636409402" lon="121.50535684078932">
        <ele>8.74</ele>
      </trkpt>
      <trkpt lat="25.085269706323743" lon="121.50545038282871">
        <ele>8.62</ele>
      </trkpt>
      <trkpt lat="25.08519141934812" lon="121.50549723766744">
        <ele>8.59</ele>
      </trkpt>
      <trkpt lat="25.08507356978953" lon="121.50556756183505">
        <ele>8.61</ele>
      </trkpt>
      <trkpt lat="25.08483862504363" lon="121.50570795871317">
        <ele>8.69</ele>
      </trkpt>
      <trkpt lat="25.084643242880702" lon="121.50582463480532">
        <ele>8.72</ele>
      </trkpt>
      <trkpt lat="25.084486668929458" lon="121.50591817684472">
        <ele>8.72</ele>
      </trkpt>
      <trkpt lat="25.084399916231632" lon="121.50596997700632">
        <ele>8.7</ele>
      </trkpt>
      <trkpt lat="25.084279971197248" lon="121.50600995868444">
        <ele>8.68</ele>
      </trkpt>
      <trkpt lat="25.084009990096092" lon="121.50617994368076">
        <ele>8.62</ele>
      </trkpt>
      <trkpt lat="25.083924662321806" lon="121.50621556676924">
        <ele>8.61</ele>
      </trkpt>
      <trkpt lat="25.08363112807274" lon="121.50633819401264">
        <ele>8.61</ele>
      </trkpt>
      <trkpt lat="25.08346365764737" lon="121.50640809908509">
        <ele>8.59</ele>
      </trkpt>
      <trkpt lat="25.083211362361908" lon="121.50651345960796">
        <ele>8.61</ele>
      </trkpt>
      <trkpt lat="25.083099966868758" lon="121.50655997917056">
        <ele>8.59</ele>
      </trkpt>
      <trkpt lat="25.083050429821014" lon="121.50659711100161">
        <ele>8.58</ele>
      </trkpt>
      <trkpt lat="25.08301991969347" lon="121.50661999359727">
        <ele>8.58</ele>
      </trkpt>
      <trkpt lat="25.082802828401327" lon="121.50671320036054">
        <ele>8.6</ele>
      </trkpt>
      <trkpt lat="25.0823846552521" lon="121.5068928245455">
        <ele>8.53</ele>
      </trkpt>
      <trkpt lat="25.082050217315555" lon="121.50703649036586">
        <ele>8.56</ele>
      </trkpt>
      <trkpt lat="25.081841507926583" lon="121.5071261767298">
        <ele>8.55</ele>
      </trkpt>
      <trkpt lat="25.081631960347295" lon="121.50721611455083">
        <ele>8.6</ele>
      </trkpt>
      <trkpt lat="25.081529952585697" lon="121.50725995190442">
        <ele>8.58</ele>
      </trkpt>
      <trkpt lat="25.081461807712913" lon="121.50727503933012">
        <ele>8.57</ele>
      </trkpt>
      <trkpt lat="25.08119727484882" lon="121.50733354501426">
        <ele>8.63</ele>
      </trkpt>
      <trkpt lat="25.080977668985724" lon="121.50738207623363">
        <ele>8.64</ele>
      </trkpt>
      <trkpt lat="25.08088949136436" lon="121.50740160606802">
        <ele>8.68</ele>
      </trkpt>
      <trkpt lat="25.080757224932313" lon="121.50743085891008">
        <ele>8.79</ele>
      </trkpt>
      <trkpt lat="25.080669969320297" lon="121.50745013728738">
        <ele>8.84</ele>
      </trkpt>
      <trkpt lat="25.08053770288825" lon="121.50747939012945">
        <ele>8.88</ele>
      </trkpt>
      <trkpt lat="25.080489926040173" lon="121.50748995132744">
        <ele>8.88</ele>
      </trkpt>
      <trkpt lat="25.080409962683916" lon="121.50745994411409">
        <ele>8.89</ele>
      </trkpt>
      <trkpt lat="25.080408453941345" lon="121.50745902210474">
        <ele>8.89</ele>
      </trkpt>
      <trkpt lat="25.08029529824853" lon="121.5073854289949">
        <ele>8.77</ele>
      </trkpt>
      <trkpt lat="25.080209970474243" lon="121.5073299407959">
        <ele>8.64</ele>
      </trkpt>
      <trkpt lat="25.080092456191778" lon="121.50735416449606">
        <ele>8.49</ele>
      </trkpt>
      <trkpt lat="25.079963458701968" lon="121.50738081894815">
        <ele>8.37</ele>
      </trkpt>
      <trkpt lat="25.07979104295373" lon="121.50741644203663">
        <ele>8.29</ele>
      </trkpt>
      <trkpt lat="25.07957998663187" lon="121.50745994411409">
        <ele>8.26</ele>
      </trkpt>
      <trkpt lat="25.079575292766094" lon="121.50746086612344">
        <ele>8.26</ele>
      </trkpt>
      <trkpt lat="25.07940069772303" lon="121.50749389082193">
        <ele>8.18</ele>
      </trkpt>
      <trkpt lat="25.079268598929048" lon="121.50751886889338">
        <ele>8.15</ele>
      </trkpt>
      <trkpt lat="25.078961905092" lon="121.50757687166333">
        <ele>8.2</ele>
      </trkpt>
      <trkpt lat="25.078875068575144" lon="121.50759330019355">
        <ele>8.2</ele>
      </trkpt>
      <trkpt lat="25.078839948400855" lon="121.50759992189705">
        <ele>8.18</ele>
      </trkpt>
      <trkpt lat="25.078749926760793" lon="121.50765993632376">
        <ele>8.13</ele>
      </trkpt>
      <trkpt lat="25.078668789938092" lon="121.50767468847334">
        <ele>8.09</ele>
      </trkpt>
      <trkpt lat="25.07852998562157" lon="121.50769991800189">
        <ele>8.08</ele>
      </trkpt>
      <trkpt lat="25.078494613990188" lon="121.5077099762857">
        <ele>8.08</ele>
      </trkpt>
      <trkpt lat="25.078322114422917" lon="121.50775884278119">
        <ele>8.0</ele>
      </trkpt>
      <trkpt lat="25.078106950968504" lon="121.50781977921724">
        <ele>7.96</ele>
      </trkpt>
      <trkpt lat="25.07802070118487" lon="121.50784417055547">
        <ele>7.97</ele>
      </trkpt>
      <trkpt lat="25.07771928794682" lon="121.50792949832976">
        <ele>8.14</ele>
      </trkpt>
      <trkpt lat="25.077590374276042" lon="121.50796604342759">
        <ele>8.18</ele>
      </trkpt>
      <trkpt lat="25.077504124492407" lon="121.50799043476582">
        <ele>8.18</ele>
      </trkpt>
      <trkpt lat="25.077399937435985" lon="121.50801993906498">
        <ele>8.15</ele>
      </trkpt>
      <trkpt lat="25.077290385961533" lon="121.50805690325797">
        <ele>8.13</ele>
      </trkpt>
      <trkpt lat="25.077120065689087" lon="121.50811440311372">
        <ele>8.2</ele>
      </trkpt>
      <trkpt lat="25.076992828398943" lon="121.50815731845796">
        <ele>8.21</ele>
      </trkpt>
      <trkpt lat="25.076737347990274" lon="121.50824348442256">
        <ele>8.11</ele>
      </trkpt>
      <trkpt lat="25.07656996138394" lon="121.50829997844994">
        <ele>8.13</ele>
      </trkpt>
      <trkpt lat="25.076438700780272" lon="121.50834314525127">
        <ele>8.15</ele>
      </trkpt>
      <trkpt lat="25.076266285032034" lon="121.50839989073575">
        <ele>8.21</ele>
      </trkpt>
      <trkpt lat="25.076093953102827" lon="121.50845663622022">
        <ele>8.23</ele>
      </trkpt>
      <trkpt lat="25.075835371389985" lon="121.50854171253741">
        <ele>8.33</ele>
      </trkpt>
      <trkpt lat="25.07577996701002" lon="121.50855998508632">
        <ele>8.33</ele>
      </trkpt>
      <trkpt lat="25.075525660067797" lon="121.50859309360385">
        <ele>8.35</ele>
      </trkpt>
      <trkpt lat="25.075437230989337" lon="121.50860466063023">
        <ele>8.33</ele>
      </trkpt>
      <trkpt lat="25.07534704171121" lon="121.50861639529467">
        <ele>8.28</ele>
      </trkpt>
      <trkpt lat="25.075257774442434" lon="121.50862804614007">
        <ele>8.21</ele>
      </trkpt>
      <trkpt lat="25.07508996874094" lon="121.50864992290735">
        <ele>8.03</ele>
      </trkpt>
      <trkpt lat="25.07503431290388" lon="121.50865579023957">
        <ele>7.98</ele>
      </trkpt>
      <trkpt lat="25.074900034815073" lon="121.50866978801787">
        <ele>7.88</ele>
      </trkpt>
      <trkpt lat="25.074632316827774" lon="121.5086978673935">
        <ele>7.77</ele>
      </trkpt>
      <trkpt lat="25.074498038738966" lon="121.50871186517179">
        <ele>7.74</ele>
      </trkpt>
      <trkpt lat="25.074408520013094" lon="121.50872125290334">
        <ele>7.74</ele>
      </trkpt>
      <trkpt lat="25.07418556138873" lon="121.50874455459416">
        <ele>7.53</ele>
      </trkpt>
      <trkpt lat="25.074096964672208" lon="121.50875385850668">
        <ele>7.47</ele>
      </trkpt>
      <trkpt lat="25.074007445946336" lon="121.50876324623823">
        <ele>7.44</ele>
      </trkpt>
      <trkpt lat="25.073606288060546" lon="121.50880515575409">
        <ele>7.47</ele>
      </trkpt>
      <trkpt lat="25.07320429198444" lon="121.50884723290801">
        <ele>7.46</ele>
      </trkpt>
      <trkpt lat="25.073026176542044" lon="121.50886584073305">
        <ele>7.44</ele>
      </trkpt>
      <trkpt lat="25.07280321791768" lon="121.5088892262429">
        <ele>7.46</ele>
      </trkpt>
      <trkpt lat="25.072668939828873" lon="121.5089032240212">
        <ele>7.44</ele>
      </trkpt>
      <trkpt lat="25.07231262512505" lon="121.50894052349031">
        <ele>7.34</ele>
      </trkpt>
      <trkpt lat="25.072223022580147" lon="121.50894991122186">
        <ele>7.33</ele>
      </trkpt>
      <trkpt lat="25.072000147774816" lon="121.50897321291268">
        <ele>7.35</ele>
      </trkpt>
      <trkpt lat="25.071732429787517" lon="121.50900120846927">
        <ele>7.45</ele>
      </trkpt>
      <trkpt lat="25.071509471163154" lon="121.50902459397912">
        <ele>7.47</ele>
      </trkpt>
      <trkpt lat="25.071285674348474" lon="121.50904797948897">
        <ele>7.61</ele>
      </trkpt>
      <trkpt lat="25.071152234449983" lon="121.50906189344823">
        <ele>7.66</ele>
      </trkpt>
      <trkpt lat="25.071017956361175" lon="121.50907597504556">
        <ele>7.66</ele>
      </trkpt>
      <trkpt lat="25.070979986339808" lon="121.50907999835908">
        <ele>7.64</ele>
      </trkpt>
      <trkpt lat="25.070750154554844" lon="121.50908159092069">
        <ele>7.58</ele>
      </trkpt>
      <trkpt lat="25.070615289732814" lon="121.50908259674907">
        <ele>7.58</ele>
      </trkpt>
      <trkpt lat="25.07039132528007" lon="121.50908418931067">
        <ele>7.62</ele>
      </trkpt>
      <trkpt lat="25.070077506825328" lon="121.50908653624356">
        <ele>7.64</ele>
      </trkpt>
      <trkpt lat="25.069808615371585" lon="121.50908846408129">
        <ele>7.79</ele>
      </trkpt>
      <trkpt lat="25.069674588739872" lon="121.50908938609064">
        <ele>7.83</ele>
      </trkpt>
      <trkpt lat="25.069599989801645" lon="121.50908997282386">
        <ele>7.82</ele>
      </trkpt>
      <trkpt lat="25.069184163585305" lon="121.509032221511">
        <ele>7.81</ele>
      </trkpt>
      <trkpt lat="25.0688736140728" lon="121.50898905470967">
        <ele>7.85</ele>
      </trkpt>
      <trkpt lat="25.06865233182907" lon="121.50895837694407">
        <ele>7.77</ele>
      </trkpt>
      <trkpt lat="25.068253437057137" lon="121.5089029725641">
        <ele>7.71</ele>
      </trkpt>
      <trkpt lat="25.06781087256968" lon="121.50884144939482">
        <ele>7.75</ele>
      </trkpt>
      <trkpt lat="25.067799976095557" lon="121.50883994065225">
        <ele>7.75</ele>
      </trkpt>
      <trkpt lat="25.067543825134635" lon="121.50881689041853">
        <ele>7.82</ele>
      </trkpt>
      <trkpt lat="25.067098326981068" lon="121.50877682492137">
        <ele>7.79</ele>
      </trkpt>
      <trkpt lat="25.06687603890896" lon="121.50875679217279">
        <ele>7.73</ele>
      </trkpt>
      <trkpt lat="25.06660890765488" lon="121.50873273611069">
        <ele>7.82</ele>
      </trkpt>
      <trkpt lat="25.0662521738559" lon="121.50870063342154">
        <ele>7.75</ele>
      </trkpt>
      <trkpt lat="25.065941205248237" lon="121.50867263786495">
        <ele>7.74</ele>
      </trkpt>
      <trkpt lat="25.065807597711682" lon="121.50866065174341">
        <ele>7.75</ele>
      </trkpt>
      <trkpt lat="25.065584387630224" lon="121.5086405351758">
        <ele>7.81</ele>
      </trkpt>
      <trkpt lat="25.06531734019518" lon="121.5086164791137">
        <ele>7.79</ele>
      </trkpt>
      <trkpt lat="25.06509505212307" lon="121.50859653018415">
        <ele>7.83</ele>
      </trkpt>
      <trkpt lat="25.064916601404548" lon="121.50858043693006">
        <ele>7.83</ele>
      </trkpt>
      <trkpt lat="25.0647999253124" lon="121.5085699595511">
        <ele>7.89</ele>
      </trkpt>
      <trkpt lat="25.064782993867993" lon="121.50857037864625">
        <ele>7.9</ele>
      </trkpt>
      <trkpt lat="25.064694061875343" lon="121.50857272557914">
        <ele>7.92</ele>
      </trkpt>
      <trkpt lat="25.063980175182223" lon="121.50859116576612">
        <ele>7.76</ele>
      </trkpt>
      <trkpt lat="25.06380122154951" lon="121.50859577581286">
        <ele>7.77</ele>
      </trkpt>
      <trkpt lat="25.06363995373249" lon="121.50859996676445">
        <ele>7.84</ele>
      </trkpt>
      <trkpt lat="25.063579017296433" lon="121.50858957320452">
        <ele>7.88</ele>
      </trkpt>
      <trkpt lat="25.063490085303783" lon="121.50857440195978">
        <ele>7.89</ele>
      </trkpt>
      <trkpt lat="25.06340299732983" lon="121.50855956599116">
        <ele>7.85</ele>
      </trkpt>
      <trkpt lat="25.063181715086102" lon="121.50852184742689">
        <ele>7.71</ele>
      </trkpt>
      <trkpt lat="25.06282883696258" lon="121.50846174918115">
        <ele>7.71</ele>
      </trkpt>
      <trkpt lat="25.06234268657863" lon="121.50837893597782">
        <ele>7.83</ele>
      </trkpt>
      <trkpt lat="25.062289964407682" lon="121.50836996734142">
        <ele>7.82</ele>
      </trkpt>
      <trkpt lat="25.062254006043077" lon="121.50837751105428">
        <ele>7.82</ele>
      </trkpt>
      <trkpt lat="25.062099946662784" lon="121.50840994901955">
        <ele>7.76</ele>
      </trkpt>
      <trkpt lat="25.06203481927514" lon="121.50839695706964">
        <ele>7.74</ele>
      </trkpt>
      <trkpt lat="25.06194630637765" lon="121.50837918743491">
        <ele>7.73</ele>
      </trkpt>
      <trkpt lat="25.061858715489507" lon="121.50836166925728">
        <ele>7.75</ele>
      </trkpt>
      <trkpt lat="25.061649922281504" lon="121.50831992737949">
        <ele>7.84</ele>
      </trkpt>
      <trkpt lat="25.061594266444445" lon="121.50831498205662">
        <ele>7.87</ele>
      </trkpt>
      <trkpt lat="25.061460742726922" lon="121.50830299593508">
        <ele>7.89</ele>
      </trkpt>
      <trkpt lat="25.061148768290877" lon="121.50827508419752">
        <ele>7.85</ele>
      </trkpt>
      <trkpt lat="25.060979956761003" lon="121.50825999677181">
        <ele>7.86</ele>
      </trkpt>
      <trkpt lat="25.060791447758675" lon="121.50826217606664">
        <ele>7.88</ele>
      </trkpt>
      <trkpt lat="25.06047846749425" lon="121.50826594792306">
        <ele>7.78</ele>
      </trkpt>
      <trkpt lat="25.060210498049855" lon="121.50826913304627">
        <ele>7.8</ele>
      </trkpt>
      <trkpt lat="25.06013992242515" lon="121.50826997123659">
        <ele>7.79</ele>
      </trkpt>
      <trkpt lat="25.060031628236175" lon="121.50827500037849">
        <ele>7.78</ele>
      </trkpt>
      <trkpt lat="25.059941774234176" lon="121.5082792751491">
        <ele>7.79</ele>
      </trkpt>
      <trkpt lat="25.059807915240526" lon="121.50828556157649">
        <ele>7.85</ele>
      </trkpt>
      <trkpt lat="25.059499964118004" lon="121.50829997844994">
        <ele>7.95</ele>
      </trkpt>
      <trkpt lat="25.059495186433196" lon="121.50829997844994">
        <ele>7.95</ele>
      </trkpt>
      <trkpt lat="25.059317154809833" lon="121.50829997844994">
        <ele>7.98</ele>
      </trkpt>
      <trkpt lat="25.05929997190833" lon="121.50829997844994">
        <ele>7.97</ele>
      </trkpt>
      <trkpt lat="25.05918371491134" lon="121.50828707031906">
        <ele>7.96</ele>
      </trkpt>
      <trkpt lat="25.058939969167113" lon="121.50825999677181">
        <ele>7.88</ele>
      </trkpt>
      <trkpt lat="25.058916080743074" lon="121.50825966149569">
        <ele>7.88</ele>
      </trkpt>
      <trkpt lat="25.05878205411136" lon="121.50825781747699">
        <ele>7.89</ele>
      </trkpt>
      <trkpt lat="25.058290204033256" lon="121.50825127959251">
        <ele>8.02</ele>
      </trkpt>
      <trkpt lat="25.058189956471324" lon="121.508249938488">
        <ele>8.12</ele>
      </trkpt>
      <trkpt lat="25.058156261220574" lon="121.50825153104961">
        <ele>8.16</ele>
      </trkpt>
      <trkpt lat="25.057843532413244" lon="121.50826645083725">
        <ele>8.68</ele>
      </trkpt>
      <trkpt lat="25.057769939303398" lon="121.50826997123659">
        <ele>8.77</ele>
      </trkpt>
      <trkpt lat="25.057730628177524" lon="121.50821942836046">
        <ele>8.86</ele>
      </trkpt>
      <trkpt lat="25.057699950411916" lon="121.50817994959652">
        <ele>8.87</ele>
      </trkpt>
      <trkpt lat="25.057314047589898" lon="121.50810551829636">
        <ele>9.03</ele>
      </trkpt>
      <trkpt lat="25.057140458375216" lon="121.50807199068367">
        <ele>9.12</ele>
      </trkpt>
      <trkpt lat="25.05712998099625" lon="121.50806997902691">
        <ele>9.13</ele>
      </trkpt>
      <trkpt lat="25.057084215804935" lon="121.5080514550209">
        <ele>9.18</ele>
      </trkpt>
      <trkpt lat="25.05693309009075" lon="121.50799018330872">
        <ele>9.49</ele>
      </trkpt>
      <trkpt lat="25.056759919971228" lon="121.50791994296014">
        <ele>9.38</ele>
      </trkpt>
      <trkpt lat="25.0567424017936" lon="121.5078912768513">
        <ele>9.37</ele>
      </trkpt>
      <trkpt lat="25.056649949401617" lon="121.50773998349905">
        <ele>9.22</ele>
      </trkpt>
      <trkpt lat="25.056391786783934" lon="121.50766748003662">
        <ele>9.0</ele>
      </trkpt>
      <trkpt lat="25.05630813539028" lon="121.50764401070774">
        <ele>8.96</ele>
      </trkpt>
      <trkpt lat="25.056079979985952" lon="121.5075799729675">
        <ele>8.93</ele>
      </trkpt>
      <trkpt lat="25.0560499727726" lon="121.50755994021893">
        <ele>8.92</ele>
      </trkpt>
      <trkpt lat="25.055945869535208" lon="121.50735667906702">
        <ele>8.9</ele>
      </trkpt>
      <trkpt lat="25.055880323052406" lon="121.50722877122462">
        <ele>8.85</ele>
      </trkpt>
      <trkpt lat="25.05583992227912" lon="121.5071499813348">
        <ele>8.78</ele>
      </trkpt>
      <trkpt lat="25.05583363585174" lon="121.50714671239257">
        <ele>8.78</ele>
      </trkpt>
      <trkpt lat="25.055631464347243" lon="121.50704260915518">
        <ele>8.55</ele>
      </trkpt>
      <trkpt lat="25.055550830438733" lon="121.50700103491545">
        <ele>8.48</ele>
      </trkpt>
      <trkpt lat="25.055430214852095" lon="121.50693884119391">
        <ele>8.4</ele>
      </trkpt>
      <trkpt lat="25.055309599265456" lon="121.50687673129141">
        <ele>8.35</ele>
      </trkpt>
      <trkpt lat="25.055228881537914" lon="121.50683515705168">
        <ele>8.38</ele>
      </trkpt>
      <trkpt lat="25.05502679385245" lon="121.50673105381429">
        <ele>8.66</ele>
      </trkpt>
      <trkpt lat="25.054865442216396" lon="121.50664790533483">
        <ele>8.83</ele>
      </trkpt>
      <trkpt lat="25.054462859407067" lon="121.50644053705037">
        <ele>9.03</ele>
      </trkpt>
      <trkpt lat="25.05434140563011" lon="121.5063780080527">
        <ele>9.06</ele>
      </trkpt>
      <trkpt lat="25.054189944639802" lon="121.50629997253418">
        <ele>9.04</ele>
      </trkpt>
      <trkpt lat="25.05409548059106" lon="121.50627080351114">
        <ele>9.03</ele>
      </trkpt>
      <trkpt lat="25.05392306484282" lon="121.50621774606407">
        <ele>9.04</ele>
      </trkpt>
      <trkpt lat="25.053837317973375" lon="121.50619125925004">
        <ele>9.02</ele>
      </trkpt>
      <trkpt lat="25.05341285839677" lon="121.50606050156057">
        <ele>8.8</ele>
      </trkpt>
      <trkpt lat="25.053201550617814" lon="121.50599537417293">
        <ele>8.76</ele>
      </trkpt>
      <trkpt lat="25.052904412150383" lon="121.50590384379029">
        <ele>8.66</ele>
      </trkpt>
      <trkpt lat="25.052777929231524" lon="121.50586486794055">
        <ele>8.67</ele>
      </trkpt>
      <trkpt lat="25.0526081956923" lon="121.50581256486475">
        <ele>8.76</ele>
      </trkpt>
      <trkpt lat="25.052480790764093" lon="121.50577333755791">
        <ele>8.79</ele>
      </trkpt>
      <trkpt lat="25.052469978109002" lon="121.50576998479664">
        <ele>8.78</ele>
      </trkpt>
      <trkpt lat="25.052409963682294" lon="121.50593996979296">
        <ele>8.74</ele>
      </trkpt>
      <trkpt lat="25.05236327648163" lon="121.50597106665373">
        <ele>8.73</ele>
      </trkpt>
      <trkpt lat="25.052349949255586" lon="121.50597995147109">
        <ele>8.71</ele>
      </trkpt>
      <trkpt lat="25.05219429731369" lon="121.50592496618629">
        <ele>8.56</ele>
      </trkpt>
      <trkpt lat="25.052108634263277" lon="121.50589470751584">
        <ele>8.5</ele>
      </trkpt>
      <trkpt lat="25.051894560456276" lon="121.5058190189302">
        <ele>8.47</ele>
      </trkpt>
      <trkpt lat="25.051423497498035" lon="121.50565247051418">
        <ele>8.63</ele>
      </trkpt>
      <trkpt lat="25.051337834447622" lon="121.50562221184373">
        <ele>8.7</ele>
      </trkpt>
      <trkpt lat="25.051209339872003" lon="121.50557678192854">
        <ele>8.85</ele>
      </trkpt>
      <trkpt lat="25.051189977675676" lon="121.50556999258697">
        <ele>8.86</ele>
      </trkpt>
      <trkpt lat="25.05098202265799" lon="121.5054289251566">
        <ele>9.08</ele>
      </trkpt>
      <trkpt lat="25.050909938290715" lon="121.50537997484207">
        <ele>9.13</ele>
      </trkpt>
      <trkpt lat="25.05090666934848" lon="121.50537854991853">
        <ele>9.13</ele>
      </trkpt>
      <trkpt lat="25.05076996050775" lon="121.50531996041536">
        <ele>9.17</ele>
      </trkpt>
      <trkpt lat="25.05061506293714" lon="121.50527570396662">
        <ele>9.22</ele>
      </trkpt>
      <trkpt lat="25.050319097936153" lon="121.50519113056362">
        <ele>9.23</ele>
      </trkpt>
      <trkpt lat="25.050106616690755" lon="121.50513044558465">
        <ele>9.3</ele>
      </trkpt>
      <trkpt lat="25.050069987773895" lon="121.50511996820569">
        <ele>9.3</ele>
      </trkpt>
      <trkpt lat="25.049977619200945" lon="121.50511435233057">
        <ele>9.32</ele>
      </trkpt>
      <trkpt lat="25.049889609217644" lon="121.50510898791254">
        <ele>9.31</ele>
      </trkpt>
      <trkpt lat="25.04975851625204" lon="121.50510110892355">
        <ele>9.23</ele>
      </trkpt>
      <trkpt lat="25.04973999224603" lon="121.50509993545711">
        <ele>9.27</ele>
      </trkpt>
      <trkpt lat="25.04967981018126" lon="121.50500538758934">
        <ele>9.53</ele>
      </trkpt>
      <trkpt lat="25.049669919535518" lon="121.5049899648875">
        <ele>9.6</ele>
      </trkpt>
      <trkpt lat="25.049621472135186" lon="121.50495761074126">
        <ele>9.85</ele>
      </trkpt>
      <trkpt lat="25.04960998892784" lon="121.50494998320937">
        <ele>9.86</ele>
      </trkpt>
      <trkpt lat="25.049431873485446" lon="121.50484814308584">
        <ele>10.07</ele>
      </trkpt>
      <trkpt lat="25.049318466335535" lon="121.50478335097432">
        <ele>10.16</ele>
      </trkpt>
      <trkpt lat="25.049259960651398" lon="121.5047499909997">
        <ele>10.13</ele>
      </trkpt>
      <trkpt lat="25.049102883785963" lon="121.50454455055296">
        <ele>10.06</ele>
      </trkpt>
      <trkpt lat="25.048999954015017" lon="121.50440993718803">
        <ele>9.97</ele>
      </trkpt>
      <trkpt lat="25.04895997233689" lon="121.50432997383177">
        <ele>9.92</ele>
      </trkpt>
      <trkpt lat="25.048938849940896" lon="121.50431765243411">
        <ele>9.91</ele>
      </trkpt>
      <trkpt lat="25.048839943483472" lon="121.50425998494029">
        <ele>9.88</ele>
      </trkpt>
      <trkpt lat="25.04873382858932" lon="121.50423089973629">
        <ele>9.86</ele>
      </trkpt>
      <trkpt lat="25.04864824935794" lon="121.5042074304074">
        <ele>9.8</ele>
      </trkpt>
      <trkpt lat="25.04847633652389" lon="121.50416032411158">
        <ele>9.58</ele>
      </trkpt>
      <trkpt lat="25.048389919102192" lon="121.50413668714464">
        <ele>9.49</ele>
      </trkpt>
      <trkpt lat="25.04830433987081" lon="121.50411321781576">
        <ele>9.43</ele>
      </trkpt>
      <trkpt lat="25.048132427036762" lon="121.50406611151993">
        <ele>9.38</ele>
      </trkpt>
      <trkpt lat="25.048109963536263" lon="121.50405999273062">
        <ele>9.37</ele>
      </trkpt>
      <trkpt lat="25.047943918034434" lon="121.50393543764949">
        <ele>9.34</ele>
      </trkpt>
      <trkpt lat="25.047795893624425" lon="121.50382437743247">
        <ele>9.33</ele>
      </trkpt>
      <trkpt lat="25.047722216695547" lon="121.50376914069057">
        <ele>9.35</ele>
      </trkpt>
      <trkpt lat="25.047647869214416" lon="121.50371340103447">
        <ele>9.41</ele>
      </trkpt>
      <trkpt lat="25.047549968585372" lon="121.50363997556269">
        <ele>9.52</ele>
      </trkpt>
      <trkpt lat="25.04748970270157" lon="121.503632850945">
        <ele>9.59</ele>
      </trkpt>
      <trkpt lat="25.04740026779473" lon="121.50362237356603">
        <ele>9.62</ele>
      </trkpt>
      <trkpt lat="25.047379983589053" lon="121.50361994281411">
        <ele>9.6</ele>
      </trkpt>
      <trkpt lat="25.047321561723948" lon="121.50357828475535">
        <ele>9.57</ele>
      </trkpt>
      <trkpt lat="25.04730999469757" lon="121.50356998667121">
        <ele>9.55</ele>
      </trkpt>
      <trkpt lat="25.047279568389058" lon="121.50349404662848">
        <ele>9.46</ele>
      </trkpt>
      <trkpt lat="25.04726992920041" lon="121.50346999056637">
        <ele>9.42</ele>
      </trkpt>
      <trkpt lat="25.047189965844154" lon="121.50339991785586">
        <ele>9.27</ele>
      </trkpt>
      <trkpt lat="25.047132968902588" lon="121.50337552651763">
        <ele>9.18</ele>
      </trkpt>
      <trkpt lat="25.047132968902588" lon="121.50337552651763">
        <ele>9.06</ele>
      </trkpt>
      <trkpt lat="25.047119976952672" lon="121.50336999446154">
        <ele>9.05</ele>
      </trkpt>
      <trkpt lat="25.047089299187064" lon="121.50335717014968">
        <ele>9.03</ele>
      </trkpt>
      <trkpt lat="25.046999948099256" lon="121.5033199544996">
        <ele>9.01</ele>
      </trkpt>
      <trkpt lat="25.046999948099256" lon="121.5033199544996">
        <ele>9.01</ele>
      </trkpt>
      <trkpt lat="25.046920906752348" lon="121.50329028256238">
        <ele>9.01</ele>
      </trkpt>
      <trkpt lat="25.046679927036166" lon="121.50319992564619">
        <ele>9.08</ele>
      </trkpt>
      <trkpt lat="25.046634413301945" lon="121.5031579323113">
        <ele>9.1</ele>
      </trkpt>
      <trkpt lat="25.046549923717976" lon="121.5030799806118">
        <ele>9.05</ele>
      </trkpt>
      <trkpt lat="25.046533243730664" lon="121.50306103751063">
        <ele>9.04</ele>
      </trkpt>
      <trkpt lat="25.046408185735345" lon="121.50291971862316">
        <ele>8.89</ele>
      </trkpt>
      <trkpt lat="25.046313889324665" lon="121.50281326845288">
        <ele>8.81</ele>
      </trkpt>
      <trkpt lat="25.04587585106492" lon="121.5023183170706">
        <ele>8.8</ele>
      </trkpt>
      <trkpt lat="25.045779962092638" lon="121.5022099390626">
        <ele>8.76</ele>
      </trkpt>
      <trkpt lat="25.045635290443897" lon="121.50202604010701">
        <ele>8.71</ele>
      </trkpt>
      <trkpt lat="25.045576952397823" lon="121.50195177644491">
        <ele>8.67</ele>
      </trkpt>
      <trkpt lat="25.045459605753422" lon="121.50180266238749">
        <ele>8.55</ele>
      </trkpt>
      <trkpt lat="25.045371176674962" lon="121.50169017724693">
        <ele>8.5</ele>
      </trkpt>
      <trkpt lat="25.045195491984487" lon="121.5014667995274">
        <ele>8.45</ele>
      </trkpt>
      <trkpt lat="25.04501922056079" lon="121.5012426674366">
        <ele>8.43</ele>
      </trkpt>
      <trkpt lat="25.04496993497014" lon="121.50117997080088">
        <ele>8.45</ele>
      </trkpt>
      <trkpt lat="25.04492634907365" lon="121.50113638490438">
        <ele>8.47</ele>
      </trkpt>
      <trkpt lat="25.044793747365475" lon="121.50100378319621">
        <ele>8.67</ele>
      </trkpt>
      <trkpt lat="25.04472711123526" lon="121.500937147066">
        <ele>8.74</ele>
      </trkpt>
      <trkpt lat="25.044639939442277" lon="121.50084997527301">
        <ele>8.77</ele>
      </trkpt>
      <trkpt lat="25.044475235044956" lon="121.50073405355215">
        <ele>8.83</ele>
      </trkpt>
      <trkpt lat="25.04436995834112" lon="121.50065995752811">
        <ele>8.93</ele>
      </trkpt>
      <trkpt lat="25.044321259483695" lon="121.50063388980925">
        <ele>8.98</ele>
      </trkpt>
      <trkpt lat="25.044280774891376" lon="121.50061226449907">
        <ele>9.0</ele>
      </trkpt>
      <trkpt lat="25.04419988952577" lon="121.50056893005967">
        <ele>8.97</ele>
      </trkpt>
      <trkpt lat="25.043999142944813" lon="121.50046164169908">
        <ele>8.75</ele>
      </trkpt>
      <trkpt lat="25.04393996670842" lon="121.50042995810509">
        <ele>8.71</ele>
      </trkpt>
      <trkpt lat="25.043884562328458" lon="121.5003842767328">
        <ele>8.67</ele>
      </trkpt>
      <trkpt lat="25.04370586015284" lon="121.50023709051311">
        <ele>8.64</ele>
      </trkpt>
      <trkpt lat="25.043526403605938" lon="121.50008923374116">
        <ele>8.56</ele>
      </trkpt>
      <trkpt lat="25.043310904875398" lon="121.49991162121296">
        <ele>8.58</ele>
      </trkpt>
      <trkpt lat="25.04298803396523" lon="121.49964566342533">
        <ele>8.51</ele>
      </trkpt>
      <trkpt lat="25.0427012052387" lon="121.49940929375589">
        <ele>8.4</ele>
      </trkpt>
      <trkpt lat="25.04251998849213" lon="121.49925992824137">
        <ele>8.47</ele>
      </trkpt>
      <trkpt lat="25.04227615892887" lon="121.49904727935791">
        <ele>8.57</ele>
      </trkpt>
      <trkpt lat="25.042136516422033" lon="121.4989254064858">
        <ele>8.56</ele>
      </trkpt>
      <trkpt lat="25.04204993136227" lon="121.49884996935725">
        <ele>8.53</ele>
      </trkpt>
      <trkpt lat="25.04195211455226" lon="121.49878618307412">
        <ele>8.51</ele>
      </trkpt>
      <trkpt lat="25.041819931939244" lon="121.49869993329048">
        <ele>8.52</ele>
      </trkpt>
      <trkpt lat="25.041726725175977" lon="121.49862323887646">
        <ele>8.54</ele>
      </trkpt>
      <trkpt lat="25.04158322699368" lon="121.49850513786077">
        <ele>8.5</ele>
      </trkpt>
      <trkpt lat="25.041403770446777" lon="121.49835744872689">
        <ele>8.54</ele>
      </trkpt>
      <trkpt lat="25.041224900633097" lon="121.4982102625072">
        <ele>8.5</ele>
      </trkpt>
      <trkpt lat="25.040859952569008" lon="121.49790993891656">
        <ele>8.6</ele>
      </trkpt>
      <trkpt lat="25.040859952569008" lon="121.49790993891656">
        <ele>8.6</ele>
      </trkpt>
      <trkpt lat="25.040715029463172" lon="121.49780851788819">
        <ele>8.61</ele>
      </trkpt>
      <trkpt lat="25.040639089420438" lon="121.49775537662208">
        <ele>8.64</ele>
      </trkpt>
      <trkpt lat="25.040412778034806" lon="121.49759695865214">
        <ele>8.79</ele>
      </trkpt>
      <trkpt lat="25.040359972044826" lon="121.49755999445915">
        <ele>8.8</ele>
      </trkpt>
      <trkpt lat="25.04025511443615" lon="121.49742462672293">
        <ele>8.86</ele>
      </trkpt>
      <trkpt lat="25.040167439728975" lon="121.49731147103012">
        <ele>8.96</ele>
      </trkpt>
      <trkpt lat="25.04010952077806" lon="121.49723678827286">
        <ele>9.07</ele>
      </trkpt>
      <trkpt lat="25.040022432804108" lon="121.4971243031323">
        <ele>9.28</ele>
      </trkpt>
      <trkpt lat="25.03990617580712" lon="121.4969741832465">
        <ele>9.64</ele>
      </trkpt>
      <trkpt lat="25.039789834991097" lon="121.49682406336069">
        <ele>9.96</ele>
      </trkpt>
      <trkpt lat="25.039702160283923" lon="121.49671090766788">
        <ele>10.23</ele>
      </trkpt>
      <trkpt lat="25.03964432515204" lon="121.49663622491062">
        <ele>10.39</ele>
      </trkpt>
      <trkpt lat="25.039585819467902" lon="121.49656078778207">
        <ele>10.48</ele>
      </trkpt>
      <trkpt lat="25.039499988779426" lon="121.49644997902215">
        <ele>10.52</ele>
      </trkpt>
      <trkpt lat="25.03947182558477" lon="121.49625283665955">
        <ele>10.59</ele>
      </trkpt>
      <trkpt lat="25.03944994881749" lon="121.4960999507457">
        <ele>10.68</ele>
      </trkpt>
      <trkpt lat="25.039429580792785" lon="121.4960185624659">
        <ele>10.73</ele>
      </trkpt>
      <trkpt lat="25.039349952712655" lon="121.49569996632636">
        <ele>10.78</ele>
      </trkpt>
      <trkpt lat="25.03932287916541" lon="121.49565185420215">
        <ele>10.8</ele>
      </trkpt>
      <trkpt lat="25.039180805906653" lon="121.49539989419281">
        <ele>10.79</ele>
      </trkpt>
      <trkpt lat="25.03913378342986" lon="121.49531641043723">
        <ele>10.74</ele>
      </trkpt>
      <trkpt lat="25.039063040167093" lon="121.49519084952772">
        <ele>10.63</ele>
      </trkpt>
      <trkpt lat="25.03903998993337" lon="121.49514994584024">
        <ele>10.61</ele>
      </trkpt>
      <trkpt lat="25.03890998661518" lon="121.4950499497354">
        <ele>10.55</ele>
      </trkpt>
      <trkpt lat="25.03881518729031" lon="121.49491215124726">
        <ele>10.5</ele>
      </trkpt>
      <trkpt lat="25.038707060739398" lon="121.49475482292473">
        <ele>10.36</ele>
      </trkpt>
      <trkpt lat="25.038653248921037" lon="121.49467653594911">
        <ele>10.33</ele>
      </trkpt>
      <trkpt lat="25.038469936698675" lon="121.49440999142826">
        <ele>10.35</ele>
      </trkpt>
      <trkpt lat="25.038465494289994" lon="121.49439917877316">
        <ele>10.36</ele>
      </trkpt>
      <trkpt lat="25.03841008991003" lon="121.49426456540823">
        <ele>10.33</ele>
      </trkpt>
      <trkpt lat="25.03837287425995" lon="121.49417420849204">
        <ele>10.33</ele>
      </trkpt>
      <trkpt lat="25.038336077705026" lon="121.49408468976617">
        <ele>10.39</ele>
      </trkpt>
      <trkpt lat="25.03832995891571" lon="121.49406993761659">
        <ele>10.4</ele>
      </trkpt>
      <trkpt lat="25.038312440738082" lon="121.49398921988904">
        <ele>10.48</ele>
      </trkpt>
      <trkpt lat="25.038279918953776" lon="121.49383993819356">
        <ele>10.44</ele>
      </trkpt>
      <trkpt lat="25.0382839422673" lon="121.49379710666835">
        <ele>10.44</ele>
      </trkpt>
      <trkpt lat="25.038302298635244" lon="121.49360063485801">
        <ele>10.33</ele>
      </trkpt>
      <trkpt lat="25.038316128775477" lon="121.49345252662897">
        <ele>10.22</ele>
      </trkpt>
      <trkpt lat="25.038334568962455" lon="121.49325605481863">
        <ele>10.02</ele>
      </trkpt>
      <trkpt lat="25.038362061604857" lon="121.49296185001731">
        <ele>9.79</ele>
      </trkpt>
      <trkpt lat="25.038371197879314" lon="121.49286411702633">
        <ele>9.72</ele>
      </trkpt>
      <trkpt lat="25.038379998877645" lon="121.49276998825371">
        <ele>9.69</ele>
      </trkpt>
      <trkpt lat="25.0383788254112" lon="121.492765462026">
        <ele>9.69</ele>
      </trkpt>
      <trkpt lat="25.038341861218214" lon="121.49262330494821">
        <ele>9.7</ele>
      </trkpt>
      <trkpt lat="25.03826784901321" lon="121.49233798496425">
        <ele>9.85</ele>
      </trkpt>
      <trkpt lat="25.038230968639255" lon="121.49219582788646">
        <ele>9.86</ele>
      </trkpt>
      <trkpt lat="25.038157124072313" lon="121.49191142991185">
        <ele>9.83</ele>
      </trkpt>
      <trkpt lat="25.038095517084002" lon="121.49167388677597">
        <ele>9.68</ele>
      </trkpt>
      <trkpt lat="25.038058552891016" lon="121.49153164587915">
        <ele>9.63</ele>
      </trkpt>
      <trkpt lat="25.038039945065975" lon="121.49145998060703">
        <ele>9.63</ele>
      </trkpt>
      <trkpt lat="25.038030054420233" lon="121.4914390258491">
        <ele>9.64</ele>
      </trkpt>
      <trkpt lat="25.037926705554128" lon="121.49122084490955">
        <ele>9.71</ele>
      </trkpt>
      <trkpt lat="25.037843389436603" lon="121.49104490876198">
        <ele>9.73</ele>
      </trkpt>
      <trkpt lat="25.037760408595204" lon="121.49086989462376">
        <ele>9.78</ele>
      </trkpt>
      <trkpt lat="25.037718750536442" lon="121.49078188464046">
        <ele>9.76</ele>
      </trkpt>
      <trkpt lat="25.037698382511735" lon="121.49073880165815">
        <ele>9.72</ele>
      </trkpt>
      <trkpt lat="25.037679942324758" lon="121.49069999344647">
        <ele>9.66</ele>
      </trkpt>
      <trkpt lat="25.037648677825928" lon="121.49065665900707">
        <ele>9.6</ele>
      </trkpt>
      <trkpt lat="25.037593189626932" lon="121.49057979695499">
        <ele>9.46</ele>
      </trkpt>
      <trkpt lat="25.037549939006567" lon="121.49051995016634">
        <ele>9.33</ele>
      </trkpt>
      <trkpt lat="25.0373962149024" lon="121.4905018452555">
        <ele>9.05</ele>
      </trkpt>
      <trkpt lat="25.037262942641973" lon="121.49048617109656">
        <ele>8.84</ele>
      </trkpt>
      <trkpt lat="25.03720996901393" lon="121.49047996848822">
        <ele>8.76</ele>
      </trkpt>
      <trkpt lat="25.037143668159842" lon="121.490429174155">
        <ele>8.66</ele>
      </trkpt>
      <trkpt lat="25.037032859399915" lon="121.49034418165684">
        <ele>8.53</ele>
      </trkpt>
      <trkpt lat="25.03690998069942" lon="121.49024996906519">
        <ele>8.42</ele>
      </trkpt>
      <trkpt lat="25.03671996295452" lon="121.48994998075068">
        <ele>8.2</ele>
      </trkpt>
      <trkpt lat="25.036704456433654" lon="121.48989206179976">
        <ele>8.17</ele>
      </trkpt>
      <trkpt lat="25.03661585971713" lon="121.4895618148148">
        <ele>8.1</ele>
      </trkpt>
      <trkpt lat="25.03660999238491" lon="121.48953993804753">
        <ele>8.1</ele>
      </trkpt>
      <trkpt lat="25.03660504706204" lon="121.48946475237608">
        <ele>8.1</ele>
      </trkpt>
      <trkpt lat="25.036598592996597" lon="121.48936668410897">
        <ele>8.13</ele>
      </trkpt>
      <trkpt lat="25.036582332104445" lon="121.4891201723367">
        <ele>8.29</ele>
      </trkpt>
      <trkpt lat="25.036575878039002" lon="121.48902218788862">
        <ele>8.33</ele>
      </trkpt>
      <trkpt lat="25.03656296990812" lon="121.48882613517344">
        <ele>8.33</ele>
      </trkpt>
      <trkpt lat="25.036550061777234" lon="121.48862916044891">
        <ele>8.36</ele>
      </trkpt>
      <trkpt lat="25.036533884704113" lon="121.48838365450501">
        <ele>8.42</ele>
      </trkpt>
      <trkpt lat="25.03652097657323" lon="121.48818760178983">
        <ele>8.49</ele>
      </trkpt>
      <trkpt lat="25.036509996280074" lon="121.4880199637264">
        <ele>8.42</ele>
      </trkpt>
      <trkpt lat="25.036497842520475" lon="121.48794511333108">
        <ele>8.4</ele>
      </trkpt>
      <trkpt lat="25.03645995631814" lon="121.48770991712809">
        <ele>8.33</ele>
      </trkpt>
      <trkpt lat="25.036382926627994" lon="121.48752794601023">
        <ele>8.28</ele>
      </trkpt>
      <trkpt lat="25.03634998574853" lon="121.48744999431074">
        <ele>8.27</ele>
      </trkpt>
      <trkpt lat="25.036298520863056" lon="121.48735636845231">
        <ele>8.27</ele>
      </trkpt>
      <trkpt lat="25.03625275567174" lon="121.48727321997285">
        <ele>8.29</ele>
      </trkpt>
      <trkpt lat="25.036239931359887" lon="121.48724991828203">
        <ele>8.3</ele>
      </trkpt>
      <trkpt lat="25.03619357943535" lon="121.48720063269138">
        <ele>8.34</ele>
      </trkpt>
      <trkpt lat="25.036079920828342" lon="121.48707993328571">
        <ele>8.48</ele>
      </trkpt>
      <trkpt lat="25.036023426800966" lon="121.48704799823463">
        <ele>8.55</ele>
      </trkpt>
      <trkpt lat="25.03590490669012" lon="121.48698102682829">
        <ele>8.65</ele>
      </trkpt>
      <trkpt lat="25.035849921405315" lon="121.48694992996752">
        <ele>8.67</ele>
      </trkpt>
      <trkpt lat="25.03582527860999" lon="121.48693978786469">
        <ele>8.69</ele>
      </trkpt>
      <trkpt lat="25.03570063970983" lon="121.48688815534115">
        <ele>8.71</ele>
      </trkpt>
      <trkpt lat="25.035559991374612" lon="121.48682998493314">
        <ele>8.53</ele>
      </trkpt>
      <trkpt lat="25.035495031625032" lon="121.48681003600359">
        <ele>8.46</ele>
      </trkpt>
      <trkpt lat="25.035410961136222" lon="121.48678430356085">
        <ele>8.39</ele>
      </trkpt>
      <trkpt lat="25.035368548706174" lon="121.48677131161094">
        <ele>8.37</ele>
      </trkpt>
      <trkpt lat="25.035200407728553" lon="121.48671976290643">
        <ele>8.37</ele>
      </trkpt>
      <trkpt lat="25.034948280081153" lon="121.48664248175919">
        <ele>8.46</ele>
      </trkpt>
      <trkpt lat="25.034821713343263" lon="121.48660375736654">
        <ele>8.48</ele>
      </trkpt>
      <trkpt lat="25.034718615934253" lon="121.48657215759158">
        <ele>8.47</ele>
      </trkpt>
      <trkpt lat="25.034503703936934" lon="121.48650627583265">
        <ele>8.36</ele>
      </trkpt>
      <trkpt lat="25.034319972619414" lon="121.48644994944334">
        <ele>8.32</ele>
      </trkpt>
      <trkpt lat="25.034241937100887" lon="121.48644500412047">
        <ele>8.31</ele>
      </trkpt>
      <trkpt lat="25.033884532749653" lon="121.48642228916287">
        <ele>8.19</ele>
      </trkpt>
      <trkpt lat="25.033794762566686" lon="121.48641650564969">
        <ele>8.2</ele>
      </trkpt>
      <trkpt lat="25.033705914393067" lon="121.48641088977456">
        <ele>8.24</ele>
      </trkpt>
      <trkpt lat="25.033392515033484" lon="121.48639094084501">
        <ele>8.46</ele>
      </trkpt>
      <trkpt lat="25.03321993164718" lon="121.48637996055186">
        <ele>8.52</ele>
      </trkpt>
      <trkpt lat="25.033213896676898" lon="121.48638012818992">
        <ele>8.52</ele>
      </trkpt>
      <trkpt lat="25.033124880865216" lon="121.48638239130378">
        <ele>8.5</ele>
      </trkpt>
      <trkpt lat="25.032945927232504" lon="121.48638700135052">
        <ele>8.42</ele>
      </trkpt>
      <trkpt lat="25.03282992169261" lon="121.48638993501663">
        <ele>8.39</ele>
      </trkpt>
      <trkpt lat="25.0328113976866" lon="121.486393539235">
        <ele>8.39</ele>
      </trkpt>
      <trkpt lat="25.03263504244387" lon="121.48642740212381">
        <ele>8.38</ele>
      </trkpt>
      <trkpt lat="25.03256999887526" lon="121.48643997497857">
        <ele>8.38</ele>
      </trkpt>
      <trkpt lat="25.032460195943713" lon="121.48646906018257">
        <ele>8.4</ele>
      </trkpt>
      <trkpt lat="25.032329941168427" lon="121.48650367744267">
        <ele>8.37</ele>
      </trkpt>
      <trkpt lat="25.032113017514348" lon="121.48656117729843">
        <ele>8.29</ele>
      </trkpt>
      <trkpt lat="25.032079992815852" lon="121.48656997829676">
        <ele>8.28</ele>
      </trkpt>
      <trkpt lat="25.03198997117579" lon="121.48660995997488">
        <ele>8.28</ele>
      </trkpt>
      <trkpt lat="25.03181998617947" lon="121.4867799449712">
        <ele>8.26</ele>
      </trkpt>
      <trkpt lat="25.031615551561117" lon="121.48704045452178">
        <ele>8.24</ele>
      </trkpt>
      <trkpt lat="25.03149837255478" lon="121.48718973621726">
        <ele>8.28</ele>
      </trkpt>
      <trkpt lat="25.031410614028573" lon="121.48730155080557">
        <ele>8.34</ele>
      </trkpt>
      <trkpt lat="25.03135177306831" lon="121.48737656883895">
        <ele>8.44</ele>
      </trkpt>
      <trkpt lat="25.031293435022235" lon="121.48745083250105">
        <ele>8.6</ele>
      </trkpt>
      <trkpt lat="25.031199976801872" lon="121.48756993934512">
        <ele>8.74</ele>
      </trkpt>
      <trkpt lat="25.03118136897683" lon="121.4875931572169">
        <ele>8.77</ele>
      </trkpt>
      <trkpt lat="25.031124874949455" lon="121.48766381666064">
        <ele>8.88</ele>
      </trkpt>
      <trkpt lat="25.03109629265964" lon="121.48769952356815">
        <ele>8.96</ele>
      </trkpt>
      <trkpt lat="25.031068297103047" lon="121.48773455992341">
        <ele>9.07</ele>
      </trkpt>
      <trkpt lat="25.031039714813232" lon="121.48777026683092">
        <ele>9.22</ele>
      </trkpt>
      <trkpt lat="25.03101171925664" lon="121.48780521936715">
        <ele>9.41</ele>
      </trkpt>
      <trkpt lat="25.030983220785856" lon="121.48784092627466">
        <ele>9.64</ele>
      </trkpt>
      <trkpt lat="25.03095463849604" lon="121.48787663318217">
        <ele>9.92</ele>
      </trkpt>
      <trkpt lat="25.030898060649633" lon="121.4879472926259">
        <ele>10.61</ele>
      </trkpt>
      <trkpt lat="25.03087006509304" lon="121.48798232898116">
        <ele>11.02</ele>
      </trkpt>
      <trkpt lat="25.030812984332442" lon="121.48805374279618">
        <ele>11.9</ele>
      </trkpt>
      <trkpt lat="25.03079865127802" lon="121.48807159624994">
        <ele>11.99</ele>
      </trkpt>
      <trkpt lat="25.030759926885366" lon="121.48811995983124">
        <ele>12.16</ele>
      </trkpt>
      <trkpt lat="25.030729919672012" lon="121.48818994872272">
        <ele>12.36</ele>
      </trkpt>
      <trkpt lat="25.030646352097392" lon="121.48818994872272">
        <ele>12.61</ele>
      </trkpt>
      <trkpt lat="25.03060318529606" lon="121.48818994872272">
        <ele>12.7</ele>
      </trkpt>
      <trkpt lat="25.030560940504074" lon="121.48818994872272">
        <ele>12.75</ele>
      </trkpt>
      <trkpt lat="25.030518611893058" lon="121.48818994872272">
        <ele>12.75</ele>
      </trkpt>
      <trkpt lat="25.030475445091724" lon="121.48818994872272">
        <ele>12.71</ele>
      </trkpt>
      <trkpt lat="25.030390955507755" lon="121.48818994872272">
        <ele>12.54</ele>
      </trkpt>
      <trkpt lat="25.03026505932212" lon="121.48818994872272">
        <ele>11.86</ele>
      </trkpt>
      <trkpt lat="25.03026505932212" lon="121.48818994872272">
        <ele>10.16</ele>
      </trkpt>
      <trkpt lat="25.03011996857822" lon="121.48818994872272">
        <ele>10.71</ele>
      </trkpt>
      <trkpt lat="25.03011996857822" lon="121.48811685852706">
        <ele>10.97</ele>
      </trkpt>
      <trkpt lat="25.03011996857822" lon="121.48797294124961">
        <ele>9.37</ele>
      </trkpt>
      <trkpt lat="25.03011996857822" lon="121.4879599492997">
        <ele>9.26</ele>
      </trkpt>
      <trkpt lat="25.03008333966136" lon="121.48783640004694">
        <ele>8.23</ele>
      </trkpt>
      <trkpt lat="25.030043106526136" lon="121.48770061321557">
        <ele>7.77</ele>
      </trkpt>
      <trkpt lat="25.030002873390913" lon="121.48756474256516">
        <ele>7.27</ele>
      </trkpt>
      <trkpt lat="25.029967920854688" lon="121.48744680918753">
        <ele>5.89</ele>
      </trkpt>
      <trkpt lat="25.029959958046675" lon="121.48741998709738">
        <ele>5.77</ele>
      </trkpt>
      <trkpt lat="25.029874378815293" lon="121.48744136095047">
        <ele>5.39</ele>
      </trkpt>
      <trkpt lat="25.02976474352181" lon="121.48746876977384">
        <ele>3.53</ele>
      </trkpt>
      <trkpt lat="25.029655108228326" lon="121.48749617859721">
        <ele>3.58</ele>
      </trkpt>
      <trkpt lat="25.029655108228326" lon="121.48749617859721">
        <ele>10.21</ele>
      </trkpt>
      <trkpt lat="25.0295199919492" lon="121.487529957667">
        <ele>10.25</ele>
      </trkpt>
      <trkpt lat="25.02953994087875" lon="121.48756993934512">
        <ele>10.27</ele>
      </trkpt>
      <trkpt lat="25.029232744127512" lon="121.48768225684762">
        <ele>10.38</ele>
      </trkpt>
      <trkpt lat="25.02897751517594" lon="121.48777554742992">
        <ele>10.51</ele>
      </trkpt>
      <trkpt lat="25.028849439695477" lon="121.48782240226865">
        <ele>10.53</ele>
      </trkpt>
      <trkpt lat="25.028806775808334" lon="121.48783799260855">
        <ele>10.51</ele>
      </trkpt>
      <trkpt lat="25.028721364215016" lon="121.48786925710738">
        <ele>10.43</ele>
      </trkpt>
      <trkpt lat="25.028466135263443" lon="121.48796254768968">
        <ele>10.06</ele>
      </trkpt>
      <trkpt lat="25.028338059782982" lon="121.48800931870937">
        <ele>9.91</ele>
      </trkpt>
      <trkpt lat="25.028253570199013" lon="121.48804024793208">
        <ele>9.84</ele>
      </trkpt>
      <trkpt lat="25.028124656528234" lon="121.4880873542279">
        <ele>9.81</ele>
      </trkpt>
      <trkpt lat="25.02795391716063" lon="121.48814979940653">
        <ele>9.86</ele>
      </trkpt>
      <trkpt lat="25.027698688209057" lon="121.48824308998883">
        <ele>10.07</ele>
      </trkpt>
      <trkpt lat="25.027679996564984" lon="121.48824996314943">
        <ele>10.07</ele>
      </trkpt>
      <trkpt lat="25.0274789147079" lon="121.48841408081353">
        <ele>10.16</ele>
      </trkpt>
      <trkpt lat="25.02729811705649" lon="121.48856168612838">
        <ele>10.34</ele>
      </trkpt>
      <trkpt lat="25.027226535603404" lon="121.48862010799348">
        <ele>10.37</ele>
      </trkpt>
      <trkpt lat="25.026973485946655" lon="121.48882663808763">
        <ele>10.3</ele>
      </trkpt>
      <trkpt lat="25.026865024119616" lon="121.48891523480415">
        <ele>10.29</ele>
      </trkpt>
      <trkpt lat="25.026699984446168" lon="121.48904993198812">
        <ele>10.35</ele>
      </trkpt>
      <trkpt lat="25.02660728059709" lon="121.48911229334772">
        <ele>10.39</ele>
      </trkpt>
      <trkpt lat="25.026300167664886" lon="121.48931899107993">
        <ele>10.42</ele>
      </trkpt>
      <trkpt lat="25.026108222082257" lon="121.4894481562078">
        <ele>10.32</ele>
      </trkpt>
      <trkpt lat="25.02587864175439" lon="121.48960263468325">
        <ele>10.29</ele>
      </trkpt>
      <trkpt lat="25.025801779702306" lon="121.48965435102582">
        <ele>10.26</ele>
      </trkpt>
      <trkpt lat="25.02562995068729" lon="121.48976993747056">
        <ele>10.15</ele>
      </trkpt>
      <trkpt lat="25.025524087250233" lon="121.48981503210962">
        <ele>10.09</ele>
      </trkpt>
      <trkpt lat="25.02527321688831" lon="121.48992190137506">
        <ele>10.06</ele>
      </trkpt>
      <trkpt lat="25.02518931403756" lon="121.48995760828257">
        <ele>10.07</ele>
      </trkpt>
      <trkpt lat="25.025105411186814" lon="121.48999339900911">
        <ele>10.1</ele>
      </trkpt>
      <trkpt lat="25.025021508336067" lon="121.49002910591662">
        <ele>10.18</ele>
      </trkpt>
      <trkpt lat="25.024895695969462" lon="121.49008266627789">
        <ele>10.36</ele>
      </trkpt>
      <trkpt lat="25.024728728458285" lon="121.49015382863581">
        <ele>10.7</ele>
      </trkpt>
      <trkpt lat="25.024549942463636" lon="121.49022993631661">
        <ele>11.14</ele>
      </trkpt>
      <trkpt lat="25.02447282895446" lon="121.49024426937103">
        <ele>11.33</ele>
      </trkpt>
      <trkpt lat="25.02442848868668" lon="121.49025248363614">
        <ele>11.41</ele>
      </trkpt>
      <trkpt lat="25.024384148418903" lon="121.49026069790125">
        <ele>11.46</ele>
      </trkpt>
      <trkpt lat="25.024339808151126" lon="121.49026891216636">
        <ele>11.48</ele>
      </trkpt>
      <trkpt lat="25.02429546788335" lon="121.49027712643147">
        <ele>11.47</ele>
      </trkpt>
      <trkpt lat="25.02427996136248" lon="121.49027997627854">
        <ele>11.45</ele>
      </trkpt>
      <trkpt lat="25.024252636358142" lon="121.49029154330492">
        <ele>11.43</ele>
      </trkpt>
      <trkpt lat="25.024001765996218" lon="121.4903982449323">
        <ele>11.1</ele>
      </trkpt>
      <trkpt lat="25.02358216792345" lon="121.49057669565082">
        <ele>10.69</ele>
      </trkpt>
      <trkpt lat="25.02349910326302" lon="121.4906120672822">
        <ele>10.56</ele>
      </trkpt>
      <trkpt lat="25.023409919813275" lon="121.49064995348454">
        <ele>10.37</ele>
      </trkpt>
      <trkpt lat="25.023409919813275" lon="121.49064995348454">
        <ele>10.37</ele>
      </trkpt>
      <trkpt lat="25.023284777998924" lon="121.49067082442343">
        <ele>10.2</ele>
      </trkpt>
      <trkpt lat="25.023229960352182" lon="121.49067996069789">
        <ele>10.15</ele>
      </trkpt>
      <trkpt lat="25.023109847679734" lon="121.49065263569355">
        <ele>10.04</ele>
      </trkpt>
      <trkpt lat="25.02300993539393" lon="121.49062992073596">
        <ele>9.98</ele>
      </trkpt>
      <trkpt lat="25.02293625846505" lon="121.49064651690423">
        <ele>9.94</ele>
      </trkpt>
      <trkpt lat="25.022209966555238" lon="121.49080996401608">
        <ele>9.67</ele>
      </trkpt>
      <trkpt lat="25.022197728976607" lon="121.49081172421575">
        <ele>9.67</ele>
      </trkpt>
      <trkpt lat="25.021978374570608" lon="121.49084365926683">
        <ele>9.63</ele>
      </trkpt>
      <trkpt lat="25.021714428439736" lon="121.49088204838336">
        <ele>9.64</ele>
      </trkpt>
      <trkpt lat="25.02165994606912" lon="121.49088992737234">
        <ele>9.65</ele>
      </trkpt>
      <trkpt lat="25.02153622917831" lon="121.4908816292882">
        <ele>9.68</ele>
      </trkpt>
      <trkpt lat="25.02140245400369" lon="121.49087274447083">
        <ele>9.68</ele>
      </trkpt>
      <trkpt lat="25.021179830655456" lon="121.49085782468319">
        <ele>9.76</ele>
      </trkpt>
      <trkpt lat="25.021090982481837" lon="121.49085187353194">
        <ele>9.76</ele>
      </trkpt>
      <trkpt lat="25.02091320231557" lon="121.49083997122943">
        <ele>9.71</ele>
      </trkpt>
      <trkpt lat="25.020645735785365" lon="121.49082203395665">
        <ele>9.67</ele>
      </trkpt>
      <trkpt lat="25.02042311243713" lon="121.490807114169">
        <ele>9.6</ele>
      </trkpt>
      <trkpt lat="25.020155562087893" lon="121.49078917689621">
        <ele>9.56</ele>
      </trkpt>
      <trkpt lat="25.020022708922625" lon="121.49078029207885">
        <ele>9.5</ele>
      </trkpt>
      <trkpt lat="25.01975524239242" lon="121.49076235480607">
        <ele>9.31</ele>
      </trkpt>
      <trkpt lat="25.019569918513298" lon="121.49074994958937">
        <ele>9.31</ele>
      </trkpt>
      <trkpt lat="25.019410327076912" lon="121.49080040864646">
        <ele>9.31</ele>
      </trkpt>
      <trkpt lat="25.01915610395372" lon="121.49088062345982">
        <ele>9.28</ele>
      </trkpt>
      <trkpt lat="25.01869099214673" lon="121.49102755822241">
        <ele>9.09</ele>
      </trkpt>
      <trkpt lat="25.018480019643903" lon="121.49109419435263">
        <ele>9.07</ele>
      </trkpt>
      <trkpt lat="25.01842997968197" lon="121.49110995233059">
        <ele>9.05</ele>
      </trkpt>
      <trkpt lat="25.01823996193707" lon="121.49113995954394">
        <ele>9.01</ele>
      </trkpt>
      <trkpt lat="25.018218755722046" lon="121.49113744497299">
        <ele>9.01</ele>
      </trkpt>
      <trkpt lat="25.018087327480316" lon="121.49112202227116">
        <ele>9.0</ele>
      </trkpt>
      <trkpt lat="25.017899991944432" lon="121.49109997786582">
        <ele>8.94</ele>
      </trkpt>
      <trkpt lat="25.017783399671316" lon="121.49107282049954">
        <ele>8.91</ele>
      </trkpt>
      <trkpt lat="25.017482405528426" lon="121.49100283160806">
        <ele>8.78</ele>
      </trkpt>
      <trkpt lat="25.0170520786196" lon="121.49090275168419">
        <ele>8.75</ele>
      </trkpt>
      <trkpt lat="25.01703992486" lon="121.49089998565614">
        <ele>8.75</ele>
      </trkpt>
      <trkpt lat="25.016921907663345" lon="121.49092772975564">
        <ele>8.77</ele>
      </trkpt>
      <trkpt lat="25.016869939863682" lon="121.49093996733427">
        <ele>8.79</ele>
      </trkpt>
      <trkpt lat="25.01677455380559" lon="121.49103049188852">
        <ele>8.87</ele>
      </trkpt>
      <trkpt lat="25.016706995666027" lon="121.49109452962875">
        <ele>8.9</ele>
      </trkpt>
      <trkpt lat="25.016639521345496" lon="121.49115856736898">
        <ele>8.9</ele>
      </trkpt>
      <trkpt lat="25.01647992990911" lon="121.49130994454026">
        <ele>8.86</ele>
      </trkpt>
      <trkpt lat="25.01642963849008" lon="121.491340957582">
        <ele>8.85</ele>
      </trkpt>
      <trkpt lat="25.01634992659092" lon="121.49138999171555">
        <ele>8.85</ele>
      </trkpt>
      <trkpt lat="25.016309022903442" lon="121.49140357039869">
        <ele>8.86</ele>
      </trkpt>
      <trkpt lat="25.01625998876989" lon="121.4914199989289">
        <ele>8.88</ele>
      </trkpt>
      <trkpt lat="25.016222186386585" lon="121.4914205018431">
        <ele>8.9</ele>
      </trkpt>
      <trkpt lat="25.01599914394319" lon="121.4914239384234">
        <ele>9.04</ele>
      </trkpt>
      <trkpt lat="25.015776185318828" lon="121.4914273750037">
        <ele>9.14</ele>
      </trkpt>
      <trkpt lat="25.015642158687115" lon="121.49142947047949">
        <ele>9.19</ele>
      </trkpt>
      <trkpt lat="25.015609972178936" lon="121.49142997339368">
        <ele>9.19</ele>
      </trkpt>
      <trkpt lat="25.015442417934537" lon="121.4915307238698">
        <ele>9.21</ele>
      </trkpt>
      <trkpt lat="25.01524661667645" lon="121.49164857342839">
        <ele>9.28</ele>
      </trkpt>
      <trkpt lat="25.015050815418363" lon="121.49176642298698">
        <ele>9.32</ele>
      </trkpt>
      <trkpt lat="25.014815535396338" lon="121.49190799333155">
        <ele>9.43</ele>
      </trkpt>
      <trkpt lat="25.01461973413825" lon="121.49202575907111">
        <ele>9.56</ele>
      </trkpt>
      <trkpt lat="25.01446332782507" lon="121.49211988784373">
        <ele>9.61</ele>
      </trkpt>
      <trkpt lat="25.014429967850447" lon="121.49213992059231">
        <ele>9.61</ele>
      </trkpt>
      <trkpt lat="25.014251517131925" lon="121.49251593276858">
        <ele>9.68</ele>
      </trkpt>
      <trkpt lat="25.014149928465486" lon="121.49272992275655">
        <ele>9.69</ele>
      </trkpt>
      <trkpt lat="25.014149928465486" lon="121.49272992275655">
        <ele>9.69</ele>
      </trkpt>
      <trkpt lat="25.014019925147295" lon="121.49285992607474">
        <ele>9.67</ele>
      </trkpt>
      <trkpt lat="25.013950020074844" lon="121.49290778674185">
        <ele>9.67</ele>
      </trkpt>
      <trkpt lat="25.013829991221428" lon="121.49298992939293">
        <ele>9.64</ele>
      </trkpt>
      <trkpt lat="25.01367182470858" lon="121.49305581115186">
        <ele>9.61</ele>
      </trkpt>
      <trkpt lat="25.013589933514595" lon="121.49308992549777">
        <ele>9.55</ele>
      </trkpt>
      <trkpt lat="25.01348993740976" lon="121.49310995824635">
        <ele>9.5</ele>
      </trkpt>
      <trkpt lat="25.013367058709264" lon="121.49310995824635">
        <ele>9.43</ele>
      </trkpt>
      <trkpt lat="25.013329926878214" lon="121.49310995824635">
        <ele>9.42</ele>
      </trkpt>
      <trkpt lat="25.01307997852564" lon="121.49315999820828">
        <ele>9.4</ele>
      </trkpt>
      <trkpt lat="25.013061873614788" lon="121.49317340925336">
        <ele>9.4</ele>
      </trkpt>
      <trkpt lat="25.01283916644752" lon="121.49333962239325">
        <ele>9.29</ele>
      </trkpt>
      <trkpt lat="25.012506069615483" lon="121.49358806200325">
        <ele>9.27</ele>
      </trkpt>
      <trkpt lat="25.012449994683266" lon="121.49362997151911">
        <ele>9.28</ele>
      </trkpt>
      <trkpt lat="25.012295432388783" lon="121.49377045221627">
        <ele>9.32</ele>
      </trkpt>
      <trkpt lat="25.012229969725013" lon="121.49382996372879">
        <ele>9.3</ele>
      </trkpt>
      <trkpt lat="25.01211647875607" lon="121.49410413578153">
        <ele>9.26</ele>
      </trkpt>
      <trkpt lat="25.012109940871596" lon="121.49411997757852">
        <ele>9.26</ele>
      </trkpt>
      <trkpt lat="25.012070881202817" lon="121.49424302391708">
        <ele>9.26</ele>
      </trkpt>
      <trkpt lat="25.011982284486294" lon="121.49452214129269">
        <ele>9.22</ele>
      </trkpt>
      <trkpt lat="25.011909948661923" lon="121.4947499614209">
        <ele>9.26</ele>
      </trkpt>
      <trkpt lat="25.01190106384456" lon="121.49480343796313">
        <ele>9.28</ele>
      </trkpt>
      <trkpt lat="25.01187994144857" lon="121.49492992088199">
        <ele>9.32</ele>
      </trkpt>
      <trkpt lat="25.01187994144857" lon="121.49494919925928">
        <ele>9.33</ele>
      </trkpt>
      <trkpt lat="25.01187994144857" lon="121.49515992030501">
        <ele>9.33</ele>
      </trkpt>
      <trkpt lat="25.011836271733046" lon="121.49528237991035">
        <ele>9.33</ele>
      </trkpt>
      <trkpt lat="25.011829985305667" lon="121.49529998190701">
        <ele>9.32</ele>
      </trkpt>
      <trkpt lat="25.011799726635218" lon="121.49552369490266">
        <ele>9.28</ele>
      </trkpt>
      <trkpt lat="25.01178656704724" lon="121.49562084116042">
        <ele>9.3</ele>
      </trkpt>
      <trkpt lat="25.011779945343733" lon="121.495669959113">
        <ele>9.32</ele>
      </trkpt>
      <trkpt lat="25.011779945343733" lon="121.49586542509496">
        <ele>9.43</ele>
      </trkpt>
      <trkpt lat="25.011779945343733" lon="121.49597992189229">
        <ele>9.46</ele>
      </trkpt>
      <trkpt lat="25.01178564503789" lon="121.4960116893053">
        <ele>9.48</ele>
      </trkpt>
      <trkpt lat="25.011802660301328" lon="121.49610715918243">
        <ele>9.5</ele>
      </trkpt>
      <trkpt lat="25.011829985305667" lon="121.49625996127725">
        <ele>9.5</ele>
      </trkpt>
      <trkpt lat="25.011921180412173" lon="121.49641821160913">
        <ele>9.51</ele>
      </trkpt>
      <trkpt lat="25.011992678046227" lon="121.49654217995703">
        <ele>9.47</ele>
      </trkpt>
      <trkpt lat="25.0122547801584" lon="121.49699681438506">
        <ele>9.26</ele>
      </trkpt>
      <trkpt lat="25.012469943612814" lon="121.49736997671425">
        <ele>9.24</ele>
      </trkpt>
      <trkpt lat="25.012495843693614" lon="121.49740853346884">
        <ele>9.24</ele>
      </trkpt>
      <trkpt lat="25.01260170713067" lon="121.4975664485246">
        <ele>9.21</ele>
      </trkpt>
      <trkpt lat="25.01276004128158" lon="121.49780256673694">
        <ele>9.1</ele>
      </trkpt>
      <trkpt lat="25.01292751170695" lon="121.49805226363242">
        <ele>9.12</ele>
      </trkpt>
      <trkpt lat="25.012979982420802" lon="121.49813046678901">
        <ele>8.95</ele>
      </trkpt>
      <trkpt lat="25.013032872229815" lon="121.49820942431688">
        <ele>8.81</ele>
      </trkpt>
      <trkpt lat="25.01303999684751" lon="121.49821998551488">
        <ele>8.79</ele>
      </trkpt>
      <trkpt lat="25.013196654617786" lon="121.49827815592289">
        <ele>8.65</ele>
      </trkpt>
      <trkpt lat="25.013389941304922" lon="121.49834998883307">
        <ele>8.6</ele>
      </trkpt>
      <trkpt lat="25.013446854427457" lon="121.4983778167516">
        <ele>8.59</ele>
      </trkpt>
      <trkpt lat="25.013690181076527" lon="121.49849683977664">
        <ele>8.46</ele>
      </trkpt>
      <trkpt lat="25.013859998434782" lon="121.4985799882561">
        <ele>8.4</ele>
      </trkpt>
      <trkpt lat="25.013964269310236" lon="121.49865685030818">
        <ele>8.37</ele>
      </trkpt>
      <trkpt lat="25.014037610962987" lon="121.4987108297646">
        <ele>8.37</ele>
      </trkpt>
      <trkpt lat="25.01411162316799" lon="121.49876539595425">
        <ele>8.41</ele>
      </trkpt>
      <trkpt lat="25.014185635372996" lon="121.4988199621439">
        <ele>8.48</ele>
      </trkpt>
      <trkpt lat="25.014239950105548" lon="121.49885994382203">
        <ele>8.55</ele>
      </trkpt>
      <trkpt lat="25.014360481873155" lon="121.49896916002035">
        <ele>8.73</ele>
      </trkpt>
      <trkpt lat="25.014429297298193" lon="121.49903152137995">
        <ele>8.8</ele>
      </trkpt>
      <trkpt lat="25.01449811272323" lon="121.49909388273954">
        <ele>8.82</ele>
      </trkpt>
      <trkpt lat="25.014737835153937" lon="121.49931114166975">
        <ele>8.76</ele>
      </trkpt>
      <trkpt lat="25.0147760566324" lon="121.49934584274888">
        <ele>8.77</ele>
      </trkpt>
      <trkpt lat="25.014879992231727" lon="121.4994399715215">
        <ele>8.83</ele>
      </trkpt>
      <trkpt lat="25.014879992231727" lon="121.4994399715215">
        <ele>8.83</ele>
      </trkpt>
      <trkpt lat="25.015006894245744" lon="121.49956695735455">
        <ele>8.88</ele>
      </trkpt>
      <trkpt lat="25.015149973332882" lon="121.49970995262265">
        <ele>8.97</ele>
      </trkpt>
      <trkpt lat="25.015303026884794" lon="121.49997926317155">
        <ele>9.11</ele>
      </trkpt>
      <trkpt lat="25.01539573073387" lon="121.50014237500727">
        <ele>9.12</ele>
      </trkpt>
      <trkpt lat="25.015535289421678" lon="121.50038788095117">
        <ele>9.1</ele>
      </trkpt>
      <trkpt lat="25.015651462599635" lon="121.50059214793146">
        <ele>9.17</ele>
      </trkpt>
      <trkpt lat="25.015689935535192" lon="121.50065995752811">
        <ele>9.16</ele>
      </trkpt>
      <trkpt lat="25.01576998271048" lon="121.50073992088437">
        <ele>9.15</ele>
      </trkpt>
      <trkpt lat="25.01576998271048" lon="121.50073992088437">
        <ele>9.15</ele>
      </trkpt>
      <trkpt lat="25.015933848917484" lon="121.50102163664997">
        <ele>9.04</ele>
      </trkpt>
      <trkpt lat="25.016195783391595" lon="121.50147174485028">
        <ele>8.94</ele>
      </trkpt>
      <trkpt lat="25.01641010865569" lon="121.50184004567564">
        <ele>9.0</ele>
      </trkpt>
      <trkpt lat="25.016552936285734" lon="121.50208555161953">
        <ele>8.94</ele>
      </trkpt>
      <trkpt lat="25.0167999509722" lon="121.5025099273771">
        <ele>8.89</ele>
      </trkpt>
      <trkpt lat="25.016812942922115" lon="121.50254018604755">
        <ele>8.89</ele>
      </trkpt>
      <trkpt lat="25.01688997261226" lon="121.50271997787058">
        <ele>8.89</ele>
      </trkpt>
      <trkpt lat="25.017056604847312" lon="121.5030107460916">
        <ele>8.91</ele>
      </trkpt>
      <trkpt lat="25.017104214057326" lon="121.503093726933">
        <ele>8.94</ele>
      </trkpt>
      <trkpt lat="25.01717579551041" lon="121.50321870110929">
        <ele>9.02</ele>
      </trkpt>
      <trkpt lat="25.017257099971175" lon="121.50336043909192">
        <ele>10.65</ele>
      </trkpt>
      <trkpt lat="25.01735994592309" lon="121.50353997945786">
        <ele>10.91</ele>
      </trkpt>
      <trkpt lat="25.017389534041286" lon="121.50354844518006">
        <ele>10.96</ele>
      </trkpt>
      <trkpt lat="25.017429934814572" lon="121.5035599283874">
        <ele>11.0</ele>
      </trkpt>
      <trkpt lat="25.01750998198986" lon="121.5035599283874">
        <ele>11.1</ele>
      </trkpt>
      <trkpt lat="25.0175217166543" lon="121.50355607271194">
        <ele>11.12</ele>
      </trkpt>
      <trkpt lat="25.01777828671038" lon="121.50347049348056">
        <ele>11.35</ele>
      </trkpt>
      <trkpt lat="25.017863446846604" lon="121.50344207882881">
        <ele>11.41</ele>
      </trkpt>
      <trkpt lat="25.017929999157786" lon="121.50341995060444">
        <ele>11.43</ele>
      </trkpt>
      <trkpt lat="25.017949445173144" lon="121.50342212989926">
        <ele>11.44</ele>
      </trkpt>
      <trkpt lat="25.018019936978817" lon="121.50342992506921">
        <ele>11.45</ele>
      </trkpt>
      <trkpt lat="25.018073245882988" lon="121.50346730835736">
        <ele>11.46</ele>
      </trkpt>
      <trkpt lat="25.018119933083653" lon="121.50349999777973">
        <ele>11.45</ele>
      </trkpt>
      <trkpt lat="25.018207607790828" lon="121.50365774519742">
        <ele>11.42</ele>
      </trkpt>
      <trkpt lat="25.018277680501342" lon="121.50378380902112">
        <ele>11.42</ele>
      </trkpt>
      <trkpt lat="25.018324200063944" lon="121.50386762805283">
        <ele>11.45</ele>
      </trkpt>
      <trkpt lat="25.018487814813852" lon="121.50416208431125">
        <ele>11.62</ele>
      </trkpt>
      <trkpt lat="25.01865134574473" lon="121.50445645675063">
        <ele>11.62</ele>
      </trkpt>
      <trkpt lat="25.018720915541053" lon="121.50458168238401">
        <ele>11.66</ele>
      </trkpt>
      <trkpt lat="25.018790988251567" lon="121.50470774620771">
        <ele>11.74</ele>
      </trkpt>
      <trkpt lat="25.01883801072836" lon="121.50479240342975">
        <ele>11.76</ele>
      </trkpt>
      <trkpt lat="25.018869945779443" lon="121.50484998710454">
        <ele>11.74</ele>
      </trkpt>
      <trkpt lat="25.01895963214338" lon="121.50493271648884">
        <ele>11.71</ele>
      </trkpt>
      <trkpt lat="25.018999949097633" lon="121.50496993213892">
        <ele>11.67</ele>
      </trkpt>
      <trkpt lat="25.019115703180432" lon="121.50502340868115">
        <ele>11.6</ele>
      </trkpt>
      <trkpt lat="25.019129952415824" lon="121.50502994656563">
        <ele>11.59</ele>
      </trkpt>
      <trkpt lat="25.01923196017742" lon="121.50516975671053">
        <ele>11.52</ele>
      </trkpt>
      <trkpt lat="25.019371267408133" lon="121.50536061264575">
        <ele>11.52</ele>
      </trkpt>
      <trkpt lat="25.01939993351698" lon="121.50539992377162">
        <ele>11.52</ele>
      </trkpt>
      <trkpt lat="25.019524740055203" lon="121.50553897954524">
        <ele>11.55</ele>
      </trkpt>
      <trkpt lat="25.019744262099266" lon="121.50578364729881">
        <ele>11.64</ele>
      </trkpt>
      <trkpt lat="25.019837971776724" lon="121.5058880019933">
        <ele>11.7</ele>
      </trkpt>
      <trkpt lat="25.020057577639818" lon="121.50613266974688">
        <ele>11.93</ele>
      </trkpt>
      <trkpt lat="25.020099990069866" lon="121.50617994368076">
        <ele>11.96</ele>
      </trkpt>
      <trkpt lat="25.020191688090563" lon="121.50626149959862">
        <ele>12.03</ele>
      </trkpt>
      <trkpt lat="25.02039972692728" lon="121.50644640438259">
        <ele>12.23</ele>
      </trkpt>
      <trkpt lat="25.020504081621766" lon="121.5065391920507">
        <ele>12.29</ele>
      </trkpt>
      <trkpt lat="25.020573399960995" lon="121.506600799039">
        <ele>12.31</ele>
      </trkpt>
      <trkpt lat="25.02072997391224" lon="121.50673993863165">
        <ele>12.29</ele>
      </trkpt>
      <trkpt lat="25.02081203274429" lon="121.50682107545435">
        <ele>12.28</ele>
      </trkpt>
      <trkpt lat="25.02097816206515" lon="121.50698527693748">
        <ele>12.22</ele>
      </trkpt>
      <trkpt lat="25.02114429138601" lon="121.50714947842062">
        <ele>12.22</ele>
      </trkpt>
      <trkpt lat="25.021276893094182" lon="121.50728065520525">
        <ele>12.25</ele>
      </trkpt>
      <trkpt lat="25.021442351862788" lon="121.50744418613613">
        <ele>12.33</ele>
      </trkpt>
      <trkpt lat="25.021508652716875" lon="121.50750973261893">
        <ele>12.34</ele>
      </trkpt>
      <trkpt lat="25.021599931642413" lon="121.50759992189705">
        <ele>12.3</ele>
      </trkpt>
      <trkpt lat="25.021802438423038" lon="121.50787836872041">
        <ele>12.22</ele>
      </trkpt>
      <trkpt lat="25.021919952705503" lon="121.50803997181356">
        <ele>12.05</ele>
      </trkpt>
      <trkpt lat="25.0219788774848" lon="121.50815513916314">
        <ele>11.95</ele>
      </trkpt>
      <trkpt lat="25.02204350195825" lon="121.50828128680587">
        <ele>11.86</ele>
      </trkpt>
      <trkpt lat="25.022173086181283" lon="121.50853450410068">
        <ele>11.89</ele>
      </trkpt>
      <trkpt lat="25.022346004843712" lon="121.50887237861753">
        <ele>12.03</ele>
      </trkpt>
      <trkpt lat="25.02238933928311" lon="121.50895703583956">
        <ele>12.03</ele>
      </trkpt>
      <trkpt lat="25.022475589066744" lon="121.50912559591234">
        <ele>12.0</ele>
      </trkpt>
      <trkpt lat="25.022540632635355" lon="121.50925258174539">
        <ele>12.03</ele>
      </trkpt>
      <trkpt lat="25.022569969296455" lon="121.50930999778211">
        <ele>12.03</ele>
      </trkpt>
      <trkpt lat="25.022569969296455" lon="121.50958450511098">
        <ele>12.04</ele>
      </trkpt>
      <trkpt lat="25.022569969296455" lon="121.5096799749881">
        <ele>12.07</ele>
      </trkpt>
      <trkpt lat="25.02256678417325" lon="121.50973026640713">
        <ele>12.09</ele>
      </trkpt>
      <trkpt lat="25.022544991225004" lon="121.51007082313299">
        <ele>12.3</ele>
      </trkpt>
      <trkpt lat="25.0225399620831" lon="121.51014994829893">
        <ele>12.31</ele>
      </trkpt>
      <trkpt lat="25.022545075044036" lon="121.51021633297205">
        <ele>12.33</ele>
      </trkpt>
      <trkpt lat="25.022556222975254" lon="121.51036167517304">
        <ele>12.32</ele>
      </trkpt>
      <trkpt lat="25.02256376668811" lon="121.51045957580209">
        <ele>12.28</ele>
      </trkpt>
      <trkpt lat="25.022578686475754" lon="121.51065336540341">
        <ele>12.17</ele>
      </trkpt>
      <trkpt lat="25.022597294300795" lon="121.5108956862241">
        <ele>12.1</ele>
      </trkpt>
      <trkpt lat="25.022608609870076" lon="121.51104203425348">
        <ele>12.03</ele>
      </trkpt>
      <trkpt lat="25.022609950974584" lon="121.51105997152627">
        <ele>12.01</ele>
      </trkpt>
      <trkpt lat="25.02263316884637" lon="121.51113498955965">
        <ele>11.95</ele>
      </trkpt>
      <trkpt lat="25.022661667317152" lon="121.51122702285647">
        <ele>11.84</ele>
      </trkpt>
      <trkpt lat="25.022704415023327" lon="121.51136507280171">
        <ele>11.59</ele>
      </trkpt>
      <trkpt lat="25.022739954292774" lon="121.51147998869419">
        <ele>11.35</ele>
      </trkpt>
      <trkpt lat="25.02274992875755" lon="121.51157998479903">
        <ele>11.16</ele>
      </trkpt>
      <trkpt lat="25.022753784433007" lon="121.51170428842306">
        <ele>10.93</ele>
      </trkpt>
      <trkpt lat="25.02275981940329" lon="121.51190168224275">
        <ele>10.51</ele>
      </trkpt>
      <trkpt lat="25.022762920707464" lon="121.51200084015727">
        <ele>10.33</ele>
      </trkpt>
      <trkpt lat="25.022764429450035" lon="121.51205046102405">
        <ele>10.26</ele>
      </trkpt>
      <trkpt lat="25.022767446935177" lon="121.51214961893857">
        <ele>10.17</ele>
      </trkpt>
      <trkpt lat="25.02276996150613" lon="121.51222991757095">
        <ele>10.12</ele>
      </trkpt>
      <trkpt lat="25.02275252714753" lon="121.51239562779665">
        <ele>10.02</ele>
      </trkpt>
      <trkpt lat="25.02274992875755" lon="121.51241993531585">
        <ele>9.99</ele>
      </trkpt>
      <trkpt lat="25.022702822461724" lon="121.51258489117026">
        <ele>9.85</ele>
      </trkpt>
      <trkpt lat="25.02267574891448" lon="121.5126796066761">
        <ele>9.78</ele>
      </trkpt>
      <trkpt lat="25.022583045065403" lon="121.51300423778594">
        <ele>9.69</ele>
      </trkpt>
      <trkpt lat="25.02255647443235" lon="121.51309702545404">
        <ele>9.68</ele>
      </trkpt>
      <trkpt lat="25.0225037522614" lon="121.51328159496188">
        <ele>9.72</ele>
      </trkpt>
      <trkpt lat="25.02243728376925" lon="121.51351444423199">
        <ele>9.74</ele>
      </trkpt>
      <trkpt lat="25.022370982915163" lon="121.51374637149274">
        <ele>9.84</ele>
      </trkpt>
      <trkpt lat="25.022309962660074" lon="121.51395994238555">
        <ele>9.87</ele>
      </trkpt>
      <trkpt lat="25.02229705452919" lon="121.5140211302787">
        <ele>9.88</ele>
      </trkpt>
      <trkpt lat="25.022277189418674" lon="121.5141149237752">
        <ele>9.91</ele>
      </trkpt>
      <trkpt lat="25.02220803871751" lon="121.51444156654179">
        <ele>10.14</ele>
      </trkpt>
      <trkpt lat="25.022099325433373" lon="121.51495571248233">
        <ele>10.4</ele>
      </trkpt>
      <trkpt lat="25.02208993770182" lon="121.51499996893108">
        <ele>10.41</ele>
      </trkpt>
      <trkpt lat="25.022040316835046" lon="121.51513651013374">
        <ele>10.45</ele>
      </trkpt>
      <trkpt lat="25.02197401598096" lon="121.51531890034676">
        <ele>10.44</ele>
      </trkpt>
      <trkpt lat="25.021940488368273" lon="121.51541101746261">
        <ele>10.47</ele>
      </trkpt>
      <trkpt lat="25.021907296031713" lon="121.51550212875009">
        <ele>10.55</ele>
      </trkpt>
      <trkpt lat="25.021874187514186" lon="121.51559332385659">
        <ele>10.68</ele>
      </trkpt>
      <trkpt lat="25.02184996381402" lon="121.5156599599868">
        <ele>10.8</ele>
      </trkpt>
      <trkpt lat="25.02176648005843" lon="121.51580915786326">
        <ele>11.1</ele>
      </trkpt>
      <trkpt lat="25.021743346005678" lon="121.51585056446493">
        <ele>11.16</ele>
      </trkpt>
      <trkpt lat="25.021719709038734" lon="121.51589280925691">
        <ele>11.2</ele>
      </trkpt>
      <trkpt lat="25.02169607207179" lon="121.5159350540489">
        <ele>11.21</ele>
      </trkpt>
      <trkpt lat="25.021672938019037" lon="121.51597637683153">
        <ele>11.18</ele>
      </trkpt>
      <trkpt lat="25.02162574790418" lon="121.5160608664155">
        <ele>11.08</ele>
      </trkpt>
      <trkpt lat="25.021579479798675" lon="121.5161435957998">
        <ele>11.18</ele>
      </trkpt>
      <trkpt lat="25.02155626192689" lon="121.51618500240147">
        <ele>11.28</ele>
      </trkpt>
      <trkpt lat="25.021533127874136" lon="121.51622640900314">
        <ele>11.45</ele>
      </trkpt>
      <trkpt lat="25.021519968286157" lon="121.51624996215105">
        <ele>11.58</ele>
      </trkpt>
      <trkpt lat="25.021519968286157" lon="121.51627091690898">
        <ele>11.69</ele>
      </trkpt>
      <trkpt lat="25.021519968286157" lon="121.51631995104253">
        <ele>11.96</ele>
      </trkpt>
      <trkpt lat="25.02149616368115" lon="121.51636152528226">
        <ele>12.24</ele>
      </trkpt>
      <trkpt lat="25.02147998660803" lon="121.51638993993402">
        <ele>12.41</ele>
      </trkpt>
      <trkpt lat="25.02147906459868" lon="121.51640494354069">
        <ele>12.49</ele>
      </trkpt>
      <trkpt lat="25.02147319726646" lon="121.51650200597942">
        <ele>12.93</ele>
      </trkpt>
      <trkpt lat="25.021470095962286" lon="121.51655254885554">
        <ele>13.28</ele>
      </trkpt>
      <trkpt lat="25.021461211144924" lon="121.51669906452298">
        <ele>13.14</ele>
      </trkpt>
      <trkpt lat="25.02145995385945" lon="121.51671993546188">
        <ele>13.12</ele>
      </trkpt>
      <trkpt lat="25.021499935537577" lon="121.51673996821046">
        <ele>13.09</ele>
      </trkpt>
      <trkpt lat="25.021478310227394" lon="121.51681372895837">
        <ele>13.04</ele>
      </trkpt>
      <trkpt lat="25.02134134992957" lon="121.51728110387921">
        <ele>12.81</ele>
      </trkpt>
      <trkpt lat="25.0213139411062" lon="121.51737464591861">
        <ele>12.8</ele>
      </trkpt>
      <trkpt lat="25.02124554477632" lon="121.51760783046484">
        <ele>12.85</ele>
      </trkpt>
      <trkpt lat="25.02116340212524" lon="121.51788828894496">
        <ele>12.81</ele>
      </trkpt>
      <trkpt lat="25.02113599330187" lon="121.51798174716532">
        <ele>12.83</ele>
      </trkpt>
      <trkpt lat="25.021053766831756" lon="121.51826220564544">
        <ele>12.94</ele>
      </trkpt>
      <trkpt lat="25.021026358008385" lon="121.51835574768484">
        <ele>13.01</ele>
      </trkpt>
      <trkpt lat="25.02098998054862" lon="121.51847996748984">
        <ele>13.13</ele>
      </trkpt>
      <trkpt lat="25.02096550539136" lon="121.51859127916396">
        <ele>13.25</ele>
      </trkpt>
      <trkpt lat="25.02094455063343" lon="121.51868683286011">
        <ele>13.32</ele>
      </trkpt>
      <trkpt lat="25.020902641117573" lon="121.51887777261436">
        <ele>13.38</ele>
      </trkpt>
      <trkpt lat="25.020899958908558" lon="121.51888992637396">
        <ele>13.38</ele>
      </trkpt>
      <trkpt lat="25.020859893411398" lon="121.51911933906376">
        <ele>13.41</ele>
      </trkpt>
      <trkpt lat="25.020843045786023" lon="121.51921581476927">
        <ele>13.45</ele>
      </trkpt>
      <trkpt lat="25.02082628197968" lon="121.51931128464639">
        <ele>13.53</ele>
      </trkpt>
      <trkpt lat="25.020800968632102" lon="121.51945654302835">
        <ele>13.69</ele>
      </trkpt>
      <trkpt lat="25.020784121006727" lon="121.51955301873386">
        <ele>13.76</ele>
      </trkpt>
      <trkpt lat="25.02075889147818" lon="121.51969718746841">
        <ele>13.74</ele>
      </trkpt>
      <trkpt lat="25.020719999447465" lon="121.51991997845471">
        <ele>13.36</ele>
      </trkpt>
      <trkpt lat="25.020719999447465" lon="121.51991997845471">
        <ele>13.36</ele>
      </trkpt>
      <trkpt lat="25.020672474056482" lon="121.51999767869711">
        <ele>13.16</ele>
      </trkpt>
      <trkpt lat="25.020609945058823" lon="121.5200999379158">
        <ele>12.87</ele>
      </trkpt>
      <trkpt lat="25.02054481767118" lon="121.52009365148842">
        <ele>12.71</ele>
      </trkpt>
      <trkpt lat="25.020413137972355" lon="121.5200809109956">
        <ele>12.46</ele>
      </trkpt>
      <trkpt lat="25.02029998227954" lon="121.52006993070245">
        <ele>12.35</ele>
      </trkpt>
      <trkpt lat="25.020279698073864" lon="121.5200721938163">
        <ele>12.34</ele>
      </trkpt>
      <trkpt lat="25.020209960639477" lon="121.52007998898625">
        <ele>12.3</ele>
      </trkpt>
      <trkpt lat="25.020172242075205" lon="121.52013690210879">
        <ele>12.28</ele>
      </trkpt>
      <trkpt lat="25.019933693110943" lon="121.52049640193582">
        <ele>12.35</ele>
      </trkpt>
      <trkpt lat="25.019695730879903" lon="121.52085514739156">
        <ele>12.36</ele>
      </trkpt>
      <trkpt lat="25.019642589613795" lon="121.52093527838588">
        <ele>12.4</ele>
      </trkpt>
      <trkpt lat="25.019539995118976" lon="121.52108992449939">
        <ele>12.6</ele>
      </trkpt>
      <trkpt lat="25.019539827480912" lon="121.52109570801258">
        <ele>12.6</ele>
      </trkpt>
      <trkpt lat="25.01953773200512" lon="121.52119494974613">
        <ele>12.68</ele>
      </trkpt>
      <trkpt lat="25.019534714519978" lon="121.52134280651808">
        <ele>12.74</ele>
      </trkpt>
      <trkpt lat="25.01952993683517" lon="121.52156995609403">
        <ele>12.59</ele>
      </trkpt>
      <trkpt lat="25.01951912418008" lon="121.52157481759787">
        <ele>12.59</ele>
      </trkpt>
      <trkpt lat="25.019400855526328" lon="121.521628042683">
        <ele>12.45</ele>
      </trkpt>
      <trkpt lat="25.019329944625497" lon="121.52165997773409">
        <ele>12.39</ele>
      </trkpt>
      <trkpt lat="25.019321143627167" lon="121.52166148647666">
        <ele>12.39</ele>
      </trkpt>
      <trkpt lat="25.01923673786223" lon="121.52167598716915">
        <ele>12.37</ele>
      </trkpt>
      <trkpt lat="25.019152332097292" lon="121.52169057168067">
        <ele>12.38</ele>
      </trkpt>
      <trkpt lat="25.01903993077576" lon="121.52170993387699">
        <ele>12.42</ele>
      </trkpt>
      <trkpt lat="25.018979916349053" lon="121.52177992276847">
        <ele>12.46</ele>
      </trkpt>
      <trkpt lat="25.01888302154839" lon="121.52195233851671">
        <ele>12.54</ele>
      </trkpt>
      <trkpt lat="25.01883750781417" lon="121.52203330770135">
        <ele>12.54</ele>
      </trkpt>
      <trkpt lat="25.01876961439848" lon="121.52215383946896">
        <ele>12.51</ele>
      </trkpt>
      <trkpt lat="25.018709935247898" lon="121.52225995436311">
        <ele>12.52</ele>
      </trkpt>
      <trkpt lat="25.018679928034544" lon="121.52235995046794">
        <ele>12.52</ele>
      </trkpt>
      <trkpt lat="25.01877992413938" lon="121.52264996431768">
        <ele>12.55</ele>
      </trkpt>
      <trkpt lat="25.018743630498648" lon="121.52269313111901">
        <ele>12.56</ele>
      </trkpt>
      <trkpt lat="25.01862360164523" lon="121.5228355396539">
        <ele>12.53</ele>
      </trkpt>
      <trkpt lat="25.018533496186137" lon="121.52294240891933">
        <ele>12.55</ele>
      </trkpt>
      <trkpt lat="25.018443474546075" lon="121.52304919436574">
        <ele>12.61</ele>
      </trkpt>
      <trkpt lat="25.018293438479304" lon="121.52322730980814">
        <ele>12.78</ele>
      </trkpt>
      <trkpt lat="25.018173409625888" lon="121.52336971834302">
        <ele>12.86</ele>
      </trkpt>
      <trkpt lat="25.018029995262623" lon="121.52353995479643">
        <ele>12.81</ele>
      </trkpt>
      <trkpt lat="25.018023205921054" lon="121.52354439720511">
        <ele>12.81</ele>
      </trkpt>
      <trkpt lat="25.017760768532753" lon="121.5237174835056">
        <ele>12.81</ele>
      </trkpt>
      <trkpt lat="25.017573181539774" lon="121.52384128421545">
        <ele>12.76</ele>
      </trkpt>
      <trkpt lat="25.017458936199546" lon="121.52391663752496">
        <ele>12.7</ele>
      </trkpt>
      <trkpt lat="25.017381738871336" lon="121.52396751567721">
        <ele>12.68</ele>
      </trkpt>
      <trkpt lat="25.017075296491385" lon="121.52416968718171">
        <ele>12.69</ele>
      </trkpt>
      <trkpt lat="25.0167687702924" lon="121.52437177486718">
        <ele>12.81</ele>
      </trkpt>
      <trkpt lat="25.016309525817633" lon="121.5246746968478">
        <ele>12.91</ele>
      </trkpt>
      <trkpt lat="25.01623308286071" lon="121.52472515590489">
        <ele>12.94</ele>
      </trkpt>
      <trkpt lat="25.016149934381247" lon="121.52477997355163">
        <ele>12.99</ele>
      </trkpt>
      <trkpt lat="25.016006687656045" lon="121.5248832385987">
        <ele>13.09</ele>
      </trkpt>
      <trkpt lat="25.015894453972578" lon="121.52496412396431">
        <ele>13.14</ele>
      </trkpt>
      <trkpt lat="25.015729581937194" lon="121.52508297935128">
        <ele>13.18</ele>
      </trkpt>
      <trkpt lat="25.015719942748547" lon="121.52508993633091">
        <ele>13.17</ele>
      </trkpt>
      <trkpt lat="25.0155789591372" lon="121.5251858253032">
        <ele>13.17</ele>
      </trkpt>
      <trkpt lat="25.015428084880114" lon="121.52528841979802">
        <ele>13.2</ele>
      </trkpt>
      <trkpt lat="25.015201438218355" lon="121.52544256299734">
        <ele>13.36</ele>
      </trkpt>
      <trkpt lat="25.01501309685409" lon="121.5255706384778">
        <ele>13.44</ele>
      </trkpt>
      <trkpt lat="25.014719981700182" lon="121.52576996013522">
        <ele>13.62</ele>
      </trkpt>
      <trkpt lat="25.014560474082828" lon="121.52587423101068">
        <ele>13.73</ele>
      </trkpt>
      <trkpt lat="25.014484701678157" lon="121.52592376805842">
        <ele>13.76</ele>
      </trkpt>
      <trkpt lat="25.014332989230752" lon="121.52602292597294">
        <ele>13.74</ele>
      </trkpt>
      <trkpt lat="25.01419996842742" lon="121.52610993012786">
        <ele>13.76</ele>
      </trkpt>
      <trkpt lat="25.01409594900906" lon="121.52615158818662">
        <ele>13.78</ele>
      </trkpt>
      <trkpt lat="25.013949936255813" lon="121.5262099262327">
        <ele>13.75</ele>
      </trkpt>
      <trkpt lat="25.013819932937622" lon="121.52629994787276">
        <ele>13.72</ele>
      </trkpt>
      <trkpt lat="25.013751704245806" lon="121.52636096812785">
        <ele>13.71</ele>
      </trkpt>
      <trkpt lat="25.01368255354464" lon="121.52642291039228">
        <ele>13.72</ele>
      </trkpt>
      <trkpt lat="25.013629999011755" lon="121.52646993286908">
        <ele>13.75</ele>
      </trkpt>
      <trkpt lat="25.013612480834126" lon="121.52648149989545">
        <ele>13.76</ele>
      </trkpt>
      <trkpt lat="25.013498989865184" lon="121.52655635029078">
        <ele>13.89</ele>
      </trkpt>
      <trkpt lat="25.01338549889624" lon="121.5266312006861">
        <ele>14.12</ele>
      </trkpt>
      <trkpt lat="25.013309810310602" lon="121.52668107300997">
        <ele>14.32</ele>
      </trkpt>
      <trkpt lat="25.013159941881895" lon="121.52677997946739">
        <ele>14.75</ele>
      </trkpt>
      <trkpt lat="25.0130404997617" lon="121.52683965861797">
        <ele>15.09</ele>
      </trkpt>
      <trkpt lat="25.012963470071554" lon="121.52687821537256">
        <ele>15.28</ele>
      </trkpt>
      <trkpt lat="25.012919967994094" lon="121.52689992450178">
        <ele>15.35</ele>
      </trkpt>
      <trkpt lat="25.012805303558707" lon="121.52694367803633">
        <ele>15.54</ele>
      </trkpt>
      <trkpt lat="25.012593744322658" lon="121.5270244795829">
        <ele>15.71</ele>
      </trkpt>
      <trkpt lat="25.01238126307726" lon="121.52710553258657">
        <ele>15.77</ele>
      </trkpt>
      <trkpt lat="25.01215998083353" lon="121.52718993835151">
        <ele>15.9</ele>
      </trkpt>
      <trkpt lat="25.012136260047555" lon="121.52721801772714">
        <ele>15.92</ele>
      </trkpt>
      <trkpt lat="25.01207549124956" lon="121.52728985063732">
        <ele>16.03</ele>
      </trkpt>
      <trkpt lat="25.01195328310132" lon="121.52743418700993">
        <ele>16.34</ele>
      </trkpt>
      <trkpt lat="25.011939955875278" lon="121.5274499449879">
        <ele>16.37</ele>
      </trkpt>
      <trkpt lat="25.01185999251902" lon="121.52764993719757">
        <ele>16.68</ele>
      </trkpt>
      <trkpt lat="25.01185999251902" lon="121.52764993719757">
        <ele>16.68</ele>
      </trkpt>
      <trkpt lat="25.01176661811769" lon="121.52788756415248">
        <ele>16.96</ele>
      </trkpt>
      <trkpt lat="25.01174993813038" lon="121.52792997658253">
        <ele>16.97</ele>
      </trkpt>
      <trkpt lat="25.011759996414185" lon="121.52797993272543">
        <ele>17.0</ele>
      </trkpt>
      <trkpt lat="25.011732755228877" lon="121.52801798656583">
        <ele>17.02</ele>
      </trkpt>
      <trkpt lat="25.01170995645225" lon="121.52804992161691">
        <ele>17.06</ele>
      </trkpt>
      <trkpt lat="25.011688750237226" lon="121.52805821970105">
        <ele>17.09</ele>
      </trkpt>
      <trkpt lat="25.01160392537713" lon="121.52809116058052">
        <ele>17.16</ele>
      </trkpt>
      <trkpt lat="25.0115623511374" lon="121.52810733765364">
        <ele>17.23</ele>
      </trkpt>
      <trkpt lat="25.011529996991158" lon="121.52811999432743">
        <ele>17.3</ele>
      </trkpt>
      <trkpt lat="25.011404352262616" lon="121.52820096351206">
        <ele>17.62</ele>
      </trkpt>
      <trkpt lat="25.011365544050932" lon="121.52822602540255">
        <ele>17.69</ele>
      </trkpt>
      <trkpt lat="25.011327490210533" lon="121.52825058437884">
        <ele>17.73</ele>
      </trkpt>
      <trkpt lat="25.011219950392842" lon="121.5283199865371">
        <ele>17.92</ele>
      </trkpt>
      <trkpt lat="25.011219950392842" lon="121.5283199865371">
        <ele>17.92</ele>
      </trkpt>
      <trkpt lat="25.011278204619884" lon="121.52842434123158">
        <ele>18.06</ele>
      </trkpt>
      <trkpt lat="25.011343248188496" lon="121.5285409335047">
        <ele>18.38</ele>
      </trkpt>
      <trkpt lat="25.011459924280643" lon="121.5287499781698">
        <ele>18.39</ele>
      </trkpt>
      <trkpt lat="25.01135364174843" lon="121.52881376445293">
        <ele>18.4</ele>
      </trkpt>
      <trkpt lat="25.01125993207097" lon="121.52886992320418">
        <ele>18.44</ele>
      </trkpt>
      <trkpt lat="25.011238642036915" lon="121.5288760419935">
        <ele>18.46</ele>
      </trkpt>
      <trkpt lat="25.01115247607231" lon="121.52890068478882">
        <ele>18.57</ele>
      </trkpt>
      <trkpt lat="25.011119954288006" lon="121.52890998870134">
        <ele>18.63</ele>
      </trkpt>
      <trkpt lat="25.011111237108707" lon="121.52891635894775">
        <ele>18.65</ele>
      </trkpt>
      <trkpt lat="25.011073853820562" lon="121.52894401922822">
        <ele>18.76</ele>
      </trkpt>
      <trkpt lat="25.01103655435145" lon="121.52897159568965">
        <ele>18.9</ele>
      </trkpt>
      <trkpt lat="25.010925913229585" lon="121.52905331924558">
        <ele>19.49</ele>
      </trkpt>
      <trkpt lat="25.01088995486498" lon="121.52907997369766">
        <ele>19.66</ele>
      </trkpt>
      <trkpt lat="25.010888362303376" lon="121.52908022515476">
        <ele>19.66</ele>
      </trkpt>
      <trkpt lat="25.010843938216567" lon="121.52908810414374">
        <ele>19.77</ele>
      </trkpt>
      <trkpt lat="25.010800436139107" lon="121.52909573167562">
        <ele>19.79</ele>
      </trkpt>
      <trkpt lat="25.010756012052298" lon="121.5291036106646">
        <ele>19.71</ele>
      </trkpt>
      <trkpt lat="25.01071996986866" lon="121.52910998091102">
        <ele>19.51</ele>
      </trkpt>
      <trkpt lat="25.0107126776129" lon="121.52911475859582">
        <ele>19.51</ele>
      </trkpt>
      <trkpt lat="25.01067504286766" lon="121.52913990430534">
        <ele>19.22</ele>
      </trkpt>
      <trkpt lat="25.01063648611307" lon="121.52916555292904">
        <ele>18.84</ele>
      </trkpt>
      <trkpt lat="25.0105987675488" lon="121.52919069863856">
        <ele>18.42</ele>
      </trkpt>
      <trkpt lat="25.01056993380189" lon="121.52920997701585">
        <ele>18.08</ele>
      </trkpt>
      <trkpt lat="25.01052995212376" lon="121.52935992926359">
        <ele>16.62</ele>
      </trkpt>
      <trkpt lat="25.01052995212376" lon="121.52936386875808">
        <ele>16.62</ele>
      </trkpt>
      <trkpt lat="25.01052995212376" lon="121.52946218848228">
        <ele>15.77</ele>
      </trkpt>
      <trkpt lat="25.01052995212376" lon="121.52955992147326">
        <ele>14.96</ele>
      </trkpt>
      <trkpt lat="25.010525593534112" lon="121.52960979379714">
        <ele>14.55</ele>
      </trkpt>
      <trkpt lat="25.01051712781191" lon="121.52970761060715">
        <ele>13.79</ele>
      </trkpt>
      <trkpt lat="25.010508494451642" lon="121.52980634942651">
        <ele>13.11</ele>
      </trkpt>
      <trkpt lat="25.010504303500056" lon="121.52985479682684">
        <ele>12.81</ele>
      </trkpt>
      <trkpt lat="25.010495837777853" lon="121.52995252981782">
        <ele>12.29</ele>
      </trkpt>
      <trkpt lat="25.010489970445633" lon="121.53001992031932">
        <ele>11.98</ele>
      </trkpt>
      <trkpt lat="25.01048351638019" lon="121.53005068190396">
        <ele>11.85</ele>
      </trkpt>
      <trkpt lat="25.01047362573445" lon="121.53009803965688">
        <ele>11.67</ele>
      </trkpt>
      <trkpt lat="25.010453341528773" lon="121.53019476681948">
        <ele>11.39</ele>
      </trkpt>
      <trkpt lat="25.01044345088303" lon="121.5302421245724">
        <ele>11.31</ele>
      </trkpt>
      <trkpt lat="25.010433308780193" lon="121.5302904881537">
        <ele>11.25</ele>
      </trkpt>
      <trkpt lat="25.010413276031613" lon="121.53038620948792">
        <ele>11.19</ele>
      </trkpt>
      <trkpt lat="25.01039994880557" lon="121.53044999577105">
        <ele>11.18</ele>
      </trkpt>
      <trkpt lat="25.010339934378862" lon="121.53060992248356">
        <ele>11.16</ele>
      </trkpt>
      <trkpt lat="25.010315207764506" lon="121.53064604848623">
        <ele>11.16</ele>
      </trkpt>
      <trkpt lat="25.00998998992145" lon="121.53111996129155">
        <ele>11.29</ele>
      </trkpt>
      <trkpt lat="25.009961491450667" lon="121.53118181973696">
        <ele>11.31</ele>
      </trkpt>
      <trkpt lat="25.00988253392279" lon="121.53135348111391">
        <ele>11.43</ele>
      </trkpt>
      <trkpt lat="25.009783627465367" lon="121.53156856074929">
        <ele>11.65</ele>
      </trkpt>
      <trkpt lat="25.009759990498424" lon="121.53161994181573">
        <ele>11.68</ele>
      </trkpt>
      <trkpt lat="25.00971489585936" lon="121.53169160708785">
        <ele>11.74</ele>
      </trkpt>
      <trkpt lat="25.009589921683073" lon="121.53188992291689">
        <ele>11.77</ele>
      </trkpt>
      <trkpt lat="25.009508784860373" lon="121.53199695982039">
        <ele>11.8</ele>
      </trkpt>
      <trkpt lat="25.009369980543852" lon="121.53217993676662">
        <ele>11.91</ele>
      </trkpt>
      <trkpt lat="25.00936553813517" lon="121.53218555264175">
        <ele>11.91</ele>
      </trkpt>
      <trkpt lat="25.0091499555856" lon="121.53245997615159">
        <ele>12.18</ele>
      </trkpt>
      <trkpt lat="25.00905959866941" lon="121.53254186734557">
        <ele>12.28</ele>
      </trkpt>
      <trkpt lat="25.00895608216524" lon="121.53263582848012">
        <ele>12.34</ele>
      </trkpt>
      <trkpt lat="25.00888659618795" lon="121.53269877657294">
        <ele>12.34</ele>
      </trkpt>
      <trkpt lat="25.008749049156904" lon="121.53282358311117">
        <ele>12.23</ele>
      </trkpt>
      <trkpt lat="25.0087199639529" lon="121.53284998610616">
        <ele>12.21</ele>
      </trkpt>
      <trkpt lat="25.008668918162584" lon="121.53286247514188">
        <ele>12.19</ele>
      </trkpt>
      <trkpt lat="25.008408157154918" lon="121.53292642906308">
        <ele>12.14</ele>
      </trkpt>
      <trkpt lat="25.008189976215363" lon="121.53297998942435">
        <ele>12.19</ele>
      </trkpt>
      <trkpt lat="25.008155023679137" lon="121.53298644348979">
        <ele>12.2</ele>
      </trkpt>
      <trkpt lat="25.007919995114207" lon="121.53302994556725">
        <ele>12.22</ele>
      </trkpt>
      <trkpt lat="25.007899207994342" lon="121.53303648345172">
        <ele>12.23</ele>
      </trkpt>
      <trkpt lat="25.007649092003703" lon="121.53311460278928">
        <ele>12.34</ele>
      </trkpt>
      <trkpt lat="25.007523698732257" lon="121.53315383009613">
        <ele>12.37</ele>
      </trkpt>
      <trkpt lat="25.007439963519573" lon="121.53317998163402">
        <ele>12.4</ele>
      </trkpt>
      <trkpt lat="25.007399562746286" lon="121.53320009820163">
        <ele>12.43</ele>
      </trkpt>
      <trkpt lat="25.00716126523912" lon="121.53331928886473">
        <ele>12.67</ele>
      </trkpt>
      <trkpt lat="25.00704249367118" lon="121.53337871655822">
        <ele>12.85</ele>
      </trkpt>
      <trkpt lat="25.00695993192494" lon="121.53341995552182">
        <ele>12.98</ele>
      </trkpt>
      <trkpt lat="25.006810314953327" lon="121.5335094742477">
        <ele>13.25</ele>
      </trkpt>
      <trkpt lat="25.006656926125288" lon="121.53360125608742">
        <ele>13.46</ele>
      </trkpt>
      <trkpt lat="25.006427597254515" lon="121.53373838402331">
        <ele>13.62</ele>
      </trkpt>
      <trkpt lat="25.0060829333961" lon="121.53394457884133">
        <ele>13.76</ele>
      </trkpt>
      <trkpt lat="25.005889981985092" lon="121.534059997648">
        <ele>13.79</ele>
      </trkpt>
      <trkpt lat="25.00577548518777" lon="121.53413275256753">
        <ele>13.81</ele>
      </trkpt>
      <trkpt lat="25.005585299804807" lon="121.53425361961126">
        <ele>13.86</ele>
      </trkpt>
      <trkpt lat="25.00539436005056" lon="121.53437498956919">
        <ele>13.83</ele>
      </trkpt>
      <trkpt lat="25.00516528263688" lon="121.53452058322728">
        <ele>13.76</ele>
      </trkpt>
      <trkpt lat="25.004898738116026" lon="121.53468998149037">
        <ele>13.78</ele>
      </trkpt>
      <trkpt lat="25.004783403128386" lon="121.53476323932409">
        <ele>13.82</ele>
      </trkpt>
      <trkpt lat="25.004709977656603" lon="121.53480992652476">
        <ele>13.82</ele>
      </trkpt>
      <trkpt lat="25.00466488301754" lon="121.53483180329204">
        <ele>13.82</ele>
      </trkpt>
      <trkpt lat="25.004399931058288" lon="121.53495996259153">
        <ele>13.73</ele>
      </trkpt>
      <trkpt lat="25.004336144775152" lon="121.53498519212008">
        <ele>13.71</ele>
      </trkpt>
      <trkpt lat="25.00425157137215" lon="121.5350188035518">
        <ele>13.7</ele>
      </trkpt>
      <trkpt lat="25.004000198096037" lon="121.53511838056147">
        <ele>13.76</ele>
      </trkpt>
      <trkpt lat="25.00386994332075" lon="121.53516992926598">
        <ele>13.76</ele>
      </trkpt>
      <trkpt lat="25.00378587283194" lon="121.53518736362457">
        <ele>13.76</ele>
      </trkpt>
      <trkpt lat="25.00361085869372" lon="121.53522357344627">
        <ele>13.8</ele>
      </trkpt>
      <trkpt lat="25.003347415477037" lon="121.53527805581689">
        <ele>13.81</ele>
      </trkpt>
      <trkpt lat="25.003289999440312" lon="121.53528995811939">
        <ele>13.82</ele>
      </trkpt>
      <trkpt lat="25.003214394673705" lon="121.53528995811939">
        <ele>13.85</ele>
      </trkpt>
      <trkpt lat="25.00299135223031" lon="121.53528995811939">
        <ele>13.97</ele>
      </trkpt>
      <trkpt lat="25.002723382785916" lon="121.53528995811939">
        <ele>14.03</ele>
      </trkpt>
      <trkpt lat="25.00241132453084" lon="121.53528995811939">
        <ele>14.15</ele>
      </trkpt>
      <trkpt lat="25.00218995846808" lon="121.53528995811939">
        <ele>14.2</ele>
      </trkpt>
      <trkpt lat="25.00214788131416" lon="121.53528668917716">
        <ele>14.21</ele>
      </trkpt>
      <trkpt lat="25.00188510864973" lon="121.53526623733342">
        <ele>14.18</ele>
      </trkpt>
      <trkpt lat="25.001621330156922" lon="121.53524578548968">
        <ele>14.28</ele>
      </trkpt>
      <trkpt lat="25.001489482820034" lon="121.53523547574878">
        <ele>14.26</ele>
      </trkpt>
      <trkpt lat="25.00140239484608" lon="121.53522877022624">
        <ele>14.27</ele>
      </trkpt>
      <trkpt lat="25.001006769016385" lon="121.5351980086416">
        <ele>14.42</ele>
      </trkpt>
      <trkpt lat="25.000918926671147" lon="121.535191135481">
        <ele>14.47</ele>
      </trkpt>
      <trkpt lat="25.000787917524576" lon="121.53518099337816">
        <ele>14.57</ele>
      </trkpt>
      <trkpt lat="25.00048021785915" lon="121.53515710495412">
        <ele>14.9</ele>
      </trkpt>
      <trkpt lat="25.00030528753996" lon="121.53514344245195">
        <ele>14.97</ele>
      </trkpt>
      <trkpt lat="25.0002599414438" lon="121.53513992205262">
        <ele>14.97</ele>
      </trkpt>
      <trkpt lat="25.000174110755324" lon="121.53513992205262">
        <ele>14.99</ele>
      </trkpt>
      <trkpt lat="25.00008685514331" lon="121.53513992205262">
        <ele>14.98</ele>
      </trkpt>
      <trkpt lat="24.999823328107595" lon="121.53513992205262">
        <ele>14.89</ele>
      </trkpt>
      <trkpt lat="24.999735234305263" lon="121.53513992205262">
        <ele>14.89</ele>
      </trkpt>
      <trkpt lat="24.999647978693247" lon="121.53513992205262">
        <ele>14.92</ele>
      </trkpt>
      <trkpt lat="24.999428540468216" lon="121.53513992205262">
        <ele>15.1</ele>
      </trkpt>
      <trkpt lat="24.999340446665883" lon="121.53513992205262">
        <ele>15.15</ele>
      </trkpt>
      <trkpt lat="24.99907784163952" lon="121.53513992205262">
        <ele>15.26</ele>
      </trkpt>
      <trkpt lat="24.998978013172746" lon="121.53513992205262">
        <ele>15.27</ele>
      </trkpt>
      <trkpt lat="24.99861557967961" lon="121.53513992205262">
        <ele>15.24</ele>
      </trkpt>
      <trkpt lat="24.99857995659113" lon="121.53513992205262">
        <ele>15.19</ele>
      </trkpt>
      <trkpt lat="24.998352639377117" lon="121.53516883961856">
        <ele>14.94</ele>
      </trkpt>
      <trkpt lat="24.998089112341404" lon="121.53520236723125">
        <ele>14.67</ele>
      </trkpt>
      <trkpt lat="24.997737994417548" lon="121.53524695895612">
        <ele>14.47</ele>
      </trkpt>
      <trkpt lat="24.997605811804533" lon="121.5352638065815">
        <ele>14.42</ele>
      </trkpt>
      <trkpt lat="24.99739995226264" lon="121.53528995811939">
        <ele>14.37</ele>
      </trkpt>
      <trkpt lat="24.997298195958138" lon="121.53529984876513">
        <ele>14.35</ele>
      </trkpt>
      <trkpt lat="24.99716643244028" lon="121.53531267307699">
        <ele>14.35</ele>
      </trkpt>
      <trkpt lat="24.99703391455114" lon="121.53532558120787">
        <ele>14.39</ele>
      </trkpt>
      <trkpt lat="24.996858313679695" lon="121.53534259647131">
        <ele>14.49</ele>
      </trkpt>
      <trkpt lat="24.99676963314414" lon="121.53535122983158">
        <ele>14.55</ele>
      </trkpt>
      <trkpt lat="24.996679946780205" lon="121.53535994701087">
        <ele>14.64</ele>
      </trkpt>
      <trkpt lat="24.996459921821952" lon="121.53535994701087">
        <ele>14.87</ele>
      </trkpt>
      <trkpt lat="24.996369061991572" lon="121.5353809017688">
        <ele>14.97</ele>
      </trkpt>
      <trkpt lat="24.996199999004602" lon="121.53541996143758">
        <ele>14.93</ele>
      </trkpt>
      <trkpt lat="24.996195724233985" lon="121.53542138636112">
        <ele>14.93</ele>
      </trkpt>
      <trkpt lat="24.995854832232" lon="121.53553504496813">
        <ele>14.92</ele>
      </trkpt>
      <trkpt lat="24.995779981836677" lon="121.53555993922055">
        <ele>14.93</ele>
      </trkpt>
      <trkpt lat="24.99573421664536" lon="121.5355952270329">
        <ele>14.94</ele>
      </trkpt>
      <trkpt lat="24.995552077889442" lon="121.53573562391102">
        <ele>15.01</ele>
      </trkpt>
      <trkpt lat="24.995442274957895" lon="121.53582028113306">
        <ele>15.02</ele>
      </trkpt>
      <trkpt lat="24.995299950242043" lon="121.53592991642654">
        <ele>15.0</ele>
      </trkpt>
      <trkpt lat="24.995175478979945" lon="121.53607592917979">
        <ele>14.98</ele>
      </trkpt>
      <trkpt lat="24.994961572811007" lon="121.53632663190365">
        <ele>14.81</ele>
      </trkpt>
      <trkpt lat="24.99490055255592" lon="121.53639821335673">
        <ele>14.81</ele>
      </trkpt>
      <trkpt lat="24.99483953230083" lon="121.53646971099079">
        <ele>14.85</ele>
      </trkpt>
      <trkpt lat="24.994778595864773" lon="121.53654129244387">
        <ele>14.95</ele>
      </trkpt>
      <trkpt lat="24.994719922542572" lon="121.53660994023085">
        <ele>15.14</ele>
      </trkpt>
      <trkpt lat="24.99471740797162" lon="121.5366127062589">
        <ele>15.14</ele>
      </trkpt>
      <trkpt lat="24.994654459878802" lon="121.53668068349361">
        <ele>15.38</ele>
      </trkpt>
      <trkpt lat="24.99449503608048" lon="121.53685284778476">
        <ele>16.13</ele>
      </trkpt>
      <trkpt lat="24.994469974189997" lon="121.536879921332">
        <ele>16.22</ele>
      </trkpt>
      <trkpt lat="24.99442462809384" lon="121.53691210784018">
        <ele>16.37</ele>
      </trkpt>
      <trkpt lat="24.994349777698517" lon="121.53696524910629">
        <ele>16.56</ele>
      </trkpt>
      <trkpt lat="24.99415992759168" lon="121.53709994629025">
        <ele>16.98</ele>
      </trkpt>
      <trkpt lat="24.99415992759168" lon="121.53709994629025">
        <ele>16.98</ele>
      </trkpt>
      <trkpt lat="24.99408759176731" lon="121.53714219108224">
        <ele>17.08</ele>
      </trkpt>
      <trkpt lat="24.9940103944391" lon="121.53718720190227">
        <ele>17.13</ele>
      </trkpt>
      <trkpt lat="24.99391995370388" lon="121.53723992407322">
        <ele>17.13</ele>
      </trkpt>
      <trkpt lat="24.993890449404716" lon="121.53724947944283">
        <ele>17.13</ele>
      </trkpt>
      <trkpt lat="24.99376446940005" lon="121.53729029931128">
        <ele>17.08</ele>
      </trkpt>
      <trkpt lat="24.993594400584698" lon="121.53734528459609">
        <ele>16.95</ele>
      </trkpt>
      <trkpt lat="24.993579983711243" lon="121.53734997846186">
        <ele>16.93</ele>
      </trkpt>
      <trkpt lat="24.993420392274857" lon="121.53736690990627">
        <ele>16.78</ele>
      </trkpt>
      <trkpt lat="24.993332717567682" lon="121.53737629763782">
        <ele>16.72</ele>
      </trkpt>
      <trkpt lat="24.99326373450458" lon="121.53738358989358">
        <ele>16.73</ele>
      </trkpt>
      <trkpt lat="24.993109926581383" lon="121.53739993460476">
        <ele>16.67</ele>
      </trkpt>
      <trkpt lat="24.993089139461517" lon="121.53739993460476">
        <ele>16.67</ele>
      </trkpt>
      <trkpt lat="24.99286995269358" lon="121.53739993460476">
        <ele>16.64</ele>
      </trkpt>
      <trkpt lat="24.992696782574058" lon="121.53737428598106">
        <ele>16.62</ele>
      </trkpt>
      <trkpt lat="24.99260944314301" lon="121.53736137785017">
        <ele>16.62</ele>
      </trkpt>
      <trkpt lat="24.992599971592426" lon="121.53735995292664">
        <ele>16.62</ele>
      </trkpt>
      <trkpt lat="24.99248329550028" lon="121.53732147999108">
        <ele>16.65</ele>
      </trkpt>
      <trkpt lat="24.992152461782098" lon="121.53721226379275">
        <ele>16.66</ele>
      </trkpt>
      <trkpt lat="24.99198440462351" lon="121.53715685941279">
        <ele>16.54</ele>
      </trkpt>
      <trkpt lat="24.99159992672503" lon="121.53702995739877">
        <ele>16.2</ele>
      </trkpt>
      <trkpt lat="24.991564974188805" lon="121.53701478615403">
        <ele>16.17</ele>
      </trkpt>
      <trkpt lat="24.99123782850802" lon="121.53687254525721">
        <ele>15.98</ele>
      </trkpt>
      <trkpt lat="24.991155853495002" lon="121.5368368383497">
        <ele>15.95</ele>
      </trkpt>
      <trkpt lat="24.991139927878976" lon="121.5368299651891">
        <ele>15.95</ele>
      </trkpt>
      <trkpt lat="24.991072034463286" lon="121.5368106868118">
        <ele>15.95</ele>
      </trkpt>
      <trkpt lat="24.99077414162457" lon="121.53672619722784">
        <ele>16.06</ele>
      </trkpt>
      <trkpt lat="24.990515476092696" lon="121.53665285557508">
        <ele>16.29</ele>
      </trkpt>
      <trkpt lat="24.990469962358475" lon="121.5366399474442">
        <ele>16.34</ele>
      </trkpt>
      <trkpt lat="24.990203166380525" lon="121.53663039207458">
        <ele>16.69</ele>
      </trkpt>
      <trkpt lat="24.990189922973514" lon="121.53662997297943">
        <ele>16.71</ele>
      </trkpt>
      <trkpt lat="24.99011398293078" lon="121.53664112091064">
        <ele>16.85</ele>
      </trkpt>
      <trkpt lat="24.989849952980876" lon="121.53667992912233">
        <ele>17.42</ele>
      </trkpt>
      <trkpt lat="24.989763954654336" lon="121.53671471402049">
        <ele>17.62</ele>
      </trkpt>
      <trkpt lat="24.989595897495747" lon="121.53678269125521">
        <ele>17.94</ele>
      </trkpt>
      <trkpt lat="24.989427840337157" lon="121.5368505846709">
        <ele>18.0</ele>
      </trkpt>
      <trkpt lat="24.989379979670048" lon="121.53686994686723">
        <ele>18.0</ele>
      </trkpt>
      <trkpt lat="24.989238996058702" lon="121.53698209673166">
        <ele>18.03</ele>
      </trkpt>
      <trkpt lat="24.989020144566894" lon="121.53715618886054">
        <ele>17.97</ele>
      </trkpt>
      <trkpt lat="24.988939929753542" lon="121.53721997514367">
        <ele>17.96</ele>
      </trkpt>
      <trkpt lat="24.988789977505803" lon="121.53740999288857">
        <ele>17.95</ele>
      </trkpt>
      <trkpt lat="24.98870632611215" lon="121.53756991960108">
        <ele>17.95</ele>
      </trkpt>
      <trkpt lat="24.988559978082776" lon="121.53784995898604">
        <ele>18.06</ele>
      </trkpt>
      <trkpt lat="24.988541454076767" lon="121.53792070224881">
        <ele>18.09</ele>
      </trkpt>
      <trkpt lat="24.98843994922936" lon="121.5383099578321">
        <ele>18.12</ele>
      </trkpt>
      <trkpt lat="24.988408014178276" lon="121.53859728947282">
        <ele>18.15</ele>
      </trkpt>
      <trkpt lat="24.98839996755123" lon="121.53866996057332">
        <ele>18.18</ele>
      </trkpt>
      <trkpt lat="24.988387813791633" lon="121.53884430415928">
        <ele>18.27</ele>
      </trkpt>
      <trkpt lat="24.988374151289463" lon="121.53904220089316">
        <ele>18.33</ele>
      </trkpt>
      <trkpt lat="24.988363422453403" lon="121.53919651173055">
        <ele>18.41</ele>
      </trkpt>
      <trkpt lat="24.988353615626693" lon="121.5393369924277">
        <ele>18.51</ele>
      </trkpt>
      <trkpt lat="24.988349927589297" lon="121.53938996605575">
        <ele>18.56</ele>
      </trkpt>
      <trkpt lat="24.988369960337877" lon="121.53950999490917">
        <ele>18.68</ele>
      </trkpt>
      <trkpt lat="24.988368032500148" lon="121.53957093134522">
        <ele>18.75</ele>
      </trkpt>
      <trkpt lat="24.98836333863437" lon="121.53971468098462">
        <ele>18.81</ele>
      </trkpt>
      <trkpt lat="24.988359985873103" lon="121.53981995768845">
        <ele>18.73</ele>
      </trkpt>
      <trkpt lat="24.988354705274105" lon="121.53985910117626">
        <ele>18.7</ele>
      </trkpt>
      <trkpt lat="24.988339953124523" lon="121.53996999375522">
        <ele>18.56</ele>
      </trkpt>
      <trkpt lat="24.98824993148446" lon="121.54000997543335">
        <ele>18.43</ele>
      </trkpt>
      <trkpt lat="24.988209949806333" lon="121.54005993157625">
        <ele>18.35</ele>
      </trkpt>
      <trkpt lat="24.988196035847068" lon="121.54011223465204">
        <ele>18.29</ele>
      </trkpt>
      <trkpt lat="24.988169968128204" lon="121.54020996764302">
        <ele>18.13</ele>
      </trkpt>
      <trkpt lat="24.988169968128204" lon="121.54020996764302">
        <ele>18.13</ele>
      </trkpt>
      <trkpt lat="24.98813996091485" lon="121.54044516384602">
        <ele>17.6</ele>
      </trkpt>
      <trkpt lat="24.988121520727873" lon="121.54058958403766">
        <ele>17.34</ele>
      </trkpt>
      <trkpt lat="24.988109953701496" lon="121.54067994095385">
        <ele>17.2</ele>
      </trkpt>
      <trkpt lat="24.98811012133956" lon="121.5406858921051">
        <ele>17.2</ele>
      </trkpt>
      <trkpt lat="24.988111797720194" lon="121.5407345071435">
        <ele>17.15</ele>
      </trkpt>
      <trkpt lat="24.988116826862097" lon="121.54088018462062">
        <ele>17.05</ele>
      </trkpt>
      <trkpt lat="24.988121856004" lon="121.54102695174515">
        <ele>17.14</ele>
      </trkpt>
      <trkpt lat="24.988131998106837" lon="121.54132241383195">
        <ele>17.42</ele>
      </trkpt>
      <trkpt lat="24.98813702724874" lon="121.54146918095648">
        <ele>17.49</ele>
      </trkpt>
      <trkpt lat="24.98814038001001" lon="121.541568338871">
        <ele>17.49</ele>
      </trkpt>
      <trkpt lat="24.988150438293815" lon="121.54186279512942">
        <ele>17.35</ele>
      </trkpt>
      <trkpt lat="24.988153791055083" lon="121.54196094721556">
        <ele>17.34</ele>
      </trkpt>
      <trkpt lat="24.988158904016018" lon="121.54210863634944">
        <ele>17.4</ele>
      </trkpt>
      <trkpt lat="24.98815999366343" lon="121.5421399846673">
        <ele>17.42</ele>
      </trkpt>
      <trkpt lat="24.988200226798654" lon="121.54235011897981">
        <ele>17.61</ele>
      </trkpt>
      <trkpt lat="24.988227719441056" lon="121.54249378480017">
        <ele>17.66</ele>
      </trkpt>
      <trkpt lat="24.98824993148446" lon="121.54260995797813">
        <ele>17.64</ele>
      </trkpt>
      <trkpt lat="24.98828999698162" lon="121.54292997904122">
        <ele>17.62</ele>
      </trkpt>
      <trkpt lat="24.988290332257748" lon="121.54293157160282">
        <ele>17.62</ele>
      </trkpt>
      <trkpt lat="24.988361410796642" lon="121.54321571812034">
        <ele>17.54</ele>
      </trkpt>
      <trkpt lat="24.98839996755123" lon="121.54336994513869">
        <ele>17.54</ele>
      </trkpt>
      <trkpt lat="24.98837700113654" lon="121.54350221157074">
        <ele>17.54</ele>
      </trkpt>
      <trkpt lat="24.98834322206676" lon="121.5436960849911">
        <ele>17.51</ele>
      </trkpt>
      <trkpt lat="24.988319920375943" lon="121.54382994398475">
        <ele>17.47</ele>
      </trkpt>
      <trkpt lat="24.988319417461753" lon="121.54384050518274">
        <ele>17.47</ele>
      </trkpt>
      <trkpt lat="24.98830994591117" lon="121.54403999447823">
        <ele>17.61</ele>
      </trkpt>
      <trkpt lat="24.98828513547778" lon="121.5441329497844">
        <ele>17.68</ele>
      </trkpt>
      <trkpt lat="24.98826996423304" lon="121.54418994672596">
        <ele>17.72</ele>
      </trkpt>
      <trkpt lat="24.98819997534156" lon="121.54434995725751">
        <ele>17.87</ele>
      </trkpt>
      <trkpt lat="24.988099979236722" lon="121.54446998611093">
        <ele>18.0</ele>
      </trkpt>
      <trkpt lat="24.988063434138894" lon="121.54449085704982">
        <ele>18.04</ele>
      </trkpt>
      <trkpt lat="24.987943656742573" lon="121.5445592533797">
        <ele>18.11</ele>
      </trkpt>
      <trkpt lat="24.98781993985176" lon="121.54462999664247">
        <ele>18.15</ele>
      </trkpt>
      <trkpt lat="24.98773930594325" lon="121.54466142877936">
        <ele>18.18</ele>
      </trkpt>
      <trkpt lat="24.987696893513203" lon="121.54467794112861">
        <ele>18.21</ele>
      </trkpt>
      <trkpt lat="24.987655319273472" lon="121.54469411820173">
        <ele>18.27</ele>
      </trkpt>
      <trkpt lat="24.987570578232408" lon="121.54472714290023">
        <ele>18.47</ele>
      </trkpt>
      <trkpt lat="24.98748575337231" lon="121.54476025141776">
        <ele>18.79</ele>
      </trkpt>
      <trkpt lat="24.987400928512216" lon="121.54479327611625">
        <ele>19.17</ele>
      </trkpt>
      <trkpt lat="24.987229937687516" lon="121.5448599960655">
        <ele>19.99</ele>
      </trkpt>
      <trkpt lat="24.987229937687516" lon="121.5448599960655">
        <ele>19.99</ele>
      </trkpt>
      <trkpt lat="24.987155003473163" lon="121.54490986838937">
        <ele>20.37</ele>
      </trkpt>
      <trkpt lat="24.98704494908452" lon="121.54498329386115">
        <ele>20.56</ele>
      </trkpt>
      <trkpt lat="24.98697110451758" lon="121.5450325794518">
        <ele>20.66</ele>
      </trkpt>
      <trkpt lat="24.98695995658636" lon="121.54503995552659">
        <ele>20.66</ele>
      </trkpt>
      <trkpt lat="24.986852500587702" lon="121.54508957639337">
        <ele>20.73</ele>
      </trkpt>
      <trkpt lat="24.98682995326817" lon="121.5450999699533">
        <ele>20.73</ele>
      </trkpt>
      <trkpt lat="24.986619986593723" lon="121.54507993720472">
        <ele>20.78</ele>
      </trkpt>
      <trkpt lat="24.986479924991727" lon="121.54503995552659">
        <ele>20.81</ele>
      </trkpt>
      <trkpt lat="24.986468609422445" lon="121.54504020698369">
        <ele>20.82</ele>
      </trkpt>
      <trkpt lat="24.986294182017446" lon="121.54504439793527">
        <ele>20.81</ele>
      </trkpt>
      <trkpt lat="24.986209608614445" lon="121.54504640959203">
        <ele>20.78</ele>
      </trkpt>
      <trkpt lat="24.986125119030476" lon="121.5450484212488">
        <ele>20.72</ele>
      </trkpt>
      <trkpt lat="24.986059991642833" lon="121.54504992999136">
        <ele>20.64</ele>
      </trkpt>
      <trkpt lat="24.985955385491252" lon="121.54504247009754">
        <ele>20.52</ele>
      </trkpt>
      <trkpt lat="24.985870979726315" lon="121.54503643512726">
        <ele>20.45</ele>
      </trkpt>
      <trkpt lat="24.98577995225787" lon="121.54502998106182">
        <ele>20.41</ele>
      </trkpt>
      <trkpt lat="24.985701497644186" lon="121.54503744095564">
        <ele>20.38</ele>
      </trkpt>
      <trkpt lat="24.985569985583425" lon="121.54504992999136">
        <ele>20.26</ele>
      </trkpt>
      <trkpt lat="24.985526483505964" lon="121.54506929218769">
        <ele>20.23</ele>
      </trkpt>
      <trkpt lat="24.985479963943362" lon="121.54508999548852">
        <ele>20.21</ele>
      </trkpt>
      <trkpt lat="24.985395222902298" lon="121.5450875647366">
        <ele>20.2</ele>
      </trkpt>
      <trkpt lat="24.985356582328677" lon="121.54508655890822">
        <ele>20.22</ele>
      </trkpt>
      <trkpt lat="24.985356582328677" lon="121.54508655890822">
        <ele>20.21</ele>
      </trkpt>
      <trkpt lat="24.985296316444874" lon="121.54508488252759">
        <ele>20.2</ele>
      </trkpt>
      <trkpt lat="24.985206378623843" lon="121.54508236795664">
        <ele>20.25</ele>
      </trkpt>
      <trkpt lat="24.985119961202145" lon="121.54507993720472">
        <ele>20.33</ele>
      </trkpt>
      <trkpt lat="24.985229931771755" lon="121.54507993720472">
        <ele>20.45</ele>
      </trkpt>
      <trkpt lat="24.985202522948384" lon="121.54508035629988">
        <ele>20.48</ele>
      </trkpt>
      <trkpt lat="24.985067658126354" lon="121.5450825355947">
        <ele>20.59</ele>
      </trkpt>
      <trkpt lat="24.984977720305324" lon="121.54508396051824">
        <ele>20.63</ele>
      </trkpt>
      <trkpt lat="24.98484369367361" lon="121.54508605599403">
        <ele>20.65</ele>
      </trkpt>
      <trkpt lat="24.984599947929382" lon="121.54508999548852">
        <ele>20.58</ele>
      </trkpt>
      <trkpt lat="24.984574802219868" lon="121.54509728774428">
        <ele>20.58</ele>
      </trkpt>
      <trkpt lat="24.98435997404158" lon="121.54515998438">
        <ele>20.55</ele>
      </trkpt>
      <trkpt lat="24.98423868790269" lon="121.54522930271924">
        <ele>20.54</ele>
      </trkpt>
      <trkpt lat="24.984149923548102" lon="121.54527992941439">
        <ele>20.5</ele>
      </trkpt>
      <trkpt lat="24.984039952978492" lon="121.54536995105445">
        <ele>20.45</ele>
      </trkpt>
      <trkpt lat="24.9839842133224" lon="121.54542862437665">
        <ele>20.43</ele>
      </trkpt>
      <trkpt lat="24.98391916975379" lon="121.54549710452557">
        <ele>20.43</ele>
      </trkpt>
      <trkpt lat="24.983849935233593" lon="121.54556994326413">
        <ele>20.44</ele>
      </trkpt>
      <trkpt lat="24.9837632663548" lon="121.54573540203273">
        <ele>20.48</ele>
      </trkpt>
      <trkpt lat="24.983739964663982" lon="121.5457799937576">
        <ele>20.48</ele>
      </trkpt>
      <trkpt lat="24.983666874468327" lon="121.54601259157062">
        <ele>20.48</ele>
      </trkpt>
      <trkpt lat="24.983637370169163" lon="121.54610630124807">
        <ele>20.46</ele>
      </trkpt>
      <trkpt lat="24.983629994094372" lon="121.54612993821502">
        <ele>20.44</ele>
      </trkpt>
      <trkpt lat="24.983619935810566" lon="121.54628994874656">
        <ele>20.36</ele>
      </trkpt>
      <trkpt lat="24.98362303711474" lon="121.54635155573487">
        <ele>20.33</ele>
      </trkpt>
      <trkpt lat="24.983630497008562" lon="121.5465001668781">
        <ele>20.3</ele>
      </trkpt>
      <trkpt lat="24.983639968559146" lon="121.54668993316591">
        <ele>20.31</ele>
      </trkpt>
      <trkpt lat="24.983659414574504" lon="121.54684466309845">
        <ele>20.33</ele>
      </trkpt>
      <trkpt lat="24.983690176159143" lon="121.54708933085203">
        <ele>20.33</ele>
      </trkpt>
      <trkpt lat="24.983721105381846" lon="121.54733500443399">
        <ele>20.38</ele>
      </trkpt>
      <trkpt lat="24.98374566435814" lon="121.54753055423498">
        <ele>20.4</ele>
      </trkpt>
      <trkpt lat="24.983764188364148" lon="121.54767799191177">
        <ele>20.39</ele>
      </trkpt>
      <trkpt lat="24.983788831159472" lon="121.54787354171276">
        <ele>20.34</ele>
      </trkpt>
      <trkpt lat="24.983819592744112" lon="121.54811829328537">
        <ele>20.34</ele>
      </trkpt>
      <trkpt lat="24.983849935233593" lon="121.5483599435538">
        <ele>20.26</ele>
      </trkpt>
      <trkpt lat="24.983911206945777" lon="121.54854870401323">
        <ele>20.21</ele>
      </trkpt>
      <trkpt lat="24.98396996408701" lon="121.5487299207598">
        <ele>20.24</ele>
      </trkpt>
      <trkpt lat="24.984101224690676" lon="121.54904885217547">
        <ele>20.31</ele>
      </trkpt>
      <trkpt lat="24.984109941869974" lon="121.54906997457147">
        <ele>20.3</ele>
      </trkpt>
      <trkpt lat="24.984215050935745" lon="121.54926259070635">
        <ele>20.29</ele>
      </trkpt>
      <trkpt lat="24.984330469742417" lon="121.54947431758046">
        <ele>20.21</ele>
      </trkpt>
      <trkpt lat="24.984349999576807" lon="121.54950994066894">
        <ele>20.2</ele>
      </trkpt>
      <trkpt lat="24.984411355108023" lon="121.5495917480439">
        <ele>20.19</ele>
      </trkpt>
      <trkpt lat="24.9845299590379" lon="121.54974999837577">
        <ele>20.2</ele>
      </trkpt>
      <trkpt lat="24.984717713668942" lon="121.54995116405189">
        <ele>20.23</ele>
      </trkpt>
      <trkpt lat="24.98480999842286" lon="121.55004998669028">
        <ele>20.19</ele>
      </trkpt>
      <trkpt lat="24.984922986477613" lon="121.55014176853001">
        <ele>20.16</ele>
      </trkpt>
      <trkpt lat="24.98521115630865" lon="121.55037595890462">
        <ele>20.18</ele>
      </trkpt>
      <trkpt lat="24.985289946198463" lon="121.55043999664485">
        <ele>20.17</ele>
      </trkpt>
      <trkpt lat="24.98559999279678" lon="121.5505899488926">
        <ele>20.13</ele>
      </trkpt>
      <trkpt lat="24.985655145719647" lon="121.5506031922996">
        <ele>20.13</ele>
      </trkpt>
      <trkpt lat="24.985742988064885" lon="121.5506243146956">
        <ele>20.15</ele>
      </trkpt>
      <trkpt lat="24.985849941149354" lon="121.5506499633193">
        <ele>20.19</ele>
      </trkpt>
      <trkpt lat="24.986049933359027" lon="121.55065993778408">
        <ele>20.28</ele>
      </trkpt>
      <trkpt lat="24.986053202301264" lon="121.55066060833633">
        <ele>20.28</ele>
      </trkpt>
      <trkpt lat="24.986141547560692" lon="121.5506790485233">
        <ele>20.29</ele>
      </trkpt>
      <trkpt lat="24.986229054629803" lon="121.55069723725319">
        <ele>20.26</ele>
      </trkpt>
      <trkpt lat="24.98628999106586" lon="121.55070997774601">
        <ele>20.21</ele>
      </trkpt>
      <trkpt lat="24.98635637573898" lon="121.55074317008257">
        <ele>20.17</ele>
      </trkpt>
      <trkpt lat="24.986409936100245" lon="121.55076999217272">
        <ele>20.15</ele>
      </trkpt>
      <trkpt lat="24.986449917778373" lon="121.55076999217272">
        <ele>20.15</ele>
      </trkpt>
      <trkpt lat="24.986449917778373" lon="121.55076999217272">
        <ele>20.15</ele>
      </trkpt>
      <trkpt lat="24.986499957740307" lon="121.55070997774601">
        <ele>20.15</ele>
      </trkpt>
      <trkpt lat="24.986499957740307" lon="121.55065993778408">
        <ele>20.16</ele>
      </trkpt>
      <trkpt lat="24.986504903063178" lon="121.55065641738474">
        <ele>20.16</ele>
      </trkpt>
      <trkpt lat="24.98673121444881" lon="121.5504961553961">
        <ele>20.26</ele>
      </trkpt>
      <trkpt lat="24.986739931628108" lon="121.55048995278776">
        <ele>20.26</ele>
      </trkpt>
      <trkpt lat="24.986799946054816" lon="121.55047997832298">
        <ele>20.26</ele>
      </trkpt>
      <trkpt lat="24.986818805336952" lon="121.55048140324652">
        <ele>20.27</ele>
      </trkpt>
      <trkpt lat="24.986929949373007" lon="121.55048995278776">
        <ele>20.21</ele>
      </trkpt>
      <trkpt lat="24.98706992715597" lon="121.55054996721447">
        <ele>20.13</ele>
      </trkpt>
      <trkpt lat="24.987141340970993" lon="121.55062129721045">
        <ele>20.08</ele>
      </trkpt>
      <trkpt lat="24.987209988757968" lon="121.55068994499743">
        <ele>20.08</ele>
      </trkpt>
      <trkpt lat="24.987209988757968" lon="121.55068994499743">
        <ele>20.08</ele>
      </trkpt>
      <trkpt lat="24.98725994490087" lon="121.55078994110227">
        <ele>20.1</ele>
      </trkpt>
      <trkpt lat="24.98727997764945" lon="121.55086705461144">
        <ele>20.13</ele>
      </trkpt>
      <trkpt lat="24.98735415749252" lon="121.55115220695734">
        <ele>20.11</ele>
      </trkpt>
      <trkpt lat="24.98738994821906" lon="121.55128992162645">
        <ele>20.11</ele>
      </trkpt>
      <trkpt lat="24.9874138366431" lon="121.55144104734063">
        <ele>20.13</ele>
      </trkpt>
      <trkpt lat="24.987419955432415" lon="121.55147993937135">
        <ele>20.12</ele>
      </trkpt>
      <trkpt lat="24.987419955432415" lon="121.55158999375999">
        <ele>20.1</ele>
      </trkpt>
      <trkpt lat="24.98738994821906" lon="121.55172997154295">
        <ele>20.07</ele>
      </trkpt>
      <trkpt lat="24.987340159714222" lon="121.55187925323844">
        <ele>20.05</ele>
      </trkpt>
      <trkpt lat="24.987309984862804" lon="121.55196994543076">
        <ele>20.03</ele>
      </trkpt>
      <trkpt lat="24.987169923260808" lon="121.55220991931856">
        <ele>19.97</ele>
      </trkpt>
      <trkpt lat="24.987159948796034" lon="121.55222995206714">
        <ele>19.97</ele>
      </trkpt>
      <trkpt lat="24.987156093120575" lon="121.55223892070353">
        <ele>19.97</ele>
      </trkpt>
      <trkpt lat="24.98712994158268" lon="121.55229994095862">
        <ele>19.98</ele>
      </trkpt>
      <trkpt lat="24.987078057602048" lon="121.5523561835289">
        <ele>20.0</ele>
      </trkpt>
      <trkpt lat="24.987013852223754" lon="121.55242575332522">
        <ele>20.04</ele>
      </trkpt>
      <trkpt lat="24.986790558323264" lon="121.55266765505075">
        <ele>20.29</ele>
      </trkpt>
      <trkpt lat="24.986589727923274" lon="121.55288524925709">
        <ele>20.3</ele>
      </trkpt>
      <trkpt lat="24.98652996495366" lon="121.55294995754957">
        <ele>20.4</ele>
      </trkpt>
      <trkpt lat="24.98636970296502" lon="121.55304609797895">
        <ele>20.64</ele>
      </trkpt>
      <trkpt lat="24.986279932782054" lon="121.55309999361634">
        <ele>20.71</ele>
      </trkpt>
      <trkpt lat="24.986179936677217" lon="121.5531799569726">
        <ele>20.8</ele>
      </trkpt>
      <trkpt lat="24.986142134293914" lon="121.55319613404572">
        <ele>20.84</ele>
      </trkpt>
      <trkpt lat="24.985829992219806" lon="121.55332999303937">
        <ele>20.92</ele>
      </trkpt>
      <trkpt lat="24.985699988901615" lon="121.5534199308604">
        <ele>20.95</ele>
      </trkpt>
      <trkpt lat="24.98566696420312" lon="121.55345203354955">
        <ele>20.97</ele>
      </trkpt>
      <trkpt lat="24.98536789789796" lon="121.55374246649444">
        <ele>21.19</ele>
      </trkpt>
      <trkpt lat="24.98534996062517" lon="121.55375998467207">
        <ele>21.2</ele>
      </trkpt>
      <trkpt lat="24.98510998673737" lon="121.55393994413316">
        <ele>21.33</ele>
      </trkpt>
      <trkpt lat="24.98510998673737" lon="121.55393994413316">
        <ele>21.33</ele>
      </trkpt>
      <trkpt lat="24.984865486621857" lon="121.5540447179228">
        <ele>21.53</ele>
      </trkpt>
      <trkpt lat="24.984782421961427" lon="121.55408034101129">
        <ele>21.54</ele>
      </trkpt>
      <trkpt lat="24.984619980677962" lon="121.55414999462664">
        <ele>21.45</ele>
      </trkpt>
      <trkpt lat="24.984573125839233" lon="121.55415326356888">
        <ele>21.43</ele>
      </trkpt>
      <trkpt lat="24.984484277665615" lon="121.55415963381529">
        <ele>21.4</ele>
      </trkpt>
      <trkpt lat="24.984339941293" lon="121.55416994355619">
        <ele>21.38</ele>
      </trkpt>
      <trkpt lat="24.984219996258616" lon="121.55415996909142">
        <ele>21.36</ele>
      </trkpt>
      <trkpt lat="24.98391875065863" lon="121.55407631769776">
        <ele>21.33</ele>
      </trkpt>
      <trkpt lat="24.983679950237274" lon="121.55400993302464">
        <ele>21.38</ele>
      </trkpt>
      <trkpt lat="24.98359026387334" lon="121.55394715256989">
        <ele>21.41</ele>
      </trkpt>
      <trkpt lat="24.983579954132438" lon="121.55393994413316">
        <ele>21.41</ele>
      </trkpt>
      <trkpt lat="24.98341592028737" lon="121.55390138737857">
        <ele>21.49</ele>
      </trkpt>
      <trkpt lat="24.9832849111408" lon="121.5538705419749">
        <ele>21.48</ele>
      </trkpt>
      <trkpt lat="24.9832399841398" lon="121.5538599807769">
        <ele>21.46</ele>
      </trkpt>
      <trkpt lat="24.98315113596618" lon="121.55385444872081">
        <ele>21.43</ele>
      </trkpt>
      <trkpt lat="24.983079973608255" lon="121.5538499224931">
        <ele>21.38</ele>
      </trkpt>
      <trkpt lat="24.982973942533135" lon="121.55382419005036">
        <ele>21.31</ele>
      </trkpt>
      <trkpt lat="24.98279825784266" lon="121.55378152616322">
        <ele>21.22</ele>
      </trkpt>
      <trkpt lat="24.982666578143835" lon="121.5537495072931">
        <ele>21.18</ele>
      </trkpt>
      <trkpt lat="24.982272209599614" lon="121.55365361832082">
        <ele>21.23</ele>
      </trkpt>
      <trkpt lat="24.982184367254376" lon="121.55363224446774">
        <ele>21.26</ele>
      </trkpt>
      <trkpt lat="24.98205268755555" lon="121.55360022559762">
        <ele>21.33</ele>
      </trkpt>
      <trkpt lat="24.981964845210314" lon="121.55357893556356">
        <ele>21.4</ele>
      </trkpt>
      <trkpt lat="24.9817013181746" lon="121.55351489782333">
        <ele>21.7</ele>
      </trkpt>
      <trkpt lat="24.981639962643385" lon="121.55349997803569">
        <ele>21.74</ele>
      </trkpt>
      <trkpt lat="24.98143401928246" lon="121.55349226668477">
        <ele>21.89</ele>
      </trkpt>
      <trkpt lat="24.981254311278462" lon="121.5534854773432">
        <ele>22.05</ele>
      </trkpt>
      <trkpt lat="24.981029592454433" lon="121.55347709544003">
        <ele>22.32</ele>
      </trkpt>
      <trkpt lat="24.980839993804693" lon="121.55346997082233">
        <ele>22.63</ele>
      </trkpt>
      <trkpt lat="24.98080604709685" lon="121.55347474850714">
        <ele>22.69</ele>
      </trkpt>
      <trkpt lat="24.980716863647103" lon="121.5534873213619">
        <ele>22.82</ele>
      </trkpt>
      <trkpt lat="24.980582166463137" lon="121.5535063482821">
        <ele>22.96</ele>
      </trkpt>
      <trkpt lat="24.98049382120371" lon="121.55351883731782">
        <ele>23.02</ele>
      </trkpt>
      <trkpt lat="24.980404637753963" lon="121.55353141017258">
        <ele>23.03</ele>
      </trkpt>
      <trkpt lat="24.98022618703544" lon="121.55355663970113">
        <ele>22.97</ele>
      </trkpt>
      <trkpt lat="24.980004066601396" lon="121.55358798801899">
        <ele>22.96</ele>
      </trkpt>
      <trkpt lat="24.979989985004067" lon="121.55358999967575">
        <ele>22.95</ele>
      </trkpt>
      <trkpt lat="24.979833075776696" lon="121.55363853089511">
        <ele>22.87</ele>
      </trkpt>
      <trkpt lat="24.97961925342679" lon="121.55370474793017">
        <ele>22.79</ele>
      </trkpt>
      <trkpt lat="24.979320522397757" lon="121.55379728414118">
        <ele>22.82</ele>
      </trkpt>
      <trkpt lat="24.97902262955904" lon="121.55388948507607">
        <ele>22.7</ele>
      </trkpt>
      <trkpt lat="24.978807885199785" lon="121.55395595356822">
        <ele>22.7</ele>
      </trkpt>
      <trkpt lat="24.978466741740704" lon="121.55406156554818">
        <ele>22.64</ele>
      </trkpt>
      <trkpt lat="24.97838107869029" lon="121.55408813618124">
        <ele>22.61</ele>
      </trkpt>
      <trkpt lat="24.97821050696075" lon="121.55414094217122">
        <ele>22.49</ele>
      </trkpt>
      <trkpt lat="24.97801998630166" lon="121.55419995076954">
        <ele>22.38</ele>
      </trkpt>
      <trkpt lat="24.977870704606175" lon="121.55425166711211">
        <ele>22.3</ele>
      </trkpt>
      <trkpt lat="24.97770080342889" lon="121.55431042425334">
        <ele>22.25</ele>
      </trkpt>
      <trkpt lat="24.9774999730289" lon="121.55437999404967">
        <ele>22.25</ele>
      </trkpt>
      <trkpt lat="24.977411879226565" lon="121.55443179421127">
        <ele>22.25</ele>
      </trkpt>
      <trkpt lat="24.97732998803258" lon="121.5544799901545">
        <ele>22.21</ele>
      </trkpt>
      <trkpt lat="24.977297550067306" lon="121.55450630933046">
        <ele>22.2</ele>
      </trkpt>
      <trkpt lat="24.977191099897027" lon="121.55459272675216">
        <ele>22.11</ele>
      </trkpt>
      <trkpt lat="24.977169977501035" lon="121.5546099934727">
        <ele>22.06</ele>
      </trkpt>
      <trkpt lat="24.97700703330338" lon="121.55480830930173">
        <ele>21.64</ele>
      </trkpt>
      <trkpt lat="24.976939978078008" lon="121.55488994903862">
        <ele>21.48</ele>
      </trkpt>
      <trkpt lat="24.976924555376172" lon="121.55492465011775">
        <ele>21.43</ele>
      </trkpt>
      <trkpt lat="24.976825565099716" lon="121.55514735728502">
        <ele>21.19</ele>
      </trkpt>
      <trkpt lat="24.976779967546463" lon="121.55524995177984">
        <ele>21.14</ele>
      </trkpt>
      <trkpt lat="24.976771334186196" lon="121.5552831441164">
        <ele>21.13</ele>
      </trkpt>
      <trkpt lat="24.976719953119755" lon="121.55547995120287">
        <ele>21.11</ele>
      </trkpt>
      <trkpt lat="24.976719953119755" lon="121.55577993951738">
        <ele>21.09</ele>
      </trkpt>
      <trkpt lat="24.976719953119755" lon="121.55577993951738">
        <ele>21.09</ele>
      </trkpt>
      <trkpt lat="24.97673923149705" lon="121.55601723119617">
        <ele>21.09</ele>
      </trkpt>
      <trkpt lat="24.97674996033311" lon="121.55614991672337">
        <ele>21.04</ele>
      </trkpt>
      <trkpt lat="24.976761611178517" lon="121.55621286481619">
        <ele>21.02</ele>
      </trkpt>
      <trkpt lat="24.976779632270336" lon="121.55631009489298">
        <ele>21.01</ele>
      </trkpt>
      <trkpt lat="24.97679991647601" lon="121.55641998164356">
        <ele>21.06</ele>
      </trkpt>
      <trkpt lat="24.976849956437945" lon="121.55658996663988">
        <ele>21.15</ele>
      </trkpt>
      <trkpt lat="24.976853225380182" lon="121.55659566633403">
        <ele>21.15</ele>
      </trkpt>
      <trkpt lat="24.976949114352465" lon="121.55676355585456">
        <ele>21.16</ele>
      </trkpt>
      <trkpt lat="24.976969985291362" lon="121.55679993331432">
        <ele>21.17</ele>
      </trkpt>
      <trkpt lat="24.977132342755795" lon="121.55697938986123">
        <ele>21.24</ele>
      </trkpt>
      <trkpt lat="24.97715991921723" lon="121.5570099838078">
        <ele>21.23</ele>
      </trkpt>
      <trkpt lat="24.977299980819225" lon="121.55711995437741">
        <ele>21.22</ele>
      </trkpt>
      <trkpt lat="24.977469965815544" lon="121.55717996880412">
        <ele>21.21</ele>
      </trkpt>
      <trkpt lat="24.9774859752506" lon="121.55718198046088">
        <ele>21.21</ele>
      </trkpt>
      <trkpt lat="24.977707508951426" lon="121.55721014365554">
        <ele>21.16</ele>
      </trkpt>
      <trkpt lat="24.977796860039234" lon="121.55722154304385">
        <ele>21.16</ele>
      </trkpt>
      <trkpt lat="24.977886211127043" lon="121.55723285861313">
        <ele>21.19</ele>
      </trkpt>
      <trkpt lat="24.978243615478277" lon="121.55727828852832">
        <ele>21.39</ele>
      </trkpt>
      <trkpt lat="24.97837672010064" lon="121.55729521997273">
        <ele>21.42</ele>
      </trkpt>
      <trkpt lat="24.978649970144033" lon="121.55732992105186">
        <ele>21.39</ele>
      </trkpt>
      <trkpt lat="24.978732280433178" lon="121.55735188163817">
        <ele>21.39</ele>
      </trkpt>
      <trkpt lat="24.978819703683257" lon="121.55737518332899">
        <ele>21.35</ele>
      </trkpt>
      <trkpt lat="24.978949958458543" lon="121.55740996822715">
        <ele>21.26</ele>
      </trkpt>
      <trkpt lat="24.978991448879242" lon="121.55743142589927">
        <ele>21.23</ele>
      </trkpt>
      <trkpt lat="24.97907199896872" lon="121.5574732515961">
        <ele>21.21</ele>
      </trkpt>
      <trkpt lat="24.979219939559698" lon="121.55754994601011">
        <ele>21.22</ele>
      </trkpt>
      <trkpt lat="24.97930937446654" lon="121.55761339701712">
        <ele>21.24</ele>
      </trkpt>
      <trkpt lat="24.979529986158013" lon="121.55776997096837">
        <ele>21.31</ele>
      </trkpt>
      <trkpt lat="24.979569716379046" lon="121.55780777335167">
        <ele>21.33</ele>
      </trkpt>
      <trkpt lat="24.979874650016427" lon="121.55809820629656">
        <ele>21.41</ele>
      </trkpt>
      <trkpt lat="24.979949919506907" lon="121.55816995538771">
        <ele>21.38</ele>
      </trkpt>
      <trkpt lat="24.98003994114697" lon="121.55826995149255">
        <ele>21.34</ele>
      </trkpt>
      <trkpt lat="24.980131722986698" lon="121.55843515880406">
        <ele>21.29</ele>
      </trkpt>
      <trkpt lat="24.980139937251806" lon="121.55844999477267">
        <ele>21.29</ele>
      </trkpt>
      <trkpt lat="24.980164412409067" lon="121.55852727591991">
        <ele>21.29</ele>
      </trkpt>
      <trkpt lat="24.980199951678514" lon="121.55863992869854">
        <ele>21.31</ele>
      </trkpt>
      <trkpt lat="24.98026181012392" lon="121.55895793810487">
        <ele>21.39</ele>
      </trkpt>
      <trkpt lat="24.980269940569997" lon="121.55899993143976">
        <ele>21.38</ele>
      </trkpt>
      <trkpt lat="24.980259966105223" lon="121.55917997471988">
        <ele>21.35</ele>
      </trkpt>
      <trkpt lat="24.980254769325256" lon="121.55920394696295">
        <ele>21.35</ele>
      </trkpt>
      <trkpt lat="24.980234317481518" lon="121.55929958447814">
        <ele>21.36</ele>
      </trkpt>
      <trkpt lat="24.980199951678514" lon="121.55945993028581">
        <ele>21.4</ele>
      </trkpt>
      <trkpt lat="24.980165669694543" lon="121.5595862455666">
        <ele>21.44</ele>
      </trkpt>
      <trkpt lat="24.980101380497217" lon="121.55982286669314">
        <ele>21.46</ele>
      </trkpt>
      <trkpt lat="24.980011275038123" lon="121.56015453860164">
        <ele>21.52</ele>
      </trkpt>
      <trkpt lat="24.97997992672026" lon="121.56026995740831">
        <ele>21.49</ele>
      </trkpt>
      <trkpt lat="24.979916643351316" lon="121.56058637425303">
        <ele>21.44</ele>
      </trkpt>
      <trkpt lat="24.9798587244004" lon="121.56087605282664">
        <ele>21.53</ele>
      </trkpt>
      <trkpt lat="24.97984992340207" lon="121.56091997399926">
        <ele>21.53</ele>
      </trkpt>
      <trkpt lat="24.979859981685877" lon="121.56133999116719">
        <ele>21.58</ele>
      </trkpt>
      <trkpt lat="24.979865178465843" lon="121.56136932782829">
        <ele>21.59</ele>
      </trkpt>
      <trkpt lat="24.97990993782878" lon="121.56161994673312">
        <ele>21.59</ele>
      </trkpt>
      <trkpt lat="24.979989985004067" lon="121.56189998611808">
        <ele>21.59</ele>
      </trkpt>
      <trkpt lat="24.980047903954983" lon="121.56202739104629">
        <ele>21.59</ele>
      </trkpt>
      <trkpt lat="24.980148235335946" lon="121.56224817037582">
        <ele>21.56</ele>
      </trkpt>
      <trkpt lat="24.98018997721374" lon="121.56233995221555">
        <ele>21.59</ele>
      </trkpt>
      <trkpt lat="24.98018997721374" lon="121.56233995221555">
        <ele>21.59</ele>
      </trkpt>
      <trkpt lat="24.980295253917575" lon="121.56255402602255">
        <ele>21.72</ele>
      </trkpt>
      <trkpt lat="24.980402123183012" lon="121.56277120113373">
        <ele>21.78</ele>
      </trkpt>
      <trkpt lat="24.980508908629417" lon="121.56298829242587">
        <ele>21.78</ele>
      </trkpt>
      <trkpt lat="24.980594739317894" lon="121.56316271983087">
        <ele>21.82</ele>
      </trkpt>
      <trkpt lat="24.98068006709218" lon="121.56333622522652">
        <ele>21.78</ele>
      </trkpt>
      <trkpt lat="24.980765394866467" lon="121.56350973062217">
        <ele>21.79</ele>
      </trkpt>
      <trkpt lat="24.980872264131904" lon="121.56372690573335">
        <ele>21.74</ele>
      </trkpt>
      <trkpt lat="24.98095801100135" lon="121.56390133313835">
        <ele>21.82</ele>
      </trkpt>
      <trkpt lat="24.981043422594666" lon="121.564074838534">
        <ele>21.97</ele>
      </trkpt>
      <trkpt lat="24.98117166571319" lon="121.56433551572263">
        <ele>22.13</ele>
      </trkpt>
      <trkpt lat="24.981235535815358" lon="121.56446543522179">
        <ele>22.24</ele>
      </trkpt>
      <trkpt lat="24.981289599090815" lon="121.56457532197237">
        <ele>22.25</ele>
      </trkpt>
      <trkpt lat="24.981320528313518" lon="121.56463810242712">
        <ele>22.25</ele>
      </trkpt>
      <trkpt lat="24.981405436992645" lon="121.56481076963246">
        <ele>22.17</ele>
      </trkpt>
      <trkpt lat="24.981409963220358" lon="121.56481998972595">
        <ele>22.15</ele>
      </trkpt>
      <trkpt lat="24.981449944898486" lon="121.5648999530822">
        <ele>22.03</ele>
      </trkpt>
      <trkpt lat="24.981439970433712" lon="121.56492996029556">
        <ele>21.99</ele>
      </trkpt>
      <trkpt lat="24.981429995968938" lon="121.56493993476033">
        <ele>21.98</ele>
      </trkpt>
      <trkpt lat="24.981429995968938" lon="121.56493993476033">
        <ele>21.98</ele>
      </trkpt>
      <trkpt lat="24.981407783925533" lon="121.56503221951425">
        <ele>21.89</ele>
      </trkpt>
      <trkpt lat="24.98136998154223" lon="121.56518996693194">
        <ele>21.77</ele>
      </trkpt>
      <trkpt lat="24.981357576325536" lon="121.5652696788311">
        <ele>21.72</ele>
      </trkpt>
      <trkpt lat="24.981335112825036" lon="121.56541342847049">
        <ele>21.66</ele>
      </trkpt>
      <trkpt lat="24.981290185824037" lon="121.56570184975863">
        <ele>21.62</ele>
      </trkpt>
      <trkpt lat="24.981275098398328" lon="121.56579866074026">
        <ele>21.62</ele>
      </trkpt>
      <trkpt lat="24.981249952688813" lon="121.56595992855728">
        <ele>21.66</ele>
      </trkpt>
      <trkpt lat="24.981170240789652" lon="121.56622035428882">
        <ele>21.74</ele>
      </trkpt>
      <trkpt lat="24.981142077594995" lon="121.56631247140467">
        <ele>21.74</ele>
      </trkpt>
      <trkpt lat="24.981085332110524" lon="121.56649762764573">
        <ele>21.7</ele>
      </trkpt>
      <trkpt lat="24.981057168915868" lon="121.56658974476159">
        <ele>21.71</ele>
      </trkpt>
      <trkpt lat="24.980958178639412" lon="121.56691311858594">
        <ele>21.82</ele>
      </trkpt>
      <trkpt lat="24.980949964374304" lon="121.5669399406761">
        <ele>21.82</ele>
      </trkpt>
      <trkpt lat="24.98089740984142" lon="121.56715602613986">
        <ele>21.88</ele>
      </trkpt>
      <trkpt lat="24.980863379314542" lon="121.56729592010379">
        <ele>21.88</ele>
      </trkpt>
      <trkpt lat="24.98085994273424" lon="121.56730991788208">
        <ele>21.88</ele>
      </trkpt>
      <trkpt lat="24.98085994273424" lon="121.56755995005369">
        <ele>21.94</ele>
      </trkpt>
      <trkpt lat="24.980996903032064" lon="121.56788726337254">
        <ele>22.03</ele>
      </trkpt>
      <trkpt lat="24.981052642688155" lon="121.568020619452">
        <ele>22.11</ele>
      </trkpt>
      <trkpt lat="24.98108960688114" lon="121.5681088808924">
        <ele>22.14</ele>
      </trkpt>
      <trkpt lat="24.981219610199332" lon="121.568419681862">
        <ele>22.19</ele>
      </trkpt>
      <trkpt lat="24.981293454766273" lon="121.56859620474279">
        <ele>22.18</ele>
      </trkpt>
      <trkpt lat="24.9813680537045" lon="121.56877457164228">
        <ele>22.2</ele>
      </trkpt>
      <trkpt lat="24.981535356491804" lon="121.56917455606163">
        <ele>22.39</ele>
      </trkpt>
      <trkpt lat="24.98173995874822" lon="121.56966372393072">
        <ele>22.49</ele>
      </trkpt>
      <trkpt lat="24.981851521879435" lon="121.56993043608963">
        <ele>22.6</ele>
      </trkpt>
      <trkpt lat="24.98209308832884" lon="121.57050786539912">
        <ele>22.77</ele>
      </trkpt>
      <trkpt lat="24.982139943167567" lon="121.57061993144453">
        <ele>22.78</ele>
      </trkpt>
      <trkpt lat="24.982232730835676" lon="121.570755969733">
        <ele>22.8</ele>
      </trkpt>
      <trkpt lat="24.982289979234338" lon="121.57083995640278">
        <ele>22.84</ele>
      </trkpt>
      <trkpt lat="24.982539927586913" lon="121.57107993029058">
        <ele>22.97</ele>
      </trkpt>
      <trkpt lat="24.982580663636327" lon="121.57110842876136">
        <ele>23.0</ele>
      </trkpt>
      <trkpt lat="24.98263992369175" lon="121.57114991918206">
        <ele>23.0</ele>
      </trkpt>
      <trkpt lat="24.982780572026968" lon="121.57117204740644">
        <ele>23.03</ele>
      </trkpt>
      <trkpt lat="24.982981737703085" lon="121.57120356336236">
        <ele>23.3</ele>
      </trkpt>
      <trkpt lat="24.983149962499738" lon="121.57122996635735">
        <ele>23.3</ele>
      </trkpt>
      <trkpt lat="24.983228584751487" lon="121.57125142402947">
        <ele>23.3</ele>
      </trkpt>
      <trkpt lat="24.983350792899728" lon="121.57128470018506">
        <ele>23.24</ele>
      </trkpt>
      <trkpt lat="24.98343201354146" lon="121.57130691222847">
        <ele>23.24</ele>
      </trkpt>
      <trkpt lat="24.983589928597212" lon="121.57134999521077">
        <ele>23.3</ele>
      </trkpt>
      <trkpt lat="24.983635945245624" lon="121.57135100103915">
        <ele>23.32</ele>
      </trkpt>
      <trkpt lat="24.983725799247622" lon="121.57135309651494">
        <ele>23.51</ele>
      </trkpt>
      <trkpt lat="24.983769888058305" lon="121.57135410234332">
        <ele>23.63</ele>
      </trkpt>
      <trkpt lat="24.983859825879335" lon="121.57135619781911">
        <ele>23.93</ele>
      </trkpt>
      <trkpt lat="24.983993768692017" lon="121.57135921530426">
        <ele>24.44</ele>
      </trkpt>
      <trkpt lat="24.9840827845037" lon="121.57136131078005">
        <ele>24.71</ele>
      </trkpt>
      <trkpt lat="24.98417180031538" lon="121.57136332243681">
        <ele>24.87</ele>
      </trkpt>
      <trkpt lat="24.98421672731638" lon="121.57136432826519">
        <ele>24.91</ele>
      </trkpt>
      <trkpt lat="24.98430574312806" lon="121.57136642374098">
        <ele>24.93</ele>
      </trkpt>
      <trkpt lat="24.984394758939743" lon="121.57136843539774">
        <ele>24.9</ele>
      </trkpt>
      <trkpt lat="24.984459970146418" lon="121.57136994414032">
        <ele>24.85</ele>
      </trkpt>
      <trkpt lat="24.984572120010853" lon="121.57139073126018">
        <ele>24.77</ele>
      </trkpt>
      <trkpt lat="24.98465996235609" lon="121.57140699215233">
        <ele>24.68</ele>
      </trkpt>
      <trkpt lat="24.984748642891645" lon="121.57142342068255">
        <ele>24.55</ele>
      </trkpt>
      <trkpt lat="24.984792144969106" lon="121.5714314673096">
        <ele>24.47</ele>
      </trkpt>
      <trkpt lat="24.98488082550466" lon="121.57144789583981">
        <ele>24.23</ele>
      </trkpt>
      <trkpt lat="24.984999932348728" lon="121.57146994024515">
        <ele>23.81</ele>
      </trkpt>
      <trkpt lat="24.985054917633533" lon="121.57148762606084">
        <ele>23.62</ele>
      </trkpt>
      <trkpt lat="24.9851412512362" lon="121.57151537016034">
        <ele>23.34</ele>
      </trkpt>
      <trkpt lat="24.98522674664855" lon="121.57154286280274">
        <ele>23.13</ele>
      </trkpt>
      <trkpt lat="24.98527997173369" lon="121.57155996188521">
        <ele>23.04</ele>
      </trkpt>
      <trkpt lat="24.985310398042202" lon="121.57157571986318">
        <ele>22.99</ele>
      </trkpt>
      <trkpt lat="24.985391786321998" lon="121.57161796465516">
        <ele>22.93</ele>
      </trkpt>
      <trkpt lat="24.985512988641858" lon="121.57168082892895">
        <ele>22.92</ele>
      </trkpt>
      <trkpt lat="24.98563427478075" lon="121.57174369320273">
        <ele>22.97</ele>
      </trkpt>
      <trkpt lat="24.985754722729325" lon="121.57180613838136">
        <ele>23.08</ele>
      </trkpt>
      <trkpt lat="24.98603878542781" lon="121.57195340842009">
        <ele>23.3</ele>
      </trkpt>
      <trkpt lat="24.986089998856187" lon="121.57197997905314">
        <ele>23.32</ele>
      </trkpt>
      <trkpt lat="24.986167447641492" lon="121.57197997905314">
        <ele>23.37</ele>
      </trkpt>
      <trkpt lat="24.98622997663915" lon="121.57197997905314">
        <ele>23.37</ele>
      </trkpt>
      <trkpt lat="24.986344976350665" lon="121.57200009562075">
        <ele>23.38</ele>
      </trkpt>
      <trkpt lat="24.986566174775362" lon="121.5720388200134">
        <ele>23.3</ele>
      </trkpt>
      <trkpt lat="24.986629961058497" lon="121.57204996794462">
        <ele>23.25</ele>
      </trkpt>
      <trkpt lat="24.986654268577695" lon="121.57205206342041">
        <ele>23.24</ele>
      </trkpt>
      <trkpt lat="24.98674395494163" lon="121.5720599424094">
        <ele>23.1</ele>
      </trkpt>
      <trkpt lat="24.98692232184112" lon="121.5720755327493">
        <ele>22.7</ele>
      </trkpt>
      <trkpt lat="24.987055929377675" lon="121.57208726741374">
        <ele>22.43</ele>
      </trkpt>
      <trkpt lat="24.987316774204373" lon="121.57211006619036">
        <ele>22.35</ele>
      </trkpt>
      <trkpt lat="24.98742992989719" lon="121.5721199568361">
        <ele>22.35</ele>
      </trkpt>
      <trkpt lat="24.98746949248016" lon="121.57210730016232">
        <ele>22.36</ele>
      </trkpt>
      <trkpt lat="24.987679962068796" lon="121.57203999347985">
        <ele>22.47</ele>
      </trkpt>
      <trkpt lat="24.987684320658445" lon="121.57203773036599">
        <ele>22.47</ele>
      </trkpt>
      <trkpt lat="24.98781993985176" lon="121.57196992076933">
        <ele>22.61</ele>
      </trkpt>
      <trkpt lat="24.987956564873457" lon="121.57186791300774">
        <ele>22.77</ele>
      </trkpt>
      <trkpt lat="24.988031079992652" lon="121.57181234098971">
        <ele>22.81</ele>
      </trkpt>
      <trkpt lat="24.988216487690806" lon="121.57167387194932">
        <ele>22.87</ele>
      </trkpt>
      <trkpt lat="24.988260492682457" lon="121.57164101488888">
        <ele>22.9</ele>
      </trkpt>
      <trkpt lat="24.988446654751897" lon="121.5715020429343">
        <ele>22.96</ele>
      </trkpt>
      <trkpt lat="24.98856995254755" lon="121.57140992581844">
        <ele>22.96</ele>
      </trkpt>
      <trkpt lat="24.98859920538962" lon="121.5713986940682">
        <ele>22.96</ele>
      </trkpt>
      <trkpt lat="24.988853093236685" lon="121.57130104489625">
        <ele>22.86</ele>
      </trkpt>
      <trkpt lat="24.988959962502122" lon="121.5712599735707">
        <ele>22.77</ele>
      </trkpt>
      <trkpt lat="24.98902626335621" lon="121.57125167548656">
        <ele>22.73</ele>
      </trkpt>
      <trkpt lat="24.989119973033667" lon="121.57123994082212">
        <ele>22.69</ele>
      </trkpt>
      <trkpt lat="24.989119973033667" lon="121.57123994082212">
        <ele>22.69</ele>
      </trkpt>
      <trkpt lat="24.989294316619635" lon="121.5712615661323">
        <ele>22.68</ele>
      </trkpt>
      <trkpt lat="24.989562453702092" lon="121.57129475846887">
        <ele>22.6</ele>
      </trkpt>
      <trkpt lat="24.98974123969674" lon="121.57131688669324">
        <ele>22.67</ele>
      </trkpt>
      <trkpt lat="24.98983059078455" lon="121.57132795080543">
        <ele>22.68</ele>
      </trkpt>
      <trkpt lat="24.990169974043965" lon="121.57136994414032">
        <ele>22.53</ele>
      </trkpt>
      <trkpt lat="24.990185732021928" lon="121.57138008624315">
        <ele>22.53</ele>
      </trkpt>
      <trkpt lat="24.99041883274913" lon="121.57152995467186">
        <ele>22.47</ele>
      </trkpt>
      <trkpt lat="24.990449929609895" lon="121.57154998742044">
        <ele>22.48</ele>
      </trkpt>
      <trkpt lat="24.990500640124083" lon="121.57157018780708">
        <ele>22.5</ele>
      </trkpt>
      <trkpt lat="24.99054992571473" lon="121.57158996909857">
        <ele>22.53</ele>
      </trkpt>
      <trkpt lat="24.990586806088686" lon="121.57159734517336">
        <ele>22.56</ele>
      </trkpt>
      <trkpt lat="24.99094999395311" lon="121.57166993245482">
        <ele>22.93</ele>
      </trkpt>
      <trkpt lat="24.991029538214207" lon="121.57166465185583">
        <ele>23.01</ele>
      </trkpt>
      <trkpt lat="24.991399934515357" lon="121.57163992524147">
        <ele>23.16</ele>
      </trkpt>
      <trkpt lat="24.99168693087995" lon="121.57161260023713">
        <ele>23.29</ele>
      </trkpt>
      <trkpt lat="24.991819951683283" lon="121.57159994356334">
        <ele>23.35</ele>
      </trkpt>
      <trkpt lat="24.991979962214828" lon="121.57156993634999">
        <ele>23.43</ele>
      </trkpt>
      <trkpt lat="24.99205087311566" lon="121.57157639041543">
        <ele>23.47</ele>
      </trkpt>
      <trkpt lat="24.99205087311566" lon="121.57157639041543">
        <ele>23.43</ele>
      </trkpt>
      <trkpt lat="24.99211004935205" lon="121.57158175483346">
        <ele>23.46</ele>
      </trkpt>
      <trkpt lat="24.992291098460555" lon="121.57159826718271">
        <ele>23.64</ele>
      </trkpt>
      <trkpt lat="24.99237885698676" lon="121.57160622999072">
        <ele>23.57</ele>
      </trkpt>
      <trkpt lat="24.9924199283123" lon="121.57160991802812">
        <ele>23.52</ele>
      </trkpt>
      <trkpt lat="24.99234993942082" lon="121.57160991802812">
        <ele>23.45</ele>
      </trkpt>
      <trkpt lat="24.99249997548759" lon="121.57161997631192">
        <ele>23.3</ele>
      </trkpt>
      <trkpt lat="24.99250684864819" lon="121.5716230776161">
        <ele>23.3</ele>
      </trkpt>
      <trkpt lat="24.992699967697263" lon="121.57170999795198">
        <ele>23.17</ele>
      </trkpt>
      <trkpt lat="24.992714216932654" lon="121.571712680161">
        <ele>23.17</ele>
      </trkpt>
      <trkpt lat="24.993197349831462" lon="121.57180370762944">
        <ele>23.08</ele>
      </trkpt>
      <trkpt lat="24.993389965966344" lon="121.57183991745114">
        <ele>23.11</ele>
      </trkpt>
      <trkpt lat="24.993506306782365" lon="121.57185886055231">
        <ele>23.14</ele>
      </trkpt>
      <trkpt lat="24.993638824671507" lon="121.57188031822443">
        <ele>23.23</ele>
      </trkpt>
      <trkpt lat="24.99372691847384" lon="121.57189456745982">
        <ele>23.37</ele>
      </trkpt>
      <trkpt lat="24.993815012276173" lon="121.57190890051425">
        <ele>23.59</ele>
      </trkpt>
      <trkpt lat="24.993859520182014" lon="121.57191610895097">
        <ele>23.73</ele>
      </trkpt>
      <trkpt lat="24.99399119988084" lon="121.57193748280406">
        <ele>24.27</ele>
      </trkpt>
      <trkpt lat="24.9940606020391" lon="121.57194871455431">
        <ele>24.3</ele>
      </trkpt>
      <trkpt lat="24.99419404193759" lon="121.57197033986449">
        <ele>24.9</ele>
      </trkpt>
      <trkpt lat="24.994282135739923" lon="121.57198467291892">
        <ele>25.24</ele>
      </trkpt>
      <trkpt lat="24.994326643645763" lon="121.57199188135564">
        <ele>25.36</ele>
      </trkpt>
      <trkpt lat="24.994371151551604" lon="121.57199908979237">
        <ele>25.45</ele>
      </trkpt>
      <trkpt lat="24.994414737448096" lon="121.57200613059103">
        <ele>25.5</ele>
      </trkpt>
      <trkpt lat="24.994459245353937" lon="121.57201333902776">
        <ele>25.51</ele>
      </trkpt>
      <trkpt lat="24.99449998140335" lon="121.57201996073127">
        <ele>25.48</ele>
      </trkpt>
      <trkpt lat="24.994503501802683" lon="121.57202155329287">
        <ele>25.48</ele>
      </trkpt>
      <trkpt lat="24.994545159861445" lon="121.57204007729888">
        <ele>25.4</ele>
      </trkpt>
      <trkpt lat="24.994586063548923" lon="121.57205818220973">
        <ele>25.3</ele>
      </trkpt>
      <trkpt lat="24.994627721607685" lon="121.57207679003477">
        <ele>25.17</ele>
      </trkpt>
      <trkpt lat="24.99475202523172" lon="121.57213202677667">
        <ele>24.74</ele>
      </trkpt>
      <trkpt lat="24.994835508987308" lon="121.57216907478869">
        <ele>24.54</ele>
      </trkpt>
      <trkpt lat="24.994918908923864" lon="121.57220612280071">
        <ele>24.39</ele>
      </trkpt>
      <trkpt lat="24.99495972879231" lon="121.57222431153059">
        <ele>24.34</ele>
      </trkpt>
      <trkpt lat="24.9950432125479" lon="121.57226135954261">
        <ele>24.28</ele>
      </trkpt>
      <trkpt lat="24.99516835436225" lon="121.57231701537967">
        <ele>24.24</ele>
      </trkpt>
      <trkpt lat="24.995309924706817" lon="121.57237996347249">
        <ele>24.26</ele>
      </trkpt>
      <trkpt lat="24.99538980424404" lon="121.57247308641672">
        <ele>24.28</ele>
      </trkpt>
      <trkpt lat="24.995604967698455" lon="121.57272387295961">
        <ele>24.23</ele>
      </trkpt>
      <trkpt lat="24.995789788663387" lon="121.57293928787112">
        <ele>24.3</ele>
      </trkpt>
      <trkpt lat="24.995851647108793" lon="121.5730113722384">
        <ele>24.37</ele>
      </trkpt>
      <trkpt lat="24.9959135055542" lon="121.57308345660567">
        <ele>24.47</ele>
      </trkpt>
      <trkpt lat="24.99597469344735" lon="121.57315478660166">
        <ele>24.61</ele>
      </trkpt>
      <trkpt lat="24.996035881340504" lon="121.57322611659765">
        <ele>24.9</ele>
      </trkpt>
      <trkpt lat="24.996097655966878" lon="121.57329820096493">
        <ele>25.23</ele>
      </trkpt>
      <trkpt lat="24.996158927679062" lon="121.57336953096092">
        <ele>25.58</ele>
      </trkpt>
      <trkpt lat="24.996189773082733" lon="121.57340557314456">
        <ele>25.78</ele>
      </trkpt>
      <trkpt lat="24.99628189019859" lon="121.57351294532418">
        <ele>26.43</ele>
      </trkpt>
      <trkpt lat="24.99643586575985" lon="121.57369240187109">
        <ele>27.58</ele>
      </trkpt>
      <trkpt lat="24.996527982875705" lon="121.57379977405071">
        <ele>28.23</ele>
      </trkpt>
      <trkpt lat="24.99658984132111" lon="121.57387177459896">
        <ele>28.64</ele>
      </trkpt>
      <trkpt lat="24.996651029214263" lon="121.57394310459495">
        <ele>29.0</ele>
      </trkpt>
      <trkpt lat="24.996712803840637" lon="121.57401518896222">
        <ele>29.26</ele>
      </trkpt>
      <trkpt lat="24.996743146330118" lon="121.57405047677457">
        <ele>29.35</ele>
      </trkpt>
      <trkpt lat="24.996801232919097" lon="121.57411828637123">
        <ele>29.4</ele>
      </trkpt>
      <trkpt lat="24.996939953416586" lon="121.57427997328341">
        <ele>29.4</ele>
      </trkpt>
      <trkpt lat="24.99707993119955" lon="121.57427997328341">
        <ele>29.4</ele>
      </trkpt>
      <trkpt lat="24.99709996394813" lon="121.57427997328341">
        <ele>29.39</ele>
      </trkpt>
      <trkpt lat="24.99714438803494" lon="121.57433152198792">
        <ele>29.38</ele>
      </trkpt>
      <trkpt lat="24.997203312814236" lon="121.57439983449876">
        <ele>29.3</ele>
      </trkpt>
      <trkpt lat="24.997233068570495" lon="121.5744342841208">
        <ele>29.23</ele>
      </trkpt>
      <trkpt lat="24.997376231476665" lon="121.57460041344166">
        <ele>28.83</ele>
      </trkpt>
      <trkpt lat="24.99746549874544" lon="121.57470392994583">
        <ele>28.47</ele>
      </trkpt>
      <trkpt lat="24.99752559699118" lon="121.57477366738021">
        <ele>28.3</ele>
      </trkpt>
      <trkpt lat="24.99755535274744" lon="121.57480820082128">
        <ele>28.26</ele>
      </trkpt>
      <trkpt lat="24.997599944472313" lon="121.57485991716385">
        <ele>28.24</ele>
      </trkpt>
      <trkpt lat="24.997616624459624" lon="121.57487659715116">
        <ele>28.24</ele>
      </trkpt>
      <trkpt lat="24.997681248933077" lon="121.57494122162461">
        <ele>28.37</ele>
      </trkpt>
      <trkpt lat="24.997689966112375" lon="121.57494993880391">
        <ele>28.38</ele>
      </trkpt>
      <trkpt lat="24.997752159833908" lon="121.5749988052994">
        <ele>28.45</ele>
      </trkpt>
      <trkpt lat="24.99782994389534" lon="121.57505999319255">
        <ele>28.49</ele>
      </trkpt>
      <trkpt lat="24.99782994389534" lon="121.57505999319255">
        <ele>28.49</ele>
      </trkpt>
      <trkpt lat="24.99794972129166" lon="121.57509519718587">
        <ele>28.51</ele>
      </trkpt>
      <trkpt lat="24.99799992889166" lon="121.57510994933546">
        <ele>28.51</ele>
      </trkpt>
      <trkpt lat="24.998031947761774" lon="121.5751285571605">
        <ele>28.51</ele>
      </trkpt>
      <trkpt lat="24.998226827010512" lon="121.57524188049138">
        <ele>28.45</ele>
      </trkpt>
      <trkpt lat="24.99842992052436" lon="121.57535998150706">
        <ele>28.45</ele>
      </trkpt>
      <trkpt lat="24.99852580949664" lon="121.57544329762459">
        <ele>28.45</ele>
      </trkpt>
      <trkpt lat="24.998889919370413" lon="121.57575996592641">
        <ele>28.42</ele>
      </trkpt>
      <trkpt lat="24.999169958755374" lon="121.57610999420285">
        <ele>28.4</ele>
      </trkpt>
      <trkpt lat="24.999296022579074" lon="121.57631778158247">
        <ele>28.39</ele>
      </trkpt>
      <trkpt lat="24.999445555731654" lon="121.57656437717378">
        <ele>28.49</ele>
      </trkpt>
      <trkpt lat="24.999570110812783" lon="121.57676964998245">
        <ele>28.55</ele>
      </trkpt>
      <trkpt lat="24.999745711684227" lon="121.577059160918">
        <ele>28.56</ele>
      </trkpt>
      <trkpt lat="24.99979566782713" lon="121.5771416388452">
        <ele>28.6</ele>
      </trkpt>
      <trkpt lat="24.999895244836807" lon="121.57730567269027">
        <ele>28.77</ele>
      </trkpt>
      <trkpt lat="24.99994528479874" lon="121.57738815061748">
        <ele>28.89</ele>
      </trkpt>
      <trkpt lat="24.999970262870193" lon="121.57742938958108">
        <ele>28.97</ele>
      </trkpt>
      <trkpt lat="25.000020302832127" lon="121.57751186750829">
        <ele>29.22</ele>
      </trkpt>
      <trkpt lat="25.000045280903578" lon="121.5775531064719">
        <ele>29.38</ele>
      </trkpt>
      <trkpt lat="25.000145360827446" lon="121.57771806232631">
        <ele>30.14</ele>
      </trkpt>
      <trkpt lat="25.000170338898897" lon="121.57775921747088">
        <ele>30.29</ele>
      </trkpt>
      <trkpt lat="25.00019540078938" lon="121.57780045643449">
        <ele>30.41</ele>
      </trkpt>
      <trkpt lat="25.000245356932282" lon="121.5778829343617">
        <ele>30.59</ele>
      </trkpt>
      <trkpt lat="25.00027997419238" lon="121.57793993130326">
        <ele>30.51</ele>
      </trkpt>
      <trkpt lat="25.000329930335283" lon="121.57799550332129">
        <ele>30.43</ele>
      </trkpt>
      <trkpt lat="25.000518187880516" lon="121.57820463180542">
        <ele>30.0</ele>
      </trkpt>
      <trkpt lat="25.000549955293536" lon="121.57823991961777">
        <ele>29.93</ele>
      </trkpt>
      <trkpt lat="25.000590607523918" lon="121.57832717522979">
        <ele>29.82</ele>
      </trkpt>
      <trkpt lat="25.0009161606431" lon="121.57902614213526">
        <ele>29.12</ele>
      </trkpt>
      <trkpt lat="25.000997548922896" lon="121.57920090481639">
        <ele>28.89</ele>
      </trkpt>
      <trkpt lat="25.00122151337564" lon="121.5796819422394">
        <ele>28.18</ele>
      </trkpt>
      <trkpt lat="25.001229979097843" lon="121.57969996333122">
        <ele>28.15</ele>
      </trkpt>
      <trkpt lat="25.00126493163407" lon="121.57976768910885">
        <ele>28.07</ele>
      </trkpt>
      <trkpt lat="25.00135294161737" lon="121.57993851229548">
        <ele>27.92</ele>
      </trkpt>
      <trkpt lat="25.00139694660902" lon="121.58002384006977">
        <ele>27.87</ele>
      </trkpt>
      <trkpt lat="25.001441035419703" lon="121.58010925166309">
        <ele>27.88</ele>
      </trkpt>
      <trkpt lat="25.001485040411353" lon="121.5801946632564">
        <ele>27.92</ele>
      </trkpt>
      <trkpt lat="25.001529045403004" lon="121.5802799910307">
        <ele>27.99</ele>
      </trkpt>
      <trkpt lat="25.001573050394654" lon="121.58036540262401">
        <ele>28.11</ele>
      </trkpt>
      <trkpt lat="25.001617139205337" lon="121.58045081421733">
        <ele>28.28</ele>
      </trkpt>
      <trkpt lat="25.001705149188638" lon="121.58062155358493">
        <ele>28.71</ele>
      </trkpt>
      <trkpt lat="25.001771450042725" lon="121.58075004816055">
        <ele>29.01</ele>
      </trkpt>
      <trkpt lat="25.00188997015357" lon="121.58097996376455">
        <ele>29.46</ele>
      </trkpt>
      <trkpt lat="25.00198183581233" lon="121.58118272200227">
        <ele>29.85</ele>
      </trkpt>
      <trkpt lat="25.002010418102145" lon="121.58124575391412">
        <ele>29.9</ele>
      </trkpt>
      <trkpt lat="25.002069510519505" lon="121.5813762601465">
        <ele>30.17</ele>
      </trkpt>
      <trkpt lat="25.002179984003305" lon="121.5816199220717">
        <ele>30.61</ele>
      </trkpt>
      <trkpt lat="25.00220471061766" lon="121.58168320544064">
        <ele>30.73</ele>
      </trkpt>
      <trkpt lat="25.00225743278861" lon="121.58181798644364">
        <ele>31.01</ele>
      </trkpt>
      <trkpt lat="25.0023599434644" lon="121.58207992091775">
        <ele>31.6</ele>
      </trkpt>
      <trkpt lat="25.002362206578255" lon="121.58208696171641">
        <ele>31.6</ele>
      </trkpt>
      <trkpt lat="25.002405624836683" lon="121.58222467638552">
        <ele>31.86</ele>
      </trkpt>
      <trkpt lat="25.00244946219027" lon="121.58236339688301">
        <ele>32.05</ele>
      </trkpt>
      <trkpt lat="25.002507464960217" lon="121.5825470443815">
        <ele>32.26</ele>
      </trkpt>
      <trkpt lat="25.002536717802286" lon="121.58263983204961">
        <ele>32.32</ele>
      </trkpt>
      <trkpt lat="25.00256571918726" lon="121.58273161388934">
        <ele>32.33</ele>
      </trkpt>
      <trkpt lat="25.0025999173522" lon="121.58283999189734">
        <ele>32.42</ele>
      </trkpt>
      <trkpt lat="25.002629840746522" lon="121.58294862136245">
        <ele>32.52</ele>
      </trkpt>
      <trkpt lat="25.002653896808624" lon="121.5830359607935">
        <ele>32.57</ele>
      </trkpt>
      <trkpt lat="25.0027656275779" lon="121.58344239927828">
        <ele>32.69</ele>
      </trkpt>
      <trkpt lat="25.002796137705445" lon="121.5835534594953">
        <ele>32.8</ele>
      </trkpt>
      <trkpt lat="25.002819942310452" lon="121.58363996073604">
        <ele>32.73</ele>
      </trkpt>
      <trkpt lat="25.002848859876394" lon="121.58377918414772">
        <ele>32.63</ele>
      </trkpt>
      <trkpt lat="25.002878196537495" lon="121.58392033539712">
        <ele>32.57</ele>
      </trkpt>
      <trkpt lat="25.002907533198595" lon="121.58406157046556">
        <ele>32.47</ele>
      </trkpt>
      <trkpt lat="25.002927063032985" lon="121.58415544778109">
        <ele>32.37</ele>
      </trkpt>
      <trkpt lat="25.002942150458694" lon="121.58422795124352">
        <ele>32.25</ele>
      </trkpt>
      <trkpt lat="25.002942150458694" lon="121.58422795124352">
        <ele>22.53</ele>
      </trkpt>
      <trkpt lat="25.002977941185236" lon="121.58440011553466">
        <ele>24.54</ele>
      </trkpt>
      <trkpt lat="25.002977941185236" lon="121.58440011553466">
        <ele>31.33</ele>
      </trkpt>
      <trkpt lat="25.002979952841997" lon="121.58440992236137">
        <ele>31.3</ele>
      </trkpt>
      <trkpt lat="25.002988502383232" lon="121.58449860289693">
        <ele>31.09</ele>
      </trkpt>
      <trkpt lat="25.002997806295753" lon="121.58459432423115">
        <ele>30.8</ele>
      </trkpt>
      <trkpt lat="25.00300996005535" lon="121.58471996895969">
        <ele>30.38</ele>
      </trkpt>
      <trkpt lat="25.003024293109775" lon="121.58472742885351">
        <ele>30.33</ele>
      </trkpt>
      <trkpt lat="25.003180280327797" lon="121.58480915240943">
        <ele>29.63</ele>
      </trkpt>
      <trkpt lat="25.0032199267298" lon="121.5848299395293">
        <ele>29.49</ele>
      </trkpt>
      <trkpt lat="25.00326443463564" lon="121.58483815379441">
        <ele>29.36</ele>
      </trkpt>
      <trkpt lat="25.0033079367131" lon="121.58484611660242">
        <ele>29.25</ele>
      </trkpt>
      <trkpt lat="25.003352276980877" lon="121.5848542470485">
        <ele>29.16</ele>
      </trkpt>
      <trkpt lat="25.00341790728271" lon="121.58486631698906">
        <ele>29.08</ele>
      </trkpt>
      <trkpt lat="25.00341790728271" lon="121.58486631698906">
        <ele>29.07</ele>
      </trkpt>
      <trkpt lat="25.003472892567515" lon="121.5848764590919">
        <ele>29.06</ele>
      </trkpt>
      <trkpt lat="25.003559896722436" lon="121.58489238470793">
        <ele>29.12</ele>
      </trkpt>
      <trkpt lat="25.003647655248642" lon="121.58490856178105">
        <ele>29.27</ele>
      </trkpt>
      <trkpt lat="25.003709932789207" lon="121.58491996116936">
        <ele>29.41</ele>
      </trkpt>
      <trkpt lat="25.00373499467969" lon="121.58491996116936">
        <ele>29.47</ele>
      </trkpt>
      <trkpt lat="25.003859968855977" lon="121.58491996116936">
        <ele>29.82</ele>
      </trkpt>
      <trkpt lat="25.003879917785525" lon="121.58491996116936">
        <ele>29.87</ele>
      </trkpt>
      <trkpt lat="25.00391243956983" lon="121.58491308800876">
        <ele>29.97</ele>
      </trkpt>
      <trkpt lat="25.004043113440275" lon="121.58488534390926">
        <ele>30.37</ele>
      </trkpt>
      <trkpt lat="25.00417387112975" lon="121.58485759980977">
        <ele>30.83</ele>
      </trkpt>
      <trkpt lat="25.00420999713242" lon="121.58484997227788">
        <ele>30.98</ele>
      </trkpt>
      <trkpt lat="25.00425877980888" lon="121.58483237028122">
        <ele>31.2</ele>
      </trkpt>
      <trkpt lat="25.004301527515054" lon="121.58481694757938">
        <ele>31.43</ele>
      </trkpt>
      <trkpt lat="25.00438534654677" lon="121.584786856547">
        <ele>31.93</ele>
      </trkpt>
      <trkpt lat="25.004459945484996" lon="121.58475995063782">
        <ele>32.45</ele>
      </trkpt>
      <trkpt lat="25.00447042286396" lon="121.5847591124475">
        <ele>32.52</ele>
      </trkpt>
      <trkpt lat="25.00455834902823" lon="121.5847519878298">
        <ele>33.2</ele>
      </trkpt>
      <trkpt lat="25.004603192210197" lon="121.58474838361144">
        <ele>33.57</ele>
      </trkpt>
      <trkpt lat="25.004690196365118" lon="121.58474125899374">
        <ele>34.39</ele>
      </trkpt>
      <trkpt lat="25.004829922690988" lon="121.58472994342446">
        <ele>35.76</ele>
      </trkpt>
      <trkpt lat="25.00486814416945" lon="121.58473757095635">
        <ele>36.15</ele>
      </trkpt>
      <trkpt lat="25.00513007864356" lon="121.58478995785117">
        <ele>38.7</ele>
      </trkpt>
      <trkpt lat="25.00517995096743" lon="121.58479993231595">
        <ele>39.19</ele>
      </trkpt>
      <trkpt lat="25.005262345075607" lon="121.58479993231595">
        <ele>40.01</ele>
      </trkpt>
      <trkpt lat="25.00530643388629" lon="121.58479993231595">
        <ele>40.43</ele>
      </trkpt>
      <trkpt lat="25.005379943177104" lon="121.58479993231595">
        <ele>41.08</ele>
      </trkpt>
      <trkpt lat="25.005394276231527" lon="121.58479657955468">
        <ele>41.22</ele>
      </trkpt>
      <trkpt lat="25.00552436336875" lon="121.58476539887488">
        <ele>42.45</ele>
      </trkpt>
      <trkpt lat="25.00565528869629" lon="121.58473413437605">
        <ele>43.6</ele>
      </trkpt>
      <trkpt lat="25.00574229285121" lon="121.58471334725618">
        <ele>44.29</ele>
      </trkpt>
      <trkpt lat="25.00578537583351" lon="121.58470303751528">
        <ele>44.6</ele>
      </trkpt>
      <trkpt lat="25.00582929700613" lon="121.58469247631729">
        <ele>44.89</ele>
      </trkpt>
      <trkpt lat="25.005839942023158" lon="121.58468996174634">
        <ele>44.95</ele>
      </trkpt>
      <trkpt lat="25.005872044712305" lon="121.58468074165285">
        <ele>45.15</ele>
      </trkpt>
      <trkpt lat="25.005915630608797" lon="121.58466833643615">
        <ele>45.38</ele>
      </trkpt>
      <trkpt lat="25.005979919806123" lon="121.5846499800682">
        <ele>45.68</ele>
      </trkpt>
      <trkpt lat="25.006002467125654" lon="121.58465165644884">
        <ele>45.79</ele>
      </trkpt>
      <trkpt lat="25.006091315299273" lon="121.58465819433331">
        <ele>46.13</ele>
      </trkpt>
      <trkpt lat="25.00622408464551" lon="121.58466800116003">
        <ele>46.6</ele>
      </trkpt>
      <trkpt lat="25.00624998472631" lon="121.58466992899776">
        <ele>46.69</ele>
      </trkpt>
      <trkpt lat="25.00635794363916" lon="121.58466456457973">
        <ele>47.11</ele>
      </trkpt>
      <trkpt lat="25.006449976935983" lon="121.58465995453298">
        <ele>47.44</ele>
      </trkpt>
      <trkpt lat="25.006533293053508" lon="121.58463665284216">
        <ele>47.75</ele>
      </trkpt>
      <trkpt lat="25.006619542837143" lon="121.584612429142">
        <ele>48.12</ele>
      </trkpt>
      <trkpt lat="25.006662290543318" lon="121.5846005268395">
        <ele>48.34</ele>
      </trkpt>
      <trkpt lat="25.006699925288558" lon="121.5845899656415">
        <ele>48.59</ele>
      </trkpt>
      <trkpt lat="25.00670545734465" lon="121.58458694815636">
        <ele>48.59</ele>
      </trkpt>
      <trkpt lat="25.006785253062844" lon="121.58454352989793">
        <ele>49.18</ele>
      </trkpt>
      <trkpt lat="25.007064370438457" lon="121.58439173363149">
        <ele>51.45</ele>
      </trkpt>
      <trkpt lat="25.00718381255865" lon="121.58432685770094">
        <ele>52.39</ele>
      </trkpt>
      <trkpt lat="25.007269978523254" lon="121.58427991904318">
        <ele>53.0</ele>
      </trkpt>
      <trkpt lat="25.007307026535273" lon="121.58427095040679">
        <ele>53.25</ele>
      </trkpt>
      <trkpt lat="25.007350025698543" lon="121.58426055684686">
        <ele>53.51</ele>
      </trkpt>
      <trkpt lat="25.00739394687116" lon="121.58424991182983">
        <ele>53.74</ele>
      </trkpt>
      <trkpt lat="25.007437029853463" lon="121.58423943445086">
        <ele>53.93</ele>
      </trkpt>
      <trkpt lat="25.00748086720705" lon="121.58422878943384">
        <ele>54.08</ele>
      </trkpt>
      <trkpt lat="25.007523950189352" lon="121.5842183958739">
        <ele>54.21</ele>
      </trkpt>
      <trkpt lat="25.00756787136197" lon="121.58420775085688">
        <ele>54.32</ele>
      </trkpt>
      <trkpt lat="25.007599974051118" lon="121.58419995568693">
        <ele>54.37</ele>
      </trkpt>
      <trkpt lat="25.00765537843108" lon="121.58421001397073">
        <ele>54.48</ele>
      </trkpt>
      <trkpt lat="25.00781999900937" lon="121.58423993736506">
        <ele>54.71</ele>
      </trkpt>
      <trkpt lat="25.00787272118032" lon="121.58425846137106">
        <ele>54.79</ele>
      </trkpt>
      <trkpt lat="25.007957546040416" lon="121.58428830094635">
        <ele>54.96</ele>
      </trkpt>
      <trkpt lat="25.008000377565622" lon="121.58430338837206">
        <ele>55.07</ele>
      </trkpt>
      <trkpt lat="25.00808520242572" lon="121.58433314412832">
        <ele>55.39</ele>
      </trkpt>
      <trkpt lat="25.008127195760608" lon="121.5843478962779">
        <ele>55.61</ele>
      </trkpt>
      <trkpt lat="25.008170027285814" lon="121.58436298370361">
        <ele>55.89</ele>
      </trkpt>
      <trkpt lat="25.008189976215363" lon="121.58436994068325">
        <ele>56.05</ele>
      </trkpt>
      <trkpt lat="25.008209254592657" lon="121.5843841060996">
        <ele>56.23</ele>
      </trkpt>
      <trkpt lat="25.008246721699834" lon="121.58441159874201">
        <ele>56.61</ele>
      </trkpt>
      <trkpt lat="25.00832081772387" lon="121.58446591347456">
        <ele>57.5</ele>
      </trkpt>
      <trkpt lat="25.0083399284631" lon="121.58447999507189">
        <ele>57.74</ele>
      </trkpt>
      <trkpt lat="25.008481247350574" lon="121.5846348926425">
        <ele>59.88</ele>
      </trkpt>
      <trkpt lat="25.008575627580285" lon="121.58473840914667">
        <ele>61.24</ele>
      </trkpt>
      <trkpt lat="25.00863941386342" lon="121.58480839803815">
        <ele>62.11</ele>
      </trkpt>
      <trkpt lat="25.008649975061417" lon="121.58481996506453">
        <ele>62.24</ele>
      </trkpt>
      <trkpt lat="25.008705463260412" lon="121.5849351324141">
        <ele>63.32</ele>
      </trkpt>
      <trkpt lat="25.008726585656404" lon="121.58497896976769">
        <ele>63.67</ele>
      </trkpt>
      <trkpt lat="25.008747288957238" lon="121.58502188511193">
        <ele>63.99</ele>
      </trkpt>
      <trkpt lat="25.00876841135323" lon="121.58506572246552">
        <ele>64.27</ele>
      </trkpt>
      <trkpt lat="25.008789114654064" lon="121.58510863780975">
        <ele>64.51</ele>
      </trkpt>
      <trkpt lat="25.008810237050056" lon="121.58515247516334">
        <ele>64.72</ele>
      </trkpt>
      <trkpt lat="25.00885197892785" lon="121.58523922786117">
        <ele>65.1</ele>
      </trkpt>
      <trkpt lat="25.008893804624677" lon="121.58532589673996">
        <ele>65.45</ele>
      </trkpt>
      <trkpt lat="25.009018359705806" lon="121.58558439463377">
        <ele>66.4</ele>
      </trkpt>
      <trkpt lat="25.009039482101798" lon="121.58562823198736">
        <ele>66.58</ele>
      </trkpt>
      <trkpt lat="25.009049959480762" lon="121.58564994111657">
        <ele>66.68</ele>
      </trkpt>
      <trkpt lat="25.00903805717826" lon="121.5857213549316">
        <ele>67.0</ele>
      </trkpt>
      <trkpt lat="25.009029926732183" lon="121.58576996996999">
        <ele>67.26</ele>
      </trkpt>
      <trkpt lat="25.009029926732183" lon="121.58576996996999">
        <ele>67.26</ele>
      </trkpt>
      <trkpt lat="25.008989609777927" lon="121.5857900865376">
        <ele>67.56</ele>
      </trkpt>
      <trkpt lat="25.008949460461736" lon="121.58581020310521">
        <ele>67.89</ele>
      </trkpt>
      <trkpt lat="25.008909311145544" lon="121.58583023585379">
        <ele>68.26</ele>
      </trkpt>
      <trkpt lat="25.00884996727109" lon="121.58585999161005">
        <ele>68.85</ele>
      </trkpt>
      <trkpt lat="25.008749300614" lon="121.58580576069653">
        <ele>69.89</ele>
      </trkpt>
      <trkpt lat="25.0087199639529" lon="121.58578991889954">
        <ele>70.18</ele>
      </trkpt>
      <trkpt lat="25.008677300065756" lon="121.58575094304979">
        <ele>70.68</ele>
      </trkpt>
      <trkpt lat="25.008578896522522" lon="121.58566100522876">
        <ele>71.87</ele>
      </trkpt>
      <trkpt lat="25.00844738446176" lon="121.58554072491825">
        <ele>73.57</ele>
      </trkpt>
      <trkpt lat="25.008381586521864" lon="121.58548054285347">
        <ele>74.36</ele>
      </trkpt>
      <trkpt lat="25.008348310366273" lon="121.585450200364">
        <ele>74.72</ele>
      </trkpt>
      <trkpt lat="25.008315788581967" lon="121.58542044460773">
        <ele>75.04</ele>
      </trkpt>
      <trkpt lat="25.008282512426376" lon="121.58539001829922">
        <ele>75.33</ele>
      </trkpt>
      <trkpt lat="25.00824999064207" lon="121.58536026254296">
        <ele>75.58</ele>
      </trkpt>
      <trkpt lat="25.00815167091787" lon="121.58527040854096">
        <ele>76.2</ele>
      </trkpt>
      <trkpt lat="25.008019991219044" lon="121.58514996059239">
        <ele>77.05</ele>
      </trkpt>
      <trkpt lat="25.00796844251454" lon="121.58514183014631">
        <ele>77.32</ele>
      </trkpt>
      <trkpt lat="25.007880348712206" lon="121.58512791618705">
        <ele>77.82</ele>
      </trkpt>
      <trkpt lat="25.007792254909873" lon="121.58511400222778">
        <ele>78.38</ele>
      </trkpt>
      <trkpt lat="25.00770407728851" lon="121.58510008826852">
        <ele>79.03</ele>
      </trkpt>
      <trkpt lat="25.007659569382668" lon="121.58509304746985">
        <ele>79.39</ele>
      </trkpt>
      <trkpt lat="25.007571391761303" lon="121.58507913351059">
        <ele>80.2</ele>
      </trkpt>
      <trkpt lat="25.007395120337605" lon="121.58505130559206">
        <ele>82.03</ele>
      </trkpt>
      <trkpt lat="25.007350612431765" lon="121.5850442647934">
        <ele>82.47</ele>
      </trkpt>
      <trkpt lat="25.00725992023945" lon="121.58502993173897">
        <ele>83.28</ele>
      </trkpt>
      <trkpt lat="25.00725992023945" lon="121.58502993173897">
        <ele>83.28</ele>
      </trkpt>
      <trkpt lat="25.00717358663678" lon="121.58503311686218">
        <ele>84.03</ele>
      </trkpt>
      <trkpt lat="25.0070845708251" lon="121.58503646962345">
        <ele>84.74</ele>
      </trkpt>
      <trkpt lat="25.006989939138293" lon="121.58503999002278">
        <ele>85.41</ele>
      </trkpt>
      <trkpt lat="25.006989939138293" lon="121.58503999002278">
        <ele>85.41</ele>
      </trkpt>
      <trkpt lat="25.00691399909556" lon="121.58507796004415">
        <ele>86.05</ele>
      </trkpt>
      <trkpt lat="25.00686999410391" lon="121.58509992063046">
        <ele>86.11</ele>
      </trkpt>
      <trkpt lat="25.006803357973695" lon="121.58514384180307">
        <ele>86.22</ele>
      </trkpt>
      <trkpt lat="25.00639993697405" lon="121.58540996722877">
        <ele>88.74</ele>
      </trkpt>
      <trkpt lat="25.006345454603434" lon="121.58545279875398">
        <ele>89.11</ele>
      </trkpt>
      <trkpt lat="25.006259959191084" lon="121.58551993779838">
        <ele>89.65</ele>
      </trkpt>
      <trkpt lat="25.006238417699933" lon="121.58554147928953">
        <ele>89.81</ele>
      </trkpt>
      <trkpt lat="25.006139930337667" lon="121.5856399666518">
        <ele>90.45</ele>
      </trkpt>
      <trkpt lat="25.00612886622548" lon="121.5857396274805">
        <ele>90.89</ele>
      </trkpt>
      <trkpt lat="25.00611998140812" lon="121.58581992611289">
        <ele>91.22</ele>
      </trkpt>
      <trkpt lat="25.006125010550022" lon="121.5858363546431">
        <ele>91.3</ele>
      </trkpt>
      <trkpt lat="25.006159963086247" lon="121.58594992943108">
        <ele>91.72</ele>
      </trkpt>
      <trkpt lat="25.006288876757026" lon="121.58605311065912">
        <ele>92.35</ele>
      </trkpt>
      <trkpt lat="25.00635995529592" lon="121.58610993996263">
        <ele>92.56</ele>
      </trkpt>
      <trkpt lat="25.00639809295535" lon="121.58611195161939">
        <ele>92.66</ele>
      </trkpt>
      <trkpt lat="25.00648157671094" lon="121.58611639402807">
        <ele>92.89</ele>
      </trkpt>
      <trkpt lat="25.00656606629491" lon="121.58612083643675">
        <ele>93.16</ele>
      </trkpt>
      <trkpt lat="25.006690872833133" lon="121.58612737432122">
        <ele>93.59</ele>
      </trkpt>
      <trkpt lat="25.006739990785718" lon="121.5861299727112">
        <ele>93.88</ele>
      </trkpt>
      <trkpt lat="25.006889943033457" lon="121.58618998713791">
        <ele>94.82</ele>
      </trkpt>
      <trkpt lat="25.00692623667419" lon="121.58623659051955">
        <ele>95.16</ele>
      </trkpt>
      <trkpt lat="25.00695993192494" lon="121.58627992495894">
        <ele>95.48</ele>
      </trkpt>
      <trkpt lat="25.006983233615756" lon="121.58636391162872">
        <ele>95.98</ele>
      </trkpt>
      <trkpt lat="25.00702204182744" lon="121.5865033864975">
        <ele>96.93</ele>
      </trkpt>
      <trkpt lat="25.007086331024766" lon="121.5867348946631">
        <ele>98.66</ele>
      </trkpt>
      <trkpt lat="25.00710996799171" lon="121.58681997098029">
        <ele>99.43</ele>
      </trkpt>
      <trkpt lat="25.007112566381693" lon="121.58682441338897">
        <ele>99.43</ele>
      </trkpt>
      <trkpt lat="25.007157996296883" lon="121.58690303564072">
        <ele>100.22</ele>
      </trkpt>
      <trkpt lat="25.007272073999047" lon="121.58710051327944">
        <ele>102.29</ele>
      </trkpt>
      <trkpt lat="25.007317503914237" lon="121.58717921935022">
        <ele>103.09</ele>
      </trkpt>
      <trkpt lat="25.00736997462809" lon="121.58726999536157">
        <ele>103.78</ele>
      </trkpt>
      <trkpt lat="25.007377518340945" lon="121.58730519935489">
        <ele>104.02</ele>
      </trkpt>
      <trkpt lat="25.007397383451462" lon="121.58739790320396">
        <ele>104.6</ele>
      </trkpt>
      <trkpt lat="25.00741741620004" lon="121.58749161288142">
        <ele>105.14</ele>
      </trkpt>
      <trkpt lat="25.0074299890548" lon="121.5875499509275">
        <ele>105.42</ele>
      </trkpt>
      <trkpt lat="25.007399981841445" lon="121.5876599214971">
        <ele>105.96</ele>
      </trkpt>
      <trkpt lat="25.00739101320505" lon="121.58767341636121">
        <ele>106.04</ele>
      </trkpt>
      <trkpt lat="25.007364861667156" lon="121.58771255984902">
        <ele>106.24</ele>
      </trkpt>
      <trkpt lat="25.007338793948293" lon="121.58775178715587">
        <ele>106.41</ele>
      </trkpt>
      <trkpt lat="25.007287077605724" lon="121.5878293197602">
        <ele>106.68</ele>
      </trkpt>
      <trkpt lat="25.00725992023945" lon="121.58786997199059">
        <ele>106.79</ele>
      </trkpt>
      <trkpt lat="25.007222201675177" lon="121.58788883127272">
        <ele>106.9</ele>
      </trkpt>
      <trkpt lat="25.007119942456484" lon="121.58793996088207">
        <ele>107.14</ele>
      </trkpt>
      <trkpt lat="25.007068812847137" lon="121.58798086456954">
        <ele>107.28</ele>
      </trkpt>
      <trkpt lat="25.007019946351647" lon="121.58801992423832">
        <ele>107.43</ele>
      </trkpt>
      <trkpt lat="25.00695993192494" lon="121.58810994587839">
        <ele>107.68</ele>
      </trkpt>
      <trkpt lat="25.006957920268178" lon="121.58812394365668">
        <ele>107.72</ele>
      </trkpt>
      <trkpt lat="25.006949957460165" lon="121.58817993476987">
        <ele>107.82</ele>
      </trkpt>
      <trkpt lat="25.006969990208745" lon="121.58828998915851">
        <ele>108.03</ele>
      </trkpt>
      <trkpt lat="25.007004188373685" lon="121.58835159614682">
        <ele>108.17</ele>
      </trkpt>
      <trkpt lat="25.007019946351647" lon="121.58837992697954">
        <ele>108.23</ele>
      </trkpt>
      <trkpt lat="25.007053390145302" lon="121.58853583037853">
        <ele>108.57</ele>
      </trkpt>
      <trkpt lat="25.007073422893882" lon="121.58862954005599">
        <ele>108.73</ele>
      </trkpt>
      <trkpt lat="25.007079960778356" lon="121.5886599663645">
        <ele>108.76</ele>
      </trkpt>
      <trkpt lat="25.007072752341628" lon="121.58872442319989">
        <ele>108.84</ele>
      </trkpt>
      <trkpt lat="25.0070673879236" lon="121.58877270296216">
        <ele>108.88</ele>
      </trkpt>
      <trkpt lat="25.007056826725602" lon="121.58886825665832">
        <ele>108.92</ele>
      </trkpt>
      <trkpt lat="25.007035620510578" lon="121.58905936405063">
        <ele>108.92</ele>
      </trkpt>
      <trkpt lat="25.007015923038125" lon="121.5892366413027">
        <ele>108.88</ele>
      </trkpt>
      <trkpt lat="25.00699605792761" lon="121.58941492438316">
        <ele>108.78</ele>
      </trkpt>
      <trkpt lat="25.006969990208745" lon="121.5896499529481">
        <ele>107.8</ele>
      </trkpt>
      <trkpt lat="25.006971415132284" lon="121.58965707756579">
        <ele>107.8</ele>
      </trkpt>
      <trkpt lat="25.006980886682868" lon="121.58970460295677">
        <ele>107.64</ele>
      </trkpt>
      <trkpt lat="25.006989939138293" lon="121.58974994905293">
        <ele>107.52</ele>
      </trkpt>
      <trkpt lat="25.00699077732861" lon="121.58975187689066">
        <ele>107.52</ele>
      </trkpt>
      <trkpt lat="25.007010390982032" lon="121.5897966362536">
        <ele>107.44</ele>
      </trkpt>
      <trkpt lat="25.007029501721263" lon="121.58984038978815">
        <ele>107.42</ele>
      </trkpt>
      <trkpt lat="25.007048696279526" lon="121.5898841433227">
        <ele>107.45</ele>
      </trkpt>
      <trkpt lat="25.007059928029776" lon="121.58990995958447">
        <ele>107.5</ele>
      </trkpt>
      <trkpt lat="25.007076943293214" lon="121.58991683274508">
        <ele>107.54</ele>
      </trkpt>
      <trkpt lat="25.00711834989488" lon="121.58993368037045">
        <ele>107.68</ele>
      </trkpt>
      <trkpt lat="25.007159672677517" lon="121.5899504441768">
        <ele>107.88</ele>
      </trkpt>
      <trkpt lat="25.00720183365047" lon="121.5899676270783">
        <ele>108.13</ele>
      </trkpt>
      <trkpt lat="25.007243240252137" lon="121.58998439088464">
        <ele>108.42</ele>
      </trkpt>
      <trkpt lat="25.007367292419076" lon="121.5900347661227">
        <ele>109.44</ele>
      </trkpt>
      <trkpt lat="25.007379949092865" lon="121.59003996290267">
        <ele>109.55</ele>
      </trkpt>
      <trkpt lat="25.007631070911884" lon="121.59005974419415">
        <ele>111.69</ele>
      </trkpt>
      <trkpt lat="25.007719919085503" lon="121.59006678499281">
        <ele>112.37</ele>
      </trkpt>
      <trkpt lat="25.007759984582663" lon="121.59006997011602">
        <ele>112.65</ele>
      </trkpt>
      <trkpt lat="25.00784883275628" lon="121.5900366101414">
        <ele>113.31</ele>
      </trkpt>
      <trkpt lat="25.00797481276095" lon="121.58998933620751">
        <ele>114.2</ele>
      </trkpt>
      <trkpt lat="25.008059134706855" lon="121.58995773643255">
        <ele>114.76</ele>
      </trkpt>
      <trkpt lat="25.00807992182672" lon="121.5899499412626">
        <ele>114.88</ele>
      </trkpt>
      <trkpt lat="25.00813758932054" lon="121.5899121388793">
        <ele>115.25</ele>
      </trkpt>
      <trkpt lat="25.008214116096497" lon="121.5898619312793">
        <ele>115.7</ele>
      </trkpt>
      <trkpt lat="25.00836716964841" lon="121.5897615160793">
        <ele>116.55</ele>
      </trkpt>
      <trkpt lat="25.00839994288981" lon="121.58973997458816">
        <ele>116.75</ele>
      </trkpt>
      <trkpt lat="25.008449982851744" lon="121.58962992019951">
        <ele>117.33</ele>
      </trkpt>
      <trkpt lat="25.0084522459656" lon="121.58959773369133">
        <ele>117.49</ele>
      </trkpt>
      <trkpt lat="25.008459286764264" lon="121.58949983306229">
        <ele>118.0</ele>
      </trkpt>
      <trkpt lat="25.008462723344564" lon="121.58945138566196">
        <ele>118.27</ele>
      </trkpt>
      <trkpt lat="25.008469931781292" lon="121.58934996463358">
        <ele>118.85</ele>
      </trkpt>
      <trkpt lat="25.00849868170917" lon="121.58926061354578">
        <ele>119.4</ele>
      </trkpt>
      <trkpt lat="25.008513685315847" lon="121.58921384252608">
        <ele>119.65</ele>
      </trkpt>
      <trkpt lat="25.008543441072106" lon="121.58912130631506">
        <ele>120.1</ele>
      </trkpt>
      <trkpt lat="25.008559953421354" lon="121.58906992524862">
        <ele>120.31</ele>
      </trkpt>
      <trkpt lat="25.00861208885908" lon="121.58899758942425">
        <ele>120.67</ele>
      </trkpt>
      <trkpt lat="25.008667409420013" lon="121.58892064355314">
        <ele>120.97</ele>
      </trkpt>
      <trkpt lat="25.00873999670148" lon="121.58881997689605">
        <ele>121.25</ele>
      </trkpt>
      <trkpt lat="25.008755000308156" lon="121.58881017006934">
        <ele>121.3</ele>
      </trkpt>
      <trkpt lat="25.008969996124506" lon="121.58866994082928">
        <ele>121.82</ele>
      </trkpt>
      <trkpt lat="25.008985670283437" lon="121.5886618103832">
        <ele>121.86</ele>
      </trkpt>
      <trkpt lat="25.009106788784266" lon="121.58859852701426">
        <ele>122.17</ele>
      </trkpt>
      <trkpt lat="25.009199995547533" lon="121.58854999579489">
        <ele>122.46</ele>
      </trkpt>
      <trkpt lat="25.009229499846697" lon="121.58854404464364">
        <ele>122.55</ele>
      </trkpt>
      <trkpt lat="25.009361347183585" lon="121.58851764164865">
        <ele>123.04</ele>
      </trkpt>
      <trkpt lat="25.009399987757206" lon="121.58850993029773">
        <ele>123.22</ele>
      </trkpt>
      <trkpt lat="25.00944960862398" lon="121.58851445652544">
        <ele>123.45</ele>
      </trkpt>
      <trkpt lat="25.009619928896427" lon="121.58852996304631">
        <ele>124.37</ele>
      </trkpt>
      <trkpt lat="25.009626718237996" lon="121.58853239379823">
        <ele>124.37</ele>
      </trkpt>
      <trkpt lat="25.009753284975886" lon="121.58857799135149">
        <ele>125.13</ele>
      </trkpt>
      <trkpt lat="25.00992251560092" lon="121.58863901160657">
        <ele>126.22</ele>
      </trkpt>
      <trkpt lat="25.010092668235302" lon="121.58870036713779">
        <ele>127.13</ele>
      </trkpt>
      <trkpt lat="25.010347394272685" lon="121.58879214897752">
        <ele>128.6</ele>
      </trkpt>
      <trkpt lat="25.010432051494718" lon="121.58882265910506">
        <ele>129.12</ele>
      </trkpt>
      <trkpt lat="25.01047999598086" lon="121.5888399258256">
        <ele>129.43</ele>
      </trkpt>
      <trkpt lat="25.010599941015244" lon="121.58885995857418">
        <ele>130.24</ele>
      </trkpt>
      <trkpt lat="25.01060714945197" lon="121.58885937184095">
        <ele>130.24</ele>
      </trkpt>
      <trkpt lat="25.01065107062459" lon="121.58885585144162">
        <ele>130.5</ele>
      </trkpt>
      <trkpt lat="25.010695913806558" lon="121.58885224722326">
        <ele>130.73</ele>
      </trkpt>
      <trkpt lat="25.010740756988525" lon="121.58884872682393">
        <ele>130.93</ele>
      </trkpt>
      <trkpt lat="25.010829605162144" lon="121.58884160220623">
        <ele>131.29</ele>
      </trkpt>
      <trkpt lat="25.011051977053285" lon="121.5888238325715">
        <ele>132.06</ele>
      </trkpt>
      <trkpt lat="25.011099921539426" lon="121.58881997689605">
        <ele>132.23</ele>
      </trkpt>
      <trkpt lat="25.011185836046934" lon="121.58882450312376">
        <ele>132.56</ele>
      </trkpt>
      <trkpt lat="25.011289939284325" lon="121.58882995136082">
        <ele>132.97</ele>
      </trkpt>
      <trkpt lat="25.011399993672967" lon="121.58892994746566">
        <ele>133.54</ele>
      </trkpt>
      <trkpt lat="25.011424217373133" lon="121.58899784088135">
        <ele>133.81</ele>
      </trkpt>
      <trkpt lat="25.01144994981587" lon="121.58906992524862">
        <ele>134.1</ele>
      </trkpt>
      <trkpt lat="25.0114484410733" lon="121.58909062854946">
        <ele>134.19</ele>
      </trkpt>
      <trkpt lat="25.011441400274634" lon="121.58918961882591">
        <ele>134.65</ele>
      </trkpt>
      <trkpt lat="25.011439975351095" lon="121.58920998685062">
        <ele>134.74</ele>
      </trkpt>
      <trkpt lat="25.011399993672967" lon="121.58933999016881">
        <ele>135.42</ele>
      </trkpt>
      <trkpt lat="25.011289939284325" lon="121.58939992077649">
        <ele>136.09</ele>
      </trkpt>
      <trkpt lat="25.011288514360785" lon="121.58939983695745">
        <ele>136.09</ele>
      </trkpt>
      <trkpt lat="25.01106438226998" lon="121.589380139485">
        <ele>137.35</ele>
      </trkpt>
      <trkpt lat="25.01097653992474" lon="121.58937242813408">
        <ele>137.81</ele>
      </trkpt>
      <trkpt lat="25.010842932388186" lon="121.58936077728868">
        <ele>138.45</ele>
      </trkpt>
      <trkpt lat="25.01079808920622" lon="121.58935683779418">
        <ele>138.68</ele>
      </trkpt>
      <trkpt lat="25.01071996986866" lon="121.58934996463358">
        <ele>139.14</ele>
      </trkpt>
      <trkpt lat="25.01062517054379" lon="121.5893838275224">
        <ele>139.74</ele>
      </trkpt>
      <trkpt lat="25.010579992085695" lon="121.58939992077649">
        <ele>140.0</ele>
      </trkpt>
      <trkpt lat="25.010579992085695" lon="121.58939992077649">
        <ele>140.0</ele>
      </trkpt>
      <trkpt lat="25.010556941851974" lon="121.58943931572139">
        <ele>140.23</ele>
      </trkpt>
      <trkpt lat="25.010533137246966" lon="121.58948021940887">
        <ele>140.43</ele>
      </trkpt>
      <trkpt lat="25.01050991937518" lon="121.5895199496299">
        <ele>140.6</ele>
      </trkpt>
      <trkpt lat="25.010509584099054" lon="121.58952229656279">
        <ele>140.6</ele>
      </trkpt>
      <trkpt lat="25.010502627119422" lon="121.58957133069634">
        <ele>140.74</ele>
      </trkpt>
      <trkpt lat="25.010489970445633" lon="121.58965992741287">
        <ele>140.95</ele>
      </trkpt>
      <trkpt lat="25.010500280186534" lon="121.58971692435443">
        <ele>141.1</ele>
      </trkpt>
      <trkpt lat="25.01050991937518" lon="121.58976998180151">
        <ele>141.28</ele>
      </trkpt>
      <trkpt lat="25.010541351512074" lon="121.58979739062488">
        <ele>141.44</ele>
      </trkpt>
      <trkpt lat="25.010576555505395" lon="121.58982823602855">
        <ele>141.65</ele>
      </trkpt>
      <trkpt lat="25.01058996655047" lon="121.58983997069299">
        <ele>141.74</ele>
      </trkpt>
      <trkpt lat="25.01065978780389" lon="121.58982094377279">
        <ele>142.15</ele>
      </trkpt>
      <trkpt lat="25.01069993712008" lon="121.58980996347964">
        <ele>142.44</ele>
      </trkpt>
      <trkpt lat="25.010702535510063" lon="121.58980719745159">
        <ele>142.44</ele>
      </trkpt>
      <trkpt lat="25.01076598651707" lon="121.58973821438849">
        <ele>143.1</ele>
      </trkpt>
      <trkpt lat="25.010798005387187" lon="121.58970342949033">
        <ele>143.47</ele>
      </trkpt>
      <trkpt lat="25.010861372575164" lon="121.58963444642723">
        <ele>144.27</ele>
      </trkpt>
      <trkpt lat="25.010929936543107" lon="121.58955993130803">
        <ele>145.15</ele>
      </trkpt>
      <trkpt lat="25.010929936543107" lon="121.58955993130803">
        <ele>145.15</ele>
      </trkpt>
      <trkpt lat="25.010966397821903" lon="121.58954903483391">
        <ele>145.63</ele>
      </trkpt>
      <trkpt lat="25.011029932647943" lon="121.58952992409468">
        <ele>146.36</ele>
      </trkpt>
      <trkpt lat="25.011095982044935" lon="121.58954861573875">
        <ele>147.12</ele>
      </trkpt>
      <trkpt lat="25.01118223182857" lon="121.58957292325795">
        <ele>148.01</ele>
      </trkpt>
      <trkpt lat="25.011225817725062" lon="121.58958516083658">
        <ele>148.39</ele>
      </trkpt>
      <trkpt lat="25.011269403621554" lon="121.58959748223424">
        <ele>148.74</ele>
      </trkpt>
      <trkpt lat="25.011312067508698" lon="121.5896095521748">
        <ele>149.04</ele>
      </trkpt>
      <trkpt lat="25.01135565340519" lon="121.58962178975344">
        <ele>149.3</ele>
      </trkpt>
      <trkpt lat="25.01139923930168" lon="121.5896341111511">
        <ele>149.52</ele>
      </trkpt>
      <trkpt lat="25.011419942602515" lon="121.58963997848332">
        <ele>149.6</ele>
      </trkpt>
      <trkpt lat="25.01144257374108" lon="121.58963922411203">
        <ele>149.69</ele>
      </trkpt>
      <trkpt lat="25.011487500742078" lon="121.58963771536946">
        <ele>149.83</ele>
      </trkpt>
      <trkpt lat="25.01162144355476" lon="121.58963327296078">
        <ele>150.1</ele>
      </trkpt>
      <trkpt lat="25.011719930917025" lon="121.58962992019951">
        <ele>150.25</ele>
      </trkpt>
      <trkpt lat="25.01175446435809" lon="121.58962095156312">
        <ele>150.31</ele>
      </trkpt>
      <trkpt lat="25.011841133236885" lon="121.58959823660553">
        <ele>150.42</ele>
      </trkpt>
      <trkpt lat="25.011927718296647" lon="121.58957560546696">
        <ele>150.5</ele>
      </trkpt>
      <trkpt lat="25.012097535654902" lon="121.58953118138015">
        <ele>150.42</ele>
      </trkpt>
      <trkpt lat="25.012224353849888" lon="121.5894979890436">
        <ele>150.41</ele>
      </trkpt>
      <trkpt lat="25.012369947507977" lon="121.5894599352032">
        <ele>150.46</ele>
      </trkpt>
      <trkpt lat="25.012361397966743" lon="121.58938743174076">
        <ele>150.49</ele>
      </trkpt>
      <trkpt lat="25.01232996582985" lon="121.58911996521056">
        <ele>150.73</ele>
      </trkpt>
      <trkpt lat="25.012326361611485" lon="121.58910546451807">
        <ele>150.75</ele>
      </trkpt>
      <trkpt lat="25.012299958616495" lon="121.58899993635714">
        <ele>150.88</ele>
      </trkpt>
      <trkpt lat="25.01226014457643" lon="121.58892827108502">
        <ele>150.98</ele>
      </trkpt>
      <trkpt lat="25.01219996251166" lon="121.58881997689605">
        <ele>151.1</ele>
      </trkpt>
      <trkpt lat="25.012072809040546" lon="121.58873749896884">
        <ele>151.26</ele>
      </trkpt>
      <trkpt lat="25.011921599507332" lon="121.58863943070173">
        <ele>151.52</ele>
      </trkpt>
      <trkpt lat="25.011846413835883" lon="121.58859064802527">
        <ele>151.81</ele>
      </trkpt>
      <trkpt lat="25.011829985305667" lon="121.58857991918921">
        <ele>151.89</ele>
      </trkpt>
      <trkpt lat="25.01167139969766" lon="121.58844647929072">
        <ele>152.76</ele>
      </trkpt>
      <trkpt lat="25.011639967560768" lon="121.5884199924767">
        <ele>152.94</ele>
      </trkpt>
      <trkpt lat="25.011518178507686" lon="121.58835587091744">
        <ele>153.58</ele>
      </trkpt>
      <trkpt lat="25.01144994981587" lon="121.58831999637187">
        <ele>153.89</ele>
      </trkpt>
      <trkpt lat="25.011437963694334" lon="121.58832393586636">
        <ele>153.95</ele>
      </trkpt>
      <trkpt lat="25.011354479938745" lon="121.58835176378489">
        <ele>154.27</ele>
      </trkpt>
      <trkpt lat="25.011329920962453" lon="121.58835997805">
        <ele>154.34</ele>
      </trkpt>
      <trkpt lat="25.01127853989601" lon="121.58839736133814">
        <ele>154.54</ele>
      </trkpt>
      <trkpt lat="25.011242413893342" lon="121.58842359669507">
        <ele>154.65</ele>
      </trkpt>
      <trkpt lat="25.011219950392842" lon="121.58843994140625">
        <ele>154.7</ele>
      </trkpt>
      <trkpt lat="25.011082319542766" lon="121.5885011292994">
        <ele>155.0</ele>
      </trkpt>
      <trkpt lat="25.01103999093175" lon="121.58851998858154">
        <ele>155.1</ele>
      </trkpt>
      <trkpt lat="25.01099850051105" lon="121.58851621672511">
        <ele>155.21</ele>
      </trkpt>
      <trkpt lat="25.01095550134778" lon="121.58851227723062">
        <ele>155.33</ele>
      </trkpt>
      <trkpt lat="25.010929936543107" lon="121.58850993029773">
        <ele>155.41</ele>
      </trkpt>
      <trkpt lat="25.010881992056966" lon="121.58846726641059">
        <ele>155.61</ele>
      </trkpt>
      <trkpt lat="25.010839998722076" lon="121.58842996694148">
        <ele>155.99</ele>
      </trkpt>
      <trkpt lat="25.010824324563146" lon="121.58839861862361">
        <ele>156.22</ele>
      </trkpt>
      <trkpt lat="25.01080345362425" lon="121.58835696056485">
        <ele>156.56</ele>
      </trkpt>
      <trkpt lat="25.010789958760142" lon="121.58832997083664">
        <ele>156.79</ele>
      </trkpt>
      <trkpt lat="25.010786941275" lon="121.58831345848739">
        <ele>156.93</ele>
      </trkpt>
      <trkpt lat="25.010769926011562" lon="121.588219916448">
        <ele>157.75</ele>
      </trkpt>
      <trkpt lat="25.010789958760142" lon="121.58798991702497">
        <ele>159.84</ele>
      </trkpt>
      <trkpt lat="25.010794065892696" lon="121.5879833791405">
        <ele>159.84</ele>
      </trkpt>
      <trkpt lat="25.01084310002625" lon="121.58790492452681">
        <ele>160.6</ele>
      </trkpt>
      <trkpt lat="25.01086757518351" lon="121.58786569721997">
        <ele>160.95</ele>
      </trkpt>
      <trkpt lat="25.01088995486498" lon="121.58782999031246">
        <ele>161.27</ele>
      </trkpt>
      <trkpt lat="25.01089104451239" lon="121.58782596699893">
        <ele>161.27</ele>
      </trkpt>
      <trkpt lat="25.010903952643275" lon="121.58777944743633">
        <ele>161.55</ele>
      </trkpt>
      <trkpt lat="25.010916609317064" lon="121.58773393370211">
        <ele>161.8</ele>
      </trkpt>
      <trkpt lat="25.010929265990853" lon="121.58768841996789">
        <ele>162.01</ele>
      </trkpt>
      <trkpt lat="25.010939994826913" lon="121.58764994703233">
        <ele>162.18</ele>
      </trkpt>
      <trkpt lat="25.010939072817564" lon="121.58764257095754">
        <ele>162.18</ele>
      </trkpt>
      <trkpt lat="25.010928008705378" lon="121.5875481069088">
        <ele>162.46</ele>
      </trkpt>
      <trkpt lat="25.01090571284294" lon="121.58735917881131">
        <ele>162.88</ele>
      </trkpt>
      <trkpt lat="25.010899929329753" lon="121.5873099770397">
        <ele>163.05</ele>
      </trkpt>
      <trkpt lat="25.010939994826913" lon="121.5872233081609">
        <ele>163.4</ele>
      </trkpt>
      <trkpt lat="25.01095994375646" lon="121.5871799737215">
        <ele>163.58</ele>
      </trkpt>
      <trkpt lat="25.01103999093175" lon="121.58714996650815">
        <ele>163.93</ele>
      </trkpt>
      <trkpt lat="25.011131102219224" lon="121.58717729151249">
        <ele>164.32</ele>
      </trkpt>
      <trkpt lat="25.011139987036586" lon="121.5871799737215">
        <ele>164.35</ele>
      </trkpt>
      <trkpt lat="25.011219698935747" lon="121.5871852543205">
        <ele>164.63</ele>
      </trkpt>
      <trkpt lat="25.011289939284325" lon="121.58718994818628">
        <ele>164.83</ele>
      </trkpt>
      <trkpt lat="25.01130728982389" lon="121.58718567341566">
        <ele>164.89</ele>
      </trkpt>
      <trkpt lat="25.011480879038572" lon="121.58714225515723">
        <ele>165.35</ele>
      </trkpt>
      <trkpt lat="25.011489931493998" lon="121.58713999204338">
        <ele>165.37</ele>
      </trkpt>
      <trkpt lat="25.011613816022873" lon="121.58713999204338">
        <ele>165.67</ele>
      </trkpt>
      <trkpt lat="25.011747758835554" lon="121.58713999204338">
        <ele>165.91</ele>
      </trkpt>
      <trkpt lat="25.01185999251902" lon="121.58713999204338">
        <ele>166.16</ele>
      </trkpt>
      <trkpt lat="25.011926544830203" lon="121.58714602701366">
        <ele>166.31</ele>
      </trkpt>
      <trkpt lat="25.012059146538377" lon="121.58715809695423">
        <ele>166.57</ele>
      </trkpt>
      <trkpt lat="25.012079933658242" lon="121.58715994097292">
        <ele>166.62</ele>
      </trkpt>
      <trkpt lat="25.01214866526425" lon="121.58715231344104">
        <ele>166.79</ele>
      </trkpt>
      <trkpt lat="25.012169955298305" lon="121.58714996650815">
        <ele>166.85</ele>
      </trkpt>
      <trkpt lat="25.012259474024177" lon="121.5870745293796">
        <ele>167.19</ele>
      </trkpt>
      <trkpt lat="25.012359973043203" lon="121.5869899559766">
        <ele>167.59</ele>
      </trkpt>
      <trkpt lat="25.01237992197275" lon="121.586879985407">
        <ele>167.92</ele>
      </trkpt>
      <trkpt lat="25.01236231997609" lon="121.58673900179565">
        <ele>168.34</ele>
      </trkpt>
      <trkpt lat="25.012359973043203" lon="121.58671997487545">
        <ele>168.38</ele>
      </trkpt>
      <trkpt lat="25.01237195916474" lon="121.58664202317595">
        <ele>168.58</ele>
      </trkpt>
      <trkpt lat="25.01237992197275" lon="121.58658997155726">
        <ele>168.68</ele>
      </trkpt>
      <trkpt lat="25.01240322366357" lon="121.58655250445008">
        <ele>168.77</ele>
      </trkpt>
      <trkpt lat="25.012525850906968" lon="121.58635527826846">
        <ele>168.95</ele>
      </trkpt>
      <trkpt lat="25.012574717402458" lon="121.58627665601671">
        <ele>169.09</ele>
      </trkpt>
      <trkpt lat="25.01260992139578" lon="121.58621999435127">
        <ele>169.2</ele>
      </trkpt>
      <trkpt lat="25.01261729747057" lon="121.58614631742239">
        <ele>169.33</ele>
      </trkpt>
      <trkpt lat="25.012619979679585" lon="121.58611999824643">
        <ele>169.36</ele>
      </trkpt>
      <trkpt lat="25.012596426531672" lon="121.58605520613492">
        <ele>169.46</ele>
      </trkpt>
      <trkpt lat="25.012579998001456" lon="121.58600994385779">
        <ele>169.5</ele>
      </trkpt>
      <trkpt lat="25.012543704360723" lon="121.58598630689085">
        <ele>169.55</ele>
      </trkpt>
      <trkpt lat="25.012469356879592" lon="121.58593785949051">
        <ele>169.61</ele>
      </trkpt>
      <trkpt lat="25.01234999857843" lon="121.58585999161005">
        <ele>169.62</ele>
      </trkpt>
      <trkpt lat="25.01234999857843" lon="121.58585999161005">
        <ele>169.62</ele>
      </trkpt>
      <trkpt lat="25.012320075184107" lon="121.58583015203476">
        <ele>169.6</ele>
      </trkpt>
      <trkpt lat="25.01228998415172" lon="121.58579997718334">
        <ele>169.56</ele>
      </trkpt>
      <trkpt lat="25.012268694117665" lon="121.5857520326972">
        <ele>169.53</ele>
      </trkpt>
      <trkpt lat="25.01224991865456" lon="121.58570995554328">
        <ele>169.46</ele>
      </trkpt>
      <trkpt lat="25.012291492894292" lon="121.58562001772225">
        <ele>169.33</ele>
      </trkpt>
      <trkpt lat="25.012369947507977" lon="121.5854499489069">
        <ele>168.99</ele>
      </trkpt>
      <trkpt lat="25.012365337461233" lon="121.58534517511725">
        <ele>168.81</ele>
      </trkpt>
      <trkpt lat="25.012352177873254" lon="121.58505080267787">
        <ele>168.6</ele>
      </trkpt>
      <trkpt lat="25.01234999857843" lon="121.58499992452562">
        <ele>168.59</ele>
      </trkpt>
      <trkpt lat="25.012371707707644" lon="121.58496027812362">
        <ele>168.59</ele>
      </trkpt>
      <trkpt lat="25.01246248371899" lon="121.58479473553598">
        <ele>168.72</ele>
      </trkpt>
      <trkpt lat="25.012508165091276" lon="121.58471150323749">
        <ele>168.75</ele>
      </trkpt>
      <trkpt lat="25.012519983574748" lon="121.58468996174634">
        <ele>168.73</ele>
      </trkpt>
      <trkpt lat="25.012499950826168" lon="121.58450991846621">
        <ele>168.64</ele>
      </trkpt>
      <trkpt lat="25.012455275282264" lon="121.58444294705987">
        <ele>168.6</ele>
      </trkpt>
      <trkpt lat="25.01243993639946" lon="121.58441998064518">
        <ele>168.59</ele>
      </trkpt>
      <trkpt lat="25.012359973043203" lon="121.5843499917537">
        <ele>168.57</ele>
      </trkpt>
      <trkpt lat="25.01235938630998" lon="121.58434529788792">
        <ele>168.57</ele>
      </trkpt>
      <trkpt lat="25.01234999857843" lon="121.58426994457841">
        <ele>168.57</ele>
      </trkpt>
      <trkpt lat="25.01235544681549" lon="121.58425066620111">
        <ele>168.58</ele>
      </trkpt>
      <trkpt lat="25.012429961934686" lon="121.58398998901248">
        <ele>168.67</ele>
      </trkpt>
      <trkpt lat="25.01244287006557" lon="121.58377951942384">
        <ele>168.75</ele>
      </trkpt>
      <trkpt lat="25.012448905035853" lon="121.58368245698512">
        <ele>168.82</ele>
      </trkpt>
      <trkpt lat="25.012457789853215" lon="121.58353795297444">
        <ele>169.0</ele>
      </trkpt>
      <trkpt lat="25.01246633939445" lon="121.58339931629598">
        <ele>169.19</ele>
      </trkpt>
      <trkpt lat="25.012469943612814" lon="121.58333997242153">
        <ele>169.29</ele>
      </trkpt>
      <trkpt lat="25.01244924031198" lon="121.58326386474073">
        <ele>169.43</ele>
      </trkpt>
      <trkpt lat="25.01243993639946" lon="121.58322991803288">
        <ele>169.51</ele>
      </trkpt>
      <trkpt lat="25.012396350502968" lon="121.58313721418381">
        <ele>169.75</ele>
      </trkpt>
      <trkpt lat="25.012359973043203" lon="121.58305993303657">
        <ele>169.98</ele>
      </trkpt>
      <trkpt lat="25.012299958616495" lon="121.58298994414508">
        <ele>170.25</ele>
      </trkpt>
      <trkpt lat="25.012298952788115" lon="121.58298960886896">
        <ele>170.25</ele>
      </trkpt>
      <trkpt lat="25.01221999526024" lon="121.58295993693173">
        <ele>170.31</ele>
      </trkpt>
      <trkpt lat="25.012218821793795" lon="121.58295993693173">
        <ele>170.31</ele>
      </trkpt>
      <trkpt lat="25.012039951980114" lon="121.58294996246696">
        <ele>170.39</ele>
      </trkpt>
      <trkpt lat="25.012011118233204" lon="121.58296077512205">
        <ele>170.41</ele>
      </trkpt>
      <trkpt lat="25.011959988623857" lon="121.58297996968031">
        <ele>170.45</ele>
      </trkpt>
      <trkpt lat="25.011849934235215" lon="121.58295993693173">
        <ele>170.56</ele>
      </trkpt>
      <trkpt lat="25.011799978092313" lon="121.5829199552536">
        <ele>170.61</ele>
      </trkpt>
      <trkpt lat="25.01179000362754" lon="121.58289631828666">
        <ele>170.64</ele>
      </trkpt>
      <trkpt lat="25.011719930917025" lon="121.5827299375087">
        <ele>170.68</ele>
      </trkpt>
      <trkpt lat="25.01171490177512" lon="121.58267453312874">
        <ele>170.7</ele>
      </trkpt>
      <trkpt lat="25.01170995645225" lon="121.58261996693909">
        <ele>170.72</ele>
      </trkpt>
      <trkpt lat="25.01171582378447" lon="121.58257906325161">
        <ele>170.75</ele>
      </trkpt>
      <trkpt lat="25.011722529307008" lon="121.58253195695579">
        <ele>170.79</ele>
      </trkpt>
      <trkpt lat="25.01172998920083" lon="121.58247998915613">
        <ele>170.86</ele>
      </trkpt>
      <trkpt lat="25.011751279234886" lon="121.58244444988668">
        <ele>170.92</ele>
      </trkpt>
      <trkpt lat="25.011847084388137" lon="121.58228477463126">
        <ele>171.26</ele>
      </trkpt>
      <trkpt lat="25.011870888993144" lon="121.58224504441023">
        <ele>171.33</ele>
      </trkpt>
      <trkpt lat="25.011909948661923" lon="121.58217991702259">
        <ele>171.4</ele>
      </trkpt>
      <trkpt lat="25.011917324736714" lon="121.58216365613043">
        <ele>171.42</ele>
      </trkpt>
      <trkpt lat="25.011956049129367" lon="121.58207849599421">
        <ele>171.43</ele>
      </trkpt>
      <trkpt lat="25.01200994476676" lon="121.58195997588336">
        <ele>171.36</ele>
      </trkpt>
      <trkpt lat="25.01206719316542" lon="121.58187414519489">
        <ele>171.31</ele>
      </trkpt>
      <trkpt lat="25.012089991942048" lon="121.58183994702995">
        <ele>171.26</ele>
      </trkpt>
      <trkpt lat="25.012125866487622" lon="121.58169628120959">
        <ele>171.09</ele>
      </trkpt>
      <trkpt lat="25.012149922549725" lon="121.58159997314215">
        <ele>170.93</ele>
      </trkpt>
      <trkpt lat="25.01213994808495" lon="121.58138992264867">
        <ele>170.6</ele>
      </trkpt>
      <trkpt lat="25.012088315561414" lon="121.58128263428807">
        <ele>170.42</ele>
      </trkpt>
      <trkpt lat="25.01200659200549" lon="121.58111256547272">
        <ele>170.17</ele>
      </trkpt>
      <trkpt lat="25.011966107413173" lon="121.58102841116488">
        <ele>170.07</ele>
      </trkpt>
      <trkpt lat="25.011889999732375" lon="121.58086999319494">
        <ele>170.0</ele>
      </trkpt>
      <trkpt lat="25.011888658627868" lon="121.58086286857724">
        <ele>170.0</ele>
      </trkpt>
      <trkpt lat="25.01186292618513" lon="121.58072582446039">
        <ele>169.9</ele>
      </trkpt>
      <trkpt lat="25.01184582710266" lon="121.58063446171582">
        <ele>169.81</ele>
      </trkpt>
      <trkpt lat="25.011829985305667" lon="121.58054997213185">
        <ele>169.7</ele>
      </trkpt>
      <trkpt lat="25.01184817403555" lon="121.58040446229279">
        <ele>169.52</ele>
      </trkpt>
      <trkpt lat="25.01185999251902" lon="121.58030999824405">
        <ele>169.45</ele>
      </trkpt>
      <trkpt lat="25.01185999251902" lon="121.58030999824405">
        <ele>169.45</ele>
      </trkpt>
      <trkpt lat="25.01189125701785" lon="121.58022232353687">
        <ele>169.46</ele>
      </trkpt>
      <trkpt lat="25.011909948661923" lon="121.58016993664205">
        <ele>169.49</ele>
      </trkpt>
      <trkpt lat="25.01192830502987" lon="121.58013557083905">
        <ele>169.52</ele>
      </trkpt>
      <trkpt lat="25.01198999583721" lon="121.58001998439431">
        <ele>169.65</ele>
      </trkpt>
      <trkpt lat="25.012024948373437" lon="121.57997614704072">
        <ele>169.72</ele>
      </trkpt>
      <trkpt lat="25.012082112953067" lon="121.5799047332257">
        <ele>169.86</ele>
      </trkpt>
      <trkpt lat="25.012149922549725" lon="121.57981999218464">
        <ele>170.07</ele>
      </trkpt>
      <trkpt lat="25.012181354686618" lon="121.57974849455059">
        <ele>170.22</ele>
      </trkpt>
      <trkpt lat="25.012259976938367" lon="121.57956996001303">
        <ele>170.69</ele>
      </trkpt>
      <trkpt lat="25.012263413518667" lon="121.57952846959233">
        <ele>170.8</ele>
      </trkpt>
      <trkpt lat="25.01226995140314" lon="121.57944993115962">
        <ele>170.93</ele>
      </trkpt>
      <trkpt lat="25.01224799081683" lon="121.57938958145678">
        <ele>171.05</ele>
      </trkpt>
      <trkpt lat="25.012229969725013" lon="121.57933996059">
        <ele>171.31</ele>
      </trkpt>
      <trkpt lat="25.012049926444888" lon="121.57906997948885">
        <ele>173.02</ele>
      </trkpt>
      <trkpt lat="25.01204950734973" lon="121.57906461507082">
        <ele>173.02</ele>
      </trkpt>
      <trkpt lat="25.012039951980114" lon="121.57894995063543">
        <ele>173.61</ele>
      </trkpt>
      <trkpt lat="25.012068450450897" lon="121.57895875163376">
        <ele>173.79</ele>
      </trkpt>
      <trkpt lat="25.012169955298305" lon="121.57898993231356">
        <ele>174.45</ele>
      </trkpt>
      <trkpt lat="25.01219275407493" lon="121.57900745049119">
        <ele>174.63</ele>
      </trkpt>
      <trkpt lat="25.012299958616495" lon="121.5790899284184">
        <ele>175.49</ele>
      </trkpt>
      <trkpt lat="25.0123774074018" lon="121.57921507023275">
        <ele>176.4</ele>
      </trkpt>
      <trkpt lat="25.012429961934686" lon="121.57929997891188">
        <ele>176.96</ele>
      </trkpt>
      <trkpt lat="25.012429961934686" lon="121.57929997891188">
        <ele>176.96</ele>
      </trkpt>
      <trkpt lat="25.012443037703633" lon="121.57939352095127">
        <ele>177.48</ele>
      </trkpt>
      <trkpt lat="25.01244974322617" lon="121.57944154925644">
        <ele>177.72</ele>
      </trkpt>
      <trkpt lat="25.01245661638677" lon="121.57949058339">
        <ele>177.94</ele>
      </trkpt>
      <trkpt lat="25.012463489547372" lon="121.57953961752355">
        <ele>178.11</ele>
      </trkpt>
      <trkpt lat="25.01247027888894" lon="121.57958772964776">
        <ele>178.22</ele>
      </trkpt>
      <trkpt lat="25.01247706823051" lon="121.57963676378131">
        <ele>178.27</ele>
      </trkpt>
      <trkpt lat="25.01248385757208" lon="121.57968479208648">
        <ele>178.27</ele>
      </trkpt>
      <trkpt lat="25.012499950826168" lon="121.57979995943606">
        <ele>177.3</ele>
      </trkpt>
      <trkpt lat="25.01250841654837" lon="121.57982988283038">
        <ele>177.05</ele>
      </trkpt>
      <trkpt lat="25.012535071000457" lon="121.57992359250784">
        <ele>176.17</ele>
      </trkpt>
      <trkpt lat="25.012575136497617" lon="121.58006474375725">
        <ele>174.76</ele>
      </trkpt>
      <trkpt lat="25.01265543513" lon="121.58034788444638">
        <ele>171.86</ele>
      </trkpt>
      <trkpt lat="25.01268175430596" lon="121.58044067211449">
        <ele>170.93</ele>
      </trkpt>
      <trkpt lat="25.012709917500615" lon="121.58053999766707">
        <ele>169.98</ele>
      </trkpt>
      <trkpt lat="25.0127521622926" lon="121.58062214031816">
        <ele>169.12</ele>
      </trkpt>
      <trkpt lat="25.012784097343683" lon="121.58068433403969">
        <ele>168.49</ele>
      </trkpt>
      <trkpt lat="25.012784097343683" lon="121.58068433403969">
        <ele>168.57</ele>
      </trkpt>
      <trkpt lat="25.012899935245514" lon="121.58090997487307">
        <ele>166.34</ele>
      </trkpt>
      <trkpt lat="25.012908736243844" lon="121.58093134872615">
        <ele>166.14</ele>
      </trkpt>
      <trkpt lat="25.01294570043683" lon="121.58102178946137">
        <ele>165.36</ele>
      </trkpt>
      <trkpt lat="25.012963889166713" lon="121.58106612972915">
        <ele>165.0</ele>
      </trkpt>
      <trkpt lat="25.012989956885576" lon="121.58112999983132">
        <ele>164.52</ele>
      </trkpt>
      <trkpt lat="25.013001104816794" lon="121.58115648664534">
        <ele>164.32</ele>
      </trkpt>
      <trkpt lat="25.013019712641835" lon="121.58120057545602">
        <ele>164.02</ele>
      </trkpt>
      <trkpt lat="25.013038655743003" lon="121.58124558627605">
        <ele>163.74</ele>
      </trkpt>
      <trkpt lat="25.01307654194534" lon="121.58133552409708">
        <ele>163.25</ele>
      </trkpt>
      <trkpt lat="25.013114009052515" lon="121.5814246237278">
        <ele>162.81</ele>
      </trkpt>
      <trkpt lat="25.01314996741712" lon="121.58150995150208">
        <ele>162.41</ele>
      </trkpt>
      <trkpt lat="25.01315088942647" lon="121.5815139748156">
        <ele>162.41</ele>
      </trkpt>
      <trkpt lat="25.013189697638154" lon="121.58168228343129">
        <ele>162.41</ele>
      </trkpt>
      <trkpt lat="25.013223057612777" lon="121.58182653598487">
        <ele>161.75</ele>
      </trkpt>
      <trkpt lat="25.01326714642346" lon="121.58201797865331">
        <ele>161.01</ele>
      </trkpt>
      <trkpt lat="25.013289358466864" lon="121.58211411908269">
        <ele>160.6</ele>
      </trkpt>
      <trkpt lat="25.01329991966486" lon="121.58215996809304">
        <ele>160.37</ele>
      </trkpt>
      <trkpt lat="25.013300171121955" lon="121.5821622312069">
        <ele>160.37</ele>
      </trkpt>
      <trkpt lat="25.013312241062522" lon="121.582310507074">
        <ele>159.62</ele>
      </trkpt>
      <trkpt lat="25.01332431100309" lon="121.5824587829411">
        <ele>158.9</ele>
      </trkpt>
      <trkpt lat="25.013332441449165" lon="121.5825576055795">
        <ele>158.38</ele>
      </trkpt>
      <trkpt lat="25.01333998516202" lon="121.58264997415245">
        <ele>157.87</ele>
      </trkpt>
      <trkpt lat="25.01336932182312" lon="121.58275064080954">
        <ele>157.29</ele>
      </trkpt>
      <trkpt lat="25.013396898284554" lon="121.58284510485828">
        <ele>156.79</ele>
      </trkpt>
      <trkpt lat="25.013409974053502" lon="121.58288994804025">
        <ele>156.56</ele>
      </trkpt>
      <trkpt lat="25.013482645154" lon="121.5830182749778">
        <ele>155.83</ele>
      </trkpt>
      <trkpt lat="25.013530338183045" lon="121.58310242928565">
        <ele>155.31</ele>
      </trkpt>
      <trkpt lat="25.01357995904982" lon="121.58318993635476">
        <ele>154.71</ele>
      </trkpt>
      <trkpt lat="25.01357995904982" lon="121.58318993635476">
        <ele>154.71</ele>
      </trkpt>
      <trkpt lat="25.01359647139907" lon="121.58323184587061">
        <ele>154.38</ele>
      </trkpt>
      <trkpt lat="25.01363226212561" lon="121.58332278952003">
        <ele>153.67</ele>
      </trkpt>
      <trkpt lat="25.013668136671185" lon="121.58341381698847">
        <ele>152.91</ele>
      </trkpt>
      <trkpt lat="25.013686073943973" lon="121.58345933072269">
        <ele>152.51</ele>
      </trkpt>
      <trkpt lat="25.01370996236801" lon="121.58351993188262">
        <ele>151.91</ele>
      </trkpt>
      <trkpt lat="25.013716416433454" lon="121.5835523698479">
        <ele>151.62</ele>
      </trkpt>
      <trkpt lat="25.013735610991716" lon="121.58364825882018">
        <ele>150.65</ele>
      </trkpt>
      <trkpt lat="25.013779951259494" lon="121.58386996015906">
        <ele>148.28</ele>
      </trkpt>
      <trkpt lat="25.0138124730438" lon="121.58393089659512">
        <ele>147.55</ele>
      </trkpt>
      <trkpt lat="25.013859998434782" lon="121.58401999622583">
        <ele>146.51</ele>
      </trkpt>
      <trkpt lat="25.013887910172343" lon="121.58405344001949">
        <ele>146.06</ele>
      </trkpt>
      <trkpt lat="25.01395999453962" lon="121.58413994126022">
        <ele>144.98</ele>
      </trkpt>
      <trkpt lat="25.014063259586692" lon="121.58420372754335">
        <ele>143.78</ele>
      </trkpt>
      <trkpt lat="25.014299964532256" lon="121.5843499917537">
        <ele>140.96</ele>
      </trkpt>
      <trkpt lat="25.01436995342374" lon="121.58441998064518">
        <ele>140.05</ele>
      </trkpt>
      <trkpt lat="25.01436995342374" lon="121.58441998064518">
        <ele>140.05</ele>
      </trkpt>
      <trkpt lat="25.014419993385673" lon="121.58451997675002">
        <ele>138.99</ele>
      </trkpt>
      <trkpt lat="25.014460226520896" lon="121.58469113521278">
        <ele>137.44</ele>
      </trkpt>
      <trkpt lat="25.01449995674193" lon="121.58485994674265">
        <ele>135.84</ele>
      </trkpt>
      <trkpt lat="25.01451169140637" lon="121.58487905748188">
        <ele>135.63</ele>
      </trkpt>
      <trkpt lat="25.014579920098186" lon="121.58498995006084">
        <ele>134.11</ele>
      </trkpt>
      <trkpt lat="25.01473599113524" lon="121.58518860116601">
        <ele>131.14</ele>
      </trkpt>
      <trkpt lat="25.01479994505644" lon="121.5852699894458">
        <ele>130.04</ele>
      </trkpt>
      <trkpt lat="25.01479994505644" lon="121.5852699894458">
        <ele>130.04</ele>
      </trkpt>
      <trkpt lat="25.014812517911196" lon="121.58530762419105">
        <ele>129.52</ele>
      </trkpt>
      <trkpt lat="25.014839926734567" lon="121.58538993448019">
        <ele>128.65</ele>
      </trkpt>
      <trkpt lat="25.014840262010694" lon="121.58540150150657">
        <ele>128.54</ele>
      </trkpt>
      <trkpt lat="25.01484294421971" lon="121.58550065942109">
        <ele>127.6</ele>
      </trkpt>
      <trkpt lat="25.014845626428723" lon="121.58560090698302">
        <ele>126.71</ele>
      </trkpt>
      <trkpt lat="25.01484830863774" lon="121.58569905906916">
        <ele>125.88</ele>
      </trkpt>
      <trkpt lat="25.014849985018373" lon="121.58575999550521">
        <ele>125.41</ele>
      </trkpt>
      <trkpt lat="25.014855936169624" lon="121.58579771406949">
        <ele>125.13</ele>
      </trkpt>
      <trkpt lat="25.014871526509523" lon="121.58589544706047">
        <ele>124.43</ele>
      </trkpt>
      <trkpt lat="25.01488703303039" lon="121.58599318005145">
        <ele>123.77</ele>
      </trkpt>
      <trkpt lat="25.014919973909855" lon="121.58619996160269">
        <ele>122.47</ele>
      </trkpt>
      <trkpt lat="25.014931121841073" lon="121.58623617142439">
        <ele>122.24</ele>
      </trkpt>
      <trkpt lat="25.014960039407015" lon="121.58633013255894">
        <ele>121.56</ele>
      </trkpt>
      <trkpt lat="25.014988956972957" lon="121.5864240936935">
        <ele>120.79</ele>
      </trkpt>
      <trkpt lat="25.01499993726611" lon="121.58645996823907">
        <ele>120.47</ele>
      </trkpt>
      <trkpt lat="25.01512256450951" lon="121.58662081696093">
        <ele>118.76</ele>
      </trkpt>
      <trkpt lat="25.01526723615825" lon="121.5868107508868">
        <ele>116.81</ele>
      </trkpt>
      <trkpt lat="25.01535407267511" lon="121.5869246609509">
        <ele>115.7</ele>
      </trkpt>
      <trkpt lat="25.015440825372934" lon="121.58703865483403">
        <ele>114.65</ele>
      </trkpt>
      <trkpt lat="25.015469826757908" lon="121.5870766248554">
        <ele>114.32</ele>
      </trkpt>
      <trkpt lat="25.01552766188979" lon="121.58715256489813">
        <ele>113.7</ele>
      </trkpt>
      <trkpt lat="25.01561449840665" lon="121.58726655878127">
        <ele>112.83</ele>
      </trkpt>
      <trkpt lat="25.01573083922267" lon="121.58741919323802">
        <ele>111.73</ele>
      </trkpt>
      <trkpt lat="25.01578808762133" lon="121.58749437890947">
        <ele>111.13</ele>
      </trkpt>
      <trkpt lat="25.015799989923835" lon="121.58750996924937">
        <ele>110.99</ele>
      </trkpt>
      <trkpt lat="25.01581633463502" lon="121.58753301948309">
        <ele>110.8</ele>
      </trkpt>
      <trkpt lat="25.01587165519595" lon="121.58761130645871">
        <ele>110.06</ele>
      </trkpt>
      <trkpt lat="25.015982296317816" lon="121.58776771277189">
        <ele>108.41</ele>
      </trkpt>
      <trkpt lat="25.01608991995454" lon="121.58791992813349">
        <ele>106.83</ele>
      </trkpt>
      <trkpt lat="25.0160919316113" lon="121.58792378380895">
        <ele>106.83</ele>
      </trkpt>
      <trkpt lat="25.0161368586123" lon="121.58800978213549">
        <ele>106.22</ele>
      </trkpt>
      <trkpt lat="25.01615890301764" lon="121.58805185928941">
        <ele>105.94</ele>
      </trkpt>
      <trkpt lat="25.01620383001864" lon="121.58813785761595">
        <ele>105.48</ele>
      </trkpt>
      <trkpt lat="25.01622629351914" lon="121.58818085677922">
        <ele>105.3</ele>
      </trkpt>
      <trkpt lat="25.01627122052014" lon="121.58826677128673">
        <ele>105.01</ele>
      </trkpt>
      <trkpt lat="25.016319919377565" lon="121.58835997805">
        <ele>104.79</ele>
      </trkpt>
      <trkpt lat="25.016319919377565" lon="121.58835997805">
        <ele>104.79</ele>
      </trkpt>
      <trkpt lat="25.016482276841998" lon="121.58870371989906">
        <ele>104.13</ele>
      </trkpt>
      <trkpt lat="25.01652385108173" lon="121.58879172988236">
        <ele>103.94</ele>
      </trkpt>
      <trkpt lat="25.016544219106436" lon="121.5888348966837">
        <ele>103.83</ele>
      </trkpt>
      <trkpt lat="25.016585793346167" lon="121.588922906667">
        <ele>103.59</ele>
      </trkpt>
      <trkpt lat="25.016627367585897" lon="121.5890109166503">
        <ele>103.31</ele>
      </trkpt>
      <trkpt lat="25.016659973189235" lon="121.58907998353243">
        <ele>103.05</ele>
      </trkpt>
      <trkpt lat="25.01671487465501" lon="121.58918425440788">
        <ele>102.65</ele>
      </trkpt>
      <trkpt lat="25.016759550198913" lon="121.58926916308701">
        <ele>102.35</ele>
      </trkpt>
      <trkpt lat="25.016804728657007" lon="121.58935499377549">
        <ele>102.08</ele>
      </trkpt>
      <trkpt lat="25.016859965398908" lon="121.5894599352032">
        <ele>101.82</ele>
      </trkpt>
      <trkpt lat="25.016869604587555" lon="121.58953637816012">
        <ele>101.67</ele>
      </trkpt>
      <trkpt lat="25.01690061762929" lon="121.5897810459137">
        <ele>101.24</ele>
      </trkpt>
      <trkpt lat="25.01693783327937" lon="121.59007499925792">
        <ele>100.85</ele>
      </trkpt>
      <trkpt lat="25.016959961503744" lon="121.59024992957711">
        <ele>100.55</ele>
      </trkpt>
      <trkpt lat="25.017091892659664" lon="121.59053323790431">
        <ele>100.01</ele>
      </trkpt>
      <trkpt lat="25.01725592650473" lon="121.59088544547558">
        <ele>99.46</ele>
      </trkpt>
      <trkpt lat="25.01729993149638" lon="121.59097999334335">
        <ele>99.27</ele>
      </trkpt>
      <trkpt lat="25.01729993149638" lon="121.59097999334335">
        <ele>99.27</ele>
      </trkpt>
      <trkpt lat="25.017354413866997" lon="121.5910498984158">
        <ele>99.05</ele>
      </trkpt>
      <trkpt lat="25.01750998198986" lon="121.59124997444451">
        <ele>98.39</ele>
      </trkpt>
      <trkpt lat="25.017550801858306" lon="121.59131937660277">
        <ele>98.19</ele>
      </trkpt>
      <trkpt lat="25.01762422733009" lon="121.59144426696002">
        <ele>97.76</ele>
      </trkpt>
      <trkpt lat="25.017697233706713" lon="121.59156831912696">
        <ele>97.23</ele>
      </trkpt>
      <trkpt lat="25.017746184021235" lon="121.59165155142546">
        <ele>96.84</ele>
      </trkpt>
      <trkpt lat="25.017844084650278" lon="121.59181801602244">
        <ele>96.0</ele>
      </trkpt>
      <trkpt lat="25.017909966409206" lon="121.59192999824882">
        <ele>95.41</ele>
      </trkpt>
      <trkpt lat="25.018015578389168" lon="121.59204432740808">
        <ele>94.69</ele>
      </trkpt>
      <trkpt lat="25.018029995262623" lon="121.59205991774797">
        <ele>94.6</ele>
      </trkpt>
      <trkpt lat="25.01809042878449" lon="121.5920983068645">
        <ele>94.3</ele>
      </trkpt>
      <trkpt lat="25.018206601962447" lon="121.59217198379338">
        <ele>93.8</ele>
      </trkpt>
      <trkpt lat="25.01837968826294" lon="121.5922817029059">
        <ele>93.46</ele>
      </trkpt>
      <trkpt lat="25.018439954146743" lon="121.59231992438436">
        <ele>93.19</ele>
      </trkpt>
      <trkpt lat="25.018557887524366" lon="121.59242218360305">
        <ele>92.61</ele>
      </trkpt>
      <trkpt lat="25.018589990213513" lon="121.59244992770255">
        <ele>92.46</ele>
      </trkpt>
      <trkpt lat="25.018729967996478" lon="121.59260993823409">
        <ele>91.77</ele>
      </trkpt>
      <trkpt lat="25.018785623833537" lon="121.59286726266146">
        <ele>90.94</ele>
      </trkpt>
      <trkpt lat="25.01880582422018" lon="121.59296088851988">
        <ele>90.68</ele>
      </trkpt>
      <trkpt lat="25.018809931352735" lon="121.59297999925911">
        <ele>90.63</ele>
      </trkpt>
      <trkpt lat="25.01881076954305" lon="121.59300900064409">
        <ele>90.58</ele>
      </trkpt>
      <trkpt lat="25.01881504431367" lon="121.59315375611186">
        <ele>90.36</ele>
      </trkpt>
      <trkpt lat="25.018823677673936" lon="121.59344544634223">
        <ele>90.01</ele>
      </trkpt>
      <trkpt lat="25.018826527521014" lon="121.59354259259999">
        <ele>89.92</ele>
      </trkpt>
      <trkpt lat="25.018829964101315" lon="121.59365993924439">
        <ele>89.83</ele>
      </trkpt>
      <trkpt lat="25.0188341550529" lon="121.59368910826743">
        <ele>89.81</ele>
      </trkpt>
      <trkpt lat="25.01884781755507" lon="121.59378516487777">
        <ele>89.71</ele>
      </trkpt>
      <trkpt lat="25.018879920244217" lon="121.59400996752083">
        <ele>89.38</ele>
      </trkpt>
      <trkpt lat="25.018916884437203" lon="121.59411516040564">
        <ele>89.22</ele>
      </trkpt>
      <trkpt lat="25.018964745104313" lon="121.59425119869411">
        <ele>88.97</ele>
      </trkpt>
      <trkpt lat="25.019009923562407" lon="121.59437994472682">
        <ele>88.77</ele>
      </trkpt>
      <trkpt lat="25.019032722339034" lon="121.59443048760295">
        <ele>88.69</ele>
      </trkpt>
      <trkpt lat="25.019071865826845" lon="121.5945175755769">
        <ele>88.59</ele>
      </trkpt>
      <trkpt lat="25.01909994520247" lon="121.5945799369365">
        <ele>88.53</ele>
      </trkpt>
      <trkpt lat="25.01911075785756" lon="121.59470424056053">
        <ele>88.43</ele>
      </trkpt>
      <trkpt lat="25.01912333071232" lon="121.59484849311411">
        <ele>88.25</ele>
      </trkpt>
      <trkpt lat="25.01913171261549" lon="121.59494530409575">
        <ele>88.1</ele>
      </trkpt>
      <trkpt lat="25.019139926880598" lon="121.59503993578255">
        <ele>87.91</ele>
      </trkpt>
      <trkpt lat="25.019140262156725" lon="121.59504211507738">
        <ele>87.91</ele>
      </trkpt>
      <trkpt lat="25.019158786162734" lon="121.59518653526902">
        <ele>87.56</ele>
      </trkpt>
      <trkpt lat="25.01918342895806" lon="121.5953791514039">
        <ele>87.0</ele>
      </trkpt>
      <trkpt lat="25.019189966842532" lon="121.59542994573712">
        <ele>86.83</ele>
      </trkpt>
      <trkpt lat="25.01927336677909" lon="121.59580520354211">
        <ele>85.63</ele>
      </trkpt>
      <trkpt lat="25.01928996294737" lon="121.5958799701184">
        <ele>85.37</ele>
      </trkpt>
      <trkpt lat="25.019361460581422" lon="121.59596571698785">
        <ele>84.98</ele>
      </trkpt>
      <trkpt lat="25.019389959052205" lon="121.59599999897182">
        <ele>84.81</ele>
      </trkpt>
      <trkpt lat="25.01939565874636" lon="121.59609622322023">
        <ele>84.47</ele>
      </trkpt>
      <trkpt lat="25.019401190802455" lon="121.5961912740022">
        <ele>84.08</ele>
      </trkpt>
      <trkpt lat="25.01940680667758" lon="121.59628632478416">
        <ele>83.64</ele>
      </trkpt>
      <trkpt lat="25.019409991800785" lon="121.59633996896446">
        <ele>83.36</ele>
      </trkpt>
      <trkpt lat="25.01943999901414" lon="121.59644993953407">
        <ele>82.78</ele>
      </trkpt>
      <trkpt lat="25.01950998790562" lon="121.59655999392271">
        <ele>82.1</ele>
      </trkpt>
      <trkpt lat="25.019538905471563" lon="121.59657524898648">
        <ele>81.92</ele>
      </trkpt>
      <trkpt lat="25.019619958475232" lon="121.59661816433072">
        <ele>81.45</ele>
      </trkpt>
      <trkpt lat="25.01967997290194" lon="121.59664993174374">
        <ele>81.14</ele>
      </trkpt>
      <trkpt lat="25.01982992514968" lon="121.59656996838748">
        <ele>80.43</ele>
      </trkpt>
      <trkpt lat="25.01982992514968" lon="121.59656996838748">
        <ele>80.43</ele>
      </trkpt>
      <trkpt lat="25.019969567656517" lon="121.59646159037948">
        <ele>79.53</ele>
      </trkpt>
      <trkpt lat="25.020079873502254" lon="121.59637592732906">
        <ele>78.97</ele>
      </trkpt>
      <trkpt lat="25.0201534666121" lon="121.59631884656847">
        <ele>78.65</ele>
      </trkpt>
      <trkpt lat="25.020263772457838" lon="121.59623318351805">
        <ele>78.21</ele>
      </trkpt>
      <trkpt lat="25.020410120487213" lon="121.59611952491105">
        <ele>77.75</ele>
      </trkpt>
      <trkpt lat="25.020557222887874" lon="121.59600536338985">
        <ele>77.16</ele>
      </trkpt>
      <trkpt lat="25.020589996129274" lon="121.59597996622324">
        <ele>77.05</ele>
      </trkpt>
      <trkpt lat="25.020726369693875" lon="121.59594585187733">
        <ele>76.67</ele>
      </trkpt>
      <trkpt lat="25.02085796557367" lon="121.5959129948169">
        <ele>76.27</ele>
      </trkpt>
      <trkpt lat="25.020909933373332" lon="121.59589991904795">
        <ele>76.13</ele>
      </trkpt>
      <trkpt lat="25.020945221185684" lon="121.59590603783727">
        <ele>76.04</ele>
      </trkpt>
      <trkpt lat="25.02107849344611" lon="121.59592892043293">
        <ele>75.76</ele>
      </trkpt>
      <trkpt lat="25.021345121786" lon="121.59597476944327">
        <ele>75.34</ele>
      </trkpt>
      <trkpt lat="25.021389545872808" lon="121.59598239697516">
        <ele>75.25</ele>
      </trkpt>
      <trkpt lat="25.02147755585611" lon="121.59599748440087">
        <ele>75.03</ele>
      </trkpt>
      <trkpt lat="25.02154997549951" lon="121.5960099734366">
        <ele>74.81</ele>
      </trkpt>
      <trkpt lat="25.021698754280806" lon="121.59604165703058">
        <ele>74.36</ele>
      </trkpt>
      <trkpt lat="25.021787015721202" lon="121.59606043249369">
        <ele>74.12</ele>
      </trkpt>
      <trkpt lat="25.02187536098063" lon="121.59607929177582">
        <ele>73.93</ele>
      </trkpt>
      <trkpt lat="25.02196278423071" lon="121.59609789960086">
        <ele>73.78</ele>
      </trkpt>
      <trkpt lat="25.022051045671105" lon="121.59611667506397">
        <ele>73.66</ele>
      </trkpt>
      <trkpt lat="25.022183479741216" lon="121.59614492207766">
        <ele>73.53</ele>
      </trkpt>
      <trkpt lat="25.02258002758026" lon="121.5962293278426">
        <ele>73.26</ele>
      </trkpt>
      <trkpt lat="25.022629983723164" lon="121.59623997285962">
        <ele>73.19</ele>
      </trkpt>
      <trkpt lat="25.022664600983262" lon="121.5962597541511">
        <ele>73.15</ele>
      </trkpt>
      <trkpt lat="25.02282436005771" lon="121.59635103307664">
        <ele>72.88</ele>
      </trkpt>
      <trkpt lat="25.022909939289093" lon="121.59639998339117">
        <ele>72.79</ele>
      </trkpt>
      <trkpt lat="25.022909939289093" lon="121.59639998339117">
        <ele>72.79</ele>
      </trkpt>
      <trkpt lat="25.023048659786582" lon="121.5965848043561">
        <ele>72.6</ele>
      </trkpt>
      <trkpt lat="25.023119989782572" lon="121.5966799389571">
        <ele>72.52</ele>
      </trkpt>
      <trkpt lat="25.02330707386136" lon="121.59685771912336">
        <ele>72.36</ele>
      </trkpt>
      <trkpt lat="25.023519974201918" lon="121.59705997444689">
        <ele>72.1</ele>
      </trkpt>
      <trkpt lat="25.023588202893734" lon="121.59714530222118">
        <ele>72.01</ele>
      </trkpt>
      <trkpt lat="25.023639919236302" lon="121.59720992669463">
        <ele>71.9</ele>
      </trkpt>
      <trkpt lat="25.023800935596228" lon="121.59737463109195">
        <ele>71.61</ele>
      </trkpt>
      <trkpt lat="25.023836558684707" lon="121.59741109237075">
        <ele>71.57</ele>
      </trkpt>
      <trkpt lat="25.023934207856655" lon="121.59751092083752">
        <ele>71.36</ele>
      </trkpt>
      <trkpt lat="25.024079969152808" lon="121.59765995107591">
        <ele>71.01</ele>
      </trkpt>
      <trkpt lat="25.02409463748336" lon="121.59768015146255">
        <ele>70.97</ele>
      </trkpt>
      <trkpt lat="25.024159932509065" lon="121.59776992164552">
        <ele>70.81</ele>
      </trkpt>
      <trkpt lat="25.02424417063594" lon="121.59792356193066">
        <ele>70.57</ele>
      </trkpt>
      <trkpt lat="25.02431315369904" lon="121.59804929047823">
        <ele>70.33</ele>
      </trkpt>
      <trkpt lat="25.024329917505383" lon="121.59807996824384">
        <ele>70.25</ele>
      </trkpt>
      <trkpt lat="25.02437182702124" lon="121.59818088635802">
        <ele>70.04</ele>
      </trkpt>
      <trkpt lat="25.024575674906373" lon="121.59867173060775">
        <ele>68.89</ele>
      </trkpt>
      <trkpt lat="25.024649519473314" lon="121.59884942695498">
        <ele>68.51</ele>
      </trkpt>
      <trkpt lat="25.024742474779487" lon="121.59907322376966">
        <ele>68.54</ele>
      </trkpt>
      <trkpt lat="25.024781450629234" lon="121.59916701726615">
        <ele>68.61</ele>
      </trkpt>
      <trkpt lat="25.02489795908332" lon="121.59944764338434">
        <ele>68.45</ele>
      </trkpt>
      <trkpt lat="25.024935007095337" lon="121.59953691065311">
        <ele>68.59</ele>
      </trkpt>
      <trkpt lat="25.02497180365026" lon="121.59962533973157">
        <ele>68.83</ele>
      </trkpt>
      <trkpt lat="25.024990495294333" lon="121.59967043437064">
        <ele>69.0</ele>
      </trkpt>
      <trkpt lat="25.025009270757437" lon="121.59971561282873">
        <ele>69.2</ele>
      </trkpt>
      <trkpt lat="25.025027627125382" lon="121.59975978545845">
        <ele>69.44</ele>
      </trkpt>
      <trkpt lat="25.025045983493328" lon="121.59980404190719">
        <ele>69.7</ele>
      </trkpt>
      <trkpt lat="25.025064339861274" lon="121.5998482145369">
        <ele>69.99</ele>
      </trkpt>
      <trkpt lat="25.02508998848498" lon="121.59990998916328">
        <ele>70.42</ele>
      </trkpt>
      <trkpt lat="25.025102896615863" lon="121.5999367274344">
        <ele>70.62</ele>
      </trkpt>
      <trkpt lat="25.02516534179449" lon="121.60006647929549">
        <ele>71.61</ele>
      </trkpt>
      <trkpt lat="25.02524882555008" lon="121.60023998469114">
        <ele>72.97</ele>
      </trkpt>
      <trkpt lat="25.025290651246905" lon="121.60032673738897">
        <ele>73.6</ele>
      </trkpt>
      <trkpt lat="25.02531135454774" lon="121.60036973655224">
        <ele>73.89</ele>
      </trkpt>
      <trkpt lat="25.0253323931247" lon="121.60041357390583">
        <ele>74.15</ele>
      </trkpt>
      <trkpt lat="25.02534999512136" lon="121.60044995136559">
        <ele>74.37</ele>
      </trkpt>
      <trkpt lat="25.025354688987136" lon="121.60045514814556">
        <ele>74.37</ele>
      </trkpt>
      <trkpt lat="25.025385869666934" lon="121.60048951394856">
        <ele>74.54</ele>
      </trkpt>
      <trkpt lat="25.025417720898986" lon="121.60052455030382">
        <ele>74.66</ele>
      </trkpt>
      <trkpt lat="25.025448985397816" lon="121.60055883228779">
        <ele>74.75</ele>
      </trkpt>
      <trkpt lat="25.025480836629868" lon="121.60059386864305">
        <ele>74.81</ele>
      </trkpt>
      <trkpt lat="25.025549987331033" lon="121.60066997632384">
        <ele>74.89</ele>
      </trkpt>
      <trkpt lat="25.025568259879947" lon="121.60070350393653">
        <ele>74.92</ele>
      </trkpt>
      <trkpt lat="25.02560991793871" lon="121.60077994689345">
        <ele>74.96</ele>
      </trkpt>
      <trkpt lat="25.02562995068729" lon="121.60086996853352">
        <ele>75.0</ele>
      </trkpt>
      <trkpt lat="25.02562844194472" lon="121.60088346339762">
        <ele>75.01</ele>
      </trkpt>
      <trkpt lat="25.025619976222515" lon="121.60095999017358">
        <ele>75.06</ele>
      </trkpt>
      <trkpt lat="25.025603296235204" lon="121.60102419555187">
        <ele>75.12</ele>
      </trkpt>
      <trkpt lat="25.0255913939327" lon="121.60107004456222">
        <ele>75.12</ele>
      </trkpt>
      <trkpt lat="25.02556742168963" lon="121.60116258077323">
        <ele>75.06</ele>
      </trkpt>
      <trkpt lat="25.025555519387126" lon="121.60120842978358">
        <ele>74.98</ele>
      </trkpt>
      <trkpt lat="25.025549987331033" lon="121.60122997127473">
        <ele>74.93</ele>
      </trkpt>
      <trkpt lat="25.025565326213837" lon="121.60130180418491">
        <ele>74.77</ele>
      </trkpt>
      <trkpt lat="25.025579994544387" lon="121.6013699490577">
        <ele>74.57</ele>
      </trkpt>
      <trkpt lat="25.025592064484954" lon="121.60139140672982">
        <ele>74.5</ele>
      </trkpt>
      <trkpt lat="25.02566079609096" lon="121.60151369869709">
        <ele>74.05</ele>
      </trkpt>
      <trkpt lat="25.025669932365417" lon="121.60152995958924">
        <ele>73.95</ele>
      </trkpt>
      <trkpt lat="25.02568577416241" lon="121.60160916857421">
        <ele>73.56</ele>
      </trkpt>
      <trkpt lat="25.025689965113997" lon="121.60162995569408">
        <ele>73.43</ele>
      </trkpt>
      <trkpt lat="25.025683343410492" lon="121.60165627487004">
        <ele>73.28</ele>
      </trkpt>
      <trkpt lat="25.025659957900643" lon="121.6017499845475">
        <ele>72.64</ele>
      </trkpt>
      <trkpt lat="25.02565886825323" lon="121.60175166092813">
        <ele>72.64</ele>
      </trkpt>
      <trkpt lat="25.025632213801146" lon="121.60179164260626">
        <ele>72.28</ele>
      </trkpt>
      <trkpt lat="25.025578904896975" lon="121.60187152214348">
        <ele>71.48</ele>
      </trkpt>
      <trkpt lat="25.02555225044489" lon="121.60191150382161">
        <ele>71.03</ele>
      </trkpt>
      <trkpt lat="25.02551998011768" lon="121.60195995122194">
        <ele>70.44</ele>
      </trkpt>
      <trkpt lat="25.025539761409163" lon="121.60209557041526">
        <ele>69.12</ele>
      </trkpt>
      <trkpt lat="25.025554010644555" lon="121.60219355486333">
        <ele>68.19</ele>
      </trkpt>
      <trkpt lat="25.02558996900916" lon="121.60243998281658">
        <ele>65.88</ele>
      </trkpt>
      <trkpt lat="25.025571528822184" lon="121.60253562033176">
        <ele>64.98</ele>
      </trkpt>
      <trkpt lat="25.025539929047227" lon="121.60269998945296">
        <ele>63.44</ele>
      </trkpt>
      <trkpt lat="25.025539929047227" lon="121.60287994891405">
        <ele>61.79</ele>
      </trkpt>
      <trkpt lat="25.025553088635206" lon="121.6029257979244">
        <ele>61.36</ele>
      </trkpt>
      <trkpt lat="25.025579994544387" lon="121.60301992669702">
        <ele>60.47</ele>
      </trkpt>
      <trkpt lat="25.025580246001482" lon="121.60302034579217">
        <ele>60.47</ele>
      </trkpt>
      <trkpt lat="25.025659957900643" lon="121.60313995555043">
        <ele>59.2</ele>
      </trkpt>
      <trkpt lat="25.0257002748549" lon="121.60316275432706">
        <ele>58.78</ele>
      </trkpt>
      <trkpt lat="25.0257795676589" lon="121.60320751369">
        <ele>57.9</ele>
      </trkpt>
      <trkpt lat="25.02585961483419" lon="121.60325277596712">
        <ele>56.97</ele>
      </trkpt>
      <trkpt lat="25.02588995732367" lon="121.60326995886862">
        <ele>56.6</ele>
      </trkpt>
      <trkpt lat="25.026028342545033" lon="121.60332033410668">
        <ele>55.02</ele>
      </trkpt>
      <trkpt lat="25.026109982281923" lon="121.60334992222488">
        <ele>54.09</ele>
      </trkpt>
      <trkpt lat="25.026113335043192" lon="121.60335243679583">
        <ele>54.09</ele>
      </trkpt>
      <trkpt lat="25.026150969788432" lon="121.6033795941621">
        <ele>53.65</ele>
      </trkpt>
      <trkpt lat="25.026263874024153" lon="121.60346106626093">
        <ele>52.42</ele>
      </trkpt>
      <trkpt lat="25.026451209560037" lon="121.60359643399715">
        <ele>50.47</ele>
      </trkpt>
      <trkpt lat="25.02646998502314" lon="121.60360992886126">
        <ele>50.28</ele>
      </trkpt>
      <trkpt lat="25.026583392173052" lon="121.60373046062887">
        <ele>48.95</ele>
      </trkpt>
      <trkpt lat="25.026629995554686" lon="121.60377999767661">
        <ele>48.46</ele>
      </trkpt>
      <trkpt lat="25.02664592117071" lon="121.6038016229868">
        <ele>48.27</ele>
      </trkpt>
      <trkpt lat="25.02667425200343" lon="121.60384009592235">
        <ele>47.98</ele>
      </trkpt>
      <trkpt lat="25.026730997487903" lon="121.6039171256125">
        <ele>47.46</ele>
      </trkpt>
      <trkpt lat="25.026758825406432" lon="121.60395484417677">
        <ele>47.24</ele>
      </trkpt>
      <trkpt lat="25.02676997333765" lon="121.60396993160248">
        <ele>47.16</ele>
      </trkpt>
      <trkpt lat="25.026782378554344" lon="121.60399683751166">
        <ele>47.04</ele>
      </trkpt>
      <trkpt lat="25.02682319842279" lon="121.60408526659012">
        <ele>46.7</ele>
      </trkpt>
      <trkpt lat="25.02682998776436" lon="121.60409993492067">
        <ele>46.65</ele>
      </trkpt>
      <trkpt lat="25.026919590309262" lon="121.60425273701549">
        <ele>46.11</ele>
      </trkpt>
      <trkpt lat="25.027041882276535" lon="121.60446094349027">
        <ele>45.3</ele>
      </trkpt>
      <trkpt lat="25.027090245857835" lon="121.60454342141747">
        <ele>44.96</ele>
      </trkpt>
      <trkpt lat="25.027099968865514" lon="121.60455993376672">
        <ele>44.88</ele>
      </trkpt>
      <trkpt lat="25.027126874774694" lon="121.60456856712699">
        <ele>44.76</ele>
      </trkpt>
      <trkpt lat="25.027212370187044" lon="121.60459597595036">
        <ele>44.28</ele>
      </trkpt>
      <trkpt lat="25.02734991721809" lon="121.60463998094201">
        <ele>43.47</ele>
      </trkpt>
      <trkpt lat="25.02734991721809" lon="121.60463998094201">
        <ele>43.47</ele>
      </trkpt>
      <trkpt lat="25.02741982229054" lon="121.60468650050461">
        <ele>42.99</ele>
      </trkpt>
      <trkpt lat="25.02749995328486" lon="121.60473997704685">
        <ele>42.54</ele>
      </trkpt>
      <trkpt lat="25.02750925719738" lon="121.60478431731462">
        <ele>42.35</ele>
      </trkpt>
      <trkpt lat="25.027570193633437" lon="121.60507340915501">
        <ele>41.12</ele>
      </trkpt>
      <trkpt lat="25.02760070376098" lon="121.60521841607988">
        <ele>40.61</ele>
      </trkpt>
      <trkpt lat="25.027619982138276" lon="121.60530994646251">
        <ele>40.34</ele>
      </trkpt>
      <trkpt lat="25.027622412890196" lon="121.60531447269022">
        <ele>40.34</ele>
      </trkpt>
      <trkpt lat="25.02766851335764" lon="121.60539963282645">
        <ele>40.13</ele>
      </trkpt>
      <trkpt lat="25.027749985456467" lon="121.60554992035031">
        <ele>39.82</ele>
      </trkpt>
      <trkpt lat="25.027839839458466" lon="121.60562032833695">
        <ele>39.62</ele>
      </trkpt>
      <trkpt lat="25.02791326493025" lon="121.60567774437368">
        <ele>39.51</ele>
      </trkpt>
      <trkpt lat="25.027979984879494" lon="121.60572996363044">
        <ele>39.45</ele>
      </trkpt>
      <trkpt lat="25.02811711281538" lon="121.60587036050856">
        <ele>39.33</ele>
      </trkpt>
      <trkpt lat="25.028281984850764" lon="121.60603917203844">
        <ele>39.14</ele>
      </trkpt>
      <trkpt lat="25.028347866609693" lon="121.60610664635897">
        <ele>39.04</ele>
      </trkpt>
      <trkpt lat="25.028399918228388" lon="121.60615995526314">
        <ele>38.92</ele>
      </trkpt>
      <trkpt lat="25.028408048674464" lon="121.60617881454527">
        <ele>38.89</ele>
      </trkpt>
      <trkpt lat="25.028429925441742" lon="121.60622994415462">
        <ele>38.77</ele>
      </trkpt>
      <trkpt lat="25.028421711176634" lon="121.606320803985">
        <ele>38.58</ele>
      </trkpt>
      <trkpt lat="25.028419950976968" lon="121.60633999854326">
        <ele>38.53</ele>
      </trkpt>
      <trkpt lat="25.02835993655026" lon="121.606489950791">
        <ele>38.11</ele>
      </trkpt>
      <trkpt lat="25.02836538478732" lon="121.60655457526445">
        <ele>37.95</ele>
      </trkpt>
      <trkpt lat="25.028369994834065" lon="121.60660997964442">
        <ele>37.81</ele>
      </trkpt>
      <trkpt lat="25.028399918228388" lon="121.6067299246788">
        <ele>37.52</ele>
      </trkpt>
      <trkpt lat="25.02840737812221" lon="121.60674643702805">
        <ele>37.48</ele>
      </trkpt>
      <trkpt lat="25.028447275981307" lon="121.6068353690207">
        <ele>37.28</ele>
      </trkpt>
      <trkpt lat="25.02854668535292" lon="121.60705681890249">
        <ele>36.86</ele>
      </trkpt>
      <trkpt lat="25.02858666703105" lon="121.60714575089514">
        <ele>36.66</ele>
      </trkpt>
      <trkpt lat="25.02861994318664" lon="121.60721993073821">
        <ele>36.44</ele>
      </trkpt>
      <trkpt lat="25.028631510213017" lon="121.60723040811718">
        <ele>36.4</ele>
      </trkpt>
      <trkpt lat="25.028700828552246" lon="121.60729360766709">
        <ele>36.11</ele>
      </trkpt>
      <trkpt lat="25.028977682814002" lon="121.60754565149546">
        <ele>34.87</ele>
      </trkpt>
      <trkpt lat="25.02904700115323" lon="121.60760876722634">
        <ele>34.59</ele>
      </trkpt>
      <trkpt lat="25.02915110439062" lon="121.60770348273218">
        <ele>34.23</ele>
      </trkpt>
      <trkpt lat="25.02922042272985" lon="121.60776668228209">
        <ele>34.05</ele>
      </trkpt>
      <trkpt lat="25.02925512380898" lon="121.60779828205705">
        <ele>33.98</ele>
      </trkpt>
      <trkpt lat="25.029289992526174" lon="121.60782996565104">
        <ele>33.92</ele>
      </trkpt>
      <trkpt lat="25.029316982254386" lon="121.60786936059594">
        <ele>33.88</ele>
      </trkpt>
      <trkpt lat="25.029452266171575" lon="121.60806633532047">
        <ele>33.68</ele>
      </trkpt>
      <trkpt lat="25.029506580904126" lon="121.60814546048641">
        <ele>33.56</ele>
      </trkpt>
      <trkpt lat="25.029588053002954" lon="121.60826406441629">
        <ele>33.33</ele>
      </trkpt>
      <trkpt lat="25.029642367735505" lon="121.60834318958223">
        <ele>33.24</ele>
      </trkpt>
      <trkpt lat="25.029749991372228" lon="121.60849993117154">
        <ele>33.11</ele>
      </trkpt>
      <trkpt lat="25.029751332476735" lon="121.60850102081895">
        <ele>33.11</ele>
      </trkpt>
      <trkpt lat="25.029919976368546" lon="121.60862993448973">
        <ele>32.9</ele>
      </trkpt>
      <trkpt lat="25.029933219775558" lon="121.60864468663931">
        <ele>32.89</ele>
      </trkpt>
      <trkpt lat="25.03009993582964" lon="121.6088299266994">
        <ele>32.73</ele>
      </trkpt>
      <trkpt lat="25.03016196191311" lon="121.6089472733438">
        <ele>32.65</ele>
      </trkpt>
      <trkpt lat="25.030252654105425" lon="121.60911876708269">
        <ele>32.56</ele>
      </trkpt>
      <trkpt lat="25.030320128425956" lon="121.60924650728703">
        <ele>32.51</ele>
      </trkpt>
      <trkpt lat="25.03041073679924" lon="121.60941800102592">
        <ele>32.5</ele>
      </trkpt>
      <trkpt lat="25.03052406013012" lon="121.60963232629001">
        <ele>32.46</ele>
      </trkpt>
      <trkpt lat="25.03065951168537" lon="121.609888644889">
        <ele>32.34</ele>
      </trkpt>
      <trkpt lat="25.03077283501625" lon="121.6101029701531">
        <ele>32.3</ele>
      </trkpt>
      <trkpt lat="25.030839974060655" lon="121.61022995598614">
        <ele>32.23</ele>
      </trkpt>
      <trkpt lat="25.0308739207685" lon="121.61026675254107">
        <ele>32.21</ele>
      </trkpt>
      <trkpt lat="25.03093745559454" lon="121.6103355679661">
        <ele>32.19</ele>
      </trkpt>
      <trkpt lat="25.03095991909504" lon="121.61035995930433">
        <ele>32.19</ele>
      </trkpt>
      <trkpt lat="25.03112562932074" lon="121.61046791821718">
        <ele>32.21</ele>
      </trkpt>
      <trkpt lat="25.031512789428234" lon="121.61072029732168">
        <ele>32.35</ele>
      </trkpt>
      <trkpt lat="25.03162896260619" lon="121.61079598590732">
        <ele>32.34</ele>
      </trkpt>
      <trkpt lat="25.03170557320118" lon="121.61084594205022">
        <ele>32.29</ele>
      </trkpt>
      <trkpt lat="25.031783021986485" lon="121.61089640110731">
        <ele>32.17</ele>
      </trkpt>
      <trkpt lat="25.031861225143075" lon="121.61094744689763">
        <ele>31.97</ele>
      </trkpt>
      <trkpt lat="25.032079992815852" lon="121.61108993925154">
        <ele>31.21</ele>
      </trkpt>
      <trkpt lat="25.032199937850237" lon="121.61113997921348">
        <ele>30.83</ele>
      </trkpt>
      <trkpt lat="25.032220976427197" lon="121.61114500835538">
        <ele>30.77</ele>
      </trkpt>
      <trkpt lat="25.032449970021844" lon="121.61119999364018">
        <ele>30.12</ele>
      </trkpt>
      <trkpt lat="25.032522389665246" lon="121.61116369999945">
        <ele>29.9</ele>
      </trkpt>
      <trkpt lat="25.03272724337876" lon="121.61106135696173">
        <ele>29.22</ele>
      </trkpt>
      <trkpt lat="25.032749958336353" lon="121.61104995757341">
        <ele>29.16</ele>
      </trkpt>
      <trkpt lat="25.032811732962728" lon="121.61102791316807">
        <ele>29.01</ele>
      </trkpt>
      <trkpt lat="25.032889936119318" lon="121.61099991761148">
        <ele>28.88</ele>
      </trkpt>
      <trkpt lat="25.03293159417808" lon="121.6109658870846">
        <ele>28.81</ele>
      </trkpt>
      <trkpt lat="25.03299806267023" lon="121.61091148853302">
        <ele>28.51</ele>
      </trkpt>
      <trkpt lat="25.03309923224151" lon="121.61082875914872">
        <ele>28.01</ele>
      </trkpt>
      <trkpt lat="25.03310996107757" lon="121.61081995815039">
        <ele>27.96</ele>
      </trkpt>
      <trkpt lat="25.033172322437167" lon="121.61078877747059">
        <ele>27.71</ele>
      </trkpt>
      <trkpt lat="25.033229989930987" lon="121.61075994372368">
        <ele>27.54</ele>
      </trkpt>
      <trkpt lat="25.033241221681237" lon="121.6107589378953">
        <ele>27.52</ele>
      </trkpt>
      <trkpt lat="25.03331657499075" lon="121.6107520647347">
        <ele>27.45</ele>
      </trkpt>
      <trkpt lat="25.033339960500598" lon="121.6107499692589">
        <ele>27.43</ele>
      </trkpt>
      <trkpt lat="25.03360348753631" lon="121.61098524928093">
        <ele>27.28</ele>
      </trkpt>
      <trkpt lat="25.03361999988556" lon="121.61099991761148">
        <ele>27.28</ele>
      </trkpt>
      <trkpt lat="25.03346367739141" lon="121.61146888509393">
        <ele>27.38</ele>
      </trkpt>
      <trkpt lat="25.03344993107021" lon="121.61150995641947">
        <ele>27.34</ele>
      </trkpt>
      <trkpt lat="25.033344822004437" lon="121.61170416511595">
        <ele>27.18</ele>
      </trkpt>
      <trkpt lat="25.033319927752018" lon="121.61174993030727">
        <ele>27.15</ele>
      </trkpt>
      <trkpt lat="25.033286651596427" lon="121.61186970770359">
        <ele>27.1</ele>
      </trkpt>
      <trkpt lat="25.033269971609116" lon="121.6119299735874">
        <ele>27.06</ele>
      </trkpt>
      <trkpt lat="25.033273994922638" lon="121.61199878901243">
        <ele>27.02</ele>
      </trkpt>
      <trkpt lat="25.03327994607389" lon="121.61209995858371">
        <ele>26.99</ele>
      </trkpt>
      <trkpt lat="25.03333082422614" lon="121.61226524971426">
        <ele>26.94</ele>
      </trkpt>
      <trkpt lat="25.03333803266287" lon="121.61228880286217">
        <ele>26.88</ele>
      </trkpt>
      <trkpt lat="25.033359993249178" lon="121.6123599652201">
        <ele>26.8</ele>
      </trkpt>
      <trkpt lat="25.033362843096256" lon="121.61236641928554">
        <ele>26.8</ele>
      </trkpt>
      <trkpt lat="25.033364854753017" lon="121.61237086169422">
        <ele>26.73</ele>
      </trkpt>
      <trkpt lat="25.033479016274214" lon="121.61262634210289">
        <ele>26.48</ele>
      </trkpt>
      <trkpt lat="25.033569959923625" lon="121.61282993853092">
        <ele>26.36</ele>
      </trkpt>
      <trkpt lat="25.03360005095601" lon="121.6128761228174">
        <ele>26.34</ele>
      </trkpt>
      <trkpt lat="25.033750338479877" lon="121.61310654133558">
        <ele>26.28</ele>
      </trkpt>
      <trkpt lat="25.033869948238134" lon="121.61328993737698">
        <ele>26.18</ele>
      </trkpt>
      <trkpt lat="25.03393281251192" lon="121.61336939781904">
        <ele>26.14</ele>
      </trkpt>
      <trkpt lat="25.033990144729614" lon="121.61344198510051">
        <ele>26.05</ele>
      </trkpt>
      <trkpt lat="25.03404806368053" lon="121.61351524293423">
        <ele>25.98</ele>
      </trkpt>
      <trkpt lat="25.034209918230772" lon="121.61371992900968">
        <ele>25.83</ele>
      </trkpt>
      <trkpt lat="25.03437889739871" lon="121.61389879882336">
        <ele>25.7</ele>
      </trkpt>
      <trkpt lat="25.034511918202043" lon="121.61403969861567">
        <ele>25.52</ele>
      </trkpt>
      <trkpt lat="25.03454997204244" lon="121.6140799317509">
        <ele>25.48</ele>
      </trkpt>
      <trkpt lat="25.034582242369652" lon="121.61414908245206">
        <ele>25.44</ele>
      </trkpt>
      <trkpt lat="25.034619960933924" lon="121.61422996781766">
        <ele>25.43</ele>
      </trkpt>
      <trkpt lat="25.034628761932254" lon="121.61427087150514">
        <ele>25.43</ele>
      </trkpt>
      <trkpt lat="25.034649968147278" lon="121.61436994560063">
        <ele>25.4</ele>
      </trkpt>
      <trkpt lat="25.0346764549613" lon="121.6143624857068">
        <ele>25.4</ele>
      </trkpt>
      <trkpt lat="25.03484208136797" lon="121.6143159661442">
        <ele>24.95</ele>
      </trkpt>
      <trkpt lat="25.03496579825878" lon="121.61428109742701">
        <ele>24.65</ele>
      </trkpt>
      <trkpt lat="25.035048611462116" lon="121.6142577957362">
        <ele>24.5</ele>
      </trkpt>
      <trkpt lat="25.035172328352928" lon="121.61422301083803">
        <ele>24.33</ele>
      </trkpt>
      <trkpt lat="25.03521683625877" lon="121.6142105218023">
        <ele>24.52</ele>
      </trkpt>
      <trkpt lat="25.035298727452755" lon="121.61418747156858">
        <ele>24.77</ele>
      </trkpt>
      <trkpt lat="25.035339714959264" lon="121.61417598836124">
        <ele>24.87</ele>
      </trkpt>
      <trkpt lat="25.035379780456424" lon="121.61416467279196">
        <ele>24.94</ele>
      </trkpt>
      <trkpt lat="25.03546167165041" lon="121.61414162255824">
        <ele>25.03</ele>
      </trkpt>
      <trkpt lat="25.03554272465408" lon="121.61411882378161">
        <ele>25.09</ele>
      </trkpt>
      <trkpt lat="25.035609947517514" lon="121.61409996449947">
        <ele>25.0</ele>
      </trkpt>
      <trkpt lat="25.03580809570849" lon="121.6140847094357">
        <ele>24.76</ele>
      </trkpt>
      <trkpt lat="25.035986630246043" lon="121.6140709631145">
        <ele>24.62</ele>
      </trkpt>
      <trkpt lat="25.035999957472086" lon="121.61406995728612">
        <ele>24.61</ele>
      </trkpt>
      <trkpt lat="25.035962741822004" lon="121.61419660784304">
        <ele>24.6</ele>
      </trkpt>
      <trkpt lat="25.035949917510152" lon="121.61423994228244">
        <ele>24.61</ele>
      </trkpt>
      <trkpt lat="25.035969950258732" lon="121.61446994170547">
        <ele>24.68</ele>
      </trkpt>
      <trkpt lat="25.035991491749883" lon="121.61453448235989">
        <ele>24.71</ele>
      </trkpt>
      <trkpt lat="25.036019990220666" lon="121.61461997777224">
        <ele>24.7</ele>
      </trkpt>
      <trkpt lat="25.03606994636357" lon="121.6147099994123">
        <ele>24.7</ele>
      </trkpt>
      <trkpt lat="25.03606994636357" lon="121.6147099994123">
        <ele>24.7</ele>
      </trkpt>
      <trkpt lat="25.036167846992612" lon="121.61480790004134">
        <ele>24.55</ele>
      </trkpt>
      <trkpt lat="25.036233142018318" lon="121.61487319506705">
        <ele>24.41</ele>
      </trkpt>
      <trkpt lat="25.036279996857047" lon="121.61491996608675">
        <ele>24.26</ele>
      </trkpt>
      <trkpt lat="25.036301370710135" lon="121.61493421532214">
        <ele>24.21</ele>
      </trkpt>
      <trkpt lat="25.036429949104786" lon="121.61501996219158">
        <ele>23.81</ele>
      </trkpt>
      <trkpt lat="25.03653086721897" lon="121.61507880315185">
        <ele>23.51</ele>
      </trkpt>
      <trkpt lat="25.036549977958202" lon="121.61508995108306">
        <ele>23.44</ele>
      </trkpt>
      <trkpt lat="25.03660161048174" lon="121.6151378955692">
        <ele>23.24</ele>
      </trkpt>
      <trkpt lat="25.036668330430984" lon="121.61519992165267">
        <ele>22.93</ele>
      </trkpt>
      <trkpt lat="25.036689955741167" lon="121.61521995440125">
        <ele>22.81</ele>
      </trkpt>
      <trkpt lat="25.03673362545669" lon="121.61537602543831">
        <ele>22.24</ele>
      </trkpt>
      <trkpt lat="25.03675994463265" lon="121.61546998657286">
        <ele>21.95</ele>
      </trkpt>
      <trkpt lat="25.036766901612282" lon="121.61551692523062">
        <ele>21.81</ele>
      </trkpt>
      <trkpt lat="25.03678827546537" lon="121.61566092632711">
        <ele>21.45</ele>
      </trkpt>
      <trkpt lat="25.036809481680393" lon="121.61580400541425">
        <ele>21.21</ele>
      </trkpt>
      <trkpt lat="25.036829011514783" lon="121.61593618802726">
        <ele>21.08</ele>
      </trkpt>
      <trkpt lat="25.036839991807938" lon="121.61600994877517">
        <ele>20.98</ele>
      </trkpt>
      <trkpt lat="25.036885421723127" lon="121.61610097624362">
        <ele>20.85</ele>
      </trkpt>
      <trkpt lat="25.036899922415614" lon="121.61612997762859">
        <ele>20.89</ele>
      </trkpt>
      <trkpt lat="25.03694660961628" lon="121.61615914665163">
        <ele>20.98</ele>
      </trkpt>
      <trkpt lat="25.036979969590902" lon="121.61617993377149">
        <ele>21.06</ele>
      </trkpt>
      <trkpt lat="25.037029925733805" lon="121.6161899920553">
        <ele>21.17</ele>
      </trkpt>
      <trkpt lat="25.037029925733805" lon="121.6161899920553">
        <ele>21.17</ele>
      </trkpt>
      <trkpt lat="25.037043672055006" lon="121.61627490073442">
        <ele>21.45</ele>
      </trkpt>
      <trkpt lat="25.037050880491734" lon="121.61631982773542">
        <ele>21.63</ele>
      </trkpt>
      <trkpt lat="25.037058340385556" lon="121.6163657605648">
        <ele>21.83</ele>
      </trkpt>
      <trkpt lat="25.037065548822284" lon="121.6164106875658">
        <ele>22.06</ele>
      </trkpt>
      <trkpt lat="25.037073008716106" lon="121.61645662039518">
        <ele>22.32</ele>
      </trkpt>
      <trkpt lat="25.03707996569574" lon="121.61649995483458">
        <ele>22.61</ele>
      </trkpt>
      <trkpt lat="25.037128664553165" lon="121.61657698452473">
        <ele>23.23</ele>
      </trkpt>
      <trkpt lat="25.03721105866134" lon="121.61670723930001">
        <ele>23.34</ele>
      </trkpt>
      <trkpt lat="25.037264619022608" lon="121.61679189652205">
        <ele>23.39</ele>
      </trkpt>
      <trkpt lat="25.037358831614256" lon="121.61694075912237">
        <ele>23.36</ele>
      </trkpt>
      <trkpt lat="25.037389928475022" lon="121.61698996089399">
        <ele>23.35</ele>
      </trkpt>
      <trkpt lat="25.037540970370173" lon="121.61700437776744">
        <ele>23.35</ele>
      </trkpt>
      <trkpt lat="25.0375999789685" lon="121.61700999364257">
        <ele>23.36</ele>
      </trkpt>
      <trkpt lat="25.037737358361483" lon="121.61699809134007">
        <ele>23.41</ele>
      </trkpt>
      <trkpt lat="25.038170367479324" lon="121.61696079187095">
        <ele>23.42</ele>
      </trkpt>
      <trkpt lat="25.03817992284894" lon="121.61695995368063">
        <ele>23.42</ele>
      </trkpt>
      <trkpt lat="25.038419980555773" lon="121.61698996089399">
        <ele>23.46</ele>
      </trkpt>
      <trkpt lat="25.038442611694336" lon="121.61700362339616">
        <ele>23.47</ele>
      </trkpt>
      <trkpt lat="25.038645369932055" lon="121.61712616682053">
        <ele>23.38</ele>
      </trkpt>
      <trkpt lat="25.038899928331375" lon="121.61727997474372">
        <ele>23.19</ele>
      </trkpt>
      <trkpt lat="25.03916404210031" lon="121.61734208464622">
        <ele>23.02</ele>
      </trkpt>
      <trkpt lat="25.039239982143044" lon="121.61735993809998">
        <ele>22.99</ele>
      </trkpt>
      <trkpt lat="25.03926755860448" lon="121.61736798472703">
        <ele>22.98</ele>
      </trkpt>
      <trkpt lat="25.039439722895622" lon="121.61741819232702">
        <ele>22.8</ele>
      </trkpt>
      <trkpt lat="25.039654467254877" lon="121.61748088896275">
        <ele>22.64</ele>
      </trkpt>
      <trkpt lat="25.039719929918647" lon="121.61749999970198">
        <ele>22.62</ele>
      </trkpt>
      <trkpt lat="25.040047243237495" lon="121.61756973713636">
        <ele>22.53</ele>
      </trkpt>
      <trkpt lat="25.04032996483147" lon="121.61762991920114">
        <ele>22.35</ele>
      </trkpt>
      <trkpt lat="25.040353182703257" lon="121.61763075739145">
        <ele>22.34</ele>
      </trkpt>
      <trkpt lat="25.040619978681207" lon="121.61763997748494">
        <ele>22.22</ele>
      </trkpt>
      <trkpt lat="25.040915608406067" lon="121.61752908490598">
        <ele>22.1</ele>
      </trkpt>
      <trkpt lat="25.040939999744296" lon="121.61751994863153">
        <ele>22.1</ele>
      </trkpt>
      <trkpt lat="25.040988195687532" lon="121.6174746863544">
        <ele>22.1</ele>
      </trkpt>
      <trkpt lat="25.041089532896876" lon="121.61737946793437">
        <ele>22.17</ele>
      </trkpt>
      <trkpt lat="25.041225152090192" lon="121.61725206300616">
        <ele>22.3</ele>
      </trkpt>
      <trkpt lat="25.041394969448447" lon="121.61709247156978">
        <ele>22.52</ele>
      </trkpt>
      <trkpt lat="25.041462779045105" lon="121.61702876910567">
        <ele>22.59</ele>
      </trkpt>
      <trkpt lat="25.041530588641763" lon="121.6169651504606">
        <ele>22.6</ele>
      </trkpt>
      <trkpt lat="25.041599990800023" lon="121.61689993925393">
        <ele>22.57</ele>
      </trkpt>
      <trkpt lat="25.041599990800023" lon="121.61689993925393">
        <ele>22.57</ele>
      </trkpt>
      <trkpt lat="25.041761929169297" lon="121.61683179438114">
        <ele>22.46</ele>
      </trkpt>
      <trkpt lat="25.04178992472589" lon="121.61681997589767">
        <ele>22.44</ele>
      </trkpt>
      <trkpt lat="25.041898554190993" lon="121.6167939081788">
        <ele>22.4</ele>
      </trkpt>
      <trkpt lat="25.041898554190993" lon="121.6167939081788">
        <ele>22.39</ele>
      </trkpt>
      <trkpt lat="25.042003160342574" lon="121.61676876246929">
        <ele>22.41</ele>
      </trkpt>
      <trkpt lat="25.042039956897497" lon="121.61675996147096">
        <ele>22.38</ele>
      </trkpt>
      <trkpt lat="25.042113633826375" lon="121.61676566116512">
        <ele>22.33</ele>
      </trkpt>
      <trkpt lat="25.042169960215688" lon="121.61676993593574">
        <ele>22.26</ele>
      </trkpt>
      <trkpt lat="25.04228102043271" lon="121.61682223901153">
        <ele>22.14</ele>
      </trkpt>
      <trkpt lat="25.042339945212007" lon="121.61684998311102">
        <ele>22.09</ele>
      </trkpt>
      <trkpt lat="25.04236995242536" lon="121.61687999032438">
        <ele>22.05</ele>
      </trkpt>
      <trkpt lat="25.04242996685207" lon="121.61697998642921">
        <ele>21.97</ele>
      </trkpt>
      <trkpt lat="25.042529962956905" lon="121.61694997921586">
        <ele>21.89</ele>
      </trkpt>
      <trkpt lat="25.042683938518167" lon="121.61686892621219">
        <ele>21.76</ele>
      </trkpt>
      <trkpt lat="25.043028937652707" lon="121.6166873741895">
        <ele>21.52</ele>
      </trkpt>
      <trkpt lat="25.043298415839672" lon="121.61654555238783">
        <ele>21.43</ele>
      </trkpt>
      <trkpt lat="25.043479967862368" lon="121.61644999869168">
        <ele>21.34</ele>
      </trkpt>
      <trkpt lat="25.043779453262687" lon="121.61627582274377">
        <ele>21.2</ele>
      </trkpt>
      <trkpt lat="25.043895542621613" lon="121.61620834842324">
        <ele>21.17</ele>
      </trkpt>
      <trkpt lat="25.043909959495068" lon="121.61619996652007">
        <ele>21.17</ele>
      </trkpt>
      <trkpt lat="25.043973745778203" lon="121.61616551689804">
        <ele>21.17</ele>
      </trkpt>
      <trkpt lat="25.044018924236298" lon="121.6161411255598">
        <ele>21.15</ele>
      </trkpt>
      <trkpt lat="25.0441328343004" lon="121.61607960239053">
        <ele>21.07</ele>
      </trkpt>
      <trkpt lat="25.044438187032938" lon="121.61591473035514">
        <ele>20.79</ele>
      </trkpt>
      <trkpt lat="25.044590905308723" lon="121.61583225242794">
        <ele>20.67</ele>
      </trkpt>
      <trkpt lat="25.044900281354785" lon="121.61566520109773">
        <ele>20.47</ele>
      </trkpt>
      <trkpt lat="25.045224241912365" lon="121.61549027077854">
        <ele>20.23</ele>
      </trkpt>
      <trkpt lat="25.045380145311356" lon="121.61540603265166">
        <ele>20.14</ele>
      </trkpt>
      <trkpt lat="25.045409984886646" lon="121.61538993939757">
        <ele>20.15</ele>
      </trkpt>
      <trkpt lat="25.04553965292871" lon="121.61533067934215">
        <ele>20.22</ele>
      </trkpt>
      <trkpt lat="25.045660100877285" lon="121.61527561023831">
        <ele>20.23</ele>
      </trkpt>
      <trkpt lat="25.045759929344058" lon="121.61522992886603">
        <ele>20.18</ele>
      </trkpt>
      <trkpt lat="25.045781638473272" lon="121.61522406153381">
        <ele>20.18</ele>
      </trkpt>
      <trkpt lat="25.04597995430231" lon="121.61516999825835">
        <ele>20.01</ele>
      </trkpt>
      <trkpt lat="25.04612462595105" lon="121.61516999825835">
        <ele>19.9</ele>
      </trkpt>
      <trkpt lat="25.04614993929863" lon="121.61516999825835">
        <ele>19.88</ele>
      </trkpt>
      <trkpt lat="25.04625068977475" lon="121.61519011482596">
        <ele>19.84</ele>
      </trkpt>
      <trkpt lat="25.0462999753654" lon="121.61519992165267">
        <ele>19.78</ele>
      </trkpt>
      <trkpt lat="25.046371975913644" lon="121.61522909067571">
        <ele>19.7</ele>
      </trkpt>
      <trkpt lat="25.046493597328663" lon="121.61527837626636">
        <ele>19.5</ele>
      </trkpt>
      <trkpt lat="25.046693673357368" lon="121.615359345451">
        <ele>19.09</ele>
      </trkpt>
      <trkpt lat="25.046813618391752" lon="121.61540787667036">
        <ele>18.9</ele>
      </trkpt>
      <trkpt lat="25.04693607799709" lon="121.6154574137181">
        <ele>18.54</ele>
      </trkpt>
      <trkpt lat="25.047017131000757" lon="121.6154901869595">
        <ele>18.28</ele>
      </trkpt>
      <trkpt lat="25.047221397981048" lon="121.61557291634381">
        <ele>17.57</ele>
      </trkpt>
      <trkpt lat="25.047303289175034" lon="121.61560610868037">
        <ele>17.3</ele>
      </trkpt>
      <trkpt lat="25.04738526418805" lon="121.6156392171979">
        <ele>17.08</ele>
      </trkpt>
      <trkpt lat="25.047507639974356" lon="121.61568875424564">
        <ele>16.81</ele>
      </trkpt>
      <trkpt lat="25.047628423199058" lon="121.61573762074113">
        <ele>16.72</ele>
      </trkpt>
      <trkpt lat="25.047709476202726" lon="121.61577047780156">
        <ele>16.7</ele>
      </trkpt>
      <trkpt lat="25.047830175608397" lon="121.61581934429705">
        <ele>16.75</ele>
      </trkpt>
      <trkpt lat="25.047979960218072" lon="121.61587994545698">
        <ele>16.89</ele>
      </trkpt>
      <trkpt lat="25.047991862520576" lon="121.61588338203728">
        <ele>16.91</ele>
      </trkpt>
      <trkpt lat="25.048075430095196" lon="121.61590727046132">
        <ele>16.97</ele>
      </trkpt>
      <trkpt lat="25.048158997669816" lon="121.61593107506633">
        <ele>16.98</ele>
      </trkpt>
      <trkpt lat="25.04818992689252" lon="121.61593995988369">
        <ele>16.96</ele>
      </trkpt>
      <trkpt lat="25.048286570236087" lon="121.61593995988369">
        <ele>16.9</ele>
      </trkpt>
      <trkpt lat="25.04834138788283" lon="121.61593995988369">
        <ele>16.81</ele>
      </trkpt>
      <trkpt lat="25.048377430066466" lon="121.61593995988369">
        <ele>16.84</ele>
      </trkpt>
      <trkpt lat="25.048539955168962" lon="121.61593995988369">
        <ele>16.85</ele>
      </trkpt>
      <trkpt lat="25.048701222985983" lon="121.61591397598386">
        <ele>16.87</ele>
      </trkpt>
      <trkpt lat="25.048849917948246" lon="121.61588991992176">
        <ele>16.93</ele>
      </trkpt>
      <trkpt lat="25.048888893797994" lon="121.61588271148503">
        <ele>16.95</ele>
      </trkpt>
      <trkpt lat="25.049060974270105" lon="121.61585086025298">
        <ele>16.98</ele>
      </trkpt>
      <trkpt lat="25.049276473000646" lon="121.61581096239388">
        <ele>16.91</ele>
      </trkpt>
      <trkpt lat="25.049362471327186" lon="121.61579503677785">
        <ele>16.91</ele>
      </trkpt>
      <trkpt lat="25.04938996396959" lon="121.61578992381692">
        <ele>16.92</ele>
      </trkpt>
      <trkpt lat="25.049533378332853" lon="121.61575195379555">
        <ele>17.0</ele>
      </trkpt>
      <trkpt lat="25.04983076825738" lon="121.61567324772477">
        <ele>17.21</ele>
      </trkpt>
      <trkpt lat="25.050069987773895" lon="121.61560996435583">
        <ele>17.27</ele>
      </trkpt>
      <trkpt lat="25.050216922536492" lon="121.61560518667102">
        <ele>17.32</ele>
      </trkpt>
      <trkpt lat="25.05037995055318" lon="121.61559998989105">
        <ele>17.34</ele>
      </trkpt>
      <trkpt lat="25.050524286925793" lon="121.6156185977161">
        <ele>17.36</ele>
      </trkpt>
      <trkpt lat="25.05069670267403" lon="121.6156408097595">
        <ele>17.43</ele>
      </trkpt>
      <trkpt lat="25.050955787301064" lon="121.61567425355315">
        <ele>17.63</ele>
      </trkpt>
      <trkpt lat="25.050999959930778" lon="121.61567995324731">
        <ele>17.67</ele>
      </trkpt>
      <trkpt lat="25.051168352365494" lon="121.61572429351509">
        <ele>17.86</ele>
      </trkpt>
      <trkpt lat="25.051189977675676" lon="121.61572999320924">
        <ele>17.89</ele>
      </trkpt>
      <trkpt lat="25.05144579336047" lon="121.61585790105164">
        <ele>18.3</ele>
      </trkpt>
      <trkpt lat="25.05146381445229" lon="121.61586686968803">
        <ele>18.31</ele>
      </trkpt>
      <trkpt lat="25.05157277919352" lon="121.61592135205865">
        <ele>18.29</ele>
      </trkpt>
      <trkpt lat="25.051694819703698" lon="121.61598237231374">
        <ele>18.17</ele>
      </trkpt>
      <trkpt lat="25.051857847720385" lon="121.6160639282316">
        <ele>18.05</ele>
      </trkpt>
      <trkpt lat="25.05192993208766" lon="121.61609997041523">
        <ele>17.97</ele>
      </trkpt>
      <trkpt lat="25.05202758125961" lon="121.61611774004996">
        <ele>17.87</ele>
      </trkpt>
      <trkpt lat="25.052115423604846" lon="121.61613383330405">
        <ele>17.83</ele>
      </trkpt>
      <trkpt lat="25.05224852822721" lon="121.61615805700421">
        <ele>17.85</ele>
      </trkpt>
      <trkpt lat="25.052425051108003" lon="121.61619032733142">
        <ele>17.97</ele>
      </trkpt>
      <trkpt lat="25.052495123818517" lon="121.61620306782424">
        <ele>17.99</ele>
      </trkpt>
      <trkpt lat="25.05259453319013" lon="121.61622125655413">
        <ele>18.05</ele>
      </trkpt>
      <trkpt lat="25.052712550386786" lon="121.61624279804528">
        <ele>18.03</ele>
      </trkpt>
      <trkpt lat="25.052790669724345" lon="121.61625704728067">
        <ele>17.93</ele>
      </trkpt>
      <trkpt lat="25.053001809865236" lon="121.61629552021623">
        <ele>17.73</ele>
      </trkpt>
      <trkpt lat="25.053172130137682" lon="121.616326617077">
        <ele>17.66</ele>
      </trkpt>
      <trkpt lat="25.053299954161048" lon="121.61634991876781">
        <ele>17.66</ele>
      </trkpt>
      <trkpt lat="25.053299954161048" lon="121.61634991876781">
        <ele>17.66</ele>
      </trkpt>
      <trkpt lat="25.053511848673224" lon="121.6163831949234">
        <ele>17.71</ele>
      </trkpt>
      <trkpt lat="25.053728185594082" lon="121.61641714163125">
        <ele>17.72</ele>
      </trkpt>
      <trkpt lat="25.054047871381044" lon="121.61646726541221">
        <ele>17.63</ele>
      </trkpt>
      <trkpt lat="25.054296227172017" lon="121.61650624126196">
        <ele>17.49</ele>
      </trkpt>
      <trkpt lat="25.054319947957993" lon="121.61650992929935">
        <ele>17.49</ele>
      </trkpt>
      <trkpt lat="25.05437853746116" lon="121.6165227536112">
        <ele>17.5</ele>
      </trkpt>
      <trkpt lat="25.05450116470456" lon="121.61654965952039">
        <ele>17.57</ele>
      </trkpt>
      <trkpt lat="25.05454173311591" lon="121.61655854433775">
        <ele>17.57</ele>
      </trkpt>
      <trkpt lat="25.05454173311591" lon="121.61655854433775">
        <ele>17.7</ele>
      </trkpt>
      <trkpt lat="25.054563777521253" lon="121.61656340584159">
        <ele>17.58</ele>
      </trkpt>
      <trkpt lat="25.054675759747624" lon="121.61658796481788">
        <ele>17.69</ele>
      </trkpt>
      <trkpt lat="25.054847756400704" lon="121.61662568338215">
        <ele>17.47</ele>
      </trkpt>
      <trkpt lat="25.054934257641435" lon="121.61664462648332">
        <ele>17.39</ele>
      </trkpt>
      <trkpt lat="25.055049927905202" lon="121.6166699398309">
        <ele>17.34</ele>
      </trkpt>
      <trkpt lat="25.055062919855118" lon="121.61666348576546">
        <ele>17.34</ele>
      </trkpt>
      <trkpt lat="25.055089993402362" lon="121.61664999090135">
        <ele>17.33</ele>
      </trkpt>
      <trkpt lat="25.0550742354244" lon="121.61676079966128">
        <ele>17.32</ele>
      </trkpt>
      <trkpt lat="25.05504003725946" lon="121.61700102500618">
        <ele>17.34</ele>
      </trkpt>
      <trkpt lat="25.055026542395353" lon="121.61709615960717">
        <ele>17.37</ele>
      </trkpt>
      <trkpt lat="25.054978765547276" lon="121.61743260920048">
        <ele>17.53</ele>
      </trkpt>
      <trkpt lat="25.0549447350204" lon="121.61767191253603">
        <ele>17.71</ele>
      </trkpt>
      <trkpt lat="25.05493107251823" lon="121.61776796914637">
        <ele>17.74</ele>
      </trkpt>
      <trkpt lat="25.05491749383509" lon="121.61786410957575">
        <ele>17.72</ele>
      </trkpt>
      <trkpt lat="25.054899053648114" lon="121.61799360997975">
        <ele>17.66</ele>
      </trkpt>
      <trkpt lat="25.054878182709217" lon="121.61814071238041">
        <ele>17.56</ele>
      </trkpt>
      <trkpt lat="25.054861418902874" lon="121.61825839430094">
        <ele>17.64</ele>
      </trkpt>
      <trkpt lat="25.054843733087182" lon="121.61838294938207">
        <ele>16.99</ele>
      </trkpt>
      <trkpt lat="25.05482998676598" lon="121.61847992800176">
        <ele>16.85</ele>
      </trkpt>
      <trkpt lat="25.054809618741274" lon="121.61857162602246">
        <ele>16.72</ele>
      </trkpt>
      <trkpt lat="25.05478883162141" lon="121.61866516806185">
        <ele>16.62</ele>
      </trkpt>
      <trkpt lat="25.054769972339272" lon="121.61874999292195">
        <ele>16.57</ele>
      </trkpt>
      <trkpt lat="25.05477726459503" lon="121.61875393241644">
        <ele>16.57</ele>
      </trkpt>
      <trkpt lat="25.05485530011356" lon="121.61879693157971">
        <ele>16.56</ele>
      </trkpt>
      <trkpt lat="25.054969964548945" lon="121.61885996349156">
        <ele>16.6</ele>
      </trkpt>
      <trkpt lat="25.054972730576992" lon="121.61886172369123">
        <ele>16.6</ele>
      </trkpt>
      <trkpt lat="25.05508555099368" lon="121.61893397569656">
        <ele>16.67</ele>
      </trkpt>
      <trkpt lat="25.055388053879142" lon="121.61912784911692">
        <ele>16.96</ele>
      </trkpt>
      <trkpt lat="25.05553901195526" lon="121.61922449246049">
        <ele>17.14</ele>
      </trkpt>
      <trkpt lat="25.055609922856092" lon="121.61926992237568">
        <ele>17.19</ele>
      </trkpt>
      <trkpt lat="25.055651161819696" lon="121.61929791793227">
        <ele>17.23</ele>
      </trkpt>
      <trkpt lat="25.055743865668774" lon="121.61936078220606">
        <ele>17.08</ele>
      </trkpt>
      <trkpt lat="25.05599674768746" lon="121.61953219212592">
        <ele>16.79</ele>
      </trkpt>
      <trkpt lat="25.05607344210148" lon="121.61958415992558">
        <ele>16.72</ele>
      </trkpt>
      <trkpt lat="25.056302519515157" lon="121.61973947659135">
        <ele>16.61</ele>
      </trkpt>
      <trkpt lat="25.05637686699629" lon="121.61978993564844">
        <ele>16.67</ele>
      </trkpt>
      <trkpt lat="25.05645121447742" lon="121.6198403108865">
        <ele>16.76</ele>
      </trkpt>
      <trkpt lat="25.05652556195855" lon="121.61989068612456">
        <ele>16.9</ele>
      </trkpt>
      <trkpt lat="25.056562358513474" lon="121.61991566419601">
        <ele>17.0</ele>
      </trkpt>
      <trkpt lat="25.056636622175574" lon="121.61996603943408">
        <ele>17.27</ele>
      </trkpt>
      <trkpt lat="25.05678992718458" lon="121.6200699750334">
        <ele>17.91</ele>
      </trkpt>
      <trkpt lat="25.056772073730826" lon="121.6201077774167">
        <ele>18.05</ele>
      </trkpt>
      <trkpt lat="25.0567112211138" lon="121.6202361881733">
        <ele>18.48</ele>
      </trkpt>
      <trkpt lat="25.05669998936355" lon="121.6202599927783">
        <ele>18.48</ele>
      </trkpt>
      <trkpt lat="25.056581888347864" lon="121.62043525837362">
        <ele>18.5</ele>
      </trkpt>
      <trkpt lat="25.056422045454383" lon="121.62067263387144">
        <ele>18.42</ele>
      </trkpt>
      <trkpt lat="25.056369993835688" lon="121.62074999883771">
        <ele>18.43</ele>
      </trkpt>
      <trkpt lat="25.05649136379361" lon="121.62089777179062">
        <ele>18.48</ele>
      </trkpt>
      <trkpt lat="25.056701581925154" lon="121.62115367129445">
        <ele>18.5</ele>
      </trkpt>
      <trkpt lat="25.056791603565216" lon="121.6212632227689">
        <ele>18.48</ele>
      </trkpt>
      <trkpt lat="25.056911213323474" lon="121.62140890024602">
        <ele>18.41</ele>
      </trkpt>
      <trkpt lat="25.057001234963536" lon="121.62151845172048">
        <ele>18.4</ele>
      </trkpt>
      <trkpt lat="25.05706099793315" lon="121.62159120664">
        <ele>18.35</ele>
      </trkpt>
      <trkpt lat="25.0570912566036" lon="121.62162800319493">
        <ele>18.3</ele>
      </trkpt>
      <trkpt lat="25.05715101957321" lon="121.62170084193349">
        <ele>18.16</ele>
      </trkpt>
      <trkpt lat="25.057241041213274" lon="121.62181039340794">
        <ele>17.88</ele>
      </trkpt>
      <trkpt lat="25.057289991527796" lon="121.62186998873949">
        <ele>17.69</ele>
      </trkpt>
      <trkpt lat="25.057335337623954" lon="121.62191533483565">
        <ele>17.54</ele>
      </trkpt>
      <trkpt lat="25.057439943775535" lon="121.62201994098723">
        <ele>17.12</ele>
      </trkpt>
      <trkpt lat="25.057476488873363" lon="121.6220304183662">
        <ele>17.02</ele>
      </trkpt>
      <trkpt lat="25.057562654837966" lon="121.62205506116152">
        <ele>16.81</ele>
      </trkpt>
      <trkpt lat="25.057719983160496" lon="121.62209998816252">
        <ele>16.51</ele>
      </trkpt>
      <trkpt lat="25.057825008407235" lon="121.62208825349808">
        <ele>16.33</ele>
      </trkpt>
      <trkpt lat="25.05786968395114" lon="121.6220833081752">
        <ele>16.27</ele>
      </trkpt>
      <trkpt lat="25.05795920267701" lon="121.62207341752946">
        <ele>16.19</ele>
      </trkpt>
      <trkpt lat="25.05798996426165" lon="121.62206998094916">
        <ele>16.17</ele>
      </trkpt>
      <trkpt lat="25.058129942044616" lon="121.62198993377388">
        <ele>16.12</ele>
      </trkpt>
      <trkpt lat="25.058195991441607" lon="121.62194307893515">
        <ele>16.1</ele>
      </trkpt>
      <trkpt lat="25.05830948241055" lon="121.62186252884567">
        <ele>16.13</ele>
      </trkpt>
      <trkpt lat="25.05838366225362" lon="121.62180997431278">
        <ele>16.22</ele>
      </trkpt>
      <trkpt lat="25.058572003617883" lon="121.6216762829572">
        <ele>16.58</ele>
      </trkpt>
      <trkpt lat="25.058666551485658" lon="121.62160914391279">
        <ele>16.38</ele>
      </trkpt>
      <trkpt lat="25.058760344982147" lon="121.62154259160161">
        <ele>16.14</ele>
      </trkpt>
      <trkpt lat="25.05882010795176" lon="121.62150017917156">
        <ele>15.92</ele>
      </trkpt>
      <trkpt lat="25.058932844549417" lon="121.6214202158153">
        <ele>14.46</ele>
      </trkpt>
      <trkpt lat="25.05897064693272" lon="121.62139330990613">
        <ele>14.02</ele>
      </trkpt>
      <trkpt lat="25.059008449316025" lon="121.62136648781598">
        <ele>13.63</ele>
      </trkpt>
      <trkpt lat="25.05904633551836" lon="121.62133966572583">
        <ele>13.3</ele>
      </trkpt>
      <trkpt lat="25.05905999802053" lon="121.62132994271815">
        <ele>13.2</ele>
      </trkpt>
      <trkpt lat="25.059077013283968" lon="121.62135550752282">
        <ele>13.03</ele>
      </trkpt>
      <trkpt lat="25.059103667736053" lon="121.62139548920095">
        <ele>12.83</ele>
      </trkpt>
      <trkpt lat="25.05913032218814" lon="121.62143547087908">
        <ele>12.67</ele>
      </trkpt>
      <trkpt lat="25.059156976640224" lon="121.6214754525572">
        <ele>12.56</ele>
      </trkpt>
      <trkpt lat="25.05918363109231" lon="121.62151543423533">
        <ele>12.48</ele>
      </trkpt>
      <trkpt lat="25.059219924733043" lon="121.62156991660595">
        <ele>12.4</ele>
      </trkpt>
      <trkpt lat="25.059239957481623" lon="121.6215499676764">
        <ele>12.37</ele>
      </trkpt>
      <trkpt lat="25.059240544214845" lon="121.62154954858124">
        <ele>12.37</ele>
      </trkpt>
      <trkpt lat="25.059351939707994" lon="121.62146916612983">
        <ele>12.27</ele>
      </trkpt>
      <trkpt lat="25.059465598315" lon="121.62138710729778">
        <ele>12.2</ele>
      </trkpt>
      <trkpt lat="25.059690736234188" lon="121.62122466601431">
        <ele>12.12</ele>
      </trkpt>
      <trkpt lat="25.059953425079584" lon="121.62103506736457">
        <ele>12.19</ele>
      </trkpt>
      <trkpt lat="25.06017847917974" lon="121.62087270990014">
        <ele>12.15</ele>
      </trkpt>
      <trkpt lat="25.060209995135665" lon="121.62084999494255">
        <ele>12.15</ele>
      </trkpt>
      <trkpt lat="25.06042138673365" lon="121.6206521820277">
        <ele>12.22</ele>
      </trkpt>
      <trkpt lat="25.060489363968372" lon="121.62058864720166">
        <ele>12.22</ele>
      </trkpt>
      <trkpt lat="25.060661528259516" lon="121.6204275470227">
        <ele>12.17</ele>
      </trkpt>
      <trkpt lat="25.06083235144615" lon="121.62026770412922">
        <ele>12.22</ele>
      </trkpt>
      <trkpt lat="25.060900999233127" lon="121.62020349875093">
        <ele>12.22</ele>
      </trkpt>
      <trkpt lat="25.061139967292547" lon="121.61997995339334">
        <ele>12.12</ele>
      </trkpt>
      <trkpt lat="25.061139967292547" lon="121.61997995339334">
        <ele>12.12</ele>
      </trkpt>
      <trkpt lat="25.061439536511898" lon="121.61961148492992">
        <ele>12.18</ele>
      </trkpt>
      <trkpt lat="25.06176995113492" lon="121.61920513026416">
        <ele>12.2</ele>
      </trkpt>
      <trkpt lat="25.06183004938066" lon="121.61913128569722">
        <ele>12.18</ele>
      </trkpt>
      <trkpt lat="25.06197958253324" lon="121.6189473029226">
        <ele>12.08</ele>
      </trkpt>
      <trkpt lat="25.06200992502272" lon="121.61890991963446">
        <ele>12.07</ele>
      </trkpt>
      <trkpt lat="25.06225073710084" lon="121.618493758142">
        <ele>12.04</ele>
      </trkpt>
      <trkpt lat="25.062420638278127" lon="121.61820005625486">
        <ele>12.12</ele>
      </trkpt>
      <trkpt lat="25.062516946345568" lon="121.61803350783885">
        <ele>12.09</ele>
      </trkpt>
      <trkpt lat="25.062589533627033" lon="121.61790803074837">
        <ele>12.1</ele>
      </trkpt>
      <trkpt lat="25.062599927186966" lon="121.61788992583752">
        <ele>12.1</ele>
      </trkpt>
      <trkpt lat="25.062771923840046" lon="121.6175679769367">
        <ele>12.24</ele>
      </trkpt>
      <trkpt lat="25.063069984316826" lon="121.61700999364257">
        <ele>12.26</ele>
      </trkpt>
      <trkpt lat="25.063069984316826" lon="121.61700999364257">
        <ele>12.26</ele>
      </trkpt>
      <trkpt lat="25.063181966543198" lon="121.61658427678049">
        <ele>12.37</ele>
      </trkpt>
      <trkpt lat="25.063244411721826" lon="121.61634690128267">
        <ele>12.39</ele>
      </trkpt>
      <trkpt lat="25.06331942975521" lon="121.6160618327558">
        <ele>12.39</ele>
      </trkpt>
      <trkpt lat="25.06350710056722" lon="121.61534870043397">
        <ele>12.5</ele>
      </trkpt>
      <trkpt lat="25.063582370057702" lon="121.61506270989776">
        <ele>12.48</ele>
      </trkpt>
      <trkpt lat="25.063669960945845" lon="121.61472994834185">
        <ele>12.59</ele>
      </trkpt>
      <trkpt lat="25.06369703449309" lon="121.61458410322666">
        <ele>12.65</ele>
      </trkpt>
      <trkpt lat="25.063742212951183" lon="121.61434094421566">
        <ele>12.64</ele>
      </trkpt>
      <trkpt lat="25.063796192407608" lon="121.6140500921756">
        <ele>12.68</ele>
      </trkpt>
      <trkpt lat="25.063799964264035" lon="121.61402997560799">
        <ele>12.68</ele>
      </trkpt>
      <trkpt lat="25.06378998979926" lon="121.61368992179632">
        <ele>12.68</ele>
      </trkpt>
      <trkpt lat="25.063778925687075" lon="121.6136568132788">
        <ele>12.68</ele>
      </trkpt>
      <trkpt lat="25.063669960945845" lon="121.6133299190551">
        <ele>12.82</ele>
      </trkpt>
      <trkpt lat="25.063668368384242" lon="121.61332732066512">
        <ele>12.82</ele>
      </trkpt>
      <trkpt lat="25.063668368384242" lon="121.61332732066512">
        <ele>12.7</ele>
      </trkpt>
      <trkpt lat="25.06363852880895" lon="121.61327761597931">
        <ele>12.62</ele>
      </trkpt>
      <trkpt lat="25.063588907942176" lon="121.61319488659501">
        <ele>12.54</ele>
      </trkpt>
      <trkpt lat="25.06353920325637" lon="121.61311207339168">
        <ele>12.52</ele>
      </trkpt>
      <trkpt lat="25.063519924879074" lon="121.61307997070253">
        <ele>12.53</ele>
      </trkpt>
      <trkpt lat="25.06341959349811" lon="121.61296589300036">
        <ele>12.58</ele>
      </trkpt>
      <trkpt lat="25.063356896862388" lon="121.6128946468234">
        <ele>12.57</ele>
      </trkpt>
      <trkpt lat="25.063299983739853" lon="121.61282993853092">
        <ele>12.53</ele>
      </trkpt>
      <trkpt lat="25.06322999484837" lon="121.61277998238802">
        <ele>12.5</ele>
      </trkpt>
      <trkpt lat="25.063145672902465" lon="121.61271301098168">
        <ele>12.46</ele>
      </trkpt>
      <trkpt lat="25.063036205247045" lon="121.61262609064579">
        <ele>12.37</ele>
      </trkpt>
      <trkpt lat="25.0628899410367" lon="121.61250991746783">
        <ele>12.18</ele>
      </trkpt>
      <trkpt lat="25.062819784507155" lon="121.61244998686016">
        <ele>12.1</ele>
      </trkpt>
      <trkpt lat="25.062713166698813" lon="121.61235879175365">
        <ele>12.07</ele>
      </trkpt>
      <trkpt lat="25.06260646507144" lon="121.61226759664714">
        <ele>12.07</ele>
      </trkpt>
      <trkpt lat="25.062429439276457" lon="121.61211621947587">
        <ele>12.13</ele>
      </trkpt>
      <trkpt lat="25.062252413481474" lon="121.61196484230459">
        <ele>12.11</ele>
      </trkpt>
      <trkpt lat="25.06203909404576" lon="121.61178245209157">
        <ele>12.14</ele>
      </trkpt>
      <trkpt lat="25.061613963916898" lon="121.611418845132">
        <ele>12.07</ele>
      </trkpt>
      <trkpt lat="25.061542885378003" lon="121.611358076334">
        <ele>12.07</ele>
      </trkpt>
      <trkpt lat="25.06150994449854" lon="121.61132999695837">
        <ele>12.07</ele>
      </trkpt>
      <trkpt lat="25.0614049192518" lon="121.61123075522482">
        <ele>12.11</ele>
      </trkpt>
      <trkpt lat="25.061268880963326" lon="121.61110234446824">
        <ele>12.07</ele>
      </trkpt>
      <trkpt lat="25.06106394343078" lon="121.61090872250497">
        <ele>12.07</ele>
      </trkpt>
      <trkpt lat="25.06096998229623" lon="121.61081995815039">
        <ele>12.1</ele>
      </trkpt>
      <trkpt lat="25.060877110809088" lon="121.61069666035473">
        <ele>12.14</ele>
      </trkpt>
      <trkpt lat="25.06070519797504" lon="121.61046842113137">
        <ele>12.08</ele>
      </trkpt>
      <trkpt lat="25.060561448335648" lon="121.61027756519616">
        <ele>12.06</ele>
      </trkpt>
      <trkpt lat="25.060446951538324" lon="121.61012568511069">
        <ele>12.1</ele>
      </trkpt>
      <trkpt lat="25.060389954596758" lon="121.61004999652505">
        <ele>12.1</ele>
      </trkpt>
      <trkpt lat="25.060291467234492" lon="121.60988286137581">
        <ele>12.12</ele>
      </trkpt>
      <trkpt lat="25.060059959068894" lon="121.60948991775513">
        <ele>12.2</ele>
      </trkpt>
      <trkpt lat="25.06005090661347" lon="121.60946628078818">
        <ele>12.21</ele>
      </trkpt>
      <trkpt lat="25.059842113405466" lon="121.60891810432076">
        <ele>12.16</ele>
      </trkpt>
      <trkpt lat="25.059819985181093" lon="121.60885993391275">
        <ele>12.16</ele>
      </trkpt>
      <trkpt lat="25.059777908027172" lon="121.60873269662261">
        <ele>12.17</ele>
      </trkpt>
      <trkpt lat="25.059701213613153" lon="121.60850043408573">
        <ele>12.11</ele>
      </trkpt>
      <trkpt lat="25.05956282839179" lon="121.60808167420328">
        <ele>12.19</ele>
      </trkpt>
      <trkpt lat="25.0594552885741" lon="121.6077561210841">
        <ele>12.14</ele>
      </trkpt>
      <trkpt lat="25.05944992415607" lon="121.60773994401097">
        <ele>12.14</ele>
      </trkpt>
      <trkpt lat="25.059321764856577" lon="121.60728321410716">
        <ele>12.17</ele>
      </trkpt>
      <trkpt lat="25.05925546400249" lon="121.60704709589481">
        <ele>12.15</ele>
      </trkpt>
      <trkpt lat="25.059188911691308" lon="121.60681005567312">
        <ele>12.19</ele>
      </trkpt>
      <trkpt lat="25.059129986912012" lon="121.60659992136061">
        <ele>12.14</ele>
      </trkpt>
      <trkpt lat="25.059107271954417" lon="121.60647586919367">
        <ele>12.12</ele>
      </trkpt>
      <trkpt lat="25.059071648865938" lon="121.60628124140203">
        <ele>12.14</ele>
      </trkpt>
      <trkpt lat="25.059036277234554" lon="121.60608761943877">
        <ele>12.18</ele>
      </trkpt>
      <trkpt lat="25.058983052149415" lon="121.60579668357968">
        <ele>12.14</ele>
      </trkpt>
      <trkpt lat="25.05897995084524" lon="121.60577991977334">
        <ele>12.14</ele>
      </trkpt>
      <trkpt lat="25.058966791257262" lon="121.60569903440773">
        <ele>12.15</ele>
      </trkpt>
      <trkpt lat="25.05890359170735" lon="121.60531011410058">
        <ele>12.07</ele>
      </trkpt>
      <trkpt lat="25.058855982497334" lon="121.60501691512764">
        <ele>12.12</ele>
      </trkpt>
      <trkpt lat="25.05884994752705" lon="121.60497995093465">
        <ele>12.12</ele>
      </trkpt>
      <trkpt lat="25.058843158185482" lon="121.60491968505085">
        <ele>12.12</ele>
      </trkpt>
      <trkpt lat="25.058787586167455" lon="121.60442817024887">
        <ele>12.05</ele>
      </trkpt>
      <trkpt lat="25.058765457943082" lon="121.60423211753368">
        <ele>11.99</ele>
      </trkpt>
      <trkpt lat="25.058743162080646" lon="121.60403505899012">
        <ele>11.98</ele>
      </trkpt>
      <trkpt lat="25.05872095003724" lon="121.60383900627494">
        <ele>11.95</ele>
      </trkpt>
      <trkpt lat="25.058709885925055" lon="121.60374051891267">
        <ele>11.96</ele>
      </trkpt>
      <trkpt lat="25.05868767388165" lon="121.60354446619749">
        <ele>12.02</ele>
      </trkpt>
      <trkpt lat="25.05865439772606" lon="121.60324992612004">
        <ele>12.0</ele>
      </trkpt>
      <trkpt lat="25.058637717738748" lon="121.60310215316713">
        <ele>12.01</ele>
      </trkpt>
      <trkpt lat="25.05862656980753" lon="121.60300366580486">
        <ele>12.07</ele>
      </trkpt>
      <trkpt lat="25.058604357764125" lon="121.60280761308968">
        <ele>12.24</ele>
      </trkpt>
      <trkpt lat="25.05858994089067" lon="121.60267995670438">
        <ele>12.33</ele>
      </trkpt>
      <trkpt lat="25.058579882606864" lon="121.60256193950772">
        <ele>12.42</ele>
      </trkpt>
      <trkpt lat="25.058554569259286" lon="121.60226538777351">
        <ele>12.78</ele>
      </trkpt>
      <trkpt lat="25.05854208022356" lon="121.60211811773479">
        <ele>12.92</ele>
      </trkpt>
      <trkpt lat="25.058529507368803" lon="121.60197084769607">
        <ele>13.01</ele>
      </trkpt>
      <trkpt lat="25.058495979756117" lon="121.60157748498023">
        <ele>13.04</ele>
      </trkpt>
      <trkpt lat="25.05847997032106" lon="121.60138998180628">
        <ele>13.0</ele>
      </trkpt>
      <trkpt lat="25.05847603082657" lon="121.60128252580762">
        <ele>12.99</ele>
      </trkpt>
      <trkpt lat="25.05846345797181" lon="121.60093735903502">
        <ele>13.03</ele>
      </trkpt>
      <trkpt lat="25.058442000299692" lon="121.6003460995853">
        <ele>13.03</ele>
      </trkpt>
      <trkpt lat="25.05843839608133" lon="121.60024694167078">
        <ele>13.01</ele>
      </trkpt>
      <trkpt lat="25.058429427444935" lon="121.60000093281269">
        <ele>12.87</ele>
      </trkpt>
      <trkpt lat="25.05842230282724" lon="121.599803538993">
        <ele>12.78</ele>
      </trkpt>
      <trkpt lat="25.058416854590178" lon="121.59965568222106">
        <ele>12.73</ele>
      </trkpt>
      <trkpt lat="25.058413250371814" lon="121.59955652430654">
        <ele>12.72</ele>
      </trkpt>
      <trkpt lat="25.058399001136422" lon="121.59916274249554">
        <ele>12.76</ele>
      </trkpt>
      <trkpt lat="25.058389948680997" lon="121.59891572780907">
        <ele>12.81</ele>
      </trkpt>
      <trkpt lat="25.058379974216223" lon="121.59863996319473">
        <ele>12.82</ele>
      </trkpt>
      <trkpt lat="25.05838760174811" lon="121.59857098013163">
        <ele>12.83</ele>
      </trkpt>
      <trkpt lat="25.05841995589435" lon="121.59827996045351">
        <ele>12.91</ele>
      </trkpt>
      <trkpt lat="25.058449376374483" lon="121.59813294187188">
        <ele>12.96</ele>
      </trkpt>
      <trkpt lat="25.058526322245598" lon="121.59774804487824">
        <ele>12.96</ele>
      </trkpt>
      <trkpt lat="25.058574602007866" lon="121.5975066460669">
        <ele>12.99</ele>
      </trkpt>
      <trkpt lat="25.058579966425896" lon="121.59747999161482">
        <ele>12.97</ele>
      </trkpt>
      <trkpt lat="25.058660013601184" lon="121.59722643904388">
        <ele>12.87</ele>
      </trkpt>
      <trkpt lat="25.058704102411866" lon="121.59708679653704">
        <ele>12.84</ele>
      </trkpt>
      <trkpt lat="25.05875992588699" lon="121.59690993838012">
        <ele>12.87</ele>
      </trkpt>
      <trkpt lat="25.058781299740076" lon="121.59685478545725">
        <ele>12.88</ele>
      </trkpt>
      <trkpt lat="25.05888657644391" lon="121.59658279269934">
        <ele>12.87</ele>
      </trkpt>
      <trkpt lat="25.05899998359382" lon="121.59628992900252">
        <ele>12.95</ele>
      </trkpt>
      <trkpt lat="25.05902915261686" lon="121.5961688105017">
        <ele>12.99</ele>
      </trkpt>
      <trkpt lat="25.059063518419862" lon="121.59602589905262">
        <ele>12.96</ele>
      </trkpt>
      <trkpt lat="25.059097968041897" lon="121.59588290378451">
        <ele>12.87</ele>
      </trkpt>
      <trkpt lat="25.05912101827562" lon="121.5957869309932">
        <ele>12.83</ele>
      </trkpt>
      <trkpt lat="25.059129986912012" lon="121.59574996680021">
        <ele>12.82</ele>
      </trkpt>
      <trkpt lat="25.059138033539057" lon="121.59569062292576">
        <ele>12.82</ele>
      </trkpt>
      <trkpt lat="25.05918991751969" lon="121.5953099168837">
        <ele>12.93</ele>
      </trkpt>
      <trkpt lat="25.05918991751969" lon="121.59510221332312">
        <ele>12.99</ele>
      </trkpt>
      <trkpt lat="25.05918991751969" lon="121.59495427273214">
        <ele>13.1</ele>
      </trkpt>
      <trkpt lat="25.05918991751969" lon="121.59475771710277">
        <ele>13.31</ele>
      </trkpt>
      <trkpt lat="25.05918991751969" lon="121.59460986033082">
        <ele>13.4</ele>
      </trkpt>
      <trkpt lat="25.05918991751969" lon="121.5945899952203">
        <ele>13.38</ele>
      </trkpt>
      <trkpt lat="25.059175584465265" lon="121.59446091391146">
        <ele>13.32</ele>
      </trkpt>
      <trkpt lat="25.059164855629206" lon="121.5943642705679">
        <ele>13.22</ele>
      </trkpt>
      <trkpt lat="25.059159994125366" lon="121.59431993030012">
        <ele>13.16</ele>
      </trkpt>
      <trkpt lat="25.05914649926126" lon="121.59426745958626">
        <ele>13.1</ele>
      </trkpt>
      <trkpt lat="25.059085646644235" lon="121.59402949735522">
        <ele>12.76</ele>
      </trkpt>
      <trkpt lat="25.059049939736724" lon="121.59388993866742">
        <ele>12.6</ele>
      </trkpt>
      <trkpt lat="25.059021105989814" lon="121.59379287622869">
        <ele>12.5</ele>
      </trkpt>
      <trkpt lat="25.058979112654924" lon="121.59365138970315">
        <ele>12.31</ele>
      </trkpt>
      <trkpt lat="25.058951368555427" lon="121.59355793148279">
        <ele>12.24</ele>
      </trkpt>
      <trkpt lat="25.05893737077713" lon="121.59351082518697">
        <ele>12.23</ele>
      </trkpt>
      <trkpt lat="25.05888163112104" lon="121.59332307055593">
        <ele>12.26</ele>
      </trkpt>
      <trkpt lat="25.058859921991825" lon="121.59324998036027">
        <ele>12.26</ele>
      </trkpt>
      <trkpt lat="25.058709969744086" lon="121.5929199848324">
        <ele>12.28</ele>
      </trkpt>
      <trkpt lat="25.058651715517044" lon="121.59273357130587">
        <ele>12.29</ele>
      </trkpt>
      <trkpt lat="25.05860997363925" lon="121.59259996376932">
        <ele>12.28</ele>
      </trkpt>
      <trkpt lat="25.058607878163457" lon="121.59259485080838">
        <ele>12.28</ele>
      </trkpt>
      <trkpt lat="25.0585331954062" lon="121.59241313114762">
        <ele>12.23</ele>
      </trkpt>
      <trkpt lat="25.058440743014216" lon="121.59218799322844">
        <ele>12.23</ele>
      </trkpt>
      <trkpt lat="25.058385422453284" lon="121.59205329604447">
        <ele>12.28</ele>
      </trkpt>
      <trkpt lat="25.058379974216223" lon="121.59203996881843">
        <ele>12.29</ele>
      </trkpt>
      <trkpt lat="25.058208648115396" lon="121.59183310344815">
        <ele>12.53</ele>
      </trkpt>
      <trkpt lat="25.05811887793243" lon="121.59172464162111">
        <ele>12.58</ele>
      </trkpt>
      <trkpt lat="25.05805877968669" lon="121.59165213815868">
        <ele>12.57</ele>
      </trkpt>
      <trkpt lat="25.05793866701424" lon="121.59150704741478">
        <ele>12.51</ele>
      </trkpt>
      <trkpt lat="25.057849986478686" lon="121.59139992669225">
        <ele>12.5</ele>
      </trkpt>
      <trkpt lat="25.057750828564167" lon="121.59129917621613">
        <ele>12.5</ele>
      </trkpt>
      <trkpt lat="25.057522002607584" lon="121.59106641076505">
        <ele>12.37</ele>
      </trkpt>
      <trkpt lat="25.057357968762517" lon="121.59089961089194">
        <ele>12.37</ele>
      </trkpt>
      <trkpt lat="25.05729309283197" lon="121.59083372913301">
        <ele>12.31</ele>
      </trkpt>
      <trkpt lat="25.05725998431444" lon="121.59079995006323">
        <ele>12.24</ele>
      </trkpt>
      <trkpt lat="25.05722620524466" lon="121.5907689370215">
        <ele>12.19</ele>
      </trkpt>
      <trkpt lat="25.05715780891478" lon="121.59070598892868">
        <ele>11.99</ele>
      </trkpt>
      <trkpt lat="25.057055549696088" lon="121.59061194397509">
        <ele>11.65</ele>
      </trkpt>
      <trkpt lat="25.056987153366208" lon="121.59054899588227">
        <ele>11.45</ele>
      </trkpt>
      <trkpt lat="25.05688422359526" lon="121.59045428037643">
        <ele>11.25</ele>
      </trkpt>
      <trkpt lat="25.056816581636667" lon="121.59039200283587">
        <ele>11.18</ele>
      </trkpt>
      <trkpt lat="25.05671356804669" lon="121.59029728733003">
        <ele>11.11</ele>
      </trkpt>
      <trkpt lat="25.056509133428335" lon="121.59010919742286">
        <ele>11.04</ele>
      </trkpt>
      <trkpt lat="25.056338477879763" lon="121.58995220437646">
        <ele>11.07</ele>
      </trkpt>
      <trkpt lat="25.056259939447045" lon="121.58987995237112">
        <ele>11.05</ele>
      </trkpt>
      <trkpt lat="25.056151058524847" lon="121.58974324353039">
        <ele>11.04</ele>
      </trkpt>
      <trkpt lat="25.055916532874107" lon="121.58944878727198">
        <ele>11.04</ele>
      </trkpt>
      <trkpt lat="25.05562257952988" lon="121.58907973207533">
        <ele>11.07</ele>
      </trkpt>
      <trkpt lat="25.05547589622438" lon="121.58889558166265">
        <ele>11.0</ele>
      </trkpt>
      <trkpt lat="25.055359974503517" lon="121.58874998800457">
        <ele>10.92</ele>
      </trkpt>
      <trkpt lat="25.05533516407013" lon="121.58870531246066">
        <ele>10.9</ele>
      </trkpt>
      <trkpt lat="25.055288644507527" lon="121.58862149342895">
        <ele>10.9</ele>
      </trkpt>
      <trkpt lat="25.055265678092837" lon="121.58858008682728">
        <ele>10.92</ele>
      </trkpt>
      <trkpt lat="25.055219158530235" lon="121.58849626779556">
        <ele>11.03</ele>
      </trkpt>
      <trkpt lat="25.055172638967633" lon="121.58841244876385">
        <ele>11.21</ele>
      </trkpt>
      <trkpt lat="25.05514908581972" lon="121.58837012015283">
        <ele>11.34</ele>
      </trkpt>
      <trkpt lat="25.05505613051355" lon="121.58820256590843">
        <ele>11.91</ele>
      </trkpt>
      <trkpt lat="25.055033080279827" lon="121.58816107548773">
        <ele>12.02</ele>
      </trkpt>
      <trkpt lat="25.055009610950947" lon="121.58811874687672">
        <ele>12.11</ele>
      </trkpt>
      <trkpt lat="25.054986057803035" lon="121.5880764182657">
        <ele>12.17</ele>
      </trkpt>
      <trkpt lat="25.054940041154623" lon="121.5879934374243">
        <ele>12.23</ele>
      </trkpt>
      <trkpt lat="25.05484700202942" lon="121.5878258831799">
        <ele>12.25</ele>
      </trkpt>
      <trkpt lat="25.054730493575335" lon="121.58761591650546">
        <ele>12.34</ele>
      </trkpt>
      <trkpt lat="25.05463745445013" lon="121.58744836226106">
        <ele>12.37</ele>
      </trkpt>
      <trkpt lat="25.054567884653807" lon="121.58732305280864">
        <ele>12.32</ele>
      </trkpt>
      <trkpt lat="25.054521365091205" lon="121.58723923377693">
        <ele>12.23</ele>
      </trkpt>
      <trkpt lat="25.054498398676515" lon="121.58719774335623">
        <ele>12.16</ele>
      </trkpt>
      <trkpt lat="25.054474845528603" lon="121.58715541474521">
        <ele>12.06</ele>
      </trkpt>
      <trkpt lat="25.054451879113913" lon="121.58711400814354">
        <ele>11.94</ele>
      </trkpt>
      <trkpt lat="25.0543818064034" lon="121.58698786050081">
        <ele>11.53</ele>
      </trkpt>
      <trkpt lat="25.054335286840796" lon="121.5869040414691">
        <ele>11.29</ele>
      </trkpt>
      <trkpt lat="25.054288767278194" lon="121.58682022243738">
        <ele>11.13</ele>
      </trkpt>
      <trkpt lat="25.054242331534624" lon="121.5867364872247">
        <ele>11.04</ele>
      </trkpt>
      <trkpt lat="25.054049966856837" lon="121.58638997934759">
        <ele>10.87</ele>
      </trkpt>
      <trkpt lat="25.054014595225453" lon="121.58626207150519">
        <ele>10.82</ele>
      </trkpt>
      <trkpt lat="25.05396262742579" lon="121.58607414923608">
        <ele>10.8</ele>
      </trkpt>
      <trkpt lat="25.05384544841945" lon="121.58565061166883">
        <ele>10.93</ele>
      </trkpt>
      <trkpt lat="25.05381946451962" lon="121.58555665053427">
        <ele>10.92</ele>
      </trkpt>
      <trkpt lat="25.053793732076883" lon="121.58546361140907">
        <ele>10.88</ele>
      </trkpt>
      <trkpt lat="25.053741177543998" lon="121.5852736774832">
        <ele>10.85</ele>
      </trkpt>
      <trkpt lat="25.053675547242165" lon="121.58503638580441">
        <ele>10.76</ele>
      </trkpt>
      <trkpt lat="25.05353112705052" lon="121.5845141094178">
        <ele>10.71</ele>
      </trkpt>
      <trkpt lat="25.053491732105613" lon="121.58437170088291">
        <ele>10.76</ele>
      </trkpt>
      <trkpt lat="25.05338695831597" lon="121.58399292267859">
        <ele>11.07</ele>
      </trkpt>
      <trkpt lat="25.05337379872799" lon="121.58394539728761">
        <ele>11.09</ele>
      </trkpt>
      <trkpt lat="25.053347563371062" lon="121.5838505141437">
        <ele>11.08</ele>
      </trkpt>
      <trkpt lat="25.053308168426156" lon="121.58370802178979">
        <ele>11.04</ele>
      </trkpt>
      <trkpt lat="25.05328193306923" lon="121.58361313864589">
        <ele>10.98</ele>
      </trkpt>
      <trkpt lat="25.053269946947694" lon="121.58356997184455">
        <ele>10.94</ele>
      </trkpt>
      <trkpt lat="25.053196689113975" lon="121.58350484445691">
        <ele>10.86</ele>
      </trkpt>
      <trkpt lat="25.0530899874866" lon="121.58340996131301">
        <ele>10.76</ele>
      </trkpt>
      <trkpt lat="25.0530709605664" lon="121.583367632702">
        <ele>10.73</ele>
      </trkpt>
      <trkpt lat="25.05295998416841" lon="121.58311994746327">
        <ele>10.47</ele>
      </trkpt>
      <trkpt lat="25.052953530102968" lon="121.5830996632576">
        <ele>10.45</ele>
      </trkpt>
      <trkpt lat="25.052923941984773" lon="121.58300595358014">
        <ele>10.4</ele>
      </trkpt>
      <trkpt lat="25.052894353866577" lon="121.58291216008365">
        <ele>10.4</ele>
      </trkpt>
      <trkpt lat="25.052839955314994" lon="121.58273999579251">
        <ele>10.43</ele>
      </trkpt>
      <trkpt lat="25.05278647877276" lon="121.5824833419174">
        <ele>10.48</ele>
      </trkpt>
      <trkpt lat="25.052726045250893" lon="121.58219307661057">
        <ele>10.5</ele>
      </trkpt>
      <trkpt lat="25.05267567001283" lon="121.58195125870407">
        <ele>10.57</ele>
      </trkpt>
      <trkpt lat="25.05265546962619" lon="121.58185444772243">
        <ele>10.58</ele>
      </trkpt>
      <trkpt lat="25.052615152671933" lon="121.58166099339724">
        <ele>10.55</ele>
      </trkpt>
      <trkpt lat="25.052564777433872" lon="121.5814190916717">
        <ele>10.63</ele>
      </trkpt>
      <trkpt lat="25.05254466086626" lon="121.5813223645091">
        <ele>10.69</ele>
      </trkpt>
      <trkpt lat="25.052534518763423" lon="121.5812740009278">
        <ele>10.74</ele>
      </trkpt>
      <trkpt lat="25.052484143525362" lon="121.58103209920228">
        <ele>11.13</ele>
      </trkpt>
      <trkpt lat="25.05246402695775" lon="121.58093537203968">
        <ele>11.25</ele>
      </trkpt>
      <trkpt lat="25.052443826571107" lon="121.58083864487708">
        <ele>11.31</ele>
      </trkpt>
      <trkpt lat="25.052423710003495" lon="121.58074191771448">
        <ele>11.33</ele>
      </trkpt>
      <trkpt lat="25.052403509616852" lon="121.58064519055188">
        <ele>11.3</ele>
      </trkpt>
      <trkpt lat="25.05238339304924" lon="121.58054837957025">
        <ele>11.22</ele>
      </trkpt>
      <trkpt lat="25.052333185449243" lon="121.5803074836731">
        <ele>10.88</ele>
      </trkpt>
      <trkpt lat="25.05231306888163" lon="121.5802107565105">
        <ele>10.78</ele>
      </trkpt>
      <trkpt lat="25.052292868494987" lon="121.5801140293479">
        <ele>10.72</ele>
      </trkpt>
      <trkpt lat="25.052272751927376" lon="121.5800173021853">
        <ele>10.69</ele>
      </trkpt>
      <trkpt lat="25.05220217630267" lon="121.57967867329717">
        <ele>10.67</ele>
      </trkpt>
      <trkpt lat="25.052141742780805" lon="121.57938840799034">
        <ele>10.71</ele>
      </trkpt>
      <trkpt lat="25.052091367542744" lon="121.57914659008384">
        <ele>10.72</ele>
      </trkpt>
      <trkpt lat="25.05204090848565" lon="121.5789046883583">
        <ele>10.77</ele>
      </trkpt>
      <trkpt lat="25.052000675350428" lon="121.57871123403311">
        <ele>10.78</ele>
      </trkpt>
      <trkpt lat="25.051980474963784" lon="121.57861442305148">
        <ele>10.78</ele>
      </trkpt>
      <trkpt lat="25.051930267363787" lon="121.57837352715433">
        <ele>10.72</ele>
      </trkpt>
      <trkpt lat="25.051859775558114" lon="121.57803498208523">
        <ele>10.71</ele>
      </trkpt>
      <trkpt lat="25.051829516887665" lon="121.5778898075223">
        <ele>10.75</ele>
      </trkpt>
      <trkpt lat="25.051769083365798" lon="121.5775996260345">
        <ele>10.96</ele>
      </trkpt>
      <trkpt lat="25.051748882979155" lon="121.57750281505287">
        <ele>11.0</ele>
      </trkpt>
      <trkpt lat="25.051728766411543" lon="121.57740608789027">
        <ele>10.97</ele>
      </trkpt>
      <trkpt lat="25.051688198000193" lon="121.57721162773669">
        <ele>10.84</ele>
      </trkpt>
      <trkpt lat="25.05165819078684" lon="121.57706745900214">
        <ele>10.78</ele>
      </trkpt>
      <trkpt lat="25.05162793211639" lon="121.57692236825824">
        <ele>10.76</ele>
      </trkpt>
      <trkpt lat="25.051587615162134" lon="121.576728830114">
        <ele>10.79</ele>
      </trkpt>
      <trkpt lat="25.05155760794878" lon="121.57658474519849">
        <ele>10.79</ele>
      </trkpt>
      <trkpt lat="25.051539922133088" lon="121.57649992033839">
        <ele>10.77</ele>
      </trkpt>
      <trkpt lat="25.051526091992855" lon="121.57644409686327">
        <ele>10.77</ele>
      </trkpt>
      <trkpt lat="25.051340265199542" lon="121.57569743692875">
        <ele>10.84</ele>
      </trkpt>
      <trkpt lat="25.05125904455781" lon="121.57537096180022">
        <ele>10.78</ele>
      </trkpt>
      <trkpt lat="25.051164496690035" lon="121.57499092631042">
        <ele>10.77</ele>
      </trkpt>
      <trkpt lat="25.051094172522426" lon="121.57470853999257">
        <ele>10.81</ele>
      </trkpt>
      <trkpt lat="25.051023932173848" lon="121.57442615367472">
        <ele>10.81</ele>
      </trkpt>
      <trkpt lat="25.05100993439555" lon="121.57436999492347">
        <ele>10.82</ele>
      </trkpt>
      <trkpt lat="25.051000798121095" lon="121.57423303462565">
        <ele>10.86</ele>
      </trkpt>
      <trkpt lat="25.050984621047974" lon="121.57398954033852">
        <ele>11.03</ele>
      </trkpt>
      <trkpt lat="25.050965091213584" lon="121.57369743101299">
        <ele>11.35</ele>
      </trkpt>
      <trkpt lat="25.050955368205905" lon="121.57355091534555">
        <ele>11.46</ele>
      </trkpt>
      <trkpt lat="25.050948914140463" lon="121.57345393672585">
        <ele>11.51</ele>
      </trkpt>
      <trkpt lat="25.05093994550407" lon="121.57331999391317">
        <ele>11.55</ele>
      </trkpt>
      <trkpt lat="25.05095260217786" lon="121.57311229035258">
        <ele>11.63</ele>
      </trkpt>
      <trkpt lat="25.050967438146472" lon="121.57286963425577">
        <ele>11.76</ele>
      </trkpt>
      <trkpt lat="25.05097322165966" lon="121.57277449965477">
        <ele>11.77</ele>
      </trkpt>
      <trkpt lat="25.05097900517285" lon="121.5726794488728">
        <ele>11.75</ele>
      </trkpt>
      <trkpt lat="25.050989985466003" lon="121.5724999923259">
        <ele>11.62</ele>
      </trkpt>
      <trkpt lat="25.05099761299789" lon="121.5724431630224">
        <ele>11.59</ele>
      </trkpt>
      <trkpt lat="25.051039941608906" lon="121.57212993130088">
        <ele>11.47</ele>
      </trkpt>
      <trkpt lat="25.051087215542793" lon="121.5719529055059">
        <ele>11.41</ele>
      </trkpt>
      <trkpt lat="25.051111774519086" lon="121.57186045311391">
        <ele>11.44</ele>
      </trkpt>
      <trkpt lat="25.051119988784194" lon="121.57182994298637">
        <ele>11.45</ele>
      </trkpt>
      <trkpt lat="25.051214620471" lon="121.5716508217156">
        <ele>11.58</ele>
      </trkpt>
      <trkpt lat="25.05125854164362" lon="121.5715675894171">
        <ele>11.61</ele>
      </trkpt>
      <trkpt lat="25.051399944350123" lon="121.57129995524883">
        <ele>11.59</ele>
      </trkpt>
      <trkpt lat="25.05157185718417" lon="121.57119400799274">
        <ele>11.58</ele>
      </trkpt>
      <trkpt lat="25.051912581548095" lon="121.57098395749927">
        <ele>11.68</ele>
      </trkpt>
      <trkpt lat="25.05210729315877" lon="121.57086392864585">
        <ele>11.63</ele>
      </trkpt>
      <trkpt lat="25.052129924297333" lon="121.57084993086755">
        <ele>11.62</ele>
      </trkpt>
      <trkpt lat="25.05231994204223" lon="121.57075999304652">
        <ele>11.6</ele>
      </trkpt>
      <trkpt lat="25.05239806137979" lon="121.57074431888759">
        <ele>11.59</ele>
      </trkpt>
      <trkpt lat="25.05274934694171" lon="121.57067407853901">
        <ele>11.61</ele>
      </trkpt>
      <trkpt lat="25.053013125434518" lon="121.57062135636806">
        <ele>11.67</ele>
      </trkpt>
      <trkpt lat="25.05323256365955" lon="121.57057743519545">
        <ele>11.63</ele>
      </trkpt>
      <trkpt lat="25.053363488987088" lon="121.57055128365755">
        <ele>11.63</ele>
      </trkpt>
      <trkpt lat="25.053626345470548" lon="121.57049864530563">
        <ele>11.59</ele>
      </trkpt>
      <trkpt lat="25.053843101486564" lon="121.57045531086624">
        <ele>11.67</ele>
      </trkpt>
      <trkpt lat="25.054019959643483" lon="121.57041993923485">
        <ele>11.7</ele>
      </trkpt>
      <trkpt lat="25.054019959643483" lon="121.57041993923485">
        <ele>11.7</ele>
      </trkpt>
      <trkpt lat="25.054149124771357" lon="121.57039898447692">
        <ele>11.8</ele>
      </trkpt>
      <trkpt lat="25.05423721857369" lon="121.57038473524153">
        <ele>11.84</ele>
      </trkpt>
      <trkpt lat="25.054324390366673" lon="121.57037056982517">
        <ele>11.83</ele>
      </trkpt>
      <trkpt lat="25.054499739781022" lon="121.57034215517342">
        <ele>11.75</ele>
      </trkpt>
      <trkpt lat="25.054587833583355" lon="121.57032790593803">
        <ele>11.74</ele>
      </trkpt>
      <trkpt lat="25.0547599978745" lon="121.57029999420047">
        <ele>11.77</ele>
      </trkpt>
      <trkpt lat="25.05476301535964" lon="121.57029907219112">
        <ele>11.77</ele>
      </trkpt>
      <trkpt lat="25.054976670071483" lon="121.57023570500314">
        <ele>11.86</ele>
      </trkpt>
      <trkpt lat="25.055029978975654" lon="121.57021994702518">
        <ele>11.85</ele>
      </trkpt>
      <trkpt lat="25.055277748033404" lon="121.57017862424254">
        <ele>11.81</ele>
      </trkpt>
      <trkpt lat="25.05536399781704" lon="121.57016429118812">
        <ele>11.81</ele>
      </trkpt>
      <trkpt lat="25.05538998171687" lon="121.57015993259847">
        <ele>11.81</ele>
      </trkpt>
      <trkpt lat="25.05579994060099" lon="121.57010997645557">
        <ele>11.9</ele>
      </trkpt>
      <trkpt lat="25.05579994060099" lon="121.57010997645557">
        <ele>11.9</ele>
      </trkpt>
      <trkpt lat="25.05593136884272" lon="121.57010712660849">
        <ele>11.88</ele>
      </trkpt>
      <trkpt lat="25.056064473465085" lon="121.57010419294238">
        <ele>11.8</ele>
      </trkpt>
      <trkpt lat="25.056153489276767" lon="121.57010226510465">
        <ele>11.78</ele>
      </trkpt>
      <trkpt lat="25.056259939447045" lon="121.57009991817176">
        <ele>11.8</ele>
      </trkpt>
      <trkpt lat="25.056449957191944" lon="121.57018993981183">
        <ele>11.85</ele>
      </trkpt>
      <trkpt lat="25.056619942188263" lon="121.56999992206693">
        <ele>11.9</ele>
      </trkpt>
      <trkpt lat="25.05664274096489" lon="121.56999573111534">
        <ele>11.91</ele>
      </trkpt>
      <trkpt lat="25.05686268210411" lon="121.56995533034205">
        <ele>12.03</ele>
      </trkpt>
      <trkpt lat="25.057169627398252" lon="121.56989883631468">
        <ele>12.17</ele>
      </trkpt>
      <trkpt lat="25.057389652356505" lon="121.56985835172236">
        <ele>12.32</ele>
      </trkpt>
      <trkpt lat="25.05760875530541" lon="121.5698180347681">
        <ele>12.4</ele>
      </trkpt>
      <trkpt lat="25.057869935408235" lon="121.5697699226439">
        <ele>12.56</ele>
      </trkpt>
      <trkpt lat="25.058004884049296" lon="121.56974863260984">
        <ele>12.65</ele>
      </trkpt>
      <trkpt lat="25.058268327265978" lon="121.56970689073205">
        <ele>12.91</ele>
      </trkpt>
      <trkpt lat="25.058400090783834" lon="121.56968601979315">
        <ele>12.78</ele>
      </trkpt>
      <trkpt lat="25.058489106595516" lon="121.56967193819582">
        <ele>12.73</ele>
      </trkpt>
      <trkpt lat="25.059238700196147" lon="121.56955325044692">
        <ele>12.45</ele>
      </trkpt>
      <trkpt lat="25.05981202237308" lon="121.56946239061654">
        <ele>12.17</ele>
      </trkpt>
      <trkpt lat="25.060164481401443" lon="121.56940656714141">
        <ele>12.04</ele>
      </trkpt>
      <trkpt lat="25.060605201870203" lon="121.56933682970703">
        <ele>11.98</ele>
      </trkpt>
      <trkpt lat="25.06091491319239" lon="121.56928779557347">
        <ele>11.86</ele>
      </trkpt>
      <trkpt lat="25.06122563034296" lon="121.56923859380186">
        <ele>11.68</ele>
      </trkpt>
      <trkpt lat="25.061279945075512" lon="121.56922996044159">
        <ele>11.66</ele>
      </trkpt>
      <trkpt lat="25.06131498143077" lon="121.56923205591738">
        <ele>11.65</ele>
      </trkpt>
      <trkpt lat="25.061403829604387" lon="121.56923725269735">
        <ele>11.68</ele>
      </trkpt>
      <trkpt lat="25.06144993007183" lon="121.56923993490636">
        <ele>11.71</ele>
      </trkpt>
      <trkpt lat="25.061582112684846" lon="121.56921721994877">
        <ele>11.82</ele>
      </trkpt>
      <trkpt lat="25.061670960858464" lon="121.569201964885">
        <ele>11.82</ele>
      </trkpt>
      <trkpt lat="25.061715384945273" lon="121.56919433735311">
        <ele>11.79</ele>
      </trkpt>
      <trkpt lat="25.061758887022734" lon="121.56918679364026">
        <ele>11.73</ele>
      </trkpt>
      <trkpt lat="25.061811357736588" lon="121.56917782500386">
        <ele>11.62</ele>
      </trkpt>
      <trkpt lat="25.061980169266462" lon="121.56914873979986">
        <ele>11.21</ele>
      </trkpt>
      <trkpt lat="25.06206809543073" lon="121.56913356855512">
        <ele>11.05</ele>
      </trkpt>
      <trkpt lat="25.062157027423382" lon="121.56911831349134">
        <ele>10.94</ele>
      </trkpt>
      <trkpt lat="25.06220145151019" lon="121.56911068595946">
        <ele>10.92</ele>
      </trkpt>
      <trkpt lat="25.06233472377062" lon="121.56908771954477">
        <ele>10.91</ele>
      </trkpt>
      <trkpt lat="25.062379986047745" lon="121.56907992437482">
        <ele>10.92</ele>
      </trkpt>
      <trkpt lat="25.062459949404" lon="121.56901999376714">
        <ele>10.94</ele>
      </trkpt>
      <trkpt lat="25.062459949404" lon="121.56901999376714">
        <ele>10.94</ele>
      </trkpt>
      <trkpt lat="25.062532033771276" lon="121.56897808425128">
        <ele>11.0</ele>
      </trkpt>
      <trkpt lat="25.062691206112504" lon="121.56888571567833">
        <ele>11.2</ele>
      </trkpt>
      <trkpt lat="25.062769996002316" lon="121.56883995048702">
        <ele>11.26</ele>
      </trkpt>
      <trkpt lat="25.062769996002316" lon="121.56883995048702">
        <ele>11.26</ele>
      </trkpt>
      <trkpt lat="25.062810480594635" lon="121.56881832517684">
        <ele>11.27</ele>
      </trkpt>
      <trkpt lat="25.062891449779272" lon="121.5687751583755">
        <ele>11.25</ele>
      </trkpt>
      <trkpt lat="25.06305263377726" lon="121.568689243868">
        <ele>11.12</ele>
      </trkpt>
      <trkpt lat="25.063219936564565" lon="121.56859997659922">
        <ele>11.04</ele>
      </trkpt>
      <trkpt lat="25.063219936564565" lon="121.56859997659922">
        <ele>11.04</ele>
      </trkpt>
      <trkpt lat="25.063499975949526" lon="121.56854993663728">
        <ele>10.95</ele>
      </trkpt>
      <trkpt lat="25.06352411583066" lon="121.5685475897044">
        <ele>10.95</ele>
      </trkpt>
      <trkpt lat="25.063657639548182" lon="121.56853476539254">
        <ele>10.94</ele>
      </trkpt>
      <trkpt lat="25.06409928202629" lon="121.56849218532443">
        <ele>10.86</ele>
      </trkpt>
      <trkpt lat="25.064317882061005" lon="121.56847114674747">
        <ele>10.85</ele>
      </trkpt>
      <trkpt lat="25.06432995200157" lon="121.56846997328103">
        <ele>10.84</ele>
      </trkpt>
      <trkpt lat="25.064404467120767" lon="121.56849092803895">
        <ele>10.78</ele>
      </trkpt>
      <trkpt lat="25.064492477104068" lon="121.56851565465331">
        <ele>10.75</ele>
      </trkpt>
      <trkpt lat="25.06466598249972" lon="121.56856443732977">
        <ele>10.75</ele>
      </trkpt>
      <trkpt lat="25.064752232283354" lon="121.56858874484897">
        <ele>10.79</ele>
      </trkpt>
      <trkpt lat="25.06496999412775" lon="121.56864993274212">
        <ele>10.93</ele>
      </trkpt>
      <trkpt lat="25.06505884230137" lon="121.56864213757217">
        <ele>10.99</ele>
      </trkpt>
      <trkpt lat="25.065309964120388" lon="121.56861992552876">
        <ele>11.2</ele>
      </trkpt>
      <trkpt lat="25.06548246368766" lon="121.56861489638686">
        <ele>11.35</ele>
      </trkpt>
      <trkpt lat="25.065613724291325" lon="121.5686110407114">
        <ele>11.41</ele>
      </trkpt>
      <trkpt lat="25.065649934113026" lon="121.56860995106399">
        <ele>11.41</ele>
      </trkpt>
      <trkpt lat="25.065786140039563" lon="121.56862922944129">
        <ele>11.44</ele>
      </trkpt>
      <trkpt lat="25.065960064530373" lon="121.56865395605564">
        <ele>11.41</ele>
      </trkpt>
      <trkpt lat="25.06634990684688" lon="121.56870919279754">
        <ele>11.47</ele>
      </trkpt>
      <trkpt lat="25.06652290932834" lon="121.56873375177383">
        <ele>11.41</ele>
      </trkpt>
      <trkpt lat="25.066588958725333" lon="121.56874313950539">
        <ele>11.42</ele>
      </trkpt>
      <trkpt lat="25.066940411925316" lon="121.56879292801023">
        <ele>11.22</ele>
      </trkpt>
      <trkpt lat="25.06698994897306" lon="121.56879996880889">
        <ele>11.19</ele>
      </trkpt>
      <trkpt lat="25.06699539721012" lon="121.56875722110271">
        <ele>11.18</ele>
      </trkpt>
      <trkpt lat="25.067007802426815" lon="121.56866091303527">
        <ele>11.17</ele>
      </trkpt>
      <trkpt lat="25.067039988934994" lon="121.56840995885432">
        <ele>11.22</ele>
      </trkpt>
      <trkpt lat="25.067039988934994" lon="121.56840995885432">
        <ele>11.22</ele>
      </trkpt>
      <trkpt lat="25.06725238636136" lon="121.56843652948737">
        <ele>11.24</ele>
      </trkpt>
      <trkpt lat="25.067473081871867" lon="121.5684641059488">
        <ele>11.19</ele>
      </trkpt>
      <trkpt lat="25.06756159476936" lon="121.56847517006099">
        <ele>11.19</ele>
      </trkpt>
      <trkpt lat="25.06795747205615" lon="121.5685246232897">
        <ele>11.33</ele>
      </trkpt>
      <trkpt lat="25.068136174231768" lon="121.56854700297117">
        <ele>11.29</ele>
      </trkpt>
      <trkpt lat="25.068639926612377" lon="121.56860995106399">
        <ele>11.34</ele>
      </trkpt>
      <trkpt lat="25.068713938817382" lon="121.56862244009972">
        <ele>11.35</ele>
      </trkpt>
      <trkpt lat="25.068979812785983" lon="121.56866711564362">
        <ele>11.29</ele>
      </trkpt>
      <trkpt lat="25.069201178848743" lon="121.5687043312937">
        <ele>11.35</ele>
      </trkpt>
      <trkpt lat="25.069289188832045" lon="121.56871908344328">
        <ele>11.35</ele>
      </trkpt>
      <trkpt lat="25.069510554894805" lon="121.5687563829124">
        <ele>11.31</ele>
      </trkpt>
      <trkpt lat="25.069769974797964" lon="121.56879996880889">
        <ele>11.22</ele>
      </trkpt>
      <trkpt lat="25.069866366684437" lon="121.56880172900856">
        <ele>11.2</ele>
      </trkpt>
      <trkpt lat="25.06995538249612" lon="121.56880332157016">
        <ele>11.24</ele>
      </trkpt>
      <trkpt lat="25.07013433612883" lon="121.56880650669336">
        <ele>11.44</ele>
      </trkpt>
      <trkpt lat="25.07022427394986" lon="121.568808183074">
        <ele>11.51</ele>
      </trkpt>
      <trkpt lat="25.070403227582574" lon="121.5688113681972">
        <ele>11.62</ele>
      </trkpt>
      <trkpt lat="25.070493165403605" lon="121.56881304457784">
        <ele>11.63</ele>
      </trkpt>
      <trkpt lat="25.070806061848998" lon="121.56881866045296">
        <ele>11.42</ele>
      </trkpt>
      <trkpt lat="25.07107486948371" lon="121.5688235219568">
        <ele>11.33</ele>
      </trkpt>
      <trkpt lat="25.071298833936453" lon="121.56882762908936">
        <ele>11.22</ele>
      </trkpt>
      <trkpt lat="25.071429926902056" lon="121.56882997602224">
        <ele>11.17</ele>
      </trkpt>
      <trkpt lat="25.071469992399216" lon="121.56878999434412">
        <ele>11.15</ele>
      </trkpt>
      <trkpt lat="25.071489941328764" lon="121.56853996217251">
        <ele>11.08</ele>
      </trkpt>
      <trkpt lat="25.071489941328764" lon="121.56845119781792">
        <ele>11.06</ele>
      </trkpt>
      <trkpt lat="25.071489941328764" lon="121.5682040154934">
        <ele>10.9</ele>
      </trkpt>
      <trkpt lat="25.071489941328764" lon="121.56810569576919">
        <ele>10.86</ele>
      </trkpt>
      <trkpt lat="25.071489941328764" lon="121.56780880875885">
        <ele>10.86</ele>
      </trkpt>
      <trkpt lat="25.071489941328764" lon="121.56751200556755">
        <ele>10.77</ele>
      </trkpt>
      <trkpt lat="25.071489941328764" lon="121.56721511855721">
        <ele>10.74</ele>
      </trkpt>
      <trkpt lat="25.071489941328764" lon="121.56686961650848">
        <ele>10.61</ele>
      </trkpt>
      <trkpt lat="25.071489941328764" lon="121.56639997847378">
        <ele>10.56</ele>
      </trkpt>
      <trkpt lat="25.07148834876716" lon="121.56627584248781">
        <ele>10.55</ele>
      </trkpt>
      <trkpt lat="25.071485079824924" lon="121.56602866016328">
        <ele>10.49</ele>
      </trkpt>
      <trkpt lat="25.071480637416244" lon="121.56568315811455">
        <ele>10.52</ele>
      </trkpt>
      <trkpt lat="25.071473512798548" lon="121.56513917259872">
        <ele>10.33</ele>
      </trkpt>
      <trkpt lat="25.07146965712309" lon="121.56484228558838">
        <ele>10.27</ele>
      </trkpt>
      <trkpt lat="25.071466388180852" lon="121.56459510326385">
        <ele>10.26</ele>
      </trkpt>
      <trkpt lat="25.071462532505393" lon="121.5642992220819">
        <ele>10.22</ele>
      </trkpt>
      <trkpt lat="25.07145993411541" lon="121.56409998424351">
        <ele>10.24</ele>
      </trkpt>
      <trkpt lat="25.07146529853344" lon="121.56400258652866">
        <ele>10.25</ele>
      </trkpt>
      <trkpt lat="25.071487175300717" lon="121.5636081341654">
        <ele>10.2</ele>
      </trkpt>
      <trkpt lat="25.07149262353778" lon="121.56350906006992">
        <ele>10.13</ele>
      </trkpt>
      <trkpt lat="25.07149807177484" lon="121.56340998597443">
        <ele>10.1</ele>
      </trkpt>
      <trkpt lat="25.07151181809604" lon="121.56316221691668">
        <ele>10.1</ele>
      </trkpt>
      <trkpt lat="25.071527995169163" lon="121.56286885030568">
        <ele>10.04</ele>
      </trkpt>
      <trkpt lat="25.07153369486332" lon="121.56276575289667">
        <ele>10.06</ele>
      </trkpt>
      <trkpt lat="25.071541909128428" lon="121.56261814758182">
        <ele>10.12</ele>
      </trkpt>
      <trkpt lat="25.071558337658644" lon="121.56232084147632">
        <ele>10.18</ele>
      </trkpt>
      <trkpt lat="25.071569988504052" lon="121.56210995279253">
        <ele>10.18</ele>
      </trkpt>
      <trkpt lat="25.071569988504052" lon="121.5621199272573">
        <ele>10.18</ele>
      </trkpt>
      <trkpt lat="25.0715899374336" lon="121.56186997890472">
        <ele>10.18</ele>
      </trkpt>
      <trkpt lat="25.071616675704718" lon="121.56175103969872">
        <ele>10.18</ele>
      </trkpt>
      <trkpt lat="25.071670738980174" lon="121.56151014380157">
        <ele>10.2</ele>
      </trkpt>
      <trkpt lat="25.071768052875996" lon="121.56107646413147">
        <ele>10.11</ele>
      </trkpt>
      <trkpt lat="25.071809962391853" lon="121.56088996678591">
        <ele>10.16</ele>
      </trkpt>
      <trkpt lat="25.071845166385174" lon="121.56079273670912">
        <ele>10.19</ele>
      </trkpt>
      <trkpt lat="25.071945413947105" lon="121.56051621772349">
        <ele>10.16</ele>
      </trkpt>
      <trkpt lat="25.072045661509037" lon="121.56023961491883">
        <ele>10.28</ele>
      </trkpt>
      <trkpt lat="25.07209997624159" lon="121.56008999794722">
        <ele>10.33</ele>
      </trkpt>
      <trkpt lat="25.072272643446922" lon="121.55964600853622">
        <ele>10.49</ele>
      </trkpt>
      <trkpt lat="25.07253834977746" lon="121.55896263197064">
        <ele>10.68</ele>
      </trkpt>
      <trkpt lat="25.072698025032878" lon="121.5585520863533">
        <ele>10.73</ele>
      </trkpt>
      <trkpt lat="25.07272996008396" lon="121.55846994370222">
        <ele>10.75</ele>
      </trkpt>
      <trkpt lat="25.072751501575112" lon="121.5583139564842">
        <ele>10.8</ele>
      </trkpt>
      <trkpt lat="25.07276994176209" lon="121.55817992985249">
        <ele>11.0</ele>
      </trkpt>
      <trkpt lat="25.07276994176209" lon="121.55817992985249">
        <ele>11.0</ele>
      </trkpt>
      <trkpt lat="25.072787795215845" lon="121.55810348689556">
        <ele>11.11</ele>
      </trkpt>
      <trkpt lat="25.07283247075975" lon="121.55791212804615">
        <ele>11.19</ele>
      </trkpt>
      <trkpt lat="25.072839930653572" lon="121.55787994153798">
        <ele>11.21</ele>
      </trkpt>
      <trkpt lat="25.072894915938377" lon="121.5577838011086">
        <ele>11.3</ele>
      </trkpt>
      <trkpt lat="25.072999941185117" lon="121.55759998597205">
        <ele>11.51</ele>
      </trkpt>
      <trkpt lat="25.073028104379773" lon="121.55742287635803">
        <ele>11.69</ele>
      </trkpt>
      <trkpt lat="25.073051238432527" lon="121.55727719888091">
        <ele>11.85</ele>
      </trkpt>
      <trkpt lat="25.07308216765523" lon="121.55708257108927">
        <ele>12.03</ele>
      </trkpt>
      <trkpt lat="25.073113096877933" lon="121.55688794329762">
        <ele>12.27</ele>
      </trkpt>
      <trkpt lat="25.073128519579768" lon="121.556791132316">
        <ele>12.36</ele>
      </trkpt>
      <trkpt lat="25.073182750493288" lon="121.55644982121885">
        <ele>12.54</ele>
      </trkpt>
      <trkpt lat="25.07323999889195" lon="121.5560899861157">
        <ele>12.76</ele>
      </trkpt>
      <trkpt lat="25.07326103746891" lon="121.55591379851103">
        <ele>12.88</ele>
      </trkpt>
      <trkpt lat="25.07327855564654" lon="121.55576711520553">
        <ele>12.94</ele>
      </trkpt>
      <trkpt lat="25.07329624146223" lon="121.55561942607164">
        <ele>12.96</ele>
      </trkpt>
      <trkpt lat="25.073331277817488" lon="121.55532614327967">
        <ele>12.93</ele>
      </trkpt>
      <trkpt lat="25.07334309630096" lon="121.5552276559174">
        <ele>12.9</ele>
      </trkpt>
      <trkpt lat="25.07334996946156" lon="121.55516998842359">
        <ele>12.84</ele>
      </trkpt>
      <trkpt lat="25.073351059108973" lon="121.55508021824062">
        <ele>12.76</ele>
      </trkpt>
      <trkpt lat="25.073355501517653" lon="121.55473471619189">
        <ele>12.35</ele>
      </trkpt>
      <trkpt lat="25.07335675880313" lon="121.55463547445834">
        <ele>12.25</ele>
      </trkpt>
      <trkpt lat="25.073357932269573" lon="121.55453715473413">
        <ele>12.18</ele>
      </trkpt>
      <trkpt lat="25.07336111739278" lon="121.5542899724096">
        <ele>12.06</ele>
      </trkpt>
      <trkpt lat="25.073364889249206" lon="121.5539931692183">
        <ele>11.83</ele>
      </trkpt>
      <trkpt lat="25.07336799055338" lon="121.55374590307474">
        <ele>11.58</ele>
      </trkpt>
      <trkpt lat="25.07337050512433" lon="121.55354834161699">
        <ele>11.41</ele>
      </trkpt>
      <trkpt lat="25.07337234914303" lon="121.55340040102601">
        <ele>11.31</ele>
      </trkpt>
      <trkpt lat="25.073373606428504" lon="121.55330216512084">
        <ele>11.29</ele>
      </trkpt>
      <trkpt lat="25.07337737828493" lon="121.5530052781105">
        <ele>11.42</ele>
      </trkpt>
      <trkpt lat="25.073379976674914" lon="121.5527999214828">
        <ele>11.58</ele>
      </trkpt>
      <trkpt lat="25.07342523895204" lon="121.55272331088781">
        <ele>11.66</ele>
      </trkpt>
      <trkpt lat="25.073473853990436" lon="121.55264100059867">
        <ele>11.71</ele>
      </trkpt>
      <trkpt lat="25.073509979993105" lon="121.55257998034358">
        <ele>11.72</ele>
      </trkpt>
      <trkpt lat="25.07352246902883" lon="121.55255743302405">
        <ele>11.73</ele>
      </trkpt>
      <trkpt lat="25.073559936136007" lon="121.55248995870352">
        <ele>11.72</ele>
      </trkpt>
      <trkpt lat="25.073559936136007" lon="121.55241996981204">
        <ele>11.72</ele>
      </trkpt>
      <trkpt lat="25.073559936136007" lon="121.55241996981204">
        <ele>11.72</ele>
      </trkpt>
      <trkpt lat="25.073452312499285" lon="121.55220455490053">
        <ele>11.66</ele>
      </trkpt>
      <trkpt lat="25.073408810421824" lon="121.55211763456464">
        <ele>11.65</ele>
      </trkpt>
      <trkpt lat="25.073379976674914" lon="121.55205996707082">
        <ele>11.66</ele>
      </trkpt>
      <trkpt lat="25.073376120999455" lon="121.55192837119102">
        <ele>11.7</ele>
      </trkpt>
      <trkpt lat="25.073368828743696" lon="121.55168127268553">
        <ele>11.81</ele>
      </trkpt>
      <trkpt lat="25.073361536487937" lon="121.55143417418003">
        <ele>11.79</ele>
      </trkpt>
      <trkpt lat="25.073359943926334" lon="121.55137994326651">
        <ele>11.79</ele>
      </trkpt>
      <trkpt lat="25.07348097860813" lon="121.55124071985483">
        <ele>11.82</ele>
      </trkpt>
      <trkpt lat="25.073559936136007" lon="121.55114994384348">
        <ele>11.81</ele>
      </trkpt>
      <trkpt lat="25.07358994334936" lon="121.55106998048723">
        <ele>11.81</ele>
      </trkpt>
      <trkpt lat="25.073590697720647" lon="121.55098549090326">
        <ele>11.81</ele>
      </trkpt>
      <trkpt lat="25.07359329611063" lon="121.55068868771195">
        <ele>11.9</ele>
      </trkpt>
      <trkpt lat="25.073594637215137" lon="121.55054074712098">
        <ele>11.91</ele>
      </trkpt>
      <trkpt lat="25.073596397414804" lon="121.55034318566322">
        <ele>11.89</ele>
      </trkpt>
      <trkpt lat="25.073598576709628" lon="121.55009591951966">
        <ele>11.79</ele>
      </trkpt>
      <trkpt lat="25.073599498718977" lon="121.54999567195773">
        <ele>11.8</ele>
      </trkpt>
      <trkpt lat="25.073599917814136" lon="121.54993993230164">
        <ele>11.81</ele>
      </trkpt>
      <trkpt lat="25.073631182312965" lon="121.54985544271767">
        <ele>11.84</ele>
      </trkpt>
      <trkpt lat="25.07366512902081" lon="121.54976357705891">
        <ele>11.83</ele>
      </trkpt>
      <trkpt lat="25.073699159547687" lon="121.54967162758112">
        <ele>11.78</ele>
      </trkpt>
      <trkpt lat="25.073749786242843" lon="121.5495346672833">
        <ele>11.66</ele>
      </trkpt>
      <trkpt lat="25.073769986629486" lon="121.54947993345559">
        <ele>11.64</ele>
      </trkpt>
      <trkpt lat="25.07376772351563" lon="121.5494397841394">
        <ele>11.63</ele>
      </trkpt>
      <trkpt lat="25.07375649176538" lon="121.54924255795777">
        <ele>11.68</ele>
      </trkpt>
      <trkpt lat="25.07375104352832" lon="121.54914650134742">
        <ele>11.68</ele>
      </trkpt>
      <trkpt lat="25.07375104352832" lon="121.54914650134742">
        <ele>8.05</ele>
      </trkpt>
      <trkpt lat="25.073742913082242" lon="121.54900182969868">
        <ele>7.05</ele>
      </trkpt>
      <trkpt lat="25.073742913082242" lon="121.54900182969868">
        <ele>10.76</ele>
      </trkpt>
      <trkpt lat="25.073739979416132" lon="121.54894994571805">
        <ele>10.77</ele>
      </trkpt>
      <trkpt lat="25.073709972202778" lon="121.54888993129134">
        <ele>10.78</ele>
      </trkpt>
      <trkpt lat="25.073449965566397" lon="121.54864995740354">
        <ele>10.87</ele>
      </trkpt>
      <trkpt lat="25.073429932817817" lon="121.54850997962058">
        <ele>10.91</ele>
      </trkpt>
      <trkpt lat="25.073468992486596" lon="121.54840847477317">
        <ele>10.94</ele>
      </trkpt>
      <trkpt lat="25.07347997277975" lon="121.54837997630239">
        <ele>10.93</ele>
      </trkpt>
      <trkpt lat="25.0734808947891" lon="121.54831359162927">
        <ele>10.93</ele>
      </trkpt>
      <trkpt lat="25.073483744636178" lon="121.54811904765666">
        <ele>10.87</ele>
      </trkpt>
      <trkpt lat="25.07348584011197" lon="121.54797806404531">
        <ele>10.96</ele>
      </trkpt>
      <trkpt lat="25.073488522320986" lon="121.5477903932333">
        <ele>11.11</ele>
      </trkpt>
      <trkpt lat="25.07349212653935" lon="121.54754622839391">
        <ele>11.17</ele>
      </trkpt>
      <trkpt lat="25.073497155681252" lon="121.54720273800194">
        <ele>11.18</ele>
      </trkpt>
      <trkpt lat="25.07351215928793" lon="121.54617025516927">
        <ele>11.27</ele>
      </trkpt>
      <trkpt lat="25.07351861335337" lon="121.54572743922472">
        <ele>11.28</ele>
      </trkpt>
      <trkpt lat="25.07352003827691" lon="121.54562920331955">
        <ele>11.33</ele>
      </trkpt>
      <trkpt lat="25.073520792648196" lon="121.54557958245277">
        <ele>11.34</ele>
      </trkpt>
      <trkpt lat="25.073525067418814" lon="121.54528370127082">
        <ele>11.23</ele>
      </trkpt>
      <trkpt lat="25.07352724671364" lon="121.54513576067984">
        <ele>11.22</ele>
      </trkpt>
      <trkpt lat="25.073528671637177" lon="121.54503651894629">
        <ele>11.24</ele>
      </trkpt>
      <trkpt lat="25.073529928922653" lon="121.54494993388653">
        <ele>11.27</ele>
      </trkpt>
      <trkpt lat="25.0735239777714" lon="121.54482420533895">
        <ele>11.33</ele>
      </trkpt>
      <trkpt lat="25.07351995445788" lon="121.54473996721208">
        <ele>11.33</ele>
      </trkpt>
      <trkpt lat="25.073566557839513" lon="121.54473502188921">
        <ele>11.34</ele>
      </trkpt>
      <trkpt lat="25.073709972202778" lon="121.5447199344635">
        <ele>11.38</ele>
      </trkpt>
      <trkpt lat="25.073849530890584" lon="121.54467810876667">
        <ele>11.43</ele>
      </trkpt>
      <trkpt lat="25.07390996441245" lon="121.54465992003679">
        <ele>11.4</ele>
      </trkpt>
      <trkpt lat="25.074109956622124" lon="121.54454994946718">
        <ele>11.3</ele>
      </trkpt>
      <trkpt lat="25.074109956622124" lon="121.54420754872262">
        <ele>11.17</ele>
      </trkpt>
      <trkpt lat="25.074109956622124" lon="121.54408995062113">
        <ele>11.1</ele>
      </trkpt>
      <trkpt lat="25.074009960517287" lon="121.54400998726487">
        <ele>11.02</ele>
      </trkpt>
      <trkpt lat="25.073891021311283" lon="121.54400705359876">
        <ele>10.95</ele>
      </trkpt>
      <trkpt lat="25.07380292750895" lon="121.54400487430394">
        <ele>10.91</ele>
      </trkpt>
      <trkpt lat="25.073671666905284" lon="121.54400168918073">
        <ele>10.93</ele>
      </trkpt>
      <trkpt lat="25.073599917814136" lon="121.54399992898107">
        <ele>10.97</ele>
      </trkpt>
      <trkpt lat="25.073602264747024" lon="121.54393522068858">
        <ele>11.01</ele>
      </trkpt>
      <trkpt lat="25.07360754534602" lon="121.54379038140178">
        <ele>11.0</ele>
      </trkpt>
      <trkpt lat="25.07361634634435" lon="121.5435473062098">
        <ele>11.01</ele>
      </trkpt>
      <trkpt lat="25.07362992502749" lon="121.54316995292902">
        <ele>10.96</ele>
      </trkpt>
      <trkpt lat="25.07363000884652" lon="121.54315939173102">
        <ele>10.96</ele>
      </trkpt>
      <trkpt lat="25.07363193668425" lon="121.54252890497446">
        <ele>10.96</ele>
      </trkpt>
      <trkpt lat="25.07363243959844" lon="121.54238297604024">
        <ele>10.93</ele>
      </trkpt>
      <trkpt lat="25.0736328586936" lon="121.54223704710603">
        <ele>10.87</ele>
      </trkpt>
      <trkpt lat="25.073633948341012" lon="121.54189548455179">
        <ele>10.79</ele>
      </trkpt>
      <trkpt lat="25.07363487035036" lon="121.54160153120756">
        <ele>10.74</ele>
      </trkpt>
      <trkpt lat="25.073635959997773" lon="121.54125904664397">
        <ele>10.6</ele>
      </trkpt>
      <trkpt lat="25.073637049645185" lon="121.54091748408973">
        <ele>10.63</ele>
      </trkpt>
      <trkpt lat="25.073637552559376" lon="121.54074967838824">
        <ele>10.45</ele>
      </trkpt>
      <trkpt lat="25.073637636378407" lon="121.5407099481672">
        <ele>10.68</ele>
      </trkpt>
      <trkpt lat="25.073637971654534" lon="121.54061959125102">
        <ele>10.79</ele>
      </trkpt>
      <trkpt lat="25.073638390749693" lon="121.54047064483166">
        <ele>11.03</ele>
      </trkpt>
      <trkpt lat="25.07363872602582" lon="121.5403714030981">
        <ele>11.12</ele>
      </trkpt>
      <trkpt lat="25.073638893663883" lon="121.54032270424068">
        <ele>11.13</ele>
      </trkpt>
      <trkpt lat="25.073639983311296" lon="121.53997996822">
        <ele>11.07</ele>
      </trkpt>
      <trkpt lat="25.073636546730995" lon="121.53997996822">
        <ele>11.07</ele>
      </trkpt>
      <trkpt lat="25.073599917814136" lon="121.53997996822">
        <ele>11.05</ele>
      </trkpt>
      <trkpt lat="25.073599917814136" lon="121.53988994657993">
        <ele>11.02</ele>
      </trkpt>
      <trkpt lat="25.07358206436038" lon="121.53977385722101">
        <ele>10.99</ele>
      </trkpt>
      <trkpt lat="25.073559936136007" lon="121.53962993994355">
        <ele>10.96</ele>
      </trkpt>
      <trkpt lat="25.07355373352766" lon="121.5393808297813">
        <ele>10.93</ele>
      </trkpt>
      <trkpt lat="25.073549961671233" lon="121.5392299555242">
        <ele>10.93</ele>
      </trkpt>
      <trkpt lat="25.0735448487103" lon="121.53918259777129">
        <ele>10.94</ele>
      </trkpt>
      <trkpt lat="25.073523642495275" lon="121.53898646123707">
        <ele>10.91</ele>
      </trkpt>
      <trkpt lat="25.073507633060217" lon="121.5388385206461">
        <ele>10.92</ele>
      </trkpt>
      <trkpt lat="25.07349707186222" lon="121.53874095529318">
        <ele>10.87</ele>
      </trkpt>
      <trkpt lat="25.073491791263223" lon="121.53869166970253">
        <ele>10.8</ele>
      </trkpt>
      <trkpt lat="25.073475781828165" lon="121.53854372911155">
        <ele>10.53</ele>
      </trkpt>
      <trkpt lat="25.07346522063017" lon="121.53844616375864">
        <ele>10.38</ele>
      </trkpt>
      <trkpt lat="25.073454659432173" lon="121.53834859840572">
        <ele>10.44</ele>
      </trkpt>
      <trkpt lat="25.07343353703618" lon="121.53815338388085">
        <ele>10.67</ele>
      </trkpt>
      <trkpt lat="25.073428340256214" lon="121.53810502029955">
        <ele>10.71</ele>
      </trkpt>
      <trkpt lat="25.073417779058218" lon="121.53800745494664">
        <ele>10.74</ele>
      </trkpt>
      <trkpt lat="25.073396656662226" lon="121.53781224042177">
        <ele>10.68</ele>
      </trkpt>
      <trkpt lat="25.07338995113969" lon="121.53774996288121">
        <ele>10.66</ele>
      </trkpt>
      <trkpt lat="25.073469998314977" lon="121.53755994513631">
        <ele>10.61</ele>
      </trkpt>
      <trkpt lat="25.073549961671233" lon="121.53741518966854">
        <ele>10.58</ele>
      </trkpt>
      <trkpt lat="25.073582231998444" lon="121.5373566839844">
        <ele>10.58</ele>
      </trkpt>
      <trkpt lat="25.073582231998444" lon="121.5373566839844">
        <ele>10.63</ele>
      </trkpt>
      <trkpt lat="25.073657166212797" lon="121.53722106479108">
        <ele>10.64</ele>
      </trkpt>
      <trkpt lat="25.073772333562374" lon="121.53701243922114">
        <ele>10.6</ele>
      </trkpt>
      <trkpt lat="25.07383997552097" lon="121.53688997961581">
        <ele>10.62</ele>
      </trkpt>
      <trkpt lat="25.07392999716103" lon="121.53667992912233">
        <ele>10.67</ele>
      </trkpt>
      <trkpt lat="25.073989927768707" lon="121.53670993633568">
        <ele>10.69</ele>
      </trkpt>
      <trkpt lat="25.074005350470543" lon="121.5366727206856">
        <ele>10.7</ele>
      </trkpt>
      <trkpt lat="25.074109956622124" lon="121.53641992248595">
        <ele>10.69</ele>
      </trkpt>
      <trkpt lat="25.074124122038484" lon="121.53625873848796">
        <ele>10.69</ele>
      </trkpt>
      <trkpt lat="25.074158236384392" lon="121.53586931526661">
        <ele>10.79</ele>
      </trkpt>
      <trkpt lat="25.074159996584058" lon="121.53584995307028">
        <ele>10.79</ele>
      </trkpt>
      <trkpt lat="25.074173491448164" lon="121.53547855094075">
        <ele>10.83</ele>
      </trkpt>
      <trkpt lat="25.074179945513606" lon="121.53529993258417">
        <ele>10.82</ele>
      </trkpt>
      <trkpt lat="25.074199307709932" lon="121.53509658761322">
        <ele>10.81</ele>
      </trkpt>
      <trkpt lat="25.074212551116943" lon="121.53495736420155">
        <ele>10.86</ele>
      </trkpt>
      <trkpt lat="25.074221435934305" lon="121.5348644927144">
        <ele>10.93</ele>
      </trkpt>
      <trkpt lat="25.074239959940314" lon="121.5346699487418">
        <ele>11.13</ele>
      </trkpt>
      <trkpt lat="25.074251778423786" lon="121.53463457711041">
        <ele>11.17</ele>
      </trkpt>
      <trkpt lat="25.07426996715367" lon="121.53457992710173">
        <ele>11.2</ele>
      </trkpt>
      <trkpt lat="25.07429494522512" lon="121.53455981053412">
        <ele>11.23</ele>
      </trkpt>
      <trkpt lat="25.07446836680174" lon="121.53441966511309">
        <ele>11.32</ele>
      </trkpt>
      <trkpt lat="25.07452997379005" lon="121.53436996042728">
        <ele>11.31</ele>
      </trkpt>
      <trkpt lat="25.074586551636457" lon="121.53428505174816">
        <ele>11.31</ele>
      </trkpt>
      <trkpt lat="25.074669951573014" lon="121.53415999375284">
        <ele>11.03</ele>
      </trkpt>
      <trkpt lat="25.074683781713247" lon="121.5340703073889">
        <ele>10.87</ele>
      </trkpt>
      <trkpt lat="25.074709933251143" lon="121.53389998711646">
        <ele>10.62</ele>
      </trkpt>
      <trkpt lat="25.07470934651792" lon="121.53387517668307">
        <ele>10.59</ele>
      </trkpt>
      <trkpt lat="25.07470590993762" lon="121.53372731991112">
        <ele>10.47</ele>
      </trkpt>
      <trkpt lat="25.07470247335732" lon="121.53357937932014">
        <ele>10.43</ele>
      </trkpt>
      <trkpt lat="25.07469995878637" lon="121.53346999548376">
        <ele>10.42</ele>
      </trkpt>
      <trkpt lat="25.07469275034964" lon="121.53343135491014">
        <ele>10.42</ele>
      </trkpt>
      <trkpt lat="25.074669951573014" lon="121.53330998495221">
        <ele>10.44</ele>
      </trkpt>
      <trkpt lat="25.074589820578694" lon="121.53322557918727">
        <ele>10.47</ele>
      </trkpt>
      <trkpt lat="25.074479933828115" lon="121.53310999274254">
        <ele>10.44</ele>
      </trkpt>
      <trkpt lat="25.074462248012424" lon="121.53308719396591">
        <ele>10.44</ele>
      </trkpt>
      <trkpt lat="25.074374908581376" lon="121.53297496028244">
        <ele>10.45</ele>
      </trkpt>
      <trkpt lat="25.07433995604515" lon="121.53292994946241">
        <ele>10.46</ele>
      </trkpt>
      <trkpt lat="25.074338614940643" lon="121.53274202719331">
        <ele>10.51</ele>
      </trkpt>
      <trkpt lat="25.07433509454131" lon="121.53224850073457">
        <ele>10.71</ele>
      </trkpt>
      <trkpt lat="25.074330819770694" lon="121.53165581636131">
        <ele>10.68</ele>
      </trkpt>
      <trkpt lat="25.07433014921844" lon="121.5315574966371">
        <ele>10.71</ele>
      </trkpt>
      <trkpt lat="25.074329981580377" lon="121.53152992017567">
        <ele>10.72</ele>
      </trkpt>
      <trkpt lat="25.074309948831797" lon="121.53134996071458">
        <ele>10.82</ele>
      </trkpt>
      <trkpt lat="25.074276672676206" lon="121.53126999735832">
        <ele>10.87</ele>
      </trkpt>
      <trkpt lat="25.074259992688894" lon="121.53122993186116">
        <ele>10.89</ele>
      </trkpt>
      <trkpt lat="25.07420802488923" lon="121.53114343062043">
        <ele>10.97</ele>
      </trkpt>
      <trkpt lat="25.074136024340987" lon="121.53102340176702">
        <ele>10.91</ele>
      </trkpt>
      <trkpt lat="25.074016330763698" lon="121.53082391247153">
        <ele>10.88</ele>
      </trkpt>
      <trkpt lat="25.073989927768707" lon="121.53077999129891">
        <ele>10.86</ele>
      </trkpt>
      <trkpt lat="25.073984563350677" lon="121.53073674067855">
        <ele>10.85</ele>
      </trkpt>
      <trkpt lat="25.073942989110947" lon="121.53040431439877">
        <ele>10.66</ele>
      </trkpt>
      <trkpt lat="25.073939971625805" lon="121.53037992306054">
        <ele>10.66</ele>
      </trkpt>
      <trkpt lat="25.073893116787076" lon="121.5303317271173">
        <ele>10.68</ele>
      </trkpt>
      <trkpt lat="25.073797646909952" lon="121.53023357503116">
        <ele>10.82</ele>
      </trkpt>
      <trkpt lat="25.07373453117907" lon="121.53016861528158">
        <ele>10.86</ele>
      </trkpt>
      <trkpt lat="25.07370226085186" lon="121.53013542294502">
        <ele>10.84</ele>
      </trkpt>
      <trkpt lat="25.073670661076903" lon="121.53010298497975">
        <ele>10.79</ele>
      </trkpt>
      <trkpt lat="25.07360746152699" lon="121.53003802523017">
        <ele>10.64</ele>
      </trkpt>
      <trkpt lat="25.073444349691272" lon="121.52987013570964">
        <ele>10.87</ele>
      </trkpt>
      <trkpt lat="25.073379138484597" lon="121.5298031643033">
        <ele>10.93</ele>
      </trkpt>
      <trkpt lat="25.073314011096954" lon="121.52973610907793">
        <ele>10.96</ele>
      </trkpt>
      <trkpt lat="25.07323999889195" lon="121.5296599175781">
        <ele>10.96</ele>
      </trkpt>
      <trkpt lat="25.073179230093956" lon="121.52960794977844">
        <ele>10.97</ele>
      </trkpt>
      <trkpt lat="25.073038581758738" lon="121.52948741801083">
        <ele>11.03</ele>
      </trkpt>
      <trkpt lat="25.07302994839847" lon="121.52947995811701">
        <ele>11.03</ele>
      </trkpt>
      <trkpt lat="25.072956774383783" lon="121.52931408025324">
        <ele>11.03</ele>
      </trkpt>
      <trkpt lat="25.072878822684288" lon="121.52913738973439">
        <ele>11.06</ele>
      </trkpt>
      <trkpt lat="25.072722835466266" lon="121.52878384105861">
        <ele>10.98</ele>
      </trkpt>
      <trkpt lat="25.072605488821864" lon="121.52851788327098">
        <ele>10.94</ele>
      </trkpt>
      <trkpt lat="25.072566512972116" lon="121.52842953801155">
        <ele>10.91</ele>
      </trkpt>
      <trkpt lat="25.07252753712237" lon="121.52834110893309">
        <ele>10.85</ele>
      </trkpt>
      <trkpt lat="25.072449585422873" lon="121.52816441841424">
        <ele>10.66</ele>
      </trkpt>
      <trkpt lat="25.0723325740546" lon="121.52789929881692">
        <ele>10.45</ele>
      </trkpt>
      <trkpt lat="25.07229359820485" lon="121.52781095355749">
        <ele>10.35</ele>
      </trkpt>
      <trkpt lat="25.072215646505356" lon="121.5276341792196">
        <ele>10.1</ele>
      </trkpt>
      <trkpt lat="25.072156973183155" lon="121.52750115841627">
        <ele>9.96</ele>
      </trkpt>
      <trkpt lat="25.072129983454943" lon="121.52743997052312">
        <ele>9.92</ele>
      </trkpt>
      <trkpt lat="25.072069969028234" lon="121.5272699855268">
        <ele>9.82</ele>
      </trkpt>
      <trkpt lat="25.072054713964462" lon="121.5271785389632">
        <ele>9.77</ele>
      </trkpt>
      <trkpt lat="25.07203996181488" lon="121.52708994224668">
        <ele>9.7</ele>
      </trkpt>
      <trkpt lat="25.072057815268636" lon="121.52688508853316">
        <ele>9.56</ele>
      </trkpt>
      <trkpt lat="25.07205999456346" lon="121.52685994282365">
        <ele>9.55</ele>
      </trkpt>
      <trkpt lat="25.07214356213808" lon="121.52666020207107">
        <ele>9.53</ele>
      </trkpt>
      <trkpt lat="25.072180861607194" lon="121.52657101862133">
        <ele>9.54</ele>
      </trkpt>
      <trkpt lat="25.07227440364659" lon="121.52634747326374">
        <ele>9.62</ele>
      </trkpt>
      <trkpt lat="25.07233022712171" lon="121.52621403336525">
        <ele>9.62</ele>
      </trkpt>
      <trkpt lat="25.072386050596833" lon="121.52608067728579">
        <ele>9.65</ele>
      </trkpt>
      <trkpt lat="25.07246073335409" lon="121.52590214274824">
        <ele>9.6</ele>
      </trkpt>
      <trkpt lat="25.07249920628965" lon="121.52581027708948">
        <ele>9.61</ele>
      </trkpt>
      <trkpt lat="25.072534661740065" lon="121.52572553604841">
        <ele>9.62</ele>
      </trkpt>
      <trkpt lat="25.072609344497323" lon="121.52554708532989">
        <ele>9.54</ele>
      </trkpt>
      <trkpt lat="25.072649996727705" lon="121.52544993907213">
        <ele>9.52</ele>
      </trkpt>
      <trkpt lat="25.072649996727705" lon="121.52544993907213">
        <ele>9.52</ele>
      </trkpt>
      <trkpt lat="25.072928359732032" lon="121.52522220276296">
        <ele>9.56</ele>
      </trkpt>
      <trkpt lat="25.07297999225557" lon="121.52517995797098">
        <ele>9.6</ele>
      </trkpt>
      <trkpt lat="25.072969933971763" lon="121.52517995797098">
        <ele>9.6</ele>
      </trkpt>
      <trkpt lat="25.073092645034194" lon="121.5250888466835">
        <ele>9.7</ele>
      </trkpt>
      <trkpt lat="25.073166573420167" lon="121.52503402903676">
        <ele>9.73</ele>
      </trkpt>
      <trkpt lat="25.07324041798711" lon="121.52497912757099">
        <ele>9.71</ele>
      </trkpt>
      <trkpt lat="25.07335089147091" lon="121.52489715255797">
        <ele>9.62</ele>
      </trkpt>
      <trkpt lat="25.07342473603785" lon="121.52484233491123">
        <ele>9.58</ele>
      </trkpt>
      <trkpt lat="25.073497910052538" lon="121.52478802017868">
        <ele>9.62</ele>
      </trkpt>
      <trkpt lat="25.073609137907624" lon="121.52470545843244">
        <ele>9.79</ele>
      </trkpt>
      <trkpt lat="25.07362992502749" lon="121.52468995191157">
        <ele>9.81</ele>
      </trkpt>
      <trkpt lat="25.07364702410996" lon="121.52468098327518">
        <ele>9.83</ele>
      </trkpt>
      <trkpt lat="25.073686838150024" lon="121.52466002851725">
        <ele>9.85</ele>
      </trkpt>
      <trkpt lat="25.073727406561375" lon="121.52463865466416">
        <ele>9.85</ele>
      </trkpt>
      <trkpt lat="25.073806950822473" lon="121.52459682896733">
        <ele>9.79</ele>
      </trkpt>
      <trkpt lat="25.073887333273888" lon="121.52455450035632">
        <ele>9.69</ele>
      </trkpt>
      <trkpt lat="25.073967715725303" lon="121.5245121717453">
        <ele>9.55</ele>
      </trkpt>
      <trkpt lat="25.074128480628133" lon="121.5244275983423">
        <ele>9.2</ele>
      </trkpt>
      <trkpt lat="25.07420802488923" lon="121.52438568882644">
        <ele>9.05</ele>
      </trkpt>
      <trkpt lat="25.07432813756168" lon="121.52432248927653">
        <ele>8.86</ele>
      </trkpt>
      <trkpt lat="25.074389996007085" lon="121.52428996749222">
        <ele>8.79</ele>
      </trkpt>
      <trkpt lat="25.074407933279872" lon="121.52427898719907">
        <ele>8.77</ele>
      </trkpt>
      <trkpt lat="25.074485884979367" lon="121.52423154562712">
        <ele>8.73</ele>
      </trkpt>
      <trkpt lat="25.0747190695256" lon="121.52408964000642">
        <ele>8.69</ele>
      </trkpt>
      <trkpt lat="25.074835577979684" lon="121.52401872910559">
        <ele>8.71</ele>
      </trkpt>
      <trkpt lat="25.0749521702528" lon="121.52394773438573">
        <ele>8.76</ele>
      </trkpt>
      <trkpt lat="25.075079994276166" lon="121.5238699503243">
        <ele>8.73</ele>
      </trkpt>
      <trkpt lat="25.07513590157032" lon="121.52382041327655">
        <ele>8.73</ele>
      </trkpt>
      <trkpt lat="25.075307730585337" lon="121.52366819791496">
        <ele>8.75</ele>
      </trkpt>
      <trkpt lat="25.07544804364443" lon="121.52354397810996">
        <ele>8.87</ele>
      </trkpt>
      <trkpt lat="25.075518200173974" lon="121.52348178438842">
        <ele>8.98</ele>
      </trkpt>
      <trkpt lat="25.07569287903607" lon="121.52332713827491">
        <ele>9.42</ele>
      </trkpt>
      <trkpt lat="25.075763035565615" lon="121.52326494455338">
        <ele>9.57</ele>
      </trkpt>
      <trkpt lat="25.07577996701002" lon="121.5232499409467">
        <ele>9.59</ele>
      </trkpt>
      <trkpt lat="25.075903683900833" lon="121.52307216078043">
        <ele>9.8</ele>
      </trkpt>
      <trkpt lat="25.075985910370946" lon="121.52295405976474">
        <ele>9.86</ele>
      </trkpt>
      <trkpt lat="25.076040728017688" lon="121.52287526987493">
        <ele>9.8</ele>
      </trkpt>
      <trkpt lat="25.076094958931208" lon="121.52279740199447">
        <ele>9.67</ele>
      </trkpt>
      <trkpt lat="25.07617710158229" lon="121.52267930097878">
        <ele>9.39</ele>
      </trkpt>
      <trkpt lat="25.076314648613334" lon="121.522481655702">
        <ele>8.86</ele>
      </trkpt>
      <trkpt lat="25.076396288350224" lon="121.5223643090576">
        <ele>8.61</ele>
      </trkpt>
      <trkpt lat="25.07653333246708" lon="121.52216750197113">
        <ele>8.31</ele>
      </trkpt>
      <trkpt lat="25.07666970603168" lon="121.52197144925594">
        <ele>8.11</ele>
      </trkpt>
      <trkpt lat="25.076802894473076" lon="121.52178009040654">
        <ele>8.06</ele>
      </trkpt>
      <trkpt lat="25.07680993527174" lon="121.5217699483037">
        <ele>8.05</ele>
      </trkpt>
      <trkpt lat="25.076969945803285" lon="121.5215799305588">
        <ele>7.96</ele>
      </trkpt>
      <trkpt lat="25.07700288668275" lon="121.52152687311172">
        <ele>7.94</ele>
      </trkpt>
      <trkpt lat="25.077053764835" lon="121.52144498191774">
        <ele>7.76</ele>
      </trkpt>
      <trkpt lat="25.07707916200161" lon="121.52140399441123">
        <ele>7.69</ele>
      </trkpt>
      <trkpt lat="25.07712995633483" lon="121.52132210321724">
        <ele>7.63</ele>
      </trkpt>
      <trkpt lat="25.07714998908341" lon="121.52128991670907">
        <ele>7.63</ele>
      </trkpt>
      <trkpt lat="25.07715535350144" lon="121.52128111571074">
        <ele>7.63</ele>
      </trkpt>
      <trkpt lat="25.07725551724434" lon="121.52111615985632">
        <ele>7.71</ele>
      </trkpt>
      <trkpt lat="25.077319974079728" lon="121.52100996114314">
        <ele>7.7</ele>
      </trkpt>
      <trkpt lat="25.077335312962532" lon="121.52094131335616">
        <ele>7.7</ele>
      </trkpt>
      <trkpt lat="25.077367583289742" lon="121.52079664170742">
        <ele>7.73</ele>
      </trkpt>
      <trkpt lat="25.077389124780893" lon="121.52070024982095">
        <ele>7.72</ele>
      </trkpt>
      <trkpt lat="25.077432207763195" lon="121.520507466048">
        <ele>7.65</ele>
      </trkpt>
      <trkpt lat="25.077496832236648" lon="121.52021829038858">
        <ele>7.65</ele>
      </trkpt>
      <trkpt lat="25.077529940754175" lon="121.52006993070245">
        <ele>7.59</ele>
      </trkpt>
      <trkpt lat="25.0775701738894" lon="121.51993179693818">
        <ele>7.55</ele>
      </trkpt>
      <trkpt lat="25.077707385644317" lon="121.51946006342769">
        <ele>7.34</ele>
      </trkpt>
      <trkpt lat="25.07773487828672" lon="121.51936551555991">
        <ele>7.32</ele>
      </trkpt>
      <trkpt lat="25.077776117250323" lon="121.51922369375825">
        <ele>7.32</ele>
      </trkpt>
      <trkpt lat="25.07784493267536" lon="121.51898740790784">
        <ele>7.36</ele>
      </trkpt>
      <trkpt lat="25.077849961817265" lon="121.51896997354925">
        <ele>7.36</ele>
      </trkpt>
      <trkpt lat="25.07792447693646" lon="121.51875522918999">
        <ele>7.43</ele>
      </trkpt>
      <trkpt lat="25.077972672879696" lon="121.51861617341638">
        <ele>7.42</ele>
      </trkpt>
      <trkpt lat="25.078019946813583" lon="121.51847996748984">
        <ele>7.37</ele>
      </trkpt>
      <trkpt lat="25.07806085050106" lon="121.51838801801205">
        <ele>7.35</ele>
      </trkpt>
      <trkpt lat="25.07821968756616" lon="121.51803061366081">
        <ele>7.39</ele>
      </trkpt>
      <trkpt lat="25.07827869616449" lon="121.51789776049554">
        <ele>7.45</ele>
      </trkpt>
      <trkpt lat="25.07831834256649" lon="121.51780866086483">
        <ele>7.57</ele>
      </trkpt>
      <trkpt lat="25.078339967876673" lon="121.5177599620074">
        <ele>7.65</ele>
      </trkpt>
      <trkpt lat="25.07838330231607" lon="121.51767823845148">
        <ele>7.8</ele>
      </trkpt>
      <trkpt lat="25.07842881605029" lon="121.51759257540107">
        <ele>8.0</ele>
      </trkpt>
      <trkpt lat="25.078451531007886" lon="121.51754974387586">
        <ele>8.15</ele>
      </trkpt>
      <trkpt lat="25.078496541827917" lon="121.51746491901577">
        <ele>8.48</ele>
      </trkpt>
      <trkpt lat="25.078538367524743" lon="121.51738612912595">
        <ele>8.61</ele>
      </trkpt>
      <trkpt lat="25.07857969030738" lon="121.51730809360743">
        <ele>8.69</ele>
      </trkpt>
      <trkpt lat="25.078599974513054" lon="121.517269955948">
        <ele>8.68</ele>
      </trkpt>
      <trkpt lat="25.07862855680287" lon="121.51723500341177">
        <ele>8.67</ele>
      </trkpt>
      <trkpt lat="25.07871111854911" lon="121.51713408529758">
        <ele>8.52</ele>
      </trkpt>
      <trkpt lat="25.07877079769969" lon="121.51706107892096">
        <ele>8.22</ele>
      </trkpt>
      <trkpt lat="25.078779933974147" lon="121.51704993098974">
        <ele>8.18</ele>
      </trkpt>
      <trkpt lat="25.078813545405865" lon="121.51697432622313">
        <ele>7.97</ele>
      </trkpt>
      <trkpt lat="25.078819999471307" lon="121.51695999316871">
        <ele>7.94</ele>
      </trkpt>
      <trkpt lat="25.078819999471307" lon="121.51687994599342">
        <ele>7.81</ele>
      </trkpt>
      <trkpt lat="25.078821759670973" lon="121.51687726378441">
        <ele>7.81</ele>
      </trkpt>
      <trkpt lat="25.07887540385127" lon="121.51679763570428">
        <ele>7.71</ele>
      </trkpt>
      <trkpt lat="25.0789291318506" lon="121.51671800762415">
        <ele>7.64</ele>
      </trkpt>
      <trkpt lat="25.079116970300674" lon="121.51643914170563">
        <ele>7.52</ele>
      </trkpt>
      <trkpt lat="25.07912996225059" lon="121.51641994714737">
        <ele>7.51</ele>
      </trkpt>
      <trkpt lat="25.07925996556878" lon="121.51628994382918">
        <ele>7.46</ele>
      </trkpt>
      <trkpt lat="25.079359961673617" lon="121.5162199549377">
        <ele>7.43</ele>
      </trkpt>
      <trkpt lat="25.07938737049699" lon="121.51618282310665">
        <ele>7.42</ele>
      </trkpt>
      <trkpt lat="25.07944411598146" lon="121.51610587723553">
        <ele>7.42</ele>
      </trkpt>
      <trkpt lat="25.079500945284963" lon="121.51602884754539">
        <ele>7.45</ele>
      </trkpt>
      <trkpt lat="25.07972750812769" lon="121.51572173461318">
        <ele>7.67</ele>
      </trkpt>
      <trkpt lat="25.079809986054897" lon="121.51560992002487">
        <ele>7.73</ele>
      </trkpt>
      <trkpt lat="25.079950215294957" lon="121.51547807268798">
        <ele>7.83</ele>
      </trkpt>
      <trkpt lat="25.08005297742784" lon="121.51538151316345">
        <ele>7.93</ele>
      </trkpt>
      <trkpt lat="25.08012145757675" lon="121.51531714014709">
        <ele>7.97</ele>
      </trkpt>
      <trkpt lat="25.08029194548726" lon="121.51515687815845">
        <ele>7.92</ele>
      </trkpt>
      <trkpt lat="25.08030996657908" lon="121.51513994671404">
        <ele>7.92</ele>
      </trkpt>
      <trkpt lat="25.080370819196105" lon="121.51511111296713">
        <ele>7.95</ele>
      </trkpt>
      <trkpt lat="25.08049562573433" lon="121.51505193673074">
        <ele>8.03</ele>
      </trkpt>
      <trkpt lat="25.080577433109283" lon="121.51501312851906">
        <ele>8.05</ele>
      </trkpt>
      <trkpt lat="25.080989822745323" lon="121.5148176625371">
        <ele>7.93</ele>
      </trkpt>
      <trkpt lat="25.08119635283947" lon="121.51471967808902">
        <ele>7.98</ele>
      </trkpt>
      <trkpt lat="25.081444289535284" lon="121.51460216380656">
        <ele>7.98</ele>
      </trkpt>
      <trkpt lat="25.08146993815899" lon="121.51458992622793">
        <ele>7.99</ele>
      </trkpt>
      <trkpt lat="25.081565910950303" lon="121.51454022154212">
        <ele>8.03</ele>
      </trkpt>
      <trkpt lat="25.081687197089195" lon="121.5144772734493">
        <ele>8.01</ele>
      </trkpt>
      <trkpt lat="25.081809321418405" lon="121.51441399008036">
        <ele>8.01</ele>
      </trkpt>
      <trkpt lat="25.081931445747614" lon="121.51435070671141">
        <ele>8.05</ele>
      </trkpt>
      <trkpt lat="25.082094222307205" lon="121.51426621712744">
        <ele>8.14</ele>
      </trkpt>
      <trkpt lat="25.082257082685828" lon="121.5141818113625">
        <ele>8.16</ele>
      </trkpt>
      <trkpt lat="25.082279965281487" lon="121.51416999287903">
        <ele>8.14</ele>
      </trkpt>
      <trkpt lat="25.082339560613036" lon="121.5141424164176">
        <ele>8.11</ele>
      </trkpt>
      <trkpt lat="25.082504600286484" lon="121.5140660572797">
        <ele>7.94</ele>
      </trkpt>
      <trkpt lat="25.08262907154858" lon="121.51400847360492">
        <ele>7.89</ele>
      </trkpt>
      <trkpt lat="25.08304380811751" lon="121.51381669566035">
        <ele>7.99</ele>
      </trkpt>
      <trkpt lat="25.083079934120178" lon="121.51379993185401">
        <ele>7.99</ele>
      </trkpt>
      <trkpt lat="25.083481343463063" lon="121.51370982639492">
        <ele>8.0</ele>
      </trkpt>
      <trkpt lat="25.083745708689094" lon="121.51365048252046">
        <ele>8.08</ele>
      </trkpt>
      <trkpt lat="25.08387789130211" lon="121.51362081058323">
        <ele>8.1</ele>
      </trkpt>
      <trkpt lat="25.084010073915124" lon="121.513591138646">
        <ele>8.1</ele>
      </trkpt>
      <trkpt lat="25.084059946238995" lon="121.51357999071479">
        <ele>8.08</ele>
      </trkpt>
      <trkpt lat="25.084182573482394" lon="121.5135359019041">
        <ele>8.03</ele>
      </trkpt>
      <trkpt lat="25.08426731452346" lon="121.51350555941463">
        <ele>8.02</ele>
      </trkpt>
      <trkpt lat="25.084449956193566" lon="121.51343992911279">
        <ele>8.05</ele>
      </trkpt>
      <trkpt lat="25.08470711298287" lon="121.51342350058258">
        <ele>8.11</ele>
      </trkpt>
      <trkpt lat="25.084886653348804" lon="121.5134119335562">
        <ele>8.09</ele>
      </trkpt>
      <trkpt lat="25.085199968889356" lon="121.51339190080762">
        <ele>8.1</ele>
      </trkpt>
      <trkpt lat="25.08522997610271" lon="121.51338997296989">
        <ele>8.1</ele>
      </trkpt>
      <trkpt lat="25.085684526711702" lon="121.51331814005971">
        <ele>8.22</ele>
      </trkpt>
      <trkpt lat="25.0858607981354" lon="121.51329031214118">
        <ele>8.29</ele>
      </trkpt>
      <trkpt lat="25.08590530604124" lon="121.51328335516155">
        <ele>8.29</ele>
      </trkpt>
      <trkpt lat="25.08608073927462" lon="121.51325561106205">
        <ele>8.23</ele>
      </trkpt>
      <trkpt lat="25.086389612406492" lon="121.51320682838559">
        <ele>8.23</ele>
      </trkpt>
      <trkpt lat="25.08656588383019" lon="121.51317900046706">
        <ele>8.27</ele>
      </trkpt>
      <trkpt lat="25.08661039173603" lon="121.5131719596684">
        <ele>8.26</ele>
      </trkpt>
      <trkpt lat="25.08673503063619" lon="121.51315234601498">
        <ele>8.16</ele>
      </trkpt>
      <trkpt lat="25.086873918771744" lon="121.51313038542867">
        <ele>8.09</ele>
      </trkpt>
      <trkpt lat="25.087094698101282" lon="121.51309551671147">
        <ele>8.1</ele>
      </trkpt>
      <trkpt lat="25.087402733042836" lon="121.51304690167308">
        <ele>8.0</ele>
      </trkpt>
      <trkpt lat="25.0875099375844" lon="121.51302997022867">
        <ele>8.0</ele>
      </trkpt>
      <trkpt lat="25.087535586208105" lon="121.51302787475288">
        <ele>8.01</ele>
      </trkpt>
      <trkpt lat="25.087845884263515" lon="121.5130025614053">
        <ele>8.12</ele>
      </trkpt>
      <trkpt lat="25.08799994364381" lon="121.51298998855054">
        <ele>8.07</ele>
      </trkpt>
      <trkpt lat="25.088112596422434" lon="121.5129872225225">
        <ele>8.05</ele>
      </trkpt>
      <trkpt lat="25.088335555046797" lon="121.51298177428544">
        <ele>8.04</ele>
      </trkpt>
      <trkpt lat="25.08840998634696" lon="121.51297993026674">
        <ele>8.05</ele>
      </trkpt>
      <trkpt lat="25.088423984125257" lon="121.51297557167709">
        <ele>8.06</ele>
      </trkpt>
      <trkpt lat="25.0886376388371" lon="121.51290843263268">
        <ele>8.16</ele>
      </trkpt>
      <trkpt lat="25.088808881118894" lon="121.51285453699529">
        <ele>8.17</ele>
      </trkpt>
      <trkpt lat="25.089067546650767" lon="121.51277331635356">
        <ele>8.09</ele>
      </trkpt>
      <trkpt lat="25.08932612836361" lon="121.5126920118928">
        <ele>8.12</ele>
      </trkpt>
      <trkpt lat="25.089671295136213" lon="121.51258355006576">
        <ele>8.07</ele>
      </trkpt>
      <trkpt lat="25.090017300099134" lon="121.51247483678162">
        <ele>8.11</ele>
      </trkpt>
      <trkpt lat="25.090159960091114" lon="121.51242999359965">
        <ele>8.09</ele>
      </trkpt>
      <trkpt lat="25.090610906481743" lon="121.51225036941469">
        <ele>8.06</ele>
      </trkpt>
      <trkpt lat="25.090695479884744" lon="121.51221675798297">
        <ele>8.08</ele>
      </trkpt>
      <trkpt lat="25.09086387231946" lon="121.5121497027576">
        <ele>8.16</ele>
      </trkpt>
      <trkpt lat="25.09094844572246" lon="121.51211600750685">
        <ele>8.17</ele>
      </trkpt>
      <trkpt lat="25.09116000495851" lon="121.51203176937997">
        <ele>8.09</ele>
      </trkpt>
      <trkpt lat="25.091239968314767" lon="121.51199991814792">
        <ele>8.06</ele>
      </trkpt>
      <trkpt lat="25.091439709067345" lon="121.51187662035227">
        <ele>8.01</ele>
      </trkpt>
      <trkpt lat="25.091752940788865" lon="121.51168333366513">
        <ele>7.83</ele>
      </trkpt>
      <trkpt lat="25.091987634077668" lon="121.5115384105593">
        <ele>7.77</ele>
      </trkpt>
      <trkpt lat="25.092049995437264" lon="121.51149993762374">
        <ele>7.77</ele>
      </trkpt>
      <trkpt lat="25.092065250501037" lon="121.5114884544164">
        <ele>7.78</ele>
      </trkpt>
      <trkpt lat="25.09221402928233" lon="121.51137689128518">
        <ele>7.88</ele>
      </trkpt>
      <trkpt lat="25.092288460582495" lon="121.51132106781006">
        <ele>7.9</ele>
      </trkpt>
      <trkpt lat="25.092369932681322" lon="121.51125996373594">
        <ele>7.9</ele>
      </trkpt>
      <trkpt lat="25.09266992099583" lon="121.51100993156433">
        <ele>7.9</ele>
      </trkpt>
      <trkpt lat="25.09268299676478" lon="121.51099551469088">
        <ele>7.9</ele>
      </trkpt>
      <trkpt lat="25.092905703932047" lon="121.51074992492795">
        <ele>7.95</ele>
      </trkpt>
      <trkpt lat="25.09306412190199" lon="121.51057516224682">
        <ele>7.93</ele>
      </trkpt>
      <trkpt lat="25.093254391103983" lon="121.51036536321044">
        <ele>7.99</ele>
      </trkpt>
      <trkpt lat="25.09334994480014" lon="121.51025991886854">
        <ele>7.96</ele>
      </trkpt>
      <trkpt lat="25.093464106321335" lon="121.51010669767857">
        <ele>7.93</ele>
      </trkpt>
      <trkpt lat="25.093720592558384" lon="121.50976236909628">
        <ele>7.79</ele>
      </trkpt>
      <trkpt lat="25.093805752694607" lon="121.50964803993702">
        <ele>7.79</ele>
      </trkpt>
      <trkpt lat="25.093919998034835" lon="121.50949465110898">
        <ele>7.85</ele>
      </trkpt>
      <trkpt lat="25.0940496660769" lon="121.50932055898011">
        <ele>7.84</ele>
      </trkpt>
      <trkpt lat="25.094079924747348" lon="121.50927999056876">
        <ele>7.85</ele>
      </trkpt>
      <trkpt lat="25.094210598617792" lon="121.5090840216726">
        <ele>7.9</ele>
      </trkpt>
      <trkpt lat="25.09444889612496" lon="121.50872653350234">
        <ele>7.85</ele>
      </trkpt>
      <trkpt lat="25.094519974663854" lon="121.50861999951303">
        <ele>7.81</ele>
      </trkpt>
      <trkpt lat="25.094551322981715" lon="121.50856459513307">
        <ele>7.8</ele>
      </trkpt>
      <trkpt lat="25.09459901601076" lon="121.50848044082522">
        <ele>7.79</ele>
      </trkpt>
      <trkpt lat="25.094670094549656" lon="121.50835496373475">
        <ele>7.82</ele>
      </trkpt>
      <trkpt lat="25.094689959660172" lon="121.50831992737949">
        <ele>7.83</ele>
      </trkpt>
      <trkpt lat="25.094779981300235" lon="121.50805992074311">
        <ele>7.94</ele>
      </trkpt>
      <trkpt lat="25.094784507527947" lon="121.5080345235765">
        <ele>7.96</ele>
      </trkpt>
      <trkpt lat="25.094829937443137" lon="121.50777996517718">
        <ele>7.95</ele>
      </trkpt>
      <trkpt lat="25.09484418667853" lon="121.50764510035515">
        <ele>7.95</ele>
      </trkpt>
      <trkpt lat="25.094869919121265" lon="121.50739992968738">
        <ele>7.98</ele>
      </trkpt>
      <trkpt lat="25.094874193891883" lon="121.50710362941027">
        <ele>8.02</ele>
      </trkpt>
      <trkpt lat="25.094884168356657" lon="121.50641254149377">
        <ele>7.99</ele>
      </trkpt>
      <trkpt lat="25.094889951869845" lon="121.50600995868444">
        <ele>8.01</ele>
      </trkpt>
      <trkpt lat="25.094885090366006" lon="121.50591817684472">
        <ele>8.02</ele>
      </trkpt>
      <trkpt lat="25.09486178867519" lon="121.50547502562404">
        <ele>7.96</ele>
      </trkpt>
      <trkpt lat="25.094841001555324" lon="121.50508048944175">
        <ele>8.01</ele>
      </trkpt>
      <trkpt lat="25.094822896644473" lon="121.50473549030721">
        <ele>8.0</ele>
      </trkpt>
      <trkpt lat="25.094819962978363" lon="121.50467991828918">
        <ele>7.98</ele>
      </trkpt>
      <trkpt lat="25.094815688207746" lon="121.50443868711591">
        <ele>7.94</ele>
      </trkpt>
      <trkpt lat="25.09481057524681" lon="121.50414280593395">
        <ele>8.0</ele>
      </trkpt>
      <trkpt lat="25.09480998851359" lon="121.50410994887352">
        <ele>8.0</ele>
      </trkpt>
      <trkpt lat="25.09481929242611" lon="121.50389579124749">
        <ele>8.02</ele>
      </trkpt>
      <trkpt lat="25.094834379851818" lon="121.50355154648423">
        <ele>7.95</ele>
      </trkpt>
      <trkpt lat="25.094856005162" lon="121.50305760093033">
        <ele>7.91</ele>
      </trkpt>
      <trkpt lat="25.094864638522267" lon="121.50286020711064">
        <ele>7.91</ele>
      </trkpt>
      <trkpt lat="25.094873271882534" lon="121.50266281329095">
        <ele>7.88</ele>
      </trkpt>
      <trkpt lat="25.09487997740507" lon="121.5025099273771">
        <ele>7.87</ele>
      </trkpt>
      <trkpt lat="25.094913924112916" lon="121.50232108309865">
        <ele>7.87</ele>
      </trkpt>
      <trkpt lat="25.094966227188706" lon="121.50203090161085">
        <ele>7.91</ele>
      </trkpt>
      <trkpt lat="25.094969999045134" lon="121.50200994685292">
        <ele>7.9</ele>
      </trkpt>
      <trkpt lat="25.09505490772426" lon="121.50164801627398">
        <ele>7.83</ele>
      </trkpt>
      <trkpt lat="25.095075946301222" lon="121.50155858136714">
        <ele>8.1</ele>
      </trkpt>
      <trkpt lat="25.09509690105915" lon="121.50146923027933">
        <ele>8.46</ele>
      </trkpt>
      <trkpt lat="25.09510754607618" lon="121.50142405182123">
        <ele>8.67</ele>
      </trkpt>
      <trkpt lat="25.095128500834107" lon="121.50133461691439">
        <ele>9.19</ele>
      </trkpt>
      <trkpt lat="25.095139145851135" lon="121.5012894384563">
        <ele>9.49</ele>
      </trkpt>
      <trkpt lat="25.095160100609064" lon="121.50120008736849">
        <ele>10.16</ele>
      </trkpt>
      <trkpt lat="25.095182480290532" lon="121.50110486894846">
        <ele>10.24</ele>
      </trkpt>
      <trkpt lat="25.09520477615297" lon="121.50100973434746">
        <ele>10.28</ele>
      </trkpt>
      <trkpt lat="25.09523998014629" lon="121.50085994973779">
        <ele>10.25</ele>
      </trkpt>
      <trkpt lat="25.09522346779704" lon="121.50076917372644">
        <ele>10.24</ele>
      </trkpt>
      <trkpt lat="25.09521994739771" lon="121.50074997916818">
        <ele>10.24</ele>
      </trkpt>
      <trkpt lat="25.095273004844785" lon="121.50058192200959">
        <ele>10.28</ele>
      </trkpt>
      <trkpt lat="25.09530946612358" lon="121.50046658702195">
        <ele>10.27</ele>
      </trkpt>
      <trkpt lat="25.095339976251125" lon="121.50036994367838">
        <ele>10.27</ele>
      </trkpt>
      <trkpt lat="25.095348777249455" lon="121.50035385042429">
        <ele>10.28</ele>
      </trkpt>
      <trkpt lat="25.095441062003374" lon="121.50018453598022">
        <ele>10.24</ele>
      </trkpt>
      <trkpt lat="25.09555664844811" lon="121.49997272528708">
        <ele>10.28</ele>
      </trkpt>
      <trkpt lat="25.09560258127749" lon="121.4998884871602">
        <ele>10.24</ele>
      </trkpt>
      <trkpt lat="25.09564851410687" lon="121.49980424903333">
        <ele>10.16</ele>
      </trkpt>
      <trkpt lat="25.095691680908203" lon="121.49972512386739">
        <ele>9.49</ele>
      </trkpt>
      <trkpt lat="25.095699978992343" lon="121.49970995262265">
        <ele>9.37</ele>
      </trkpt>
      <trkpt lat="25.095686400309205" lon="121.49973476305604">
        <ele>9.19</ele>
      </trkpt>
      <trkpt lat="25.095643317326903" lon="121.49981388822198">
        <ele>8.67</ele>
      </trkpt>
      <trkpt lat="25.095621440559626" lon="121.49985386990011">
        <ele>8.46</ele>
      </trkpt>
      <trkpt lat="25.095578357577324" lon="121.49993291124701">
        <ele>8.1</ele>
      </trkpt>
      <trkpt lat="25.09553519077599" lon="121.50001203641295">
        <ele>7.83</ele>
      </trkpt>
      <trkpt lat="25.095420107245445" lon="121.50022300891578">
        <ele>7.72</ele>
      </trkpt>
      <trkpt lat="25.095339976251125" lon="121.50036994367838">
        <ele>7.69</ele>
      </trkpt>
      <trkpt lat="25.09527325630188" lon="121.5005811676383">
        <ele>7.66</ele>
      </trkpt>
      <trkpt lat="25.09521994739771" lon="121.50074997916818">
        <ele>7.68</ele>
      </trkpt>
      <trkpt lat="25.095229921862483" lon="121.50079993531108">
        <ele>7.69</ele>
      </trkpt>
      <trkpt lat="25.09524157270789" lon="121.50078828446567">
        <ele>7.7</ele>
      </trkpt>
      <trkpt lat="25.09528993628919" lon="121.50073992088437">
        <ele>7.69</ele>
      </trkpt>
      <trkpt lat="25.09542128071189" lon="121.50045108050108">
        <ele>7.65</ele>
      </trkpt>
      <trkpt lat="25.095489928498864" lon="121.5002999547869">
        <ele>7.67</ele>
      </trkpt>
      <trkpt lat="25.095637533813715" lon="121.50001832284033">
        <ele>7.73</ele>
      </trkpt>
      <trkpt lat="25.09572722017765" lon="121.4998472481966">
        <ele>7.79</ele>
      </trkpt>
      <trkpt lat="25.095906425267458" lon="121.49950509890914">
        <ele>7.77</ele>
      </trkpt>
      <trkpt lat="25.096018156036735" lon="121.49929194711149">
        <ele>7.74</ele>
      </trkpt>
      <trkpt lat="25.09610775858164" lon="121.49912095628679">
        <ele>7.75</ele>
      </trkpt>
      <trkpt lat="25.096287047490478" lon="121.49877880699933">
        <ele>7.61</ele>
      </trkpt>
      <trkpt lat="25.096421744674444" lon="121.49852181784809">
        <ele>7.44</ele>
      </trkpt>
      <trkpt lat="25.096466336399317" lon="121.4984367415309">
        <ele>7.42</ele>
      </trkpt>
      <trkpt lat="25.096511347219348" lon="121.49835074320436">
        <ele>7.42</ele>
      </trkpt>
      <trkpt lat="25.096668088808656" lon="121.4980516768992">
        <ele>7.56</ele>
      </trkpt>
      <trkpt lat="25.096689965575933" lon="121.4980099350214">
        <ele>7.58</ele>
      </trkpt>
      <trkpt lat="25.096747633069754" lon="121.49793307296932">
        <ele>7.65</ele>
      </trkpt>
      <trkpt lat="25.097079975530505" lon="121.49748992174864">
        <ele>8.16</ele>
      </trkpt>
      <trkpt lat="25.097132781520486" lon="121.49738875217736">
        <ele>8.27</ele>
      </trkpt>
      <trkpt lat="25.09719992056489" lon="121.49725992232561">
        <ele>8.31</ele>
      </trkpt>
      <trkpt lat="25.097316596657038" lon="121.49711097590625">
        <ele>8.38</ele>
      </trkpt>
      <trkpt lat="25.097379963845015" lon="121.49702992290258">
        <ele>8.43</ele>
      </trkpt>
      <trkpt lat="25.097407456487417" lon="121.49700251407921">
        <ele>8.46</ele>
      </trkpt>
      <trkpt lat="25.097473422065377" lon="121.49693646468222">
        <ele>8.31</ele>
      </trkpt>
      <trkpt lat="25.097509967163205" lon="121.4968999195844">
        <ele>8.24</ele>
      </trkpt>
      <trkpt lat="25.097544752061367" lon="121.49687862955034">
        <ele>8.2</ele>
      </trkpt>
      <trkpt lat="25.0976225361228" lon="121.49683093652129">
        <ele>8.13</ele>
      </trkpt>
      <trkpt lat="25.09781992994249" lon="121.49670998565853">
        <ele>8.01</ele>
      </trkpt>
      <trkpt lat="25.097858486697078" lon="121.49669347330928">
        <ele>7.99</ele>
      </trkpt>
      <trkpt lat="25.09809996932745" lon="121.49658995680511">
        <ele>7.99</ele>
      </trkpt>
      <trkpt lat="25.098493499681354" lon="121.49647001177073">
        <ele>7.99</ele>
      </trkpt>
      <trkpt lat="25.098880156874657" lon="121.4963520783931">
        <ele>7.89</ele>
      </trkpt>
      <trkpt lat="25.09891997091472" lon="121.4963399246335">
        <ele>7.88</ele>
      </trkpt>
      <trkpt lat="25.09914510883391" lon="121.49632123298943">
        <ele>7.88</ele>
      </trkpt>
      <trkpt lat="25.09927997365594" lon="121.49630991742015">
        <ele>7.91</ele>
      </trkpt>
      <trkpt lat="25.09927997365594" lon="121.49630991742015">
        <ele>7.91</ele>
      </trkpt>
      <trkpt lat="25.09949983097613" lon="121.49631737731397">
        <ele>8.03</ele>
      </trkpt>
      <trkpt lat="25.099869975820184" lon="121.49632995016873">
        <ele>8.34</ele>
      </trkpt>
      <trkpt lat="25.100038954988122" lon="121.4963420201093">
        <ele>8.49</ele>
      </trkpt>
      <trkpt lat="25.100128641352057" lon="121.49634847417474">
        <ele>8.6</ele>
      </trkpt>
      <trkpt lat="25.10028999298811" lon="121.49635995738208">
        <ele>8.83</ele>
      </trkpt>
      <trkpt lat="25.10035210289061" lon="121.4963552635163">
        <ele>8.92</ele>
      </trkpt>
      <trkpt lat="25.100486716255546" lon="121.4963452052325">
        <ele>9.08</ele>
      </trkpt>
      <trkpt lat="25.100711015984416" lon="121.49632835760713">
        <ele>9.28</ele>
      </trkpt>
      <trkpt lat="25.100800786167383" lon="121.49632165208459">
        <ele>9.26</ele>
      </trkpt>
      <trkpt lat="25.10089047253132" lon="121.49631494656205">
        <ele>9.14</ele>
      </trkpt>
      <trkpt lat="25.1010899618268" lon="121.49629994295537">
        <ele>8.66</ele>
      </trkpt>
      <trkpt lat="25.10115835815668" lon="121.4962902199477">
        <ele>8.5</ele>
      </trkpt>
      <trkpt lat="25.101247541606426" lon="121.49627747945487">
        <ele>8.32</ele>
      </trkpt>
      <trkpt lat="25.10133672505617" lon="121.49626473896205">
        <ele>8.2</ele>
      </trkpt>
      <trkpt lat="25.101425908505917" lon="121.49625199846923">
        <ele>8.14</ele>
      </trkpt>
      <trkpt lat="25.101509978994727" lon="121.49623992852867">
        <ele>8.13</ele>
      </trkpt>
      <trkpt lat="25.101694632321596" lon="121.49622693657875">
        <ele>8.11</ele>
      </trkpt>
      <trkpt lat="25.10191809386015" lon="121.49621109478176">
        <ele>8.17</ele>
      </trkpt>
      <trkpt lat="25.10223224759102" lon="121.49618888273835">
        <ele>8.15</ele>
      </trkpt>
      <trkpt lat="25.10272493585944" lon="121.49615401402116">
        <ele>8.28</ele>
      </trkpt>
      <trkpt lat="25.102859549224377" lon="121.49614454247057">
        <ele>8.29</ele>
      </trkpt>
      <trkpt lat="25.10299416258931" lon="121.49613498710096">
        <ele>8.24</ele>
      </trkpt>
      <trkpt lat="25.10326338931918" lon="121.49611596018076">
        <ele>8.0</ele>
      </trkpt>
      <trkpt lat="25.103531777858734" lon="121.49609701707959">
        <ele>7.89</ele>
      </trkpt>
      <trkpt lat="25.10366639122367" lon="121.49608746170998">
        <ele>7.87</ele>
      </trkpt>
      <trkpt lat="25.10398054495454" lon="121.49606524966657">
        <ele>7.89</ele>
      </trkpt>
      <trkpt lat="25.10429377667606" lon="121.4960431214422">
        <ele>7.82</ele>
      </trkpt>
      <trkpt lat="25.10451807640493" lon="121.4960272796452">
        <ele>7.85</ele>
      </trkpt>
      <trkpt lat="25.104697616770864" lon="121.49601453915238">
        <ele>7.85</ele>
      </trkpt>
      <trkpt lat="25.10478738695383" lon="121.496008252725">
        <ele>7.88</ele>
      </trkpt>
      <trkpt lat="25.105011770501733" lon="121.49599232710898">
        <ele>8.04</ele>
      </trkpt>
      <trkpt lat="25.105235232040286" lon="121.49597656913102">
        <ele>8.29</ele>
      </trkpt>
      <trkpt lat="25.10532491840422" lon="121.4959701988846">
        <ele>8.37</ele>
      </trkpt>
      <trkpt lat="25.10546992532909" lon="121.49595997296274">
        <ele>8.47</ele>
      </trkpt>
      <trkpt lat="25.105593726038933" lon="121.495944801718">
        <ele>8.57</ele>
      </trkpt>
      <trkpt lat="25.10568307712674" lon="121.49593382142484">
        <ele>8.6</ele>
      </trkpt>
      <trkpt lat="25.105905616655946" lon="121.49590641260147">
        <ele>8.57</ele>
      </trkpt>
      <trkpt lat="25.106039978563786" lon="121.49588998407125">
        <ele>8.58</ele>
      </trkpt>
      <trkpt lat="25.106129497289658" lon="121.4958842843771">
        <ele>8.59</ele>
      </trkpt>
      <trkpt lat="25.106264194473624" lon="121.49587565101683">
        <ele>8.53</ele>
      </trkpt>
      <trkpt lat="25.10635396465659" lon="121.49586995132267">
        <ele>8.52</ele>
      </trkpt>
      <trkpt lat="25.106533505022526" lon="121.49585855193436">
        <ele>8.58</ele>
      </trkpt>
      <trkpt lat="25.106668202206492" lon="121.49585000239313">
        <ele>8.6</ele>
      </trkpt>
      <trkpt lat="25.107026444748044" lon="121.4958272036165">
        <ele>8.45</ele>
      </trkpt>
      <trkpt lat="25.10720598511398" lon="121.49581572040915">
        <ele>8.41</ele>
      </trkpt>
      <trkpt lat="25.10747529566288" lon="121.49579862132668">
        <ele>8.32</ele>
      </trkpt>
      <trkpt lat="25.10760915465653" lon="121.49579007178545">
        <ele>8.3</ele>
      </trkpt>
      <trkpt lat="25.10787846520543" lon="121.49577297270298">
        <ele>8.33</ele>
      </trkpt>
      <trkpt lat="25.108013162389398" lon="121.49576442316175">
        <ele>8.38</ele>
      </trkpt>
      <trkpt lat="25.108192702755332" lon="121.4957529399544">
        <ele>8.54</ele>
      </trkpt>
      <trkpt lat="25.10823997668922" lon="121.49574992246926">
        <ele>8.61</ele>
      </trkpt>
      <trkpt lat="25.108326226472855" lon="121.49574087001383">
        <ele>8.74</ele>
      </trkpt>
      <trkpt lat="25.108406776562333" lon="121.49573240429163">
        <ele>8.9</ele>
      </trkpt>
      <trkpt lat="25.108527643606067" lon="121.49571966379881">
        <ele>9.2</ele>
      </trkpt>
      <trkpt lat="25.10865923948586" lon="121.49570583365858">
        <ele>9.69</ele>
      </trkpt>
      <trkpt lat="25.108747920021415" lon="121.49569652974606">
        <ele>9.98</ele>
      </trkpt>
      <trkpt lat="25.108836516737938" lon="121.4956871420145">
        <ele>10.21</ele>
      </trkpt>
      <trkpt lat="25.108880437910557" lon="121.49568253196776">
        <ele>10.3</ele>
      </trkpt>
      <trkpt lat="25.10896903462708" lon="121.49567322805524">
        <ele>10.43</ele>
      </trkpt>
      <trkpt lat="25.108999963849783" lon="121.495669959113">
        <ele>10.42</ele>
      </trkpt>
      <trkpt lat="25.10905997827649" lon="121.49556996300817">
        <ele>10.42</ele>
      </trkpt>
      <trkpt lat="25.109139941632748" lon="121.49553995579481">
        <ele>10.41</ele>
      </trkpt>
      <trkpt lat="25.109239937737584" lon="121.49545999243855">
        <ele>10.41</ele>
      </trkpt>
      <trkpt lat="25.109246391803026" lon="121.49545781314373">
        <ele>10.41</ele>
      </trkpt>
      <trkpt lat="25.10945811867714" lon="121.49538723751903">
        <ele>10.31</ele>
      </trkpt>
      <trkpt lat="25.10958560742438" lon="121.49534474126995">
        <ele>10.3</ele>
      </trkpt>
      <trkpt lat="25.10965995490551" lon="121.49531993083656">
        <ele>10.32</ele>
      </trkpt>
      <trkpt lat="25.109669426456094" lon="121.49531523697078">
        <ele>10.33</ele>
      </trkpt>
      <trkpt lat="25.109911998733878" lon="121.49519395083189">
        <ele>10.47</ele>
      </trkpt>
      <trkpt lat="25.10993999429047" lon="121.4951799530536">
        <ele>10.49</ele>
      </trkpt>
      <trkpt lat="25.10995022021234" lon="121.49517224170268">
        <ele>10.5</ele>
      </trkpt>
      <trkpt lat="25.11002448387444" lon="121.49511616677046">
        <ele>10.6</ele>
      </trkpt>
      <trkpt lat="25.11026496067643" lon="121.49493453092873">
        <ele>10.53</ele>
      </trkpt>
      <trkpt lat="25.110368141904473" lon="121.49485657922924">
        <ele>10.44</ele>
      </trkpt>
      <trkpt lat="25.110429916530848" lon="121.4948099758476">
        <ele>10.41</ele>
      </trkpt>
      <trkpt lat="25.110463947057724" lon="121.49476915597916">
        <ele>10.4</ele>
      </trkpt>
      <trkpt lat="25.110548604279757" lon="121.49466756731272">
        <ele>10.42</ele>
      </trkpt>
      <trkpt lat="25.11063326150179" lon="121.49456606246531">
        <ele>10.47</ele>
      </trkpt>
      <trkpt lat="25.110642984509468" lon="121.49455432780087">
        <ele>10.4</ele>
      </trkpt>
      <trkpt lat="25.11076234281063" lon="121.49441108107567">
        <ele>10.19</ele>
      </trkpt>
      <trkpt lat="25.110852448269725" lon="121.49430295452476">
        <ele>10.07</ele>
      </trkpt>
      <trkpt lat="25.11092998087406" lon="121.49420999921858">
        <ele>10.0</ele>
      </trkpt>
      <trkpt lat="25.11094070971012" lon="121.49419432505965">
        <ele>9.99</ele>
      </trkpt>
      <trkpt lat="25.111021175980568" lon="121.49407722987235">
        <ele>9.97</ele>
      </trkpt>
      <trkpt lat="25.111074903979897" lon="121.49399885907769">
        <ele>10.0</ele>
      </trkpt>
      <trkpt lat="25.111210774630308" lon="121.49380104616284">
        <ele>10.12</ele>
      </trkpt>
      <trkpt lat="25.11134614236653" lon="121.49360398761928">
        <ele>10.13</ele>
      </trkpt>
      <trkpt lat="25.11140045709908" lon="121.49352486245334">
        <ele>10.1</ele>
      </trkpt>
      <trkpt lat="25.111499950289726" lon="121.4933799393475">
        <ele>9.98</ele>
      </trkpt>
      <trkpt lat="25.1116153690964" lon="121.49320878088474">
        <ele>9.86</ele>
      </trkpt>
      <trkpt lat="25.111749647185206" lon="121.49300962686539">
        <ele>9.8</ele>
      </trkpt>
      <trkpt lat="25.111802872270346" lon="121.49293075315654">
        <ele>9.79</ele>
      </trkpt>
      <trkpt lat="25.11207084171474" lon="121.49253319948912">
        <ele>9.85</ele>
      </trkpt>
      <trkpt lat="25.112285166978836" lon="121.49221535772085">
        <ele>9.7</ele>
      </trkpt>
      <trkpt lat="25.11238994076848" lon="121.49205995723605">
        <ele>9.68</ele>
      </trkpt>
      <trkpt lat="25.112432269379497" lon="121.49196792393923">
        <ele>9.68</ele>
      </trkpt>
      <trkpt lat="25.112591860815883" lon="121.4916208293289">
        <ele>9.73</ele>
      </trkpt>
      <trkpt lat="25.112731084227562" lon="121.49131790734828">
        <ele>9.73</ele>
      </trkpt>
      <trkpt lat="25.112789925187826" lon="121.49118999950588">
        <ele>9.75</ele>
      </trkpt>
      <trkpt lat="25.11289126239717" lon="121.49092940613627">
        <ele>9.79</ele>
      </trkpt>
      <trkpt lat="25.112929986789823" lon="121.49082999676466">
        <ele>9.78</ele>
      </trkpt>
      <trkpt lat="25.11304615996778" lon="121.49043613113463">
        <ele>9.75</ele>
      </trkpt>
      <trkpt lat="25.113086560741067" lon="121.49029925465584">
        <ele>9.72</ele>
      </trkpt>
      <trkpt lat="25.113109946250916" lon="121.49021996185184">
        <ele>9.66</ele>
      </trkpt>
      <trkpt lat="25.11312486603856" lon="121.49015030823648">
        <ele>9.61</ele>
      </trkpt>
      <trkpt lat="25.113153029233217" lon="121.49001887999475">
        <ele>9.52</ele>
      </trkpt>
      <trkpt lat="25.11319326236844" lon="121.4898313768208">
        <ele>9.43</ele>
      </trkpt>
      <trkpt lat="25.113199967890978" lon="121.48979994468391">
        <ele>9.43</ele>
      </trkpt>
      <trkpt lat="25.113208685070276" lon="121.48973657749593">
        <ele>9.44</ele>
      </trkpt>
      <trkpt lat="25.11323483660817" lon="121.48954614065588">
        <ele>9.54</ele>
      </trkpt>
      <trkpt lat="25.11326995678246" lon="121.48928998969495">
        <ele>9.55</ele>
      </trkpt>
      <trkpt lat="25.11327775195241" lon="121.48921178653836">
        <ele>9.56</ele>
      </trkpt>
      <trkpt lat="25.11330172419548" lon="121.4889718964696">
        <ele>9.65</ele>
      </trkpt>
      <trkpt lat="25.113319996744394" lon="121.48878992535174">
        <ele>9.65</ele>
      </trkpt>
      <trkpt lat="25.1133213378489" lon="121.48872974328697">
        <ele>9.65</ele>
      </trkpt>
      <trkpt lat="25.113328294828534" lon="121.48843185044825">
        <ele>9.71</ele>
      </trkpt>
      <trkpt lat="25.11332997120917" lon="121.48835993371904">
        <ele>9.71</ele>
      </trkpt>
      <trkpt lat="25.113318655639887" lon="121.48813429288566">
        <ele>9.74</ele>
      </trkpt>
      <trkpt lat="25.11330993846059" lon="121.4879599492997">
        <ele>9.79</ele>
      </trkpt>
      <trkpt lat="25.11330373585224" lon="121.48788752965629">
        <ele>9.82</ele>
      </trkpt>
      <trkpt lat="25.113286804407835" lon="121.48768980056047">
        <ele>9.92</ele>
      </trkpt>
      <trkpt lat="25.113279931247234" lon="121.48760992102325">
        <ele>9.94</ele>
      </trkpt>
      <trkpt lat="25.11326895095408" lon="121.487543201074">
        <ele>9.97</ele>
      </trkpt>
      <trkpt lat="25.113220755010843" lon="121.4872500859201">
        <ele>10.04</ele>
      </trkpt>
      <trkpt lat="25.11319661512971" lon="121.48710348643363">
        <ele>10.02</ele>
      </trkpt>
      <trkpt lat="25.113149927929044" lon="121.48681992664933">
        <ele>10.01</ele>
      </trkpt>
      <trkpt lat="25.113123105838895" lon="121.4867180865258">
        <ele>10.01</ele>
      </trkpt>
      <trkpt lat="25.11308572255075" lon="121.48657592944801">
        <ele>9.98</ele>
      </trkpt>
      <trkpt lat="25.112999975681305" lon="121.48624995723367">
        <ele>9.83</ele>
      </trkpt>
      <trkpt lat="25.112981032580137" lon="121.4861982408911">
        <ele>9.81</ele>
      </trkpt>
      <trkpt lat="25.112897297367454" lon="121.4859699178487">
        <ele>9.64</ele>
      </trkpt>
      <trkpt lat="25.112863602116704" lon="121.48587780073285">
        <ele>9.62</ele>
      </trkpt>
      <trkpt lat="25.11283015832305" lon="121.48578668944538">
        <ele>9.64</ele>
      </trkpt>
      <trkpt lat="25.112763019278646" lon="121.48560346104205">
        <ele>9.73</ele>
      </trkpt>
      <trkpt lat="25.11272957548499" lon="121.48551234975457">
        <ele>9.73</ele>
      </trkpt>
      <trkpt lat="25.112678948789835" lon="121.4853742159903">
        <ele>9.69</ele>
      </trkpt>
      <trkpt lat="25.112628741189837" lon="121.48523708805442">
        <ele>9.68</ele>
      </trkpt>
      <trkpt lat="25.1125615183264" lon="121.48505385965109">
        <ele>9.73</ele>
      </trkpt>
      <trkpt lat="25.112511310726404" lon="121.4849167317152">
        <ele>9.74</ele>
      </trkpt>
      <trkpt lat="25.112461019307375" lon="121.48477951996028">
        <ele>9.78</ele>
      </trkpt>
      <trkpt lat="25.112360436469316" lon="121.48450518026948">
        <ele>9.77</ele>
      </trkpt>
      <trkpt lat="25.112276785075665" lon="121.48427685722709">
        <ele>9.86</ele>
      </trkpt>
      <trkpt lat="25.112192714586854" lon="121.48404761217535">
        <ele>9.9</ele>
      </trkpt>
      <trkpt lat="25.111907562240958" lon="121.483269687742">
        <ele>9.8</ele>
      </trkpt>
      <trkpt lat="25.11180706322193" lon="121.48299534805119">
        <ele>9.85</ele>
      </trkpt>
      <trkpt lat="25.11177328415215" lon="121.48290331475437">
        <ele>9.85</ele>
      </trkpt>
      <trkpt lat="25.111706480383873" lon="121.48272100836039">
        <ele>9.81</ele>
      </trkpt>
      <trkpt lat="25.11155527085066" lon="121.48230853490531">
        <ele>9.86</ele>
      </trkpt>
      <trkpt lat="25.111521910876036" lon="121.48221742361784">
        <ele>9.84</ele>
      </trkpt>
      <trkpt lat="25.111437840387225" lon="121.4819881785661">
        <ele>9.71</ele>
      </trkpt>
      <trkpt lat="25.111387548968196" lon="121.48185096681118">
        <ele>9.68</ele>
      </trkpt>
      <trkpt lat="25.111303897574544" lon="121.48162264376879">
        <ele>9.71</ele>
      </trkpt>
      <trkpt lat="25.11123675853014" lon="121.48143949918449">
        <ele>9.8</ele>
      </trkpt>
      <trkpt lat="25.11118646711111" lon="121.48130228742957">
        <ele>9.84</ele>
      </trkpt>
      <trkpt lat="25.11115998029709" lon="121.4812299516052">
        <ele>9.84</ele>
      </trkpt>
      <trkpt lat="25.111115304753184" lon="121.48112207651138">
        <ele>9.85</ele>
      </trkpt>
      <trkpt lat="25.111003825441003" lon="121.48085293360054">
        <ele>9.81</ele>
      </trkpt>
      <trkpt lat="25.110762091353536" lon="121.48026946932077">
        <ele>9.83</ele>
      </trkpt>
      <trkpt lat="25.110669722780585" lon="121.48004642687738">
        <ele>9.86</ele>
      </trkpt>
      <trkpt lat="25.11046470142901" lon="121.4795514754951">
        <ele>9.82</ele>
      </trkpt>
      <trkpt lat="25.1104599237442" lon="121.47953999228776">
        <ele>9.82</ele>
      </trkpt>
      <trkpt lat="25.110358586534858" lon="121.47917923517525">
        <ele>9.85</ele>
      </trkpt>
      <trkpt lat="25.11024048551917" lon="121.47875905036926">
        <ele>9.77</ele>
      </trkpt>
      <trkpt lat="25.11021408252418" lon="121.47866517305374">
        <ele>9.78</ele>
      </trkpt>
      <trkpt lat="25.110161527991295" lon="121.47847834043205">
        <ele>9.84</ele>
      </trkpt>
      <trkpt lat="25.11010897345841" lon="121.47829142399132">
        <ele>9.83</ele>
      </trkpt>
      <trkpt lat="25.110082821920514" lon="121.47819846868515">
        <ele>9.85</ele>
      </trkpt>
      <trkpt lat="25.110043426975608" lon="121.47805807180703">
        <ele>9.84</ele>
      </trkpt>
      <trkpt lat="25.10997754521668" lon="121.47782379761338">
        <ele>9.77</ele>
      </trkpt>
      <trkpt lat="25.109858606010675" lon="121.47740076296031">
        <ele>9.71</ele>
      </trkpt>
      <trkpt lat="25.10984997265041" lon="121.47736991755664">
        <ele>9.71</ele>
      </trkpt>
      <trkpt lat="25.109829269349575" lon="121.4773079752922">
        <ele>9.72</ele>
      </trkpt>
      <trkpt lat="25.109779983758926" lon="121.4771599508822">
        <ele>9.77</ele>
      </trkpt>
      <trkpt lat="25.109773613512516" lon="121.47702290676534">
        <ele>9.83</ele>
      </trkpt>
      <trkpt lat="25.10976456105709" lon="121.47682651877403">
        <ele>9.84</ele>
      </trkpt>
      <trkpt lat="25.109755592420697" lon="121.47663205862045">
        <ele>9.8</ele>
      </trkpt>
      <trkpt lat="25.10973321273923" lon="121.47614607587457">
        <ele>9.64</ele>
      </trkpt>
      <trkpt lat="25.109726507216692" lon="121.47600023075938">
        <ele>9.61</ele>
      </trkpt>
      <trkpt lat="25.109713012352586" lon="121.47570862434804">
        <ele>9.64</ele>
      </trkpt>
      <trkpt lat="25.10969960130751" lon="121.4754170179367">
        <ele>9.76</ele>
      </trkpt>
      <trkpt lat="25.109692895784974" lon="121.47527117282152">
        <ele>9.78</ele>
      </trkpt>
      <trkpt lat="25.109686190262437" lon="121.47512541152537">
        <ele>9.77</ele>
      </trkpt>
      <trkpt lat="25.109651908278465" lon="121.47438243962824">
        <ele>9.53</ele>
      </trkpt>
      <trkpt lat="25.109649980440736" lon="121.47433994337916">
        <ele>9.39</ele>
      </trkpt>
      <trkpt lat="25.109645118936896" lon="121.47428940050304">
        <ele>9.23</ele>
      </trkpt>
      <trkpt lat="25.109640508890152" lon="121.47424204275012">
        <ele>9.06</ele>
      </trkpt>
      <trkpt lat="25.109622487798333" lon="121.47405537776649">
        <ele>8.23</ele>
      </trkpt>
      <trkpt lat="25.10961351916194" lon="121.47396158427">
        <ele>7.87</ele>
      </trkpt>
      <trkpt lat="25.109604550525546" lon="121.47386871278286">
        <ele>7.57</ele>
      </trkpt>
      <trkpt lat="25.1095999404788" lon="121.47382127121091">
        <ele>7.44</ele>
      </trkpt>
      <trkpt lat="25.109590888023376" lon="121.47372747771442">
        <ele>7.24</ele>
      </trkpt>
      <trkpt lat="25.109569933265448" lon="121.47350996732712">
        <ele>7.01</ele>
      </trkpt>
      <trkpt lat="25.109568675979972" lon="121.47348146885633">
        <ele>6.99</ele>
      </trkpt>
      <trkpt lat="25.109564065933228" lon="121.47338222712278">
        <ele>6.94</ele>
      </trkpt>
      <trkpt lat="25.10955727659166" lon="121.47323445416987">
        <ele>6.92</ele>
      </trkpt>
      <trkpt lat="25.109539926052094" lon="121.47285995073617">
        <ele>6.99</ele>
      </trkpt>
      <trkpt lat="25.109516205266118" lon="121.4725936576724">
        <ele>7.05</ele>
      </trkpt>
      <trkpt lat="25.10948996990919" lon="121.47229995578527">
        <ele>7.08</ele>
      </trkpt>
      <trkpt lat="25.10946398600936" lon="121.47190391086042">
        <ele>7.13</ele>
      </trkpt>
      <trkpt lat="25.10945761576295" lon="121.47180676460266">
        <ele>7.13</ele>
      </trkpt>
      <trkpt lat="25.109444707632065" lon="121.4716097060591">
        <ele>7.08</ele>
      </trkpt>
      <trkpt lat="25.10943816974759" lon="121.47151063196361">
        <ele>7.07</ele>
      </trkpt>
      <trkpt lat="25.109409922733903" lon="121.47107996977866">
        <ele>7.13</ele>
      </trkpt>
      <trkpt lat="25.109409922733903" lon="121.47106681019068">
        <ele>7.14</ele>
      </trkpt>
      <trkpt lat="25.109409922733903" lon="121.47086916491389">
        <ele>7.13</ele>
      </trkpt>
      <trkpt lat="25.109409922733903" lon="121.47062282077968">
        <ele>7.15</ele>
      </trkpt>
      <trkpt lat="25.109409922733903" lon="121.47057998925447">
        <ele>7.14</ele>
      </trkpt>
      <trkpt lat="25.10942299850285" lon="121.47047588601708">
        <ele>7.14</ele>
      </trkpt>
      <trkpt lat="25.109434565529227" lon="121.47038334980607">
        <ele>7.16</ele>
      </trkpt>
      <trkpt lat="25.109446216374636" lon="121.47028989158571">
        <ele>7.23</ele>
      </trkpt>
      <trkpt lat="25.109452083706856" lon="121.47024270147085">
        <ele>7.29</ele>
      </trkpt>
      <trkpt lat="25.109457867220044" lon="121.47019643336535">
        <ele>7.39</ele>
      </trkpt>
      <trkpt lat="25.109463650733232" lon="121.47015016525984">
        <ele>7.53</ele>
      </trkpt>
      <trkpt lat="25.109469601884484" lon="121.47010297514498">
        <ele>7.7</ele>
      </trkpt>
      <trkpt lat="25.109475385397673" lon="121.47005670703948">
        <ele>7.91</ele>
      </trkpt>
      <trkpt lat="25.10948996990919" lon="121.4699399471283">
        <ele>8.52</ele>
      </trkpt>
      <trkpt lat="25.10950899682939" lon="121.4698723051697">
        <ele>8.89</ele>
      </trkpt>
      <trkpt lat="25.109521485865116" lon="121.46982771344483">
        <ele>9.1</ele>
      </trkpt>
      <trkpt lat="25.10953431017697" lon="121.46978219971061">
        <ele>9.26</ele>
      </trkpt>
      <trkpt lat="25.109546883031726" lon="121.46973760798573">
        <ele>9.39</ele>
      </trkpt>
      <trkpt lat="25.10955937206745" lon="121.4696931000799">
        <ele>9.48</ele>
      </trkpt>
      <trkpt lat="25.109579991549253" lon="121.4696199260652">
        <ele>9.49</ele>
      </trkpt>
      <trkpt lat="25.109612345695496" lon="121.46925430744886">
        <ele>9.57</ele>
      </trkpt>
      <trkpt lat="25.10964277200401" lon="121.46891131997108">
        <ele>9.59</ele>
      </trkpt>
      <trkpt lat="25.109649980440736" lon="121.46882993169129">
        <ele>9.62</ele>
      </trkpt>
      <trkpt lat="25.109703121706843" lon="121.46852198056877">
        <ele>9.78</ele>
      </trkpt>
      <trkpt lat="25.109749054536223" lon="121.46825560368598">
        <ele>9.86</ele>
      </trkpt>
      <trkpt lat="25.10977973230183" lon="121.4680780749768">
        <ele>9.86</ele>
      </trkpt>
      <trkpt lat="25.109838154166937" lon="121.4677395299077">
        <ele>9.96</ele>
      </trkpt>
      <trkpt lat="25.109943263232708" lon="121.46713075228035">
        <ele>9.9</ele>
      </trkpt>
      <trkpt lat="25.109989950433373" lon="121.46685993298888">
        <ele>9.88</ele>
      </trkpt>
      <trkpt lat="25.1099799759686" lon="121.46669992245734">
        <ele>9.86</ele>
      </trkpt>
      <trkpt lat="25.10991996154189" lon="121.46657997742295">
        <ele>9.85</ele>
      </trkpt>
      <trkpt lat="25.109825832769275" lon="121.46649372763932">
        <ele>9.85</ele>
      </trkpt>
      <trkpt lat="25.109799932688475" lon="121.46646992303431">
        <ele>9.84</ele>
      </trkpt>
      <trkpt lat="25.109699936583638" lon="121.46639993414283">
        <ele>9.81</ele>
      </trkpt>
      <trkpt lat="25.109689962118864" lon="121.46639993414283">
        <ele>9.81</ele>
      </trkpt>
      <trkpt lat="25.109636234119534" lon="121.46636414341629">
        <ele>9.8</ele>
      </trkpt>
      <trkpt lat="25.109539926052094" lon="121.46629993803799">
        <ele>9.75</ele>
      </trkpt>
      <trkpt lat="25.109477899968624" lon="121.4662835933268">
        <ele>9.73</ele>
      </trkpt>
      <trkpt lat="25.10939215309918" lon="121.46626104600728">
        <ele>9.72</ele>
      </trkpt>
      <trkpt lat="25.109349992126226" lon="121.46624998189509">
        <ele>9.72</ele>
      </trkpt>
      <trkpt lat="25.109159974381328" lon="121.46624998189509">
        <ele>9.76</ele>
      </trkpt>
      <trkpt lat="25.109129128977656" lon="121.46625408902764">
        <ele>9.77</ele>
      </trkpt>
      <trkpt lat="25.109009938314557" lon="121.46626993082464">
        <ele>9.76</ele>
      </trkpt>
      <trkpt lat="25.108869960531592" lon="121.46634997799993">
        <ele>9.75</ele>
      </trkpt>
      <trkpt lat="25.108769964426756" lon="121.46644997410476">
        <ele>9.75</ele>
      </trkpt>
      <trkpt lat="25.108730401843786" lon="121.46651652641594">
        <ele>9.75</ele>
      </trkpt>
      <trkpt lat="25.108549939468503" lon="121.46681995131075">
        <ele>9.79</ele>
      </trkpt>
      <trkpt lat="25.108521273359656" lon="121.46688683889806">
        <ele>9.8</ele>
      </trkpt>
      <trkpt lat="25.108445836231112" lon="121.46706285886467">
        <ele>9.79</ele>
      </trkpt>
      <trkpt lat="25.108333183452487" lon="121.46732588298619">
        <ele>9.74</ele>
      </trkpt>
      <trkpt lat="25.108257746323943" lon="121.46750181913376">
        <ele>9.75</ele>
      </trkpt>
      <trkpt lat="25.108249951153994" lon="121.46751992404461">
        <ele>9.74</ele>
      </trkpt>
      <trkpt lat="25.10817216709256" lon="121.46772494539618">
        <ele>9.68</ele>
      </trkpt>
      <trkpt lat="25.10805289261043" lon="121.46803909912705">
        <ele>9.66</ele>
      </trkpt>
      <trkpt lat="25.107848709449172" lon="121.46857671439648">
        <ele>9.75</ele>
      </trkpt>
      <trkpt lat="25.10778022930026" lon="121.46875717677176">
        <ele>9.75</ele>
      </trkpt>
      <trkpt lat="25.107677299529314" lon="121.46902824752033">
        <ele>9.7</ele>
      </trkpt>
      <trkpt lat="25.107539920136333" lon="121.46938992664218">
        <ele>9.73</ele>
      </trkpt>
      <trkpt lat="25.107520474120975" lon="121.46943368017673">
        <ele>9.74</ele>
      </trkpt>
      <trkpt lat="25.107422657310963" lon="121.46965278312564">
        <ele>9.8</ele>
      </trkpt>
      <trkpt lat="25.10734386742115" lon="121.4698292221874">
        <ele>9.8</ele>
      </trkpt>
      <trkpt lat="25.107304556295276" lon="121.46991739980876">
        <ele>9.78</ele>
      </trkpt>
      <trkpt lat="25.107186874374747" lon="121.47018109448254">
        <ele>9.66</ele>
      </trkpt>
      <trkpt lat="25.107108503580093" lon="121.47035661153495">
        <ele>9.52</ele>
      </trkpt>
      <trkpt lat="25.107050836086273" lon="121.47048577666283">
        <ele>9.41</ele>
      </trkpt>
      <trkpt lat="25.106973387300968" lon="121.47065944969654">
        <ele>9.23</ele>
      </trkpt>
      <trkpt lat="25.10685528628528" lon="121.47092406637967">
        <ele>8.93</ele>
      </trkpt>
      <trkpt lat="25.106776161119342" lon="121.47110134363174">
        <ele>8.78</ele>
      </trkpt>
      <trkpt lat="25.106749925762415" lon="121.47115993313491">
        <ele>8.75</ele>
      </trkpt>
      <trkpt lat="25.106735760346055" lon="121.47118893451989">
        <ele>8.74</ele>
      </trkpt>
      <trkpt lat="25.1066505163908" lon="121.47136269137263">
        <ele>8.72</ele>
      </trkpt>
      <trkpt lat="25.106489919126034" lon="121.47168992087245">
        <ele>8.77</ele>
      </trkpt>
      <trkpt lat="25.106463683769107" lon="121.47175555117428">
        <ele>8.79</ele>
      </trkpt>
      <trkpt lat="25.106319095939398" lon="121.4721171464771">
        <ele>8.81</ele>
      </trkpt>
      <trkpt lat="25.106282718479633" lon="121.47220800630748">
        <ele>8.81</ele>
      </trkpt>
      <trkpt lat="25.106210466474295" lon="121.47238880395889">
        <ele>8.76</ele>
      </trkpt>
      <trkpt lat="25.106129916384816" lon="121.47258996963501">
        <ele>8.78</ele>
      </trkpt>
      <trkpt lat="25.10607677511871" lon="121.4728061389178">
        <ele>8.82</ele>
      </trkpt>
      <trkpt lat="25.106006199494004" lon="121.4730926323682">
        <ele>8.78</ele>
      </trkpt>
      <trkpt lat="25.105971079319715" lon="121.47323545999825">
        <ele>8.82</ele>
      </trkpt>
      <trkpt lat="25.105888936668634" lon="121.47356897592545">
        <ele>8.97</ele>
      </trkpt>
      <trkpt lat="25.105830263346434" lon="121.47380760870874">
        <ele>9.04</ele>
      </trkpt>
      <trkpt lat="25.105806877836585" lon="121.47390249185264">
        <ele>9.03</ele>
      </trkpt>
      <trkpt lat="25.105701182037592" lon="121.47433181293309">
        <ele>8.9</ele>
      </trkpt>
      <trkpt lat="25.10565474629402" lon="121.47452065721154">
        <ele>8.9</ele>
      </trkpt>
      <trkpt lat="25.10557352565229" lon="121.47485031746328">
        <ele>8.96</ele>
      </trkpt>
      <trkpt lat="25.10552658699453" lon="121.47504100576043">
        <ele>8.94</ele>
      </trkpt>
      <trkpt lat="25.10548995807767" lon="121.47518995217979">
        <ele>8.9</ele>
      </trkpt>
      <trkpt lat="25.105479145422578" lon="121.47522951476276">
        <ele>8.9</ele>
      </trkpt>
      <trkpt lat="25.105428602546453" lon="121.47541391663253">
        <ele>8.9</ele>
      </trkpt>
      <trkpt lat="25.105327600613236" lon="121.47578280419111">
        <ele>8.97</ele>
      </trkpt>
      <trkpt lat="25.105147808790207" lon="121.47643969394267">
        <ele>8.94</ele>
      </trkpt>
      <trkpt lat="25.105083184316754" lon="121.47667539305985">
        <ele>9.02</ele>
      </trkpt>
      <trkpt lat="25.105044208467007" lon="121.47681805305183">
        <ele>9.04</ele>
      </trkpt>
      <trkpt lat="25.105029959231615" lon="121.47686993703246">
        <ele>9.03</ele>
      </trkpt>
      <trkpt lat="25.104987965896726" lon="121.47700564004481">
        <ele>9.03</ele>
      </trkpt>
      <trkpt lat="25.10493004694581" lon="121.47719264030457">
        <ele>8.99</ele>
      </trkpt>
      <trkpt lat="25.104900961741805" lon="121.47728660143912">
        <ele>8.99</ele>
      </trkpt>
      <trkpt lat="25.10481429286301" lon="121.47756664082408">
        <ele>9.04</ele>
      </trkpt>
      <trkpt lat="25.104770623147488" lon="121.47770762443542">
        <ele>9.05</ele>
      </trkpt>
      <trkpt lat="25.10472728870809" lon="121.47784760221839">
        <ele>9.03</ele>
      </trkpt>
      <trkpt lat="25.10464028455317" lon="121.47812864743173">
        <ele>8.89</ele>
      </trkpt>
      <trkpt lat="25.104539031162858" lon="121.47845562547445">
        <ele>8.77</ele>
      </trkpt>
      <trkpt lat="25.104394108057022" lon="121.47892358712852">
        <ele>8.7</ele>
      </trkpt>
      <trkpt lat="25.104350773617625" lon="121.47906364873052">
        <ele>8.69</ele>
      </trkpt>
      <trkpt lat="25.104235019534826" lon="121.47943764925003">
        <ele>8.72</ele>
      </trkpt>
      <trkpt lat="25.104133430868387" lon="121.47976563312113">
        <ele>8.68</ele>
      </trkpt>
      <trkpt lat="25.10402999818325" lon="121.48009998723865">
        <ele>8.68</ele>
      </trkpt>
      <trkpt lat="25.104016587138176" lon="121.48013921454549">
        <ele>8.68</ele>
      </trkpt>
      <trkpt lat="25.1038271561265" lon="121.48069392889738">
        <ele>8.75</ele>
      </trkpt>
      <trkpt lat="25.103609981015325" lon="121.48132994771004">
        <ele>8.72</ele>
      </trkpt>
      <trkpt lat="25.103588020429015" lon="121.4813871961087">
        <ele>8.72</ele>
      </trkpt>
      <trkpt lat="25.10346564464271" lon="121.48170637898147">
        <ele>8.8</ele>
      </trkpt>
      <trkpt lat="25.10343094356358" lon="121.48179690353572">
        <ele>8.84</ele>
      </trkpt>
      <trkpt lat="25.103413425385952" lon="121.48184266872704">
        <ele>8.88</ele>
      </trkpt>
      <trkpt lat="25.10336112231016" lon="121.48197887465358">
        <ele>9.05</ele>
      </trkpt>
      <trkpt lat="25.103291384875774" lon="121.48216092959046">
        <ele>9.35</ele>
      </trkpt>
      <trkpt lat="25.103256264701486" lon="121.48225237615407">
        <ele>9.48</ele>
      </trkpt>
      <trkpt lat="25.1031865272671" lon="121.48243434727192">
        <ele>9.67</ele>
      </trkpt>
      <trkpt lat="25.10309918783605" lon="121.48266208358109">
        <ele>9.73</ele>
      </trkpt>
      <trkpt lat="25.10294177569449" lon="121.48307271301746">
        <ele>9.74</ele>
      </trkpt>
      <trkpt lat="25.10286994278431" lon="121.48325996473432">
        <ele>9.7</ele>
      </trkpt>
      <trkpt lat="25.102811185643077" lon="121.48338762111962">
        <ele>9.68</ele>
      </trkpt>
      <trkpt lat="25.10266911238432" lon="121.48369666188955">
        <ele>9.7</ele>
      </trkpt>
      <trkpt lat="25.10246585123241" lon="121.48413847200572">
        <ele>9.64</ele>
      </trkpt>
      <trkpt lat="25.102409943938255" lon="121.48425992578268">
        <ele>9.66</ele>
      </trkpt>
      <trkpt lat="25.102404914796352" lon="121.48427031934261">
        <ele>9.67</ele>
      </trkpt>
      <trkpt lat="25.10229829698801" lon="121.4844888355583">
        <ele>9.76</ele>
      </trkpt>
      <trkpt lat="25.102256052196026" lon="121.48457542061806">
        <ele>9.78</ele>
      </trkpt>
      <trkpt lat="25.102192014455795" lon="121.48470659740269">
        <ele>9.78</ele>
      </trkpt>
      <trkpt lat="25.102064525708556" lon="121.48496794514358">
        <ele>9.71</ele>
      </trkpt>
      <trkpt lat="25.102000487968326" lon="121.48509912192822">
        <ele>9.7</ele>
      </trkpt>
      <trkpt lat="25.101599916815758" lon="121.4859199617058">
        <ele>9.84</ele>
      </trkpt>
      <trkpt lat="25.101459687575698" lon="121.48618273437023">
        <ele>9.89</ele>
      </trkpt>
      <trkpt lat="25.10127746500075" lon="121.48652404546738">
        <ele>9.85</ele>
      </trkpt>
      <trkpt lat="25.101163303479552" lon="121.48673795163631">
        <ele>9.78</ele>
      </trkpt>
      <trkpt lat="25.10100396350026" lon="121.48703651502728">
        <ele>9.77</ele>
      </trkpt>
      <trkpt lat="25.10080992244184" lon="121.4873999543488">
        <ele>9.79</ele>
      </trkpt>
      <trkpt lat="25.100798355415463" lon="121.48742023855448">
        <ele>9.8</ele>
      </trkpt>
      <trkpt lat="25.100606493651867" lon="121.48775517940521">
        <ele>9.9</ele>
      </trkpt>
      <trkpt lat="25.10051085613668" lon="121.48792223073542">
        <ele>9.93</ele>
      </trkpt>
      <trkpt lat="25.100367106497288" lon="121.48817318491638">
        <ele>9.88</ele>
      </trkpt>
      <trkpt lat="25.100222937762737" lon="121.48842497728765">
        <ele>9.8</ele>
      </trkpt>
      <trkpt lat="25.100179938599467" lon="121.48849999532104">
        <ele>9.79</ele>
      </trkpt>
      <trkpt lat="25.100142722949386" lon="121.48854257538915">
        <ele>9.79</ele>
      </trkpt>
      <trkpt lat="25.100039960816503" lon="121.48865992203355">
        <ele>9.8</ele>
      </trkpt>
      <trkpt lat="25.09996997192502" lon="121.48876997642219">
        <ele>9.81</ele>
      </trkpt>
      <trkpt lat="25.099899983033538" lon="121.48896996863186">
        <ele>9.83</ele>
      </trkpt>
      <trkpt lat="25.099804513156414" lon="121.48911715485156">
        <ele>9.85</ele>
      </trkpt>
      <trkpt lat="25.099517097696662" lon="121.4895604737103">
        <ele>9.8</ele>
      </trkpt>
      <trkpt lat="25.099282069131732" lon="121.4899230748415">
        <ele>9.82</ele>
      </trkpt>
      <trkpt lat="25.099125495180488" lon="121.49016447365284">
        <ele>9.85</ele>
      </trkpt>
      <trkpt lat="25.09899515658617" lon="121.49036555550992">
        <ele>9.82</ele>
      </trkpt>
      <trkpt lat="25.098916618153453" lon="121.49048667401075">
        <ele>9.73</ele>
      </trkpt>
      <trkpt lat="25.098838079720736" lon="121.49060779251158">
        <ele>9.58</ele>
      </trkpt>
      <trkpt lat="25.09871997870505" lon="121.4907899312675">
        <ele>9.29</ele>
      </trkpt>
      <trkpt lat="25.098707154393196" lon="121.49080837145448">
        <ele>9.26</ele>
      </trkpt>
      <trkpt lat="25.09862476028502" lon="121.49092638865113">
        <ele>9.09</ele>
      </trkpt>
      <trkpt lat="25.09854412637651" lon="121.49104197509587">
        <ele>8.95</ele>
      </trkpt>
      <trkpt lat="25.09849031455815" lon="121.49111908860505">
        <ele>8.89</ele>
      </trkpt>
      <trkpt lat="25.09841999039054" lon="121.4912199229002">
        <ele>8.86</ele>
      </trkpt>
      <trkpt lat="25.0982338283211" lon="121.49145419709384">
        <ele>8.8</ele>
      </trkpt>
      <trkpt lat="25.097941886633635" lon="121.49182140827179">
        <ele>8.85</ele>
      </trkpt>
      <trkpt lat="25.097825629636645" lon="121.49196767248213">
        <ele>8.83</ele>
      </trkpt>
      <trkpt lat="25.09779998101294" lon="121.49199994280934">
        <ele>8.83</ele>
      </trkpt>
      <trkpt lat="25.097685400396585" lon="121.49215651676059">
        <ele>8.88</ele>
      </trkpt>
      <trkpt lat="25.097518684342504" lon="121.49238442070782">
        <ele>8.82</ele>
      </trkpt>
      <trkpt lat="25.09735188446939" lon="121.49261232465506">
        <ele>8.8</ele>
      </trkpt>
      <trkpt lat="25.09719992056489" lon="121.49281994439662">
        <ele>8.84</ele>
      </trkpt>
      <trkpt lat="25.097012082114816" lon="121.49299160577357">
        <ele>8.9</ele>
      </trkpt>
      <trkpt lat="25.096743945032358" lon="121.49323660880327">
        <ele>8.91</ele>
      </trkpt>
      <trkpt lat="25.096389977261424" lon="121.49355998262763">
        <ele>8.94</ele>
      </trkpt>
      <trkpt lat="25.0957799423486" lon="121.49402995593846">
        <ele>9.01</ele>
      </trkpt>
      <trkpt lat="25.095719005912542" lon="121.49408896453679">
        <ele>9.02</ele>
      </trkpt>
      <trkpt lat="25.0956176687032" lon="121.49418720044196">
        <ele>8.98</ele>
      </trkpt>
      <trkpt lat="25.09545992128551" lon="121.49433991871774">
        <ele>8.83</ele>
      </trkpt>
      <trkpt lat="25.095391273498535" lon="121.49442373774946">
        <ele>8.76</ele>
      </trkpt>
      <trkpt lat="25.095210811123252" lon="121.49464384652674">
        <ele>8.7</ele>
      </trkpt>
      <trkpt lat="25.095031019300222" lon="121.49486320093274">
        <ele>8.55</ele>
      </trkpt>
      <trkpt lat="25.094941081479192" lon="121.49497292004526">
        <ele>8.55</ele>
      </trkpt>
      <trkpt lat="25.0946712680161" lon="121.49530199356377">
        <ele>8.64</ele>
      </trkpt>
      <trkpt lat="25.09410155005753" lon="121.49599702097476">
        <ele>8.53</ele>
      </trkpt>
      <trkpt lat="25.094049917533994" lon="121.49605996906757">
        <ele>8.55</ele>
      </trkpt>
      <trkpt lat="25.09382595308125" lon="121.49638527072966">
        <ele>8.67</ele>
      </trkpt>
      <trkpt lat="25.09366326034069" lon="121.4966216403991">
        <ele>8.8</ele>
      </trkpt>
      <trkpt lat="25.0936299841851" lon="121.49666992016137">
        <ele>8.85</ele>
      </trkpt>
      <trkpt lat="25.09357726201415" lon="121.49673496372998">
        <ele>8.94</ele>
      </trkpt>
      <trkpt lat="25.09345849044621" lon="121.49688147939742">
        <ele>9.18</ele>
      </trkpt>
      <trkpt lat="25.093288756906986" lon="121.49709094315767">
        <ele>9.4</ele>
      </trkpt>
      <trkpt lat="25.093238381668925" lon="121.49715305306017">
        <ele>9.1</ele>
      </trkpt>
      <trkpt lat="25.09285993874073" lon="121.49761992506683">
        <ele>9.1</ele>
      </trkpt>
      <trkpt lat="25.09285993874073" lon="121.49761992506683">
        <ele>9.1</ele>
      </trkpt>
      <trkpt lat="25.092759942635894" lon="121.4977699611336">
        <ele>9.1</ele>
      </trkpt>
      <trkpt lat="25.092759942635894" lon="121.4977699611336">
        <ele>9.1</ele>
      </trkpt>
      <trkpt lat="25.092699928209186" lon="121.49780994281173">
        <ele>9.1</ele>
      </trkpt>
    </trkseg>
  </trk>
</gpx>
